gene,log2R_mean,log2R_max_abs,FCp_max,FCs_max
A1CF,-0.6827824839883951,2.227598372363845,3.7714239690721643,1.6854596219931268
A2ML1,0.7897936127691326,1.5678519298623002,2.9164621558425146,4.325688314971246
A2MP1,-1.235194458365075,5.368672096727835,6.860591397002034,8.549138596850716
AACSP1,0.06432444407455773,1.2960326443317698,2.086844198673144,2.0342372122120187
AANAT,-0.5152411233692572,2.923681229078209,11.938848327837967,9.725270843146491
AATK,-0.4653455861524976,1.345893751225715,3.003436880370126,2.2099801718440166
ABALON,0.9045086401815741,1.3929818189718206,2.424989140173214,4.153500257920886
ABCA1,1.9935030926359598,2.2056155006509015,1.6834523760251172,5.498702158732788
ABCA10,-0.4049132964625829,1.2521178961485155,2.1086351822393756,1.0007272769418438
ABCA12,1.979765556506285,2.7117626662695904,4.254287179245248,17.184433439315292
ABCA4,0.686653143713414,3.732106252098206,16.95498751478512,20.15803653568143
ABCA5,0.3781790673677844,0.4231438938879121,1.6314335024075934,2.187501608752477
ABCA8,-0.005462960230908198,2.660507455435161,2.337067586743677,3.052323843061692
ABCA9,0.7787569992106829,1.8612244266662907,1.065757063186185,3.0826539722991204
ABCB11,-0.8935643385816328,1.6426395175442026,3.0104836301086535,1.7621171055342515
ABCB5,0.2824510570901926,0.8333301656063696,2.2470388041773717,4.00375918943868
ABCB6,0.799603107400933,1.0270541095847125,1.3965123127610681,2.590251480100722
ABCC11,0.29661999992381866,2.050046721105616,1.17905079845815,2.3423708897105096
ABCC13,inf,inf,6.496558843771507,5.595707157604956
ABCC4,-0.5985691193049184,0.9967614168802209,2.010730758869726,1.3849525497722353
ABCC6P1,inf,inf,3.1913105989127017,7.043244821853799
ABCC6P2,-1.0404609596337762,1.9922047530905895,3.1046425523014913,1.9798114263426545
ABCC8,0.46553328908231867,1.7703696969666571,1.8469014947951177,2.6845923023416534
ABCD1P2,0.9142820027932951,0.9142820027932951,1.282462493533368,2.416968442834972
ABCG4,4.048177236534712,4.982883244120364,2.7636888206235213,34.705550251151976
ABCG5,-inf,inf,4.605478331970564,5.864063777596076
ABHD1,0.5950518202158634,1.5423418260542041,1.506751960182179,2.054964864282809
ABHD11-AS1,0.7691159467789492,1.4417558554730279,1.4970143326526204,2.6249588746063197
ABHD16B,0.12342684596180442,0.3643596073262117,3.5812482752276704,4.067151136050042
ABHD4,0.8576760499626279,1.272483737869969,2.5826576327305184,4.723217035793089
ABI3,2.2639713556251113,3.4508474397753894,0.7093745220981801,7.756828261202014
ABO,-2.5787224799765003,4.472408403121866,22.544144046129574,3.6822335853777948
ABT1P1,,inf,3.029983186997945,5.020569981526454
ABTB1,-0.2317813488341967,0.6965946493363198,2.071031090391801,1.2778819456346624
AC000068.2,-0.6739232595119221,1.5881457284613518,2.0373543845253637,1.408933864609275
AC000093.1,-0.36319825718538423,1.8078848007756132,3.7027824443511115,1.9085310793784127
AC000367.1,1.655956034494353,2.155030933768084,0.8237499315678675,2.622217300638535
AC001226.2,0.23133447950387845,0.8042641218056168,2.5270956644345053,2.4926939980457425
AC002044.2,1.2838516743791784,2.3389900820593486,4.310848290102263,7.738597627280169
AC002056.1,-inf,inf,4.4842260611791165,2.062814648232859
AC002059.1,1.243845726686545,2.830956764153089,2.288721713881406,3.421725192137968
AC002074.1,,inf,3.177259864034089,1.3882997755586637
AC002091.2,0.26577921202458576,1.3144769143661341,3.631344074981074,4.15319261100503
AC002094.4,,inf,2.5904545445585345,7.115516687397373
AC002128.1,0.38291965732418426,2.035723489538498,4.766199421188789,4.48773672534103
AC002306.1,0.20652395282425556,1.3442447825748594,2.0811120569100745,1.9226059463731988
AC002310.4,,inf,2.1828447970287295,0.9030278531899127
AC002310.6,0.2702091166134488,0.4187542697984302,1.8008565435263955,2.352441440391563
AC002351.1,-0.43949044327931475,1.1886957775550293,1.9582308118953409,2.8973675100412075
AC002375.1,-0.6228523232756478,0.9082713379343903,2.8575362220374294,1.5225614418193842
AC002401.1,-inf,inf,4.627017568603944,5.780687758394231
AC002429.2,,inf,3.989792164796763,4.118999448225124
AC002451.1,0.8263183001675237,1.455733630047413,2.1799940975415577,3.9932106129447282
AC002470.1,0.42235875686875973,1.1485391925117072,2.2354434686858684,2.340447916900498
AC002470.2,inf,inf,4.0831359545239225,2.8776815321107123
AC002551.1,,inf,1.0277211783736702,2.6636167796926524
AC002558.2,,inf,1.5481756045181407,2.081555743696698
AC002985.1,-0.12117162399455655,2.3594598496735593,2.486404357185946,2.4048806064314356
AC002996.1,inf,inf,0.563340567626677,3.118716429666748
AC003002.2,-inf,inf,2.5104674079982066,7.627136491572681
AC003005.2,inf,inf,5.475310344827586,10.534591133004927
AC003071.1,0.5453722858833491,1.0352290459144324,2.12137450251021,3.2791177847722603
AC003072.1,0.3997167678007683,0.6762550557198214,3.1064734670502028,4.964102096864466
AC003080.1,inf,inf,3.2330234143017083,4.067322202209998
AC003684.1,-0.8079396432374438,2.7267681557037635,9.032845557122709,7.994640338504937
AC003958.2,inf,inf,2.295070202808113,2.136973478939158
AC003965.2,,inf,2.1993444638573627,0.8716243496858579
AC003973.2,0.21476667651336626,1.1755673629352303,5.287848605577689,3.724577878960349
AC003973.3,inf,inf,0.0,6.9322336475292765
AC004067.1,0.33743453738830775,1.1484536727286998,1.9282978225024918,2.0870355996270558
AC004160.1,,inf,100.41410174445154,21.509178920449354
AC004224.1,inf,inf,1.707933022234422,7.03148160856437
AC004231.1,-1.5735823934574262,2.6784687451830895,4.389368836946779,1.4136790730103925
AC004232.1,0.2775390358699955,0.5189800023912152,1.5723994902981895,2.099590447750513
AC004232.3,0.7344146399462527,2.0086711030879454,2.637758075498263,2.7212827895811933
AC004233.1,-0.48608648778020846,2.36922615401953,2.2353166210282307,1.6880396949344838
AC004241.2,-0.1034966404582704,1.8904205662392852,2.430107937730889,1.3241811503099112
AC004253.1,-inf,inf,3.6297681661916372,5.290086092909823
AC004257.1,-0.3073620231947383,1.4291974471834563,2.8391113741086187,2.25422429798522
AC004264.1,1.2405755502061617,1.6422733302932335,10.331824413086073,22.52188646016994
AC004386.1,-0.12134406218864177,0.8768922125153602,4.930324509744399,2.8942687147107042
AC004408.2,,inf,1.2281070221897543,2.517441329558944
AC004448.2,-inf,inf,2.460557298818468,4.497240655559673
AC004449.1,-inf,inf,1.9697300633888084,3.2242705538804874
AC004466.1,1.0139241096320315,1.760507847301338,1.052524285516976,2.734970331994594
AC004466.2,inf,inf,4.432094971752049,5.0759537207230565
AC004466.3,,inf,3.7468689183250676,3.602945100131835
AC004477.2,inf,inf,2.145317127941302,1.319402790171069
AC004477.3,-0.3859952685748868,1.171943649306195,4.215515890040261,2.009937462873738
AC004486.1,inf,inf,0.0,2.5570002528416436
AC004491.1,-0.14259434805933846,2.0265030026305664,2.9417161090890955,2.633644114274318
AC004494.1,0.7280459955468351,1.9171684440594652,1.2950419573285046,2.84281305395789
AC004528.2,inf,inf,2.0148682815177406,1.3393721797379625
AC004542.2,0.13687922890892876,0.9411199985786185,3.468215516593479,4.039957751317923
AC004551.1,-inf,inf,3.6602154864909364,0.9878964152657604
AC004584.2,-0.027242275433390584,0.7576302486599648,1.6221437908496732,2.6409324618736383
AC004585.1,inf,inf,4.215484998780389,8.722497764045858
AC004594.1,,inf,1.0721664913495992,4.3133343595795814
AC004596.1,-0.8225343953304063,2.791705407128405,2.815057625456172,1.6006542264277348
AC004692.1,inf,inf,0.0,4.081420298847009
AC004704.1,inf,inf,3.9825018615040957,6.284025635570684
AC004706.1,inf,inf,3.1078202668527077,8.385813639138398
AC004754.1,-0.41369976741384407,2.305417826653725,13.154051705409515,13.126222029111448
AC004771.1,,inf,1.4881687757084094,2.31120208238117
AC004771.2,0.5415165353062638,1.634055861665176,3.9193988391670986,4.051612307386279
AC004801.1,,inf,3.1172600790125875,3.7937820528550037
AC004801.2,-0.44777459612770787,3.029340949665977,5.564074104368587,5.154458821300295
AC004801.4,-1.033048233783776,3.3631946123037224,2.157026995027232,1.6035401373431208
AC004801.7,0.07675800560608415,0.5561914075677037,1.6768522811980915,2.038474857810308
AC004816.2,-0.51505573320873,1.3695190679999536,2.480213577386144,1.3490414270916389
AC004825.2,0.48932577653983406,0.8264810119533896,2.6360878004361266,3.734016917878795
AC004832.3,-0.08233292666293132,0.5067351860857504,2.332354014535335,2.2275130854855414
AC004846.1,0.4397752403038456,0.6991750801329298,1.5753511687262445,2.160819669121022
AC004877.1,-inf,inf,2.4632766915753916,0.8207595455010748
AC004877.2,0.36530070736483583,0.8417463034671461,2.0620248824314866,2.5974766326482253
AC004884.1,inf,inf,1.7169880024275244,2.9756407263899907
AC004895.1,1.249126038516189,1.5307938533447722,4.635197061145413,11.778670658946307
AC004908.3,1.6042737512935505,3.8530983485509607,2.7399846970027744,5.399751591236173
AC004910.1,1.4158544797933819,1.8680245851271398,2.1577668394075196,3.7180801464812294
AC004918.1,0.024015145922621023,0.8960633150979094,5.173966544426711,6.934075707550043
AC004923.4,0.0673073694682508,1.8151890175102436,3.1230897393404207,3.715264625109496
AC004925.1,0.6249549744701572,2.1906366540024553,1.851970374097313,2.5971868710784896
AC004941.1,-0.3000393255128741,0.7633651664704303,2.475286796913024,2.3893937287075033
AC004947.2,-inf,inf,2.9518649891924844,2.385883722219143
AC004951.2,1.1762137756293696,1.8049865632569313,2.488847142935308,4.350069566939289
AC004951.3,inf,inf,5.100656165079647,9.162732253717163
AC004951.4,1.2770412151481694,1.851346117957605,3.5109877200676647,7.346861098928638
AC004973.1,inf,inf,3.0971066664675044,6.554991261744366
AC004980.2,inf,inf,0.0,3.032276995305164
AC004982.1,0.27103656125567366,1.5700779920894228,3.284664016586963,2.818454852011447
AC004990.1,0.2912302762599483,2.4347893494149546,4.69959047164016,3.1888676540850454
AC005005.1,,inf,2.215050746211869,1.3962009302679514
AC005014.1,,inf,2.9419369645042837,2.6291309669522644
AC005034.5,-0.48530648659369297,1.1015945757981487,2.0880601305628503,1.6413938566893
AC005041.2,,inf,6.574593870796595,1.5769687476314396
AC005041.3,inf,inf,3.1900177426509133,7.6345517964434055
AC005077.2,,inf,9.007454407706046,2.6444748092429244
AC005077.4,-0.667448994984492,0.8746333030023585,2.3073183801150567,1.7660319681299046
AC005086.1,inf,inf,6.115963919499638,4.228375101050929
AC005086.2,-0.7560856153751363,2.1843595623728485,7.18621695267044,6.341287754199321
AC005086.3,0.6029855255577646,1.3412265741377791,2.360726744478117,2.6983035490632767
AC005086.4,1.1021487188030972,2.423740482636175,1.925978887500528,2.4188767383314276
AC005154.2,inf,inf,2.3907202441348008,7.803646531225555
AC005154.3,inf,inf,2.0820058801056422,2.3755377638988087
AC005186.1,1.8584212913832887,2.710139089596728,9.241488411817228,31.808979385845724
AC005197.1,inf,inf,1.6374491799824937,2.514260955930486
AC005224.3,inf,inf,1.4206084302880033,3.711591646004196
AC005253.2,-0.47744529504725425,1.7443556797611195,2.2150623457733714,2.7313181053872864
AC005262.2,,inf,1.4490928051428609,3.4714806185689486
AC005280.3,-inf,inf,3.278096477558779,3.2891758138260525
AC005281.1,-inf,inf,2.3162477558348296,0.800056104129264
AC005291.1,-0.6733210621664414,3.1173605326308094,3.428178440644221,2.68894211967149
AC005301.1,-inf,inf,2.3465878431168288,2.5584832543361635
AC005306.1,0.907093980772896,1.793649371131383,2.465534771086079,5.403084451868669
AC005324.3,-inf,inf,1.8852569552343814,2.5406467122042735
AC005324.4,,inf,8.333379128427763,7.548029895037644
AC005329.1,1.4577387250109017,2.2094521284625133,1.2222575211813007,4.041468446966459
AC005329.3,0.28395052878679666,1.8737347276717933,2.6770533187138232,2.946362546854681
AC005336.1,0.4838659502161742,1.1684927708067734,2.7071779964221823,2.419570255326069
AC005342.1,0.1534108588910665,0.6375617418478333,2.6546384587084724,3.0822415212548346
AC005358.2,0.05062206175217687,0.5069811948779543,1.7324724856250835,2.1418392916320252
AC005394.2,0.9959753021475857,1.6147629928476996,1.213456311616462,2.9877209347207256
AC005515.1,,inf,7.103042086001829,1.4133348581884722
AC005520.3,,inf,3.053552829888128,2.672636041710063
AC005521.1,inf,inf,1.0659682580520673,2.2682869960925567
AC005534.1,1.1729953619473619,3.555142310614128,1.2550935620541037,4.058745647568725
AC005537.1,1.8733802413190779,3.4568652463384235,1.6034225846170727,2.882074479479607
AC005540.1,0.14784325932158937,1.6032821342197254,1.9453762229593006,2.4295012203517117
AC005578.1,1.0230999419836355,2.6369460459219924,1.5825588161085855,2.160833543590087
AC005586.1,0.447529406931632,1.6075677985428176,4.217012639156274,4.546367288859129
AC005593.1,,inf,2.1504730050919245,2.448992963808365
AC005606.1,0.4093728446596786,1.5016513795570519,2.492798282667405,2.381070562980403
AC005609.5,0.3942442284948547,0.8658926086661851,9.438034810713434,17.200506000476857
AC005632.1,,inf,5.067270652018832,1.3510129833071765
AC005674.2,0.6267892839475886,1.4918909976388666,1.5426561161150691,2.98841021638822
AC005695.1,inf,inf,1.3089393237610003,3.302501157943492
AC005696.2,,inf,2.795679264235043,1.1088502103082427
AC005702.1,-0.018685555149890176,0.8460011506794017,2.852648848227933,2.205852323939183
AC005702.3,-inf,inf,2.6174064501058765,1.70092470814058
AC005703.5,-0.8688994467333753,1.5990337035551718,2.7612084392289016,2.4653628436835358
AC005726.5,1.3937459447562748,2.153571737987228,1.6661313616865339,5.543295035675022
AC005730.2,inf,inf,0.6861141072153973,3.2010288699939764
AC005740.1,-0.6071121426856443,1.7424749161419328,2.5145675074953715,1.8524544953116384
AC005740.4,-inf,inf,4.221893342066151,2.873365745522331
AC005753.1,inf,inf,0.8557495256166984,2.188219029547303
AC005757.1,-inf,inf,5.454546494687302,5.387453184949009
AC005759.1,inf,inf,22.945425395166193,42.47989914257059
AC005779.1,0.16365841830456918,2.443120821997823,1.9736473841512807,2.9104173067791406
AC005779.2,inf,inf,5.401336819621418,4.5410105325182295
AC005785.1,4.288999531331635,5.122425785468353,2.5371022923847724,45.867217231967814
AC005785.2,0.11730790784461714,1.6688381582067306,2.168355168242958,1.6380597776190962
AC005786.1,-0.2494619013133751,1.5271798923536204,2.7036211416493012,2.057841726822994
AC005786.2,,inf,2.290097231330729,1.2873076520962237
AC005786.3,0.6514183610548561,1.803624761382276,1.859240584951498,2.2359579160105683
AC005821.1,2.164102555627494,3.004609981882293,0.9941645980321064,3.324485399586096
AC005822.1,inf,inf,2.581679351340596,4.369165464524366
AC005832.1,,inf,2.596420463758716,8.246503567374736
AC005833.1,0.42907776584165686,3.120795794398491,2.025175505036231,5.001401779355406
AC005838.2,0.02170445143929374,0.5732341607025957,2.9645317555538147,2.9312674936699956
AC005840.1,,inf,1.696730248768489,2.9917142072140486
AC005840.4,0.36888156006272615,0.8114665740117492,2.1080232027051062,2.3810727029181216
AC005858.3,-0.17466763458436324,2.2876012960843406,1.7743342560377882,2.270283160220433
AC005863.1,-0.1609838265395645,0.902346326270793,2.9904899353391237,1.5999596657297355
AC005865.1,0.8931068099252357,2.3525637903173062,8.639071631324093,10.005626982801804
AC005865.2,1.114969173386289,2.0439198406607444,1.215261280392322,3.3613812226440465
AC005884.2,-inf,inf,1.815211069612621,2.1119955816742526
AC005899.1,0.36456676259912957,1.7424445556681145,2.2141042387555196,3.1670040401976185
AC005899.6,1.2393253328057758,2.2561535679148124,2.3022614030057107,2.7941463850547166
AC005899.8,-0.11563154837498457,3.405092437413158,1.7759136984524941,2.391125075646235
AC005906.2,2.795810888075552,3.5192668177566695,1.6375775024653432,8.136041621799304
AC005912.1,0.5849649902736391,1.8689882085009002,85.95509705401196,43.26191911566165
AC005920.3,,inf,1.357441082771039,2.809594950234482
AC005962.1,1.1207131574837665,2.197360070397288,3.0383028162855683,3.715413781185064
AC005972.4,0.013652030614505734,1.0119075347586577,2.214925132905071,2.198699589568313
AC006004.1,-0.004508337306662502,1.2702937404960302,2.119833196152065,1.5766050208344047
AC006011.2,inf,inf,1.2513165593914573,5.089306612053834
AC006026.1,inf,inf,4.775585573595954,4.05083843492148
AC006033.2,,inf,5.048663822142376,1.5710756793173142
AC006042.4,-inf,inf,3.386264150943396,7.280144824069353
AC006064.2,1.0571418142902693,1.3308797605810054,1.3578347544366303,2.1088959227579793
AC006111.3,-0.3514420629348117,0.888957277159231,2.1933938297853035,1.5945651483579464
AC006116.6,0.7695250048577844,1.8981737765168973,3.770301845645172,3.7031742283012328
AC006116.8,0.06817140394978313,0.9492966499900727,2.5772996248658475,2.852260158652537
AC006122.2,inf,inf,0.5495646530744684,2.2128062300578653
AC006128.1,0.6890965871782598,1.3797398846187539,2.762528335492228,2.5824664022020727
AC006144.1,0.2908328216897662,1.2793638862971612,2.1850810053842626,1.7055436173551923
AC006145.1,-0.15142280891226656,0.5574980842863896,7.269623228179787,5.51740799673007
AC006146.1,inf,inf,1.066733871447648,3.3601101142798653
AC006206.1,2.1022862854286504,2.6315469322890075,1.546815230398023,5.692626086274203
AC006206.2,0.7054036366642596,0.9992498776138224,1.4332175357637287,2.0815337332718045
AC006213.1,1.105215541401601,1.653323721386297,2.6625664482630733,5.464334281122512
AC006213.2,,inf,3.9814885114885117,6.6929070929070935
AC006254.1,-0.23554087235920604,1.457237750398491,3.120524017467249,4.6205240174672495
AC006262.1,0.6063682122032107,1.1984417382149029,1.9190777709377658,2.125597279629466
AC006305.1,0.14904588232606242,0.46442637864079317,2.5242543478526933,3.3684772010558057
AC006330.1,0.5266395780207785,1.1164233116883577,1.554057057089877,2.1380780117815497
AC006369.1,inf,inf,2.758917740436122,4.359390046146728
AC006372.3,inf,inf,2.0047356828193834,4.213876651982379
AC006445.1,inf,inf,2.3233560667886,3.351403762434955
AC006450.3,-inf,inf,6.561113804387347,4.07596048963762
AC006453.2,0.14573735191552958,0.5828160957949374,1.9401548455062312,2.3784234472654013
AC006460.2,-0.9606564489199514,1.536519322109609,4.320967293616233,2.5885851941072913
AC006486.2,0.5464547400935856,1.1109224057440614,1.4330828262434219,2.3352355047063553
AC006487.1,inf,inf,1.541021297192643,7.581098741529525
AC006504.1,-inf,inf,4.4711847174657535,2.192101883561644
AC006530.1,inf,inf,3.5451613409504676,3.690485906208802
AC006539.1,-inf,inf,2.9955154284549463,2.5978579376067
AC006547.1,2.053541696515335,2.4589807900715503,2.2325522959149757,11.586914786974084
AC006547.3,inf,inf,2.102218264125721,2.8950454590337014
AC006548.1,,inf,3.3140720842215163,5.5521064895375645
AC006600.1,0.04499032134215253,1.429771021247843,4.845876793105165,2.9087479996838077
AC006947.1,2.3239947460319876,3.2260795451730417,1.3669503364482138,4.217656729078592
AC006971.1,inf,inf,4.0521816789997445,2.681168665475887
AC006987.1,1.7575856882277086,2.6609789380169846,2.445603662134832,7.842282417513163
AC006987.2,2.0515174968381014,2.3835199920015953,3.1572905789884134,11.017502772181407
AC007000.2,0.9064335790650452,1.8864930117481888,1.7751682226665864,3.100041974194995
AC007009.1,-0.792139518944504,2.567554518571748,3.38976264449136,2.504299718549603
AC007041.1,inf,inf,0.0,2.119870274487106
AC007099.1,0.20370606970055824,1.05285249072504,1.6076200964105505,2.243559911431906
AC007160.1,1.0169153034184708,2.269458596775258,1.5595430231120215,2.260226649375192
AC007161.1,inf,inf,11.771965996320498,9.41580494406733
AC007163.1,0.05619963333354272,1.676604273836037,2.166587405227357,1.380525074551231
AC007182.1,0.21107284112876007,1.4513321664277317,3.44745107398568,2.9593890214797134
AC007182.2,-0.8250627512868429,1.24934900681517,2.0649097813689457,1.365596308224775
AC007192.1,,inf,2.584775170276639,11.357782691500695
AC007193.3,inf,inf,2.5728409220714443,1.4134267884422147
AC007220.1,,inf,2.7608702643596836,1.4660867048305142
AC007225.1,-0.5282148723692255,1.6232981078232673,2.8737550957221734,2.80184736054492
AC007228.2,-0.4874624108608344,1.6476244571150016,7.055585717710435,4.371751300889824
AC007272.1,-0.08430129835670912,0.8188148560353173,2.7615552429302506,2.3639366322099207
AC007283.1,inf,inf,2.105166671634794,7.930781341882126
AC007292.3,0.15513759691181658,0.9818290515061846,8.807954581927085,6.101024103970749
AC007308.1,inf,inf,3.166623593797507,4.345031734569778
AC007318.2,1.3033218831823108,3.6294679011800954,10.005338811162545,14.020050547308015
AC007325.2,1.4825550114197807,1.8471129841453198,3.395932822082246,11.555719209131254
AC007325.4,0.17269839794206987,1.4887037506946712,4.352748417185414,6.495138616689809
AC007326.2,inf,inf,1.4882198952879582,2.881217277486911
AC007342.3,0.5711686485494519,0.9899806417556497,1.9073905470667405,2.952245467500593
AC007342.4,1.0244533177660018,1.378437998608859,1.197951041003104,2.068293050930665
AC007342.5,1.2827781501183237,1.5883902004349923,1.5902531056883198,3.3089076319975126
AC007342.6,0.382796686389229,0.6165153737428961,3.704155633263519,4.3585709936060075
AC007342.8,1.7257472725376553,2.2672679848524253,1.9963593097871046,5.440348452784121
AC007342.9,1.4253662137125638,1.55603663451123,1.10807731704791,2.831474063515307
AC007359.1,,inf,8.258807678232808,3.131391596526831
AC007364.1,-inf,inf,5.553154298426823,4.274709995232799
AC007365.1,inf,inf,2.872266736953084,7.0152635740643134
AC007368.1,-0.34124154141360696,1.812967158148584,1.5821232073599714,2.361955443311987
AC007381.1,0.40716342893137386,0.8586618602480529,2.6614503508913447,3.167379204646285
AC007383.3,-inf,inf,4.58760008656135,2.4400995455529104
AC007383.4,-0.0026077566980925726,0.9115077010738721,2.0520643998746473,3.0728259166405514
AC007390.2,0.8393240797394105,1.0507938217309658,1.3015962940389216,2.2157578935475093
AC007402.1,1.0822862216997626,2.4343072966018178,2.1083166927519024,1.9486750499217442
AC007424.1,inf,inf,2.700174271229404,10.702313054499365
AC007448.3,1.6954735184435563,2.5222089930580514,5.185921104604235,12.138590736574558
AC007450.4,inf,inf,1.4463412527930397,2.6373168107713285
AC007493.1,0.2750646213015544,2.023661551789573,8.270644850818094,4.798363811357073
AC007496.2,0.17230221637546406,0.6639427963991217,2.244711217529601,2.648886040849975
AC007497.1,inf,inf,4.050381076189748,1.423109275827789
AC007529.1,,inf,2.987563838960005,1.1422862638455926
AC007537.1,inf,inf,4.774277358256994,5.669542275315672
AC007546.1,inf,inf,3.29154043494038,4.201725331015452
AC007563.2,-inf,inf,3.313860141927854,1.5918169722057955
AC007566.1,0.7069103899872194,2.6622610154461257,1.6839023015018708,2.5409148768944245
AC007599.2,,inf,2.6888411837917756,3.4928623336702387
AC007601.1,0.3900266515352032,2.198703259491425,2.254682984636068,1.9487557086327691
AC007603.1,0.12476484326953703,1.7943744292429586,2.7300706740633784,2.4480583630974997
AC007608.1,inf,inf,1.514251383222489,2.23637735427262
AC007608.4,0.40628030354654643,1.6701607471727284,1.193738467025384,2.295926437066786
AC007611.1,0.0777030606845718,0.5655445856467047,2.181275718507662,2.375245273699949
AC007620.3,-0.38977380492586117,1.8266533598458519,2.4450280768894057,1.9829287509848796
AC007622.2,0.6755092053950092,2.292466269295731,2.034619593388239,2.34380003455624
AC007638.2,inf,inf,1.5215514367624507,2.6117907860524037
AC007656.2,0.5364894507474338,0.9399122432734298,1.771221998127206,3.3979327234747534
AC007663.1,2.0118927465985283,2.750322512411914,4.218322048338639,18.352107528810368
AC007666.1,0.04332995210509687,0.7329260138740064,2.672354768867394,1.6079087466726651
AC007673.1,,inf,1.5420098846787478,2.8600092932877117
AC007688.1,0.008923031172773859,1.472050973452344,1.883430070184812,2.1994802923962404
AC007728.2,0.02154276487178286,1.1888905287692089,2.2699778944459794,1.7134291240674218
AC007731.2,1.8626478091001228,2.9001471761529367,8.10616243307894,9.360405513156396
AC007773.1,0.05148022613357978,0.30750065267820936,2.0712559455226,2.234189150784401
AC007780.1,0.7718120287948423,1.349503514364921,1.4339330622162376,2.1513458492282953
AC007785.3,,inf,3.3728556498687263,5.186039101730774
AC007786.1,,inf,9.977087364594825,7.247228601913305
AC007823.1,-0.4247655222386753,3.713438599572915,2.8166937536936856,2.7322901986634536
AC007842.1,0.740480054814707,1.2811778740217399,1.7774901372183167,2.7960469695613552
AC007846.1,0.4617101541074284,1.0722473399689814,2.8831592541405167,2.2255477263973535
AC007848.1,1.203074228426527,2.2296379277843363,1.2587662299304136,2.9145381189230064
AC007906.2,1.9050213489673482,2.8135196692564852,3.9031937471720064,11.943221973239103
AC007919.1,-0.7673087297312234,0.7673087297312234,3.7058195156534848,2.177215013778941
AC007920.2,0.9896906112420045,1.4593800615686419,1.2622320157921316,2.05930771702704
AC007922.2,0.6375941578659649,3.802588152333594,11.788066311617087,11.133043367927158
AC007938.3,0.3175715191238585,2.4809625855118282,1.6085121301604852,2.0358314597530534
AC007950.2,0.2640295388783902,2.3117037483350114,1.4504677052516373,3.0724643877079876
AC007952.2,-1.4227042798911744,4.677753237793861,4.718695166693251,0.7860001248378842
AC007952.6,0.7264638255434592,1.0896135164382423,2.986178678436805,3.3513805212796797
AC007998.1,,inf,3.202623794706312,0.988833826335267
AC007998.2,-inf,inf,1.9729378803711974,2.745932002735722
AC008013.2,-0.46034591781762146,1.2884668191578577,2.59141882344155,1.5245684648689228
AC008033.1,inf,inf,4.552236401134313,3.315867491621552
AC008035.1,0.1689509663955416,1.0109398775108194,1.9491282966422037,2.13607364722623
AC008040.1,0.745746573223646,2.4461683282421265,0.9319603267211202,2.1831738623103814
AC008072.1,0.20232283008616203,0.7323329503570004,1.377777290885086,2.288933667310307
AC008073.2,-1.0249619280207543,3.5709481062637893,2.023264387859999,1.8732752418832532
AC008083.2,,inf,6.401670759415234,2.671663961469338
AC008105.1,-0.5347830725365635,1.9600149621650942,2.0907501605237355,1.6519528254959543
AC008105.2,-0.03210995782650733,0.700223392597715,2.496880946841794,2.1717592854212517
AC008115.4,0.6088773835295247,2.7872823942586322,2.4192964534362233,2.3952546378689297
AC008132.1,0.3709657286401,2.868066551678761,1.7243445089189768,5.1500644745325594
AC008134.1,-0.14283668377511555,1.6791945611663717,2.212505065518778,1.170397524259193
AC008149.1,1.3990237422914409,2.180226391519776,2.8800582608401735,5.305649703625632
AC008175.1,,inf,8.258807678232808,3.131391596526831
AC008250.1,-inf,inf,2.396292043766041,1.7137511819532623
AC008267.1,,inf,0.9314642558528428,2.67665656354515
AC008267.2,0.5086728981959536,1.4783798304400906,2.537865788147115,2.322471498184744
AC008267.3,0.15753759376485432,1.7814417666234115,2.5475783937916727,1.5824205532741982
AC008267.5,1.3492843956347982,1.5386641315955525,1.5174000512500057,4.17501090186523
AC008267.6,1.068977831147421,2.4144866128033917,1.333103006914088,2.0104932743611803
AC008267.7,,inf,5.045583924021446,3.6038171727631094
AC008268.1,0.7282355641152747,2.022081975932096,7.89011669600365,11.319534085229371
AC008278.1,inf,inf,2.184100601740959,1.710821113512882
AC008280.1,inf,inf,3.6363417309226267,1.2980922626960916
AC008280.3,-inf,inf,3.1318513725852672,1.3485402664624406
AC008378.1,-inf,inf,3.3632853370534597,1.1924293757162072
AC008392.1,0.715323486028755,1.4770073467675278,2.613069383424596,3.7321147560827983
AC008395.1,inf,inf,1.1072245985946452,2.324951677842983
AC008403.2,inf,inf,3.2978374347501864,2.3087099179716635
AC008406.3,-inf,inf,3.000232294032625,5.27699772868057
AC008427.1,inf,inf,2.568242312987609,3.653653561776554
AC008429.2,-inf,inf,4.682061683722508,2.445440153785266
AC008429.4,,inf,7.242791989224145,5.046853576734277
AC008443.3,-0.36417180042336117,0.8216006255791273,2.334598410384019,1.6614281246119098
AC008481.1,,inf,3.3974885593645845,3.801375267187254
AC008481.2,-0.1399068850697573,1.1260872669617978,7.298950801077556,10.399694520706856
AC008498.1,,inf,2.7960413958349264,5.584843618566949
AC008498.2,inf,inf,4.390784476619986,4.158823878471399
AC008505.1,,inf,2.3730061021303928,2.8111551225778824
AC008522.1,1.8498371107370484,3.4968703068661156,5.632777902874728,18.11795391428357
AC008537.4,inf,inf,6.369538932057824,3.3437472216789064
AC008549.1,,inf,3.011938601478112,2.0142467310972143
AC008549.2,inf,inf,1.5635413447219801,2.733331460200612
AC008555.4,inf,inf,1.5305136007611475,2.113718359320292
AC008569.1,,inf,4.303650163322711,2.3848667048509116
AC008581.1,,inf,2.5590021631815407,2.6883839924565973
AC008588.1,-0.41576950092323955,1.082615941814156,1.9228651780757815,2.2322990884024794
AC008609.1,0.2117730522374044,1.470763961953742,5.253626418847091,7.2938342306505275
AC008626.1,0.5231837207274324,0.9003824447833515,1.9124869245856044,2.9827567329417692
AC008635.1,0.023363575771321143,1.2558179166064938,1.5991900588039498,3.233895484300455
AC008655.1,0.027194506701496174,1.0996948672673874,1.7191540047022755,2.1513925571471484
AC008655.2,-inf,inf,5.731199594528361,9.475983602905137
AC008686.1,0.7575703728730084,1.5145551345645374,1.9471937535445192,2.314186178400713
AC008687.2,inf,inf,1.3914373464373464,27.91767813267813
AC008687.3,inf,inf,0.0,22.66087921361484
AC008687.4,-inf,inf,2.9758828183060437,2.4178553448565197
AC008687.8,inf,inf,0.0,3.0063509367948686
AC008691.1,-inf,inf,5.802495424468534,3.7663076634285977
AC008694.2,inf,inf,0.0,2.099221215893145
AC008696.1,inf,inf,4.683700252008939,6.064447720032333
AC008703.1,-0.5401613722899148,1.1419366675130413,3.0559088440300535,1.5767855526387256
AC008731.1,-inf,inf,2.2096101902020995,1.2200869816872195
AC008734.2,,inf,1.6816353271113968,2.672635740885476
AC008735.1,0.5720386589101925,1.4163257771505011,3.101932723517262,5.462378282679257
AC008735.4,,inf,2.890457558326277,4.58201448302041
AC008736.1,-0.9730049923627362,1.9111858429030755,2.2860544727420518,1.6802964906485558
AC008737.3,,inf,3.108130091396781,1.4858861995523425
AC008739.5,0.5918377804936336,1.3581757202176796,1.5639415541623625,2.3189174206532965
AC008740.1,-inf,inf,6.027792288586748,8.574861923056833
AC008750.1,-0.6940454205451186,1.2715429302425736,3.2927677700357725,2.023318423900585
AC008750.2,0.1949362888295248,1.7521312959761077,2.516588541828994,2.2937722453203016
AC008750.3,-inf,inf,3.127489187463383,4.407634276234802
AC008750.4,-0.29845456782100255,0.685555166801034,2.368064159962879,1.4723830052515705
AC008752.1,-inf,inf,2.049635419105912,0.0
AC008758.1,inf,inf,2.5967106636060096,2.9221358514190316
AC008759.2,0.08975102253412917,0.8611398452515081,12.757668889870095,10.098986776974739
AC008760.1,0.2767662100981616,1.5496178939782683,2.016684042340045,1.9252002730301252
AC008761.1,-0.24790855778556276,0.38080760943610426,4.056904676161435,3.383436713762573
AC008761.2,0.4643318324625866,0.8849812386830159,4.167106456868043,3.322206072193878
AC008763.3,0.30296432412624535,0.9146392455277113,2.2850191753658513,3.101087309881136
AC008764.10,0.961335712647494,1.9160836210631127,1.3859546533769012,3.2692000282094082
AC008764.2,-inf,inf,4.955108102343732,5.086572717290846
AC008764.3,0.2430541887039806,1.133043479881262,2.216695285729652,2.386780553890912
AC008764.7,inf,inf,0.0,3.0633779751073584
AC008770.2,,inf,0.9007568640075685,3.378343308783433
AC008770.3,0.6543353573477949,2.2830124421490012,4.825155152235632,4.1355999158246055
AC008785.1,inf,inf,3.331484434795071,2.719576267827031
AC008799.1,inf,inf,0.6716194616089354,2.433987641566441
AC008802.1,-0.6885308533136411,3.014034499938381,3.632638331696124,2.117500393680122
AC008805.2,,inf,2.3650068280162557,2.7303139242172465
AC008817.1,,inf,4.751074877629316,6.627017462627332
AC008875.1,0.9977464798955447,1.302878998191591,1.5154886910928087,2.6570577582846306
AC008878.1,inf,inf,2.726723864617425,1.668247089294163
AC008878.4,inf,inf,0.0,2.7165197358612163
AC008897.3,-inf,inf,3.099240546624525,3.4473726096546082
AC008915.1,0.996420677103459,2.0576723785818065,1.3711603112784443,2.2112489291704756
AC008966.1,0.8388222444088875,0.9706639412652505,1.328917805374803,2.1927112958980506
AC008972.1,1.211281438849076,2.4388026391056417,4.087435467801829,8.760988264520554
AC008972.2,1.709223288733479,2.064183461023687,2.8585161638115446,7.102876799069018
AC008993.2,0.1875855989357471,0.7234226045339506,1.9546810304228637,2.133789097059707
AC008993.4,-inf,inf,2.2947953303106066,0.0
AC009021.1,0.7600500832290509,1.6964996362325315,3.0099955982686524,4.485109003986013
AC009035.1,inf,inf,2.1421196914140745,1.419048180160947
AC009044.1,,inf,3.242402992052361,1.5773726040205704
AC009054.1,inf,inf,2.464866378480547,0.771819597822853
AC009055.1,inf,inf,0.776045995177046,3.3279472472377
AC009060.1,1.2766590206257045,3.561465354173133,1.3909367247825022,3.514080570210684
AC009065.5,-0.9418310240581816,2.0734663130594497,2.206179758118443,0.7796946440512277
AC009065.6,-inf,inf,3.014044165203733,0.75800763805476
AC009078.3,0.3094112070974889,1.5320481136320045,2.024743331613891,1.9092467178062131
AC009084.1,1.1774141952530814,1.6099176265156518,3.1158715046369756,7.371600577566937
AC009084.3,0.622314973972721,1.9673128633939967,4.26498559208792,8.942197456571735
AC009088.2,0.36059613602168905,2.2879728206379037,3.2270835634865445,1.9837161999701072
AC009088.3,-0.804557337553475,1.0250098655116981,3.154993708133303,1.5859205069017157
AC009088.4,inf,inf,9.259337874712456,15.952476294056616
AC009090.1,1.5156644266326187,2.90657963329966,2.167830185336121,3.370018018410945
AC009090.4,-inf,inf,4.816833941605839,1.6624087591240877
AC009093.3,0.6205193298032183,3.441232833447864,1.8423765230869271,16.34961887346186
AC009093.6,inf,inf,5.363610110423682,2.6759975330879473
AC009095.1,0.7253366194861006,2.9507031915945356,1.2326627977356073,2.501545198846441
AC009097.2,-0.5757746303879462,1.7830171593719852,4.838525562816507,3.9397573245533404
AC009097.4,-0.1421896909456902,1.8399755572861998,2.5459919505895074,1.5893763072100657
AC009108.3,-0.38219536997462633,1.4729275844932004,2.8953692591400055,1.916371513040424
AC009108.5,0.5565420747667522,2.1004038217713337,1.6405915027979256,2.1274785789138426
AC009120.1,0.4960759872510756,1.1063761200888533,1.4564838867333292,2.0065130378618945
AC009123.1,0.731932783084587,2.5726795490197985,1.5116710576223231,4.148945658079529
AC009126.1,0.12563760461396892,0.6950950318986181,1.83525778255087,2.155974623585556
AC009133.4,-0.4749506115104078,2.215084906572772,3.320771317417536,1.8648504562013593
AC009133.6,,inf,3.2677223245066664,2.4062037918010435
AC009135.2,0.3463560582649863,0.7337451078189406,2.103879235960363,2.113101239187761
AC009139.2,-0.3637995596725878,0.7091652753807909,2.1053490830724195,1.7236917008904975
AC009153.1,-inf,inf,3.9996958885617016,0.9582625594315342
AC009159.4,1.2602791612977693,3.7215341731079867,0.8275442774114632,2.896839240607109
AC009163.1,0.13316820823212425,0.8925330207649113,1.678290806941736,2.269108168512111
AC009163.2,-inf,inf,3.992759161671829,1.281829518484251
AC009163.3,inf,inf,2.121454772301934,3.1821409856519027
AC009163.5,-0.3847500591963788,1.0768238669254588,2.7112706952355214,1.8491762572632178
AC009167.1,1.1731492579172034,2.6445488379775677,1.1831130854157739,2.5374474641479843
AC009171.2,0.21278578570883233,0.758434074117412,2.4151020126480627,2.581314996988557
AC009220.1,-0.46659583342832844,1.1582996490793047,1.567193663908923,2.12261454255183
AC009242.1,-inf,inf,7.057482708027667,5.864493816809893
AC009262.1,inf,inf,1.657044174249955,4.164092172006831
AC009269.4,-inf,inf,5.4271789242590565,4.85320648859617
AC009275.1,0.581157877341728,0.9276260286145893,3.691664943042914,6.226739919465195
AC009299.1,,inf,0.9200127501469256,2.250978673387057
AC009312.1,-0.4356736629730847,0.9578487167376339,2.9894774102201054,2.708842836915948
AC009318.1,0.5866594048241747,1.5455742831374597,1.596372881674546,2.120712828851522
AC009318.2,0.3296768724971353,1.0213339381888582,2.7667886825144468,3.8649455926733376
AC009318.4,0.7427019572433838,2.690354918107844,2.796764228726359,10.093706247083139
AC009319.1,1.5327997848122792,2.8037236865125705,5.070132573186734,9.910614904302975
AC009362.1,-inf,inf,4.937193677774187,4.164689425690534
AC009365.2,-1.7800044821643504,2.8318677718794083,2.1346624036110584,2.0115419260960374
AC009387.1,-inf,inf,2.332351617385178,2.0939414101485294
AC009413.1,inf,inf,2.582891137404832,2.5570632854176574
AC009414.2,0.5381614950064124,1.324155376642011,1.7586408457532832,3.424368829290345
AC009432.1,,inf,2.772942064090855,2.510542826509947
AC009446.1,-inf,inf,2.147179640271662,2.3633748787222926
AC009452.1,-inf,inf,1.6545681518876205,4.651901338893766
AC009474.2,-0.39751539955267423,2.2230471736040647,2.097508074340529,1.2927940598066336
AC009478.1,,inf,2.720840206012051,2.7079139596728043
AC009501.1,inf,inf,2.0769786432160804,1.7108825376884422
AC009502.1,1.0009028901251598,2.3107203351791994,2.020009967215848,4.197326563498458
AC009502.2,inf,inf,11.912461778989169,19.190323339374906
AC009517.1,-inf,inf,3.662168370276788,3.8675395275831703
AC009518.1,,inf,2.8600159299084034,2.927867383512545
AC009630.1,0.42140995323554686,1.3926389376381731,2.0225241329996426,1.6437804240807459
AC009630.2,0.1173231492303975,1.1052318002253079,1.632975200082646,2.0320922233633327
AC009630.3,0.6500726815127754,1.4352952771972716,1.1395685686203507,2.066807436007167
AC009690.1,1.0971343085469492,2.8729834320199568,13.323514810524575,22.806553036571238
AC009690.2,0.26384130232551933,1.5528607935168022,12.603021722985515,12.065934831043444
AC009720.1,inf,inf,7.240874725632063,49.98313145272742
AC009779.5,,inf,11.297893358819701,4.111528298704532
AC009812.4,0.7135263323476717,1.0942700351234549,1.6153897090223084,2.5820094379908864
AC009831.1,-0.14211887706005774,0.6396531828347578,2.177331848232251,2.1741161253233687
AC009831.3,,inf,2.5904494382022474,1.3880240216970166
AC009927.1,-0.4416861848156181,0.7248457760411854,3.276314154343233,2.935379644588045
AC009948.2,-inf,inf,2.0902160765750297,1.3517105439992831
AC009950.1,0.0074071503395270535,0.1614149529856653,2.0544501641922905,2.2976631201535995
AC009961.1,-0.9607388731937863,2.5972700320546864,2.145745706931311,1.8062366497863964
AC009963.3,-inf,inf,2.6061594202898553,1.3615835464620631
AC009967.1,0.45591971852041974,0.8438737401669726,3.5257846241869677,3.445772624870372
AC009971.1,inf,inf,2.5614266146875986,3.764046201664735
AC009975.2,,inf,6.690244056851634,4.790209236807951
AC010099.1,,inf,4.268036830689406,2.3911772211117257
AC010099.4,-1.490044396479943,3.189702269882467,3.497046152982614,2.5648583416359116
AC010127.1,0.218137617757292,1.758730460575987,2.978398316115106,1.4863513236076757
AC010136.1,-0.26898106920134685,0.7020192537620571,4.151823157737781,2.5521723193150967
AC010175.1,0.9823952047399522,2.290278491366941,1.348962933633844,4.413014345323304
AC010186.1,-0.05197717156199252,0.9701475488371217,2.2811618657707258,2.4056969366377645
AC010197.1,inf,inf,0.0,3.339838634828595
AC010201.2,0.4399486700853224,1.0317764817399957,2.3677328319778943,1.9734865136433575
AC010226.1,-inf,inf,3.6967139332196677,1.7200965804996344
AC010261.2,0.78108700617051,1.1224476742573828,1.1540332836989533,2.3965100543564355
AC010271.2,1.9790813651067936,3.261096632835337,5.551832508934475,13.321384432113334
AC010275.1,-inf,inf,2.7820120347074075,3.1306645875386248
AC010306.1,-0.25932246132034603,0.6494561429255234,2.2721040287813468,1.6775039468091566
AC010319.4,inf,inf,0.0,2.6725511923374676
AC010320.1,,inf,2.0851087711238376,1.3288323092263599
AC010320.2,-1.3492143815632547,2.988336845160016,2.631275131045727,0.6781906828555564
AC010320.4,,inf,4.152838427947598,1.382473307574476
AC010323.1,-inf,inf,4.118408474158135,0.0
AC010325.1,inf,inf,2.1074933020085704,1.40121206275607
AC010326.3,inf,inf,3.160316336546042,4.032478398687027
AC010327.3,0.17741779045933825,0.4732132910217173,2.1999033025885155,2.6469428741446
AC010327.4,-0.3540275026538262,1.4465624450603856,1.8544726301735648,2.1485508330988403
AC010328.3,,inf,1.6388254548222576,3.85167846540306
AC010329.1,0.45731464947999184,0.6952265863692821,1.5087338163213497,2.2024400007811122
AC010329.2,0.28003646614888655,0.542236747985324,2.1597944843480597,2.3522358058171675
AC010335.1,-inf,inf,1.448992157150187,2.494597962325002
AC010336.2,-1.1623303316186406,3.2411161712689753,2.5332177010533923,1.1032970724051891
AC010342.1,inf,inf,0.0,5.6539126605314465
AC010343.3,inf,inf,1.3943538465565535,2.4716514409863097
AC010401.1,-0.5990894475526725,1.0840370432500834,2.546256014125924,1.2010868201385676
AC010422.1,-inf,inf,11.328069638806044,2.846218551655578
AC010422.2,-0.7210460004981425,1.6483057397786318,2.287029679328594,1.0160110622240315
AC010422.5,0.5882189580366176,0.7874493677514781,1.3406002682412328,2.115619115785551
AC010442.2,0.39191716056937065,1.4070336164511832,1.3907500586594364,3.294734555187667
AC010468.1,-0.21147460659597633,1.4410685167084631,1.359023438091059,2.0001891388884685
AC010469.2,,inf,0.8385205985625677,2.8520742401697943
AC010491.1,2.7121095779623774,3.6896998750821544,0.9438171005820477,4.958524133897028
AC010501.1,1.1170791071990476,3.004048270481983,3.870031728702535,5.771143939135479
AC010504.1,-0.7265995333424258,3.3633109318150827,2.486870353717732,1.2264878696427983
AC010507.1,,inf,3.8497499906011505,5.5518503201874765
AC010519.1,inf,inf,3.071144206884315,2.5785408534421577
AC010525.1,inf,inf,1.1071430745073219,2.7946636154492226
AC010530.1,0.48724728309988025,1.5878832533443172,4.329753699352253,3.988103501154138
AC010531.3,0.7328060841162638,2.0505805378197564,1.3885991580478407,2.9165905061084643
AC010531.5,,inf,0.9075561383379774,2.6873565808883795
AC010531.7,-inf,inf,1.6778614014009479,2.7234318681567795
AC010533.1,,inf,2.266409166321029,1.3677675238490252
AC010542.1,,inf,1.812873877545654,2.8943348102181146
AC010601.1,-0.2959974174169351,1.1960549760675891,3.063068648532697,2.049517874987574
AC010601.2,-inf,inf,2.9452804773455545,2.6585416546085
AC010618.2,inf,inf,1.8036381300145725,3.243312507328185
AC010618.3,1.3655634097034404,3.5892366793751243,1.3551031238404883,2.0605625064878423
AC010619.1,0.23664618512330549,2.3730671029858526,2.58616919787269,2.870128844783157
AC010620.1,1.0649478279417544,1.6062388907884833,2.378593963926424,6.844501326137136
AC010624.1,3.604778456117555,4.596494411072309,5.525526597643698,60.56768787932881
AC010624.3,1.5823511579688425,1.9481796432524967,3.023762488539373,10.556108396268325
AC010627.1,inf,inf,7.187189426586115,11.27955215571455
AC010646.1,-inf,inf,4.616559896573115,1.5237852848587445
AC010653.2,-1.6456149615285758,3.2816079833412792,6.535275951543323,2.1335583183431766
AC010653.3,,inf,1.7336146129005143,2.2834920319874916
AC010654.1,0.2584518228114341,0.6938524081993295,1.8099457477503287,2.1021749237366114
AC010655.2,0.8094129351613331,1.4661681782307228,1.078704556316442,2.018332544326552
AC010680.2,0.14004222458075075,0.5634422013079718,3.1836353645681474,4.192797227891538
AC010680.3,0.08091269932258335,1.5121847483555286,5.468628250892403,5.279889852116267
AC010719.1,0.6824161362610406,1.033872517012772,1.3165546798387389,2.2246940035593648
AC010761.4,inf,inf,1.6281599837740077,5.640087214707058
AC010768.3,inf,inf,5.456241322165988,5.386953016527075
AC010809.1,-0.7085591178194575,1.2915251722465866,2.2999796601683506,1.0918007009418904
AC010834.3,-0.3003902123300802,2.2749150870646724,1.8314724733292969,2.2090649074093407
AC010857.1,-inf,inf,2.1546958293179794,1.8573299014764308
AC010867.1,0.010079615922506335,1.4460169430537502,1.981873820407362,2.1054514907869044
AC010913.1,-0.5214250607418506,1.1835918534217464,2.865597059217706,1.58723062658465
AC010969.1,-0.16016199645400905,0.7473590541497119,3.7623052860061286,3.2777547242083758
AC010970.1,0.24370381277076708,0.9442469971460417,1.6829943897150104,2.0491938177222417
AC010976.1,1.16319526846485,4.611524739982891,1.3793691043282674,2.0748310228144144
AC010978.1,0.4418406027200877,1.1754928364879917,2.8120569097795474,2.6319219190055354
AC010980.2,-0.4705713335121373,1.5986652550212181,2.481974901435308,0.8914113433143505
AC010997.5,0.5111369581299816,1.6386353264283038,3.1936557914183537,3.480922312026544
AC011005.1,,inf,3.224679645145392,7.5013553474618035
AC011008.2,inf,inf,1.345478045202082,4.848237677716841
AC011043.1,-1.2684636145379011,4.457289854852921,3.5257647785479027,2.930369339432766
AC011092.2,,inf,4.584868095737944,3.7154190486931022
AC011290.2,-1.431015048136496,2.158492128901125,3.3864530282848864,0.7585324766904333
AC011297.1,inf,inf,2.906819074079667,2.1199679884033458
AC011330.2,1.408797612036646,2.0444289264551294,1.677499140806209,5.3959505883564285
AC011365.1,1.8077983258162387,2.471516320467548,0.7675786111341574,2.9185783622334687
AC011374.2,-0.954758075207421,1.4267890485054608,2.755360204038968,1.4983637858705803
AC011396.2,inf,inf,2.6899512956389016,0.7867083397643669
AC011396.3,,inf,3.028281206188983,6.677143075628966
AC011416.2,-inf,inf,4.1550738380088275,2.193320231499714
AC011416.3,1.0603720399953447,1.2615135653562657,1.658605682522685,3.6249964774840775
AC011444.1,-1.1010667483476173,2.4569402569130228,2.2323115741883104,2.676725064274514
AC011445.2,inf,inf,2.7422609126365765,8.383342952672377
AC011447.6,inf,inf,3.2158798549332013,8.65337404296209
AC011462.4,-0.4778155952112981,1.4451353482537745,5.402128064603392,4.400446102054924
AC011466.1,-0.833211458210693,1.5266064099276209,5.675456831730118,3.758582001083864
AC011466.3,inf,inf,1.3314265363812405,4.185634473701783
AC011468.2,-0.05147769620822634,1.743383005882503,1.4785133130126644,2.7401534776917216
AC011468.5,-0.48395559900764973,1.492334248505075,2.531376798023846,1.8174197633252183
AC011472.1,,inf,1.8884028820587706,4.119098461156956
AC011472.2,,inf,4.446515917587576,3.5412391508424053
AC011472.3,-0.3932235917421101,1.6669103144644872,2.1560339833309197,1.6940693755019816
AC011475.1,0.03583938976201123,1.5067324396385364,2.5376062168986695,1.9332001118009752
AC011476.2,,inf,3.5703725219664517,8.491104494953163
AC011476.3,0.035352938740475015,1.5392430105814388,15.200810598485928,13.499866090558493
AC011477.1,1.2749922097026856,1.7178309733798036,3.866684470352361,7.3932449874218324
AC011477.4,1.724712445587237,2.3713299823105465,9.098190526875998,20.07671749543004
AC011479.2,-0.00835816381360599,2.2646753373139634,2.020481808372216,1.8567571583151112
AC011481.1,,inf,2.1463712336175793,1.3507727242419076
AC011481.2,0.14068609559384465,1.4673637147261693,7.150634897730963,10.553677717254066
AC011481.3,0.9579205203982132,1.021617306954409,1.7630829996907125,3.5196071198531307
AC011487.1,0.6943048769417652,2.868439792360203,5.172540856433596,12.237846503930493
AC011491.2,-inf,inf,1.9821763214818564,2.953808149589836
AC011495.2,-inf,inf,2.80859993120055,4.841162710698313
AC011498.1,0.579986052065172,2.287104186983137,2.002491799595303,2.2891081904766883
AC011498.3,-inf,inf,7.177323060293358,3.548082603285529
AC011506.1,inf,inf,1.3897107834371085,3.1265139568532456
AC011511.1,0.19872549260393854,0.8452232447682693,1.41852424594955,2.004812303152399
AC011511.2,-0.44879209884502325,1.7579743490294524,3.071626142373895,2.6756639318220046
AC011530.1,0.38279289461374005,0.7087667360783128,1.2383676652005262,2.0239960061113185
AC011591.1,-0.6614019413121799,1.0319135972440947,8.057663897018001,4.84688673297513
AC011592.1,-0.04104413394537469,1.3249550153982483,2.260704739276168,1.292388306674021
AC011595.1,inf,inf,5.345409148725681,4.883261883450323
AC011603.4,-inf,inf,4.889475755694603,4.091360359295591
AC011611.3,-inf,inf,3.287371748985922,3.470567883560009
AC011611.4,0.25907986438861547,0.6263692775289252,3.6336004672897206,3.693017133956387
AC011611.5,,inf,1.9468439983207326,2.708925079708473
AC011632.1,0.6032919318982322,1.2347617273775728,2.6540667052185736,5.095937202069299
AC011726.1,inf,inf,2.8628262913842866,1.774707351081423
AC011726.2,1.6522296468656985,2.8717904502011153,1.5720850708278857,3.463147063601972
AC011753.2,-inf,inf,2.070398234841297,0.7486483825345961
AC011825.1,-inf,inf,3.0038979424500987,4.0965677607809985
AC011921.1,1.232053356135864,1.508906141876642,1.2971343176057797,3.282598750506768
AC011921.3,1.0979397400136695,1.9212417731189328,1.7769040738308912,3.773090588138736
AC011933.1,inf,inf,1.438892594568038,3.7794280768927733
AC011933.2,0.15948448217313882,1.4687627422827654,1.4274385408406025,2.2728616275945233
AC011933.3,inf,inf,2.3769154512306288,4.837045350957156
AC011939.1,inf,inf,4.633518462924047,4.2537185120493435
AC011944.1,inf,inf,3.4088829283685707,5.0782581255916694
AC011978.1,,inf,2.4766749703096487,1.3948309822437217
AC011997.1,-0.19938626238217547,0.7557020077727806,3.287129109863673,1.9983059342421814
AC012020.1,-inf,inf,5.86440283999662,2.8191403938804833
AC012020.2,,inf,2.8517998468215473,6.887413837120246
AC012065.3,1.6171418483933027,2.0386118702260956,3.947255904965872,10.778064958476495
AC012065.5,-inf,inf,3.18591694192399,0.5761523362054695
AC012066.1,,inf,2.8930397821611216,1.0298126379018986
AC012074.1,-0.6030009098762888,1.4488858538402936,6.160840554592728,3.067097053726173
AC012085.1,-0.03705998263444843,1.181942985765277,2.6230620770087127,1.533807501414478
AC012100.3,0.5719879640765886,3.192719411097519,1.3480979727526636,2.1005090664894395
AC012158.1,-inf,inf,2.97780300163955,4.842645142304621
AC012170.1,-0.5726359210290289,1.3005004514307215,2.0429668841055646,1.6639841324337235
AC012170.2,,inf,2.544202955613303,2.3102081528729297
AC012174.1,0.8111898215236066,1.8545305756228379,2.0452003121748183,2.2002242877633096
AC012184.1,0.13127090557813004,2.222081167697662,7.46190779593137,7.944765545593834
AC012213.2,0.27759466809263406,0.5540923049140145,1.5965837432210872,2.067635420607895
AC012254.3,-inf,inf,2.518574745490266,1.2992052152170028
AC012309.1,,inf,3.081928632967501,3.9516030671820923
AC012313.3,-0.4899217291617341,2.0809253096937184,4.76636233951498,3.932724679029957
AC012313.4,-1.0301037544307654,2.862993863378971,2.198529240320707,1.1494630614916057
AC012313.5,0.3833294768555251,1.5186328600222587,5.491696813843002,4.946933705269581
AC012313.7,-0.6307075556439604,3.0691144218069955,2.463712703770259,2.3340724316334076
AC012313.9,0.11872637189570245,0.7391700913538867,3.934180643201836,2.9693323321972125
AC012321.1,0.8537467397381542,1.337260632106296,2.2237430658710493,3.485848794875463
AC012354.2,,inf,2.8947938569486875,1.1797464016449621
AC012358.1,-0.2319657403421167,1.5366690057511434,2.6877924706677296,2.746053961301259
AC012370.2,inf,inf,2.198673989010897,2.0239740663871437
AC012409.3,inf,inf,7.193181274805145,3.9385549658107393
AC012409.5,,inf,3.0961409395973156,4.315897651006712
AC012414.5,0.29901581824275486,0.5835758196713225,6.873214398417942,9.319735762522878
AC012414.7,inf,inf,2.066764533176747,4.416193645201279
AC012417.1,-1.0063274285791235,1.0063274285791235,2.6082182075805886,1.2984020151926636
AC012435.1,0.24901264732345654,1.5095706789714831,1.2463722572416216,3.4742096868323835
AC012435.2,-inf,inf,1.5743266799368125,2.1707436682309234
AC012441.2,0.7636223736618205,2.2738284355308225,12.839819490138813,19.599737856049543
AC012442.1,-0.7710658552681681,1.874359849764724,5.229270780214177,2.990996430392657
AC012442.3,-0.16864872084563715,0.5909330735658777,2.305683960784197,1.9111742927918105
AC012464.2,0.14840252734396797,1.3630556314300315,3.055338040580487,2.7999085321643298
AC012485.1,-0.5289453284352158,1.7316698518009312,3.893002425825714,3.7535547676805376
AC012498.1,,inf,2.5822652598782043,1.3143410989944768
AC012506.4,inf,inf,0.0,3.4948910389727823
AC012507.1,inf,inf,3.404424965677474,2.52925995353258
AC012508.1,-0.3371447382474292,2.092881297782584,2.2422607396724015,2.2378609937845537
AC012519.1,-inf,inf,8.574522058386702,4.186216033173722
AC012531.1,-0.6004764138949454,1.7447815756940392,2.9980777569012864,2.0324035265211737
AC012560.1,,inf,1.2732087754153105,2.8319736230291244
AC012569.1,inf,inf,2.233631759811901,1.1753933803581118
AC012588.1,-inf,inf,2.659100726197377,1.418167117694185
AC012593.1,0.42885313539796605,1.5114288998546588,2.0014862532763606,1.6671892242160797
AC012603.1,-inf,inf,2.0319518488816124,0.9753406271944949
AC012615.6,-1.3203017549269396,5.988751697003786,64.7042048293089,17.70352830974188
AC012618.3,0.941663525825884,1.4472809967398381,1.4348413612230542,3.8189247105482
AC012640.2,1.0046579227739059,1.1772363259027478,1.294316247783563,2.6255108458438503
AC012640.3,inf,inf,2.2391925403009507,2.2065180407867997
AC012645.3,-1.2574066169835711,2.565813106089539,3.672802492571806,1.645518322878838
AC012645.4,0.3523070876106655,1.151428510031664,2.0322484792938322,2.4694313628643947
AC013268.4,1.27359095442415,2.3923691613930003,8.511751152073733,18.804377880184333
AC013271.1,1.1329855583066026,1.8297193533173732,1.6197077092310619,3.726508804287595
AC013356.1,0.9014195014910338,1.1470728072619505,1.3739071628556714,2.439524375373651
AC013394.1,-0.17351664046840318,1.5568035256857309,2.2595462783262454,2.5280989529499833
AC013403.1,-inf,inf,2.9912996485464505,2.7709157595440694
AC013403.2,1.8270803327543619,2.7931594863189524,1.0889541659349609,4.034785570225154
AC013452.2,0.6633565443385148,0.8521457299576863,2.7336642984343698,3.8444873673666247
AC013472.3,0.1848217429703909,0.8182048859225844,3.746120470966952,3.9882345737329206
AC013474.1,inf,inf,2.0138896200094756,3.4873812764613437
AC013489.3,-0.3846985925155084,1.3465786877782568,3.066156753281375,1.4145901613636718
AC013549.3,-inf,inf,3.2845688600638607,5.994078849140968
AC013714.1,-0.3011462489815473,0.9142509520192995,5.746599440396709,3.68728980247666
AC013724.1,,inf,0.8211350247054352,2.0527841125047512
AC015563.1,0.3925163980661471,0.9167213548028099,5.37752709712976,6.122230690834653
AC015563.2,inf,inf,2.79863813229572,5.189341300722624
AC015688.4,2.100031065891063,3.9217079847476857,3.4093018216400033,9.467947593196312
AC015689.1,-0.6737477389180708,1.8371681468459768,10.169757689730455,4.149774117545339
AC015712.2,0.45868745684001067,1.0719743202241137,6.032634342686622,7.749693492794189
AC015712.4,1.6081036096078858,4.881039284521462,2.9531024435904363,8.45859673177195
AC015712.6,0.29515653152310767,0.37931002707808875,2.4775751564474797,3.222630650395031
AC015726.1,1.3077872478968413,2.3925422010787774,1.3205662749280969,3.529707053198987
AC015802.1,inf,inf,2.1888479372250624,5.572809416240637
AC015802.4,1.3809020324269352,1.9344914325406188,1.8607073724259924,3.9082176350832696
AC015802.6,1.1266302654961229,1.3611118468328598,1.9971217142656705,4.263991612632498
AC015813.4,1.6361912233321803,2.205986316149564,1.8686037412786867,3.958208922813836
AC015813.7,inf,inf,2.892958184361884,2.2292709466811753
AC015818.3,-0.7528989060301048,2.2744663780966823,14.71607931826395,8.207959804618739
AC015819.1,-0.030256695858132204,0.9639489905902885,3.2118402666495736,3.1246381642202423
AC015845.2,-1.2893362991923225,2.431378964067718,3.0992402933392067,0.6642594845982474
AC015849.1,inf,inf,0.0,5.364473615183292
AC015849.3,inf,inf,2.4324635829437464,4.920722983077992
AC015853.3,0.4601229514478533,1.3467188960320333,1.3031279872963373,2.2036059547102833
AC015871.1,,inf,1.709090909090909,2.071576879910213
AC015910.1,-0.2506352187055372,1.731901171936773,2.941467621970894,1.3458351603802463
AC015911.3,1.2340378349301035,2.72943908987977,4.542231751852469,9.969405846074585
AC015911.9,0.204661986345201,0.49912509129357874,2.478450700091478,2.5497798595125643
AC015912.1,inf,inf,4.568013381369017,1.4644107050952135
AC015920.1,0.7051689964202132,1.8320882540691716,3.1786533918326016,6.161365170435369
AC015921.1,0.11061673322970222,0.7067116062694977,2.40407878027729,3.041456647640007
AC015971.1,-0.21186984249020932,0.6075500836378898,2.574740483236922,2.0060706078532027
AC015977.1,inf,inf,1.705944113162358,4.272509891306509
AC016168.3,0.36217594185760327,0.9420510324419219,1.5645075819338008,2.289051035382358
AC016245.1,0.25046839167328383,0.9680441275042223,1.4871813056274603,2.1776178149711005
AC016304.1,,inf,4.6988659362132745,4.610806755530742
AC016405.1,-0.03966686236647926,1.3165072399708049,2.761959284537539,1.1089426923982115
AC016405.2,-1.389977434932237,2.7009139554509636,2.421794596057182,0.7780506884147208
AC016526.2,1.2205239934205105,2.086533710362379,3.1121693308500964,7.311237234427546
AC016546.1,-0.34033325099208617,0.9482162410889231,2.933641603789281,2.2616903007349562
AC016556.1,inf,inf,2.486325187969925,2.6668937969924813
AC016582.2,-1.0219224826759024,2.9874388330289214,2.373396427303916,1.288229031113214
AC016582.3,1.8534003631203095,3.4646278227198244,0.6737386283527476,2.134872412155973
AC016586.1,-0.740449680942399,2.0793488708727246,2.006542632183586,1.4021547255456865
AC016588.1,,inf,2.1082929786252076,1.361511596668756
AC016588.2,0.7994154920096896,1.0087145387121825,1.5010454301967602,2.4276834830517453
AC016597.1,-0.10299603640902139,0.4332848867394121,2.470989558406897,1.9077880520787118
AC016598.1,-1.073636314019397,3.2628510698185376,2.983558526049716,3.298317567496207
AC016629.2,2.0934895873973547,2.72625877799561,5.820460276546137,13.101124412213656
AC016642.1,inf,inf,2.143629603765141,2.1594369501177835
AC016705.1,,inf,9.02631213551791,3.201402388225493
AC016717.1,inf,inf,0.0,2.642295736302003
AC016717.2,inf,inf,3.20304713085576,7.840998623570176
AC016722.2,inf,inf,5.108122072196197,4.423991916965187
AC016745.1,2.1494935190124966,2.8655152842648133,1.7493129980382476,7.433575558555221
AC016745.2,2.088499058743017,2.53467257827149,1.4484398112277241,6.391234063534549
AC016747.3,inf,inf,2.787414622317423,6.051933880289374
AC016831.3,inf,inf,4.9237042931028245,2.510434373756736
AC016831.6,0.22460159275722558,1.8361901690820905,1.680956320597025,2.4130295304506384
AC016866.1,-inf,inf,2.2010782198370444,1.091535607537759
AC016876.3,0.45205487136106903,2.4764694713881594,3.2081366868656525,2.69585554932962
AC016877.1,0.6574249835428297,1.749868421502161,1.8055311619142198,2.140499478448839
AC016877.3,-0.8388181342839871,2.9133544726460174,2.3572490837400415,0.9747543676613645
AC016907.2,-0.0884618608228897,1.2851307602520872,2.083158808139725,1.7136786431182705
AC016930.1,-inf,inf,2.706566980114074,3.261754277786342
AC016993.1,inf,inf,1.6641829693022774,3.3823232388622038
AC017002.6,-inf,inf,2.0745961952047582,2.431846174464093
AC017006.1,1.8070815868644665,3.0960784077176573,2.0811085419714495,3.9323550256265074
AC017007.3,0.12108881815507233,2.0140504464773654,3.667340074917094,3.586145452090498
AC017037.4,,inf,2.6533483216156153,1.4916763050851864
AC017074.1,1.2050654269407457,2.9178333427849763,1.613557719054242,2.2696745479833105
AC017076.1,inf,inf,0.6909461866221792,5.245860856234642
AC017104.4,-0.3140424244570017,2.8547251785488656,2.7746835341009386,2.4564222124603536
AC018362.1,-0.2988045357004175,1.4463320778081454,2.297481217411584,3.0038175992714637
AC018371.2,,inf,2.5670565753662635,1.1042909259366496
AC018410.2,-inf,inf,4.223380509118542,3.0581686930091183
AC018413.1,-0.3738276709256565,1.955243570571749,8.434842289082832,6.907244612972474
AC018462.1,0.6873511443555669,1.12146298420587,1.6456405058954517,2.249343363690867
AC018511.1,inf,inf,4.141589043426481,3.3266938879673345
AC018511.2,inf,inf,0.0,4.135768385219182
AC018512.1,-0.6309191690198961,1.2381796685053417,4.075737603769352,2.4439533318375593
AC018521.1,,inf,1.3027858313374512,2.7425532585402745
AC018521.4,-0.23811862562503855,1.787931984018161,2.5060760982888404,2.170862466403313
AC018521.5,0.6545540267805634,0.9003070720726544,1.111473163451608,2.074523768807437
AC018521.6,-inf,inf,4.246243548134257,4.354421523830536
AC018529.3,-1.9717629374538865,1.9717629374538865,2.761551697960423,0.7040336049395212
AC018557.1,-0.751801218310211,1.5411205103544066,3.8357162714960884,2.1915087970133844
AC018630.2,0.17999539688592453,1.5078808618393649,3.285053155819804,4.577465691111083
AC018637.1,inf,inf,0.0,2.0276703775802214
AC018638.1,,inf,3.514548885693745,3.0470944164869396
AC018641.1,1.1942679287767044,1.651759311560412,1.3610935191049185,2.528821825101804
AC018644.1,0.4148339140623171,1.1453041239017023,1.1946803187614512,2.0264622776874335
AC018653.3,-0.6933489501725041,1.8188234098621694,4.048095387388799,3.3792569659442724
AC018659.2,,inf,2.897409969049242,1.1003050381577038
AC018665.1,0.03165649261824825,2.1801409167946804,1.8463869110740796,2.0027773569661163
AC018695.2,inf,inf,2.7827081527242528,2.7678757458092624
AC018695.7,0.7985239309343967,1.8413531960628067,3.646948902358594,6.114522156967431
AC018716.2,1.0611856506167523,2.425228285542228,2.0800869722775865,2.2953131605967267
AC018735.1,,inf,3.4916881111682967,1.6112454966546579
AC018755.1,,inf,1.5396837944664032,2.644584980237154
AC018761.4,,inf,3.167519509908705,1.4322750912054645
AC018765.1,0.9085392051811834,1.5034679614492332,0.921289975767091,2.6120729376429233
AC018781.1,0.9762935678277583,2.896009320971452,4.352819451629592,9.246809794792206
AC018804.1,,inf,3.7970834982192323,6.300799366838148
AC018809.1,0.6810477371257446,1.471187491108858,1.8757576830741243,2.1274165709854915
AC018816.1,0.68211116008708,0.975223350184163,2.203531372966151,3.281030114904659
AC018845.3,inf,inf,0.0,3.746049274589696
AC018865.1,-0.33323406351043183,1.809604845572321,2.172537683515399,1.8972471899451586
AC018868.1,0.5285069856067501,2.8537153380734397,1.8001024781106205,2.502150227945832
AC019077.1,0.14856484399871384,1.3762666249836453,2.0885156685235726,1.8559884522534327
AC019080.1,0.5512895395202486,1.7280180255273023,1.5285568802619116,2.258504265241315
AC019109.1,0.10065160380465371,1.185947688682951,10.019457582470217,11.095312219361793
AC019117.1,0.06368631342855002,1.0442788595863328,3.2152701186075676,3.4957995979864425
AC019117.3,0.09313364105060723,1.8243119243514798,5.090551300446618,3.4558535254531857
AC019155.1,inf,inf,0.7659912274759517,2.9654010296707765
AC019155.3,-0.049251437304394706,0.461375668791588,2.175295890907811,1.5799030005267813
AC019163.1,0.5263031279237939,1.3948929761080153,1.9872623095502246,3.8537351257584107
AC019181.1,inf,inf,1.368157219307687,3.3917856524586214
AC019197.1,-0.21859895351604178,0.6595837850273761,2.270024833509919,1.4370639813690744
AC019209.2,-inf,inf,1.1083785593705093,2.1508391813273433
AC019226.1,,inf,3.9860007959626067,0.709126473377591
AC019257.1,inf,inf,5.660286580901579,8.123365756720009
AC020558.1,-1.1888983618513964,1.589291430952977,3.105098093079688,1.2481107575537902
AC020594.1,,inf,2.553806579745432,1.2446067482415748
AC020636.1,,inf,4.303067315358041,5.581006357448026
AC020656.1,-0.5312878999504128,2.7464589986955694,4.0760595414037555,2.581140428506952
AC020658.1,-0.5371666625207902,1.3449775892325113,2.388525781390021,2.136575715543642
AC020741.1,0.17696994702978408,1.1313623416935867,2.1174888539523367,1.7941321170165543
AC020763.1,-inf,inf,3.5800996589742744,5.12641128364732
AC020898.1,-0.1972426569931226,1.3718517361647249,1.975673289034983,2.094732883634568
AC020900.1,,inf,3.31408834849991,6.96027376309551
AC020904.3,,inf,1.5645807138795678,2.752776954679779
AC020907.1,2.260256001719116,2.8996860167978022,2.6812387086238045,10.759096894042235
AC020907.4,,inf,1.159699059437243,2.521061887448625
AC020909.3,0.15967012847715994,1.4208971558363406,2.1219354155426,1.8771472626700902
AC020910.4,-0.38426450384315924,0.7314770166567136,2.385140353951288,1.708024531277379
AC020910.6,inf,inf,1.1884329641604183,4.089736534360597
AC020915.2,-0.08716681219942163,0.875897460086138,2.212252662411054,2.305866855569175
AC020917.4,-0.03991061603391603,0.5388682893826591,2.0779020690702747,1.680813089283583
AC020922.2,inf,inf,2.937307543052399,1.2814646635184785
AC020928.2,,inf,2.695612334801762,0.4815330396475771
AC020934.2,inf,inf,2.6636602541205288,1.9130450805962365
AC020951.1,0.4949538546591285,1.7176552935270049,2.2958718198942423,3.8678369607153393
AC020978.1,0.785308086886956,1.3921029746520919,1.5602939655726569,3.490542123047426
AC020978.4,inf,inf,3.501958654927665,3.8634177558856613
AC020978.6,-inf,inf,1.7302065808688525,2.367895847032802
AC020978.7,0.8207705126338805,1.3142706311642693,1.5973836485592552,2.595366214514856
AC021001.1,-0.589830945736376,1.8453147943921917,10.894471814692833,3.640912926318082
AC021006.3,0.9597368846149446,1.2827150158295924,4.782007726403881,8.830765921542573
AC021016.1,-inf,inf,4.301042882421595,1.383466360453296
AC021028.1,-0.31639971545761036,1.2248238820269473,2.076551222558638,1.167490138106042
AC021066.1,-0.3639316217124464,2.2130262546876494,3.519924980699506,4.275621152532507
AC021066.3,,inf,3.333102329008609,1.180689841716956
AC021074.3,,inf,2.867327375381178,4.201299779596027
AC021086.1,-0.8186540461398327,2.260642433329344,2.266426650454033,2.1584388272380894
AC021092.1,0.7124732342312665,1.6849438582699992,2.649870228721878,3.738978799865238
AC021148.1,-inf,inf,4.595179255134006,1.3699965193177863
AC021192.1,,inf,1.3640387160820648,4.32313037723362
AC021205.3,1.1021484971560904,1.9118915402190038,1.2789297494819196,2.4909351203541346
AC021231.2,,inf,3.0700476163157595,1.2042625207962825
AC021351.1,1.5325042680160734,3.09063499856914,3.9360279578792476,8.048921690348093
AC021483.2,inf,inf,3.7859033804317184,2.782872270434537
AC021491.2,inf,inf,5.493881967995365,9.871793997852725
AC021504.1,inf,inf,19.409341108507277,14.835522371791377
AC021683.3,0.5862808404605698,1.0796992790463966,1.495065354378777,2.916141548020376
AC021723.1,inf,inf,0.0,2.6737693963917146
AC021739.2,0.5855371843119594,0.8359299806298005,1.8816028944194712,3.144424953404232
AC021752.1,0.410387998448927,0.8178871304080456,1.611268711918434,2.2204727261635133
AC021755.2,inf,inf,1.8729539563016913,3.0318108875447476
AC021860.1,inf,inf,2.1508541569284496,2.1557816457223864
AC022018.1,-inf,inf,4.972388473887823,5.627376366454393
AC022021.1,-1.0179304022428168,2.4182067092880684,4.660549533240272,2.5513299380561856
AC022034.1,inf,inf,2.9534700478984806,2.510129180749373
AC022034.2,0.21261159876914845,0.44683662821040315,2.8521825353572408,3.5128944075548363
AC022075.1,1.3078877298648162,2.219110839501392,1.7814207976680427,4.278305746865537
AC022075.3,-0.14184741106177617,1.8264825118921295,4.934007233134401,6.033060280379803
AC022079.2,,inf,3.948588266683408,1.3143480444472346
AC022087.1,0.4658808593849788,0.7375989194244509,2.0415466900515864,2.7557964284732708
AC022098.1,0.5511607043052652,1.6542889099147917,2.934492713477578,3.7707309894694934
AC022098.4,-0.005666470727073963,2.280338565122422,6.5113038448275224,5.3385443124807646
AC022121.1,inf,inf,0.0,2.7637112403100774
AC022137.1,0.48811118301039236,1.1959265958785523,1.728947987748701,2.0748889642387884
AC022140.1,-0.10450769448526616,0.45254291712712325,3.2034083933945827,2.340902453271028
AC022144.1,0.23650407915841917,0.8810358467680945,1.9875141840263657,2.239036506037006
AC022148.2,,inf,3.230391782009125,6.345670515663633
AC022150.1,inf,inf,1.4761044037776319,2.9221382364133257
AC022150.2,0.47221884388701685,1.2141336449629392,1.5916955680649716,3.5156712386064592
AC022150.3,,inf,0.8395325087938272,2.5244979008283215
AC022154.1,-0.27556092047758296,3.884023921571599,1.6736977026982613,2.7415515824760903
AC022167.5,-0.11398608558605453,0.6602579414015209,3.1016930348148315,3.967152609817974
AC022182.1,,inf,0.4886989666775855,2.701661653911438
AC022201.2,-0.9451136816596276,2.599389631751657,4.5100828523546195,1.2447736355311294
AC022274.1,-0.1585004160462954,0.48359972831564213,2.63746774853691,2.7743220805683997
AC022306.1,1.1143367537154676,3.091754799833971,4.327898944849341,12.393274774284782
AC022306.3,,inf,2.0146625709921606,2.5830344559869705
AC022336.3,,inf,5.573504963663136,4.488338954068304
AC022382.1,-inf,inf,3.902169667948685,1.4905985300651758
AC022390.1,2.1827611344582563,4.051852520758286,5.533741761272902,23.54743474347435
AC022400.1,-inf,inf,2.031550598158613,1.2895078457369087
AC022400.10,-0.009509738683310329,0.7792061232949253,3.56821622710519,3.581298046708194
AC022400.3,inf,inf,3.830786106032907,11.35981718464351
AC022405.1,-inf,inf,3.482477325260037,1.8593695040450224
AC022417.1,0.10381592205518829,0.711060502212015,2.47115248728095,4.045293951384964
AC022494.1,inf,inf,0.0,2.3900168712548724
AC022497.1,0.6860282110577389,1.309747744902024,1.2514926070870454,2.3559417115227927
AC022498.2,inf,inf,2.0257022384820487,2.718593042723383
AC022506.1,0.9072702527861677,2.0603815201088507,5.439098299401805,13.945809366589447
AC022532.1,0.18330992342428126,0.7218473152472994,1.9597576999309618,3.07478342204307
AC022540.1,0.021291372359897975,3.1783348897146873,3.54826147060181,1.0013609561087535
AC022558.1,0.8820848638827521,1.4049485620746103,1.3751797489979114,3.0650946057668573
AC022613.1,0.37678807516828616,2.267540509922537,9.492151224545541,7.849078935388913
AC022706.1,,inf,1.2672911671537828,2.7794194858152923
AC022730.1,,inf,0.7566985172981878,2.303004942339374
AC022743.1,0.7343963335937822,1.0853928314219334,2.012441430779635,2.6222556999323743
AC022762.1,-inf,inf,4.552680920793483,7.88382151354247
AC022762.2,0.11755067848399732,0.5370486635657565,2.001578516194777,2.267524526944672
AC022784.7,,inf,7.836957515368971,5.828084649313253
AC022809.1,0.22341833261047647,1.6386395714799755,1.9579275588900633,2.0431336413579873
AC022816.1,inf,inf,11.963535671100361,6.568386940749696
AC022898.2,-0.4608783216563829,3.1424755216542013,2.0674429120506446,0.842346823423016
AC022915.1,-inf,inf,1.4197563441362377,2.217698253835636
AC022916.1,0.25152598184317776,0.5983232316694709,2.0537054055304083,2.0243380583043593
AC022960.1,-0.07011339213331225,1.3348558811107616,1.659570529293382,2.222172460631978
AC022960.2,,inf,3.616048632218845,2.9894346504559266
AC022966.1,-0.19861849351313676,1.12734234163651,2.260546474523498,1.5104399444778058
AC022968.1,inf,inf,1.3972432002174375,2.7476421596225897
AC022973.3,inf,inf,0.0,2.3025473479261316
AC023034.2,0.3019388406386807,0.9751072147993953,2.12537025802077,1.56135576888762
AC023043.2,inf,inf,1.4158248511618974,3.67285385058575
AC023050.4,,inf,3.140097918589152,1.3430098431251924
AC023055.1,-0.37961106720089455,1.4881384316687323,3.0384396446036934,1.3457076901619534
AC023090.2,0.6414821295615131,1.8531884289684366,2.5702523240371846,3.146002656042497
AC023158.2,-0.715343061156509,1.2314202676133772,2.066087306750937,0.8799423738265638
AC023161.2,-inf,inf,2.319405860913572,0.0
AC023194.1,-inf,inf,1.5400199832088572,4.034734490056495
AC023310.1,inf,inf,0.0,5.852483136013216
AC023389.1,0.676057452439327,1.9173096449871736,0.8301868486833845,2.151467852210339
AC023421.2,-0.5722771465991365,1.794863941905881,19.137591878412483,14.893442138752226
AC023424.1,inf,inf,1.537506295349835,4.083723489582362
AC023449.1,inf,inf,0.0,2.4480326689632377
AC023491.2,-0.1737065707391276,1.8600206353169852,2.2474925503306924,1.985464059888073
AC023509.2,inf,inf,4.324178876466912,5.535032289424345
AC023511.1,0.7466766225649826,2.808841346217969,1.9223977764235496,3.7383135896788002
AC023790.2,-inf,inf,5.34684319870418,2.9183950139089405
AC023794.4,0.5348027805587771,0.9347212589683598,1.7081944907711666,3.2652501147618405
AC023794.7,,inf,1.4279007377598927,2.161189358372457
AC023886.2,0.10200240203379568,1.0267092966618054,3.686017909341331,3.1348760414121934
AC023905.1,-inf,inf,2.9641904571139412,4.386744117399005
AC023906.1,inf,inf,3.441979063583852,2.638567015817712
AC023934.1,inf,inf,3.1518069111052496,5.023960256748439
AC023946.1,inf,inf,2.175755247058354,2.7679467858960662
AC023983.2,inf,inf,1.185448648250189,4.4099524537898755
AC024022.1,,inf,3.3016491490390956,4.07715818637583
AC024075.1,0.44055328812394046,1.6934348091924536,1.3519835706131622,2.400446664651721
AC024075.3,-inf,inf,2.303393779509116,1.6433018158507873
AC024243.1,-inf,inf,2.311613144137416,1.2952931966851724
AC024257.2,1.241847804777335,3.4499812094871256,3.980648966256076,18.379194462439045
AC024267.3,inf,inf,1.4570325018131525,2.7187083607414526
AC024267.4,,inf,0.9044925483232912,2.043943023885839
AC024270.1,-inf,inf,2.55846044696701,0.0
AC024293.1,-0.4470384615045633,2.686061745639763,2.7257410139019456,1.686765029382627
AC024337.1,inf,inf,3.055896334917957,8.85011501303481
AC024337.2,inf,inf,0.0,2.7087868749014037
AC024560.3,0.17838631474345534,0.6838194584795625,3.0357748269918075,3.148900898839571
AC024619.4,-0.028779810623207964,0.9250829338117568,2.719096191946721,2.7826019216995785
AC024651.1,-inf,inf,5.111372925181416,5.879326882976061
AC024896.1,2.0027023207484076,3.493505059246394,1.5966344584771492,2.4003243895443713
AC024940.1,2.295533404307421,3.523281891978443,1.840614428384131,7.315889998543241
AC025031.5,inf,inf,2.077333843302245,4.118567771926211
AC025048.6,1.469489092750919,1.469489092750919,1.2373169191658653,3.4264251313394767
AC025062.1,-0.6420009832418558,1.3761308485264752,2.0918066399345503,1.747416849313685
AC025161.1,-inf,inf,3.0724485933378918,2.4117020367295106
AC025165.2,0.3781457404016163,0.9405369929070052,2.302638149002147,2.6402745752829238
AC025165.3,-1.0381287299180175,2.550158747873193,7.9739800606296365,4.952016069536291
AC025166.1,-1.0262744608029886,3.295282776975181,2.0141988801719797,1.4397686791719846
AC025171.2,0.5366920016619134,1.8485417639254746,1.7644466916111068,2.7701760760462566
AC025171.4,0.8830436705874272,3.386040530409357,2.3207822300347574,2.6341736247053653
AC025181.1,,inf,2.77756430630917,5.693151633482417
AC025183.2,1.2485101410878163,2.6435617822420614,3.2533090207014905,4.730076155743859
AC025198.1,inf,inf,2.2851771198071686,2.917032039816219
AC025219.1,,inf,1.9638448878831516,2.5857933895631904
AC025259.1,-0.5443770650054853,0.9441620175429943,2.367169893578966,2.291579659273833
AC025262.1,inf,inf,1.824152090443686,3.526881577076223
AC025262.3,1.003784240835212,2.303563076686291,0.7458803413145279,3.063191618352102
AC025271.4,inf,inf,0.0,7.020561660561659
AC025279.3,inf,inf,1.0215784805401609,2.123693911969787
AC025283.3,0.9809156180508505,1.9070007147936663,7.462606500473335,9.767371410539601
AC025287.3,0.6363987726461097,1.0137733592725617,2.541603726613727,2.749744723584165
AC025300.1,-inf,inf,2.1340289794701413,2.0969943464782825
AC025419.1,-0.1052358037999813,0.9538978977883514,2.9317016317016313,2.800278274696879
AC025423.1,4.079285111620156,5.112657823550549,5.933161885787473,28.428578543983416
AC025423.2,3.152827012605939,3.5962403009847614,3.194227314580786,25.281474313865356
AC025423.3,inf,inf,4.800321020416899,4.727680520481104
AC025423.4,3.4128821677217798,3.952839453244476,1.3717871911550974,10.482977844487507
AC025430.1,0.8626640518642439,3.345813083566768,1.4522692958485304,2.0477860559461876
AC025437.2,0.8721523874820101,1.4026677673231625,2.473583924192517,3.677874426140097
AC025437.3,1.0552248269317843,2.787929224651381,1.4367297859615724,4.187757439962263
AC025442.1,,inf,2.3929807600795443,0.6762498935568055
AC025518.1,inf,inf,4.8540766574837075,2.921346132841418
AC025575.2,-inf,inf,2.562829087117165,2.820552576695804
AC025580.1,-0.30151391970886354,1.2516161484313406,2.1669567536927747,1.5777633289986996
AC025580.2,-0.06756614040251874,1.0463440183317612,10.247721147007075,8.064360049414143
AC025674.2,inf,inf,3.411159464060183,2.774209269123057
AC025682.1,0.7263491018776976,2.1188619863144234,1.6450080496016315,3.1283458486602598
AC025766.1,-inf,inf,2.1168288927741967,0.9964736480432832
AC025822.2,-0.2485134040249302,0.9917455529805866,2.1933964650723516,1.1029910277599757
AC025871.2,,inf,2.0893623346778734,2.015620229160975
AC025884.1,inf,inf,2.320487239681522,5.240237455036837
AC026124.1,0.3525154394134731,1.6650847268325069,8.165910489080282,7.783643494309444
AC026150.1,0.964372311166634,2.65983684243,4.890369583823117,7.350392596249117
AC026150.2,,inf,3.096684175968484,2.5021573961166874
AC026202.2,1.8320265401663653,2.208206503684234,1.73604684586601,4.406398571424937
AC026254.2,inf,inf,3.291552758247888,3.577310820209477
AC026310.2,,inf,13.084216698994092,7.316493000736766
AC026310.3,inf,inf,5.148863241929885,4.459258937868795
AC026316.1,inf,inf,4.047275399791029,2.781474135335683
AC026316.3,1.6009097389044804,2.6166800027305923,1.3915289256198349,7.664600550964188
AC026320.1,0.2729479234307997,1.5542297506839784,3.7095979021722036,2.7948434066751386
AC026355.1,inf,inf,1.5489807245723426,3.636593114946538
AC026367.1,-0.07605121213439539,0.8464116783567298,1.4046983630908443,2.2896627381149766
AC026367.3,inf,inf,2.577904150068173,5.717326643796732
AC026391.1,0.24271791863133518,0.9195062961992757,2.13589277408989,3.4801699716713883
AC026410.1,0.13698005991291407,1.7228283419825072,2.0857882232211575,1.8123612675820682
AC026410.3,,inf,1.1121642395189972,2.4532141135377534
AC026436.1,0.2905436032086296,1.131338965429408,2.05029296431162,2.413307833409385
AC026458.1,1.3773448706280926,2.2664229409930488,1.3252059916251178,2.3280766746008412
AC026458.2,0.6017359450928552,1.3672039007289987,0.9210901240558935,2.0481167643435736
AC026462.1,-1.6566010647094402,2.9992784720825405,11.68174773570687,4.725014573943211
AC026471.3,-inf,inf,4.01877227405598,1.3317823249109038
AC026474.1,,inf,4.058256679807271,1.3454701416265147
AC026495.1,inf,inf,0.0,6.355717977709579
AC026691.1,0.45284013136054085,0.6976939590302934,2.001712309285154,2.7620202974070747
AC026700.1,-inf,inf,3.2829011296003885,1.6086253492044211
AC026770.1,,inf,1.5818186762879494,3.275530092193888
AC026771.1,inf,inf,1.6931604691704891,2.6909347866560602
AC026780.1,inf,inf,2.7528299672828167,1.546501194108146
AC026785.1,0.23045788686537738,2.96455639367429,3.159663477400198,3.764322005938635
AC026785.3,,inf,2.961534453320847,1.3792948875349045
AC026786.2,inf,inf,1.5637686168541443,2.579023439954754
AC026803.1,inf,inf,1.413017655099224,2.5276236086436215
AC026803.2,,inf,1.7977315689981097,3.9356577749772463
AC026954.3,inf,inf,3.774739367335741,12.941464519504382
AC026979.3,0.3402155668796485,0.7194063099945922,3.085518957172575,2.5884019945015315
AC027031.2,1.14361290527995,1.694672825063077,1.3632455598925508,2.331328076779303
AC027045.2,0.125529862745428,2.1062580335250383,6.579628450503764,8.526667665455635
AC027097.1,-0.7454542208871446,3.556923668265605,2.047948029812026,1.953619097617428
AC027097.2,0.31718466585667837,0.966300758779646,1.4470292468566222,2.0567811674767005
AC027117.1,inf,inf,1.3194071202243425,2.3946088958952227
AC027176.3,-0.2952634755890763,0.5075554895806927,3.6692321691705265,2.99680437407414
AC027228.2,1.1448149323344448,2.0205484213555964,2.2415274693444043,4.804493855087657
AC027237.2,-inf,inf,2.4801731561889864,1.0564466824878218
AC027277.2,inf,inf,2.798811576537741,2.139606311502215
AC027279.1,1.214121374915919,2.2460960201235998,1.5197946050775741,2.6758815232722144
AC027287.2,0.7156636524593298,1.3302939278148778,2.390071142617714,2.1480968037346475
AC027288.1,,inf,4.228075612023551,1.113506573996193
AC027288.2,-0.20458702564352557,1.292599815795444,6.865286110443275,5.19360516226598
AC027306.1,inf,inf,2.5373796746903365,2.762550123151244
AC027309.1,inf,inf,0.6414275772990712,2.481275149000203
AC027309.2,0.23327319368491833,0.699246483458909,1.6152319838825808,2.3787782436876443
AC027348.1,inf,inf,1.602015274330816,7.357902921721718
AC027348.2,-inf,inf,2.8247392891854264,0.9258583099109512
AC027449.1,inf,inf,0.0,2.2989517999828166
AC027514.1,inf,inf,2.947365553315534,5.123930692529831
AC027544.1,,inf,1.6258906293630708,3.3418575533476855
AC027601.1,-0.8422871635542604,1.8219554103217677,3.0494326241134755,3.692765957446808
AC027601.4,0.11396509748562195,0.8991285694455875,1.7244751953756348,2.094915242151699
AC027601.5,0.21431806613267704,0.7441209609694718,3.3916888763158286,4.2749430490001945
AC027644.1,0.5175796671121043,1.9604433250039146,2.3761734281622755,3.2795919102058453
AC027682.4,-inf,inf,2.6150679017191303,2.3991051102912317
AC027682.6,inf,inf,6.3571144373399395,3.7881051516696838
AC027688.2,inf,inf,5.190935513860425,6.663136903877325
AC027796.1,-inf,inf,2.15760050301892,0.9985489838856599
AC027796.2,-0.10345692036877346,1.3739051228461034,1.9780646738344183,2.355638188369929
AC027796.3,-1.2828783044830163,3.3578883814184475,5.357960367923947,2.774134205815174
AC027796.5,inf,inf,5.109208667367591,4.539365389670127
AC027801.1,0.18744824939389373,1.57817900176842,2.5902409072850077,3.6073608552750387
AC027807.2,-inf,inf,2.983522489069893,1.1991824878720727
AC032011.1,0.519818501910519,1.29876938543016,2.49501801992792,2.99972742966171
AC034102.3,inf,inf,0.0,2.75718044538684
AC034102.5,,inf,5.050407180248978,2.66400402065478
AC034102.6,inf,inf,2.7609023804255046,3.2405755065912176
AC034102.7,,inf,1.500807518898185,2.7685561113478836
AC034111.1,-0.23317967913524465,3.017346711804246,3.965473493429996,2.4654734934299958
AC034114.2,0.15605921553193608,0.5468419968799847,12.20994342533859,16.896588376478654
AC034154.1,1.2351543922773291,2.4192388846241153,2.6109941917908364,5.013041342798563
AC034195.1,1.0507987639738172,2.383182176905217,1.1271713070816276,2.248380001357067
AC034198.1,0.12777952197781936,1.2577749089555004,5.223610917362894,3.8438391783032344
AC034213.1,,inf,2.645242115583638,2.576590500571927
AC034229.3,-0.6735677615120431,3.2200834020599824,2.9697805908801445,5.763483915787035
AC034236.2,0.7385677919610131,1.184940932730364,1.7751460601510476,2.4578509856800435
AC035140.1,-0.06998056250925028,1.9169974322947532,3.7027089409740435,2.587080596764379
AC036108.2,0.5806411783575446,2.428343032809573,3.4173027989821887,4.060696332154162
AC036176.2,-inf,inf,2.1040542695404896,3.9466739309538363
AC036214.1,inf,inf,4.540932111032758,4.095134303480992
AC036222.1,1.6472223770220022,2.735288188941849,1.3169662246748932,3.434151529087146
AC037459.2,1.1138952825056816,3.644754745210299,4.782325603911508,8.144261025318295
AC037487.1,-0.4068311783036654,1.4245794729145838,2.8239303037693415,1.9990854402081133
AC039056.2,-0.3229599075914951,1.8499273816927309,4.653074961754207,3.8512310045894957
AC040169.2,0.18330268465550598,1.0348633142660641,5.820438417127735,5.657791075294683
AC040173.1,inf,inf,2.0130813883585263,1.1249729474965013
AC040934.1,inf,inf,11.306918201841366,8.010320762200525
AC044810.1,,inf,1.7185812166291166,2.794103577050091
AC044839.2,,inf,2.1395236514021794,0.6688703072015779
AC044849.1,1.106861108386826,1.284812871677054,1.407903093713961,3.430362186826227
AC044860.1,-0.44846507982956285,2.08146633751434,6.169785184553747,5.07776404398602
AC046130.2,inf,inf,1.5496762529431551,4.9749551519228605
AC046185.1,1.1096165000577543,1.9435295822394503,1.4202972888861203,2.7664309689844293
AC048380.2,0.5165971126958419,1.4466271300396887,9.195149177998783,11.309671199512888
AC048382.1,-inf,inf,2.7905246441595106,4.975149982355017
AC048382.2,inf,inf,3.321166812833859,6.032390032916092
AC048382.5,inf,inf,2.287904031989337,2.806138694509238
AC048382.6,1.6428519125976466,2.300857635258779,4.0336338959782845,5.799039031543478
AC051619.5,-0.5252153868098448,1.3713964680674584,2.0315721167563736,1.490941602422221
AC053481.2,-inf,inf,2.4854067532015574,2.007743254559494
AC053503.6,-0.24828260675717592,1.0020604036203427,3.182080411822136,2.8429484334783
AC053527.1,0.5553674887373724,1.2588424381562764,2.7241909277286434,4.0253986167862825
AC055716.2,inf,inf,2.179734721289456,1.28354600402955
AC055717.1,0.2707380922685507,0.75940376995429,2.6279250504686718,2.2544000151642956
AC055733.4,0.4945229196872216,1.6945093607114954,1.7621951682716612,2.6545553368723285
AC055764.2,-inf,inf,3.2989661469887226,0.0
AC055811.4,0.4477640081228806,0.8076875209361689,1.8233645060323107,2.1778691318764882
AC055822.1,-0.5428037148521275,3.1567809454817612,1.3195741703472954,2.3884563739398637
AC055855.2,-inf,inf,3.3472843208366263,0.0
AC058822.1,inf,inf,1.243590337985071,2.525893643655246
AC060766.4,1.7587866987389815,2.2642668844342135,2.829560036126066,9.214452772206387
AC060814.3,-0.4864229175758603,1.0886100068304168,2.641956467117691,2.3919867112107873
AC061961.1,-inf,inf,4.399308384592898,1.59181940876834
AC061975.5,inf,inf,6.399130850809345,9.581652180846822
AC063923.2,1.081083967066872,2.243673943582279,3.3110736430596366,4.83918007533883
AC063947.2,-inf,inf,1.5213391502276177,2.416801024279211
AC063952.4,0.46000179523185425,1.2230997760226519,2.3266024960806195,2.8421704810740125
AC063965.1,-0.4002559163625697,1.2196332228105116,2.289113766664364,1.2907939165166653
AC064802.1,0.4335273740862237,1.5886070253868867,1.4777532841461223,3.182877451862516
AC064807.2,inf,inf,2.829112765438125,2.8140102514034657
AC064807.4,0.6210852838998601,0.890781925334129,2.4206627746732696,2.907175200278649
AC064847.1,inf,inf,0.8040580796137853,2.0607821338853025
AC067852.1,,inf,3.359743296116041,1.7313197824219866
AC067852.3,0.9949536964009902,1.5607940165618766,1.659243789106403,2.6969285223021826
AC067863.1,0.26293474746916073,0.7020578999903772,2.206299123337364,2.3764264661426844
AC067904.3,inf,inf,1.4909831906595732,3.1299729502521334
AC067930.1,-inf,inf,4.257141219513207,1.7419401886352057
AC067930.5,,inf,1.6650866174544587,2.4096320990594116
AC067931.2,0.351580706129564,0.9330579289574888,2.6474228943583027,3.025296998378437
AC067942.1,-0.38929817743835077,1.0623220861815166,2.062739375513914,1.6843732418747566
AC067945.2,inf,inf,0.7006986870246579,3.937933382565913
AC067956.1,inf,inf,3.3717802431198884,1.3144233810836459
AC068025.2,1.1300540794974119,1.709884067478163,3.136489130135288,5.2263466784228365
AC068213.1,0.7094240002763399,1.517924895229384,2.203276119945124,3.501326711237165
AC068254.2,0.25767623115183835,0.4393433637762046,2.2917802069538284,2.8460461044645466
AC068279.1,-0.591661194414654,1.1270185170218632,2.100917204223341,1.1125507681440931
AC068286.1,-inf,inf,3.039631468202897,6.1016322444893865
AC068385.1,inf,inf,2.111895627708951,1.6767102311984015
AC068389.4,-0.22293193489017438,0.7781168950233037,2.4377389411857253,2.1241360096494217
AC068413.1,-inf,inf,2.739018413338219,0.0
AC068489.1,,inf,2.243832086938593,1.51535680296677
AC068512.1,inf,inf,2.277547589022999,2.8361956804579753
AC068522.1,-inf,inf,4.97675416390562,2.280810481799432
AC068580.2,0.16200207482643098,1.9248189911296796,2.711486539009665,3.178211074547198
AC068587.7,,inf,4.73804040074675,2.8429972268594317
AC068594.1,1.2782592198048812,1.6360237794233854,2.034720230313813,4.396856449090786
AC068620.3,0.2512769445655707,0.681829847582093,3.1764819525388797,4.749219177641112
AC068790.2,0.6885307073466888,2.8054870268367886,1.7287129721400771,3.719627089979256
AC068790.3,0.6912041806517721,1.0309402199120326,1.5715442262161068,2.102723379168981
AC068790.4,1.3362902410239654,2.0941544537373624,1.5267755822066587,5.426012471312033
AC068790.8,-0.8989119532301327,1.9566019733043838,5.107338486496803,1.4351083118618189
AC068831.4,-0.02156881641137226,1.3786652752050639,5.264909482992951,3.2916523204610115
AC068831.6,1.375869770059788,2.6201853731180367,1.2776348031670586,2.1123759313972967
AC068888.2,0.38752454720937546,0.6763756853493268,2.188568837527735,1.689728150358368
AC068946.2,1.6457180750344873,1.9046901501345423,1.7628136706005555,5.073115962460225
AC069213.1,inf,inf,11.651616539335492,17.390605523847015
AC069234.2,0.09317329840807986,1.2520476405674865,2.2367040779546836,2.52302679277958
AC069234.3,,inf,1.7654549166675622,4.939888890082849
AC069234.4,inf,inf,1.3834364303366131,8.098389844817266
AC069271.1,inf,inf,3.483883377941157,1.9755077250127084
AC069277.1,0.9731011530859689,1.8528624182446365,1.618745120216902,2.8670925446191236
AC069281.1,0.25372759007450163,1.914130678133259,2.0435439534278403,2.4814720763844362
AC069287.2,inf,inf,1.4764899742290263,3.6844061658730993
AC069294.1,-inf,inf,2.7236111347868333,1.5809897209484685
AC069307.1,-1.5614281271713988,3.648821946361008,2.498198630725154,1.7711363263776672
AC069360.1,0.5265270847654708,1.8894512531857464,2.4671656376915236,1.9236624447524195
AC069366.1,-inf,inf,3.769763510002148,1.0561464533429417
AC069368.1,-inf,inf,3.062640609862402,0.0
AC069542.2,-0.1706902382139303,1.4939970620788878,2.5548644083262757,1.4706405487397558
AC072039.2,0.03961392575074246,1.9207859184952885,2.461768694304533,5.18012882603642
AC072052.1,-0.24460346071107775,2.0621306854208368,5.556258038187574,3.1950234344083897
AC073052.2,,inf,3.0009449929478134,1.0852327221438645
AC073111.5,-0.1242639281602039,1.0329122893631673,2.40185091978122,1.3580017779549924
AC073130.3,1.2794510211067132,2.051923077039259,9.824185110663985,8.753239436619719
AC073133.1,-inf,inf,4.1655429196214575,1.3748733661140076
AC073218.2,0.02922037028459218,1.735756907642328,1.298987910174292,2.0742184064158624
AC073257.2,0.7469829549381278,1.770175843167101,2.763674968536228,4.407716665830894
AC073264.3,0.1851649421694584,0.6792890161721303,3.062427344233585,2.9486896620145413
AC073332.1,0.042041886427538144,0.18618707451753314,1.8930555139907226,2.1538291186592846
AC073335.2,0.5904651072700483,1.0284878223066722,1.634561472179759,2.296157691229444
AC073342.1,-inf,inf,2.776038193145404,3.072745904972591
AC073365.1,0.27165618488685855,0.8333519842236224,2.751521657864215,3.402422191762439
AC073410.1,1.0551328394406816,2.169881598466724,2.8218369696305228,5.794422212476702
AC073439.1,-0.20777816842231545,1.7814960835921523,5.2025609379821045,6.819561863622339
AC073476.3,-inf,inf,2.1204243329159045,2.1509488488584916
AC073487.1,0.44455161989136227,1.2534021159423638,1.89710613266739,2.3938994820823734
AC073534.2,inf,inf,2.7960399992822023,6.367267971862327
AC073575.1,-0.2066096106938934,0.9034647031380578,2.3581758776395847,1.679884958641917
AC073592.1,1.0285488020982199,2.089265153878652,0.9671153142005783,2.014179113900077
AC073592.2,inf,inf,2.969816117779223,1.5566428191332111
AC073592.7,inf,inf,4.591213353003955,1.2426392115010358
AC073610.1,-inf,inf,4.322918474402462,3.2983552891062553
AC073657.1,0.3305590300972324,2.0807982965050376,9.033284074310755,8.626871462479459
AC073862.5,0.9361765624910915,1.785684378006465,8.759104870557264,9.61794019933555
AC073863.1,-0.30168092775583877,1.6401896345432432,2.2532517452870184,3.0342217574404344
AC073869.10,,inf,1.3820172767247014,5.391140293540912
AC073869.8,0.9039255514103951,2.0508037352177864,4.598750539379449,3.3364637695318686
AC073896.3,-0.4244634585886697,2.2410031744212517,1.9334961938292003,2.0016873456638393
AC073909.1,-0.4446578383297023,1.55228195610531,2.1412234906963517,1.8172178435036974
AC073911.2,0.9446689672998896,2.3537564770488837,3.648722599259951,3.3349262551194867
AC073957.1,-0.296849774098991,1.6181577676777334,2.8912532812019642,2.771835265925161
AC073957.2,-0.5227129776815367,1.1531711781618121,2.1975757164199377,1.5402010050251256
AC073987.1,,inf,3.2593446713056218,4.077298113898554
AC074019.1,-0.5478056617265435,2.3214884146793002,2.9748689830662514,2.0082851170821847
AC074043.1,,inf,0.9678948182920224,2.469577777204612
AC074044.1,-0.2620518084616091,1.2052025715063723,2.139637296975729,2.6995745890874807
AC074050.4,-inf,inf,2.019706349971093,0.6445425419155908
AC074051.1,-inf,inf,7.536285104359078,2.4491698835292945
AC074085.2,-inf,inf,3.9675463762791097,1.328788861875689
AC074131.1,-inf,inf,4.294738323980401,4.076176018853842
AC074134.1,inf,inf,4.575573485950181,7.176631327109819
AC074138.1,,inf,1.2462788982588902,2.121710969314137
AC074141.1,0.9899363325941385,2.3809395366578534,3.314607699389641,4.582176833634534
AC074194.1,1.8125564506891245,3.1023665725688248,2.5754283965728266,11.387876574406759
AC074194.2,0.44705765620353793,1.618175651016524,7.2505899356970085,6.293168544628635
AC074198.1,-inf,inf,3.176635106666344,2.5768820979732188
AC074212.1,-1.154695380872609,1.996019533425071,2.1240982623327724,1.141075087882978
AC074286.1,-inf,inf,2.7668638960386716,0.0
AC074351.1,-inf,inf,2.3973226425822616,2.320265181168676
AC074366.1,0.791723436771884,1.7558392009235961,1.973823436192086,3.90876114393453
AC074386.1,-0.9624995586809268,2.7022595398535354,3.3357647872025287,1.8314821763602251
AC076966.1,-0.5580548508814327,1.0953210932196105,2.7779747730510462,2.685281853442449
AC078778.2,-inf,inf,5.857703416162144,5.33325474279844
AC078785.1,-0.17351315463109085,1.302525061092882,2.664969384981855,1.8677570531018115
AC078788.2,inf,inf,4.961789253453473,4.033452478321185
AC078802.1,-0.9264515856763647,1.7556575304523256,2.0109653516968384,1.4924737162789365
AC078817.1,0.56941993389729,1.3472648232815714,1.676823117799877,2.0754909398541947
AC078819.1,-inf,inf,2.9680432765479208,0.0
AC078850.2,0.8657444550536522,1.699885180945556,2.7274432333416474,3.7783312989228914
AC078852.2,inf,inf,7.375859146972977,5.6394230769230775
AC078864.1,-0.6653500929897294,1.0272641265409015,2.7770234347969183,2.7734411260854523
AC078880.3,-inf,inf,1.2460226178899512,2.1334144523479264
AC078883.1,0.5265790874157222,2.501001983336682,1.2247090202106388,2.1382105150032893
AC078899.1,-1.0063641599301845,2.2000822120883585,5.639477029235518,7.695986925730889
AC078899.4,-1.0518399671050063,2.0097183240222725,2.3712292140501314,2.0519083775478157
AC078925.2,-inf,inf,3.287074971947496,2.477518853892122
AC078925.3,-0.07604350244861809,0.18571118665248937,4.875639422530408,4.640445606456747
AC079015.1,inf,inf,3.1666754287276433,6.08824271609871
AC079031.2,inf,inf,0.0,2.9208450035604083
AC079062.1,0.43906171760877727,1.5336145652092277,1.646458469587966,2.062916939175932
AC079075.1,,inf,2.1051049103072974,0.7001921485574832
AC079089.1,inf,inf,3.3921420089267436,5.03449899676508
AC079140.1,0.9998682287299443,2.358487722704611,2.6769574398098532,2.4189807200534785
AC079145.1,-0.16134014289349854,1.5078722814738243,2.7204896865091044,2.9007101761956133
AC079148.1,-inf,inf,7.506102735950583,5.145756957993927
AC079203.1,-inf,inf,2.2245180826771036,1.463447962334941
AC079248.1,,inf,2.4397287827666756,1.5256164028030106
AC079305.1,0.06565060624699137,1.3589551198399799,2.231439684733098,2.9741497062854347
AC079316.2,0.3206573289200664,1.2410398793775943,1.4339882033198414,2.2749952809938474
AC079322.1,0.5116487239360317,0.6940619044260894,4.275429218836243,5.596464573105193
AC079328.1,0.57698708042093,1.353300448488038,0.8871075185832081,2.2665238230634874
AC079328.2,-0.5205573281076177,1.2405096039191819,3.075363831862169,1.5849816208646945
AC079331.1,0.06996535268634352,0.7671104570379463,13.06421794835048,10.577087334116769
AC079340.1,-inf,inf,2.996481387047425,2.9043243243243246
AC079354.1,0.0849461511784351,0.5104510876584877,7.705695327619574,5.462241794699633
AC079360.1,,inf,0.767891988819155,2.1689256895733346
AC079363.1,0.0658377429715743,0.9325975001365725,3.965496303847351,3.544119508365518
AC079416.2,-inf,inf,1.4226708567998447,2.1775392383609047
AC079447.1,inf,inf,4.674789748005105,3.956419796743593
AC079598.1,-0.19959166882728357,3.038147676079501,2.2296053180322395,1.3495183523416683
AC079601.2,,inf,1.4973221757322175,3.9753347280334723
AC079742.1,0.03141796230154735,0.3159467607936323,2.0037134221010824,1.9137979473833018
AC079777.1,,inf,4.662298058568834,4.681735648773221
AC079804.1,0.32305497201844013,2.3863441312171925,7.1153268219383925,9.744435114391361
AC079804.2,inf,inf,1.2830618305023607,6.970355534820548
AC079834.1,-inf,inf,4.057153379397426,2.07972361544667
AC079834.2,0.43566395228484844,0.766550510287111,2.0827476854694624,2.971467988765069
AC079880.1,,inf,2.808120785693345,2.747214892993257
AC079907.2,,inf,5.78781512605042,1.508839384810528
AC079915.1,0.6326878604943973,2.06566961662949,2.536245295823308,2.9097877722253074
AC079921.1,inf,inf,1.2573695788812067,10.193518227529855
AC079921.2,-0.5571392381597621,2.1496957583030265,2.525150300827162,2.0652382262472826
AC079922.1,-0.6974645163293802,1.7415053710649713,3.8816798341240277,3.840795971583542
AC080013.3,-inf,inf,3.0178456509958,2.759134517680531
AC080013.5,0.3920847753958544,1.3321371314846955,3.448590067546973,2.6871233051805676
AC080037.1,-1.5335853035315796,3.1734339519899044,2.19885887962727,0.9077912859898809
AC080078.2,inf,inf,0.0,3.7279364569961486
AC080080.2,,inf,3.0368262181974996,3.0739974126778784
AC080188.2,0.665887039994514,3.171203569600362,9.073716831081766,11.237758855355958
AC082651.1,,inf,3.414964288040293,2.9634956472657015
AC083801.2,-1.0921592320684872,1.7609081061238367,2.940273901473356,1.4557019536574283
AC083836.1,-0.6339264435536799,2.24812455859361,2.445814170614475,4.072227601231025
AC083841.2,1.3219766819464192,2.2470518438792784,4.998182300852036,7.943877059284046
AC083843.1,inf,inf,1.693163569626061,4.77547092860238
AC083843.2,0.07026293077089565,0.9874843528606658,2.620543387856945,2.3602786248960355
AC083864.2,inf,inf,2.776607358770382,3.232860122320091
AC083899.2,0.709842713483106,2.585215731861181,2.180237707337875,3.1772308297888627
AC083906.5,inf,inf,0.0,5.610768277596673
AC083973.1,-0.3406450619448301,3.056324076813658,2.357646324649106,2.0283128561942125
AC084018.2,0.7511279682434394,1.2072525830615048,1.6620664746328022,2.2393452418110638
AC084024.1,,inf,2.299483207447968,7.534469934984163
AC084030.1,-inf,inf,2.6628111242803927,1.347591432441585
AC084035.1,,inf,2.18539413921103,2.008055702856616
AC084036.1,1.8790522549413424,3.1701529566590474,4.4631642461117815,12.258217368922946
AC084082.1,1.3946994828217514,2.282091556275618,3.9421565183021894,7.483465448716542
AC084117.1,-0.3435236577069674,1.774170554452334,3.1935455012755454,2.931994652904422
AC084125.1,inf,inf,1.5012886508656822,3.2744029597400526
AC084125.2,0.30953312867562305,0.4888592560537225,3.220087955986964,3.9791008164838626
AC084125.4,-0.6438688355711059,0.9512745622309613,3.147337283052695,1.9155552441918506
AC084149.1,,inf,3.421702614692407,2.520149285034344
AC084198.1,,inf,4.371409314864739,1.3865622385423444
AC084337.2,inf,inf,0.0,3.182902174597811
AC084757.1,-inf,inf,3.7779092152427127,0.0
AC084757.2,inf,inf,1.456866887125694,2.5755416635351462
AC084759.3,inf,inf,5.689667851452384,16.735384238264494
AC084782.1,0.6516426705933849,2.0608420919660073,2.3595763965717182,2.4516348319848587
AC084809.1,-inf,inf,2.048165817233614,2.1608528368632673
AC084824.4,-0.49790255746739137,2.087232177029076,3.43810437901605,2.3918944494011405
AC084824.5,0.2935516537224904,1.824954604496341,3.3173568331732044,5.636315141756812
AC084855.2,0.7043011842086121,0.8851361441039189,1.203501038400456,2.222792890010995
AC084859.1,inf,inf,1.5512901897539717,6.009856569330542
AC084876.1,,inf,3.8446690939138066,2.657190074108503
AC087163.3,1.1050452085356581,1.4479075400105836,1.3387880053495183,2.560730804604851
AC087190.1,-inf,inf,1.506635201814337,2.4867525820589047
AC087190.2,0.660114744833801,1.0605653952381549,2.0672008458212447,3.4596282716137674
AC087203.3,0.5053433220964463,0.819416262048954,2.3830210749569116,3.049877315240229
AC087222.1,inf,inf,0.4184614694684866,3.7499486637226007
AC087241.3,,inf,2.8232886110687607,1.4688519591401128
AC087241.4,-inf,inf,3.6544457452708112,2.7645059256064246
AC087276.1,,inf,2.2891051435506014,1.3407388831245735
AC087283.1,,inf,1.4764324628026204,2.867594385528388
AC087286.3,inf,inf,3.861018449179658,2.0582068214310025
AC087286.4,inf,inf,1.310658570201546,3.3110780416674994
AC087289.1,inf,inf,8.272011954516799,4.0244927502393235
AC087289.2,-inf,inf,2.986670348428557,2.854453258359273
AC087289.3,inf,inf,3.917862617533102,3.0091974556120165
AC087289.5,0.3603100012917218,0.8361357985495412,2.177874862555786,2.5645884905538336
AC087311.2,,inf,2.522466719632451,1.3044729724709736
AC087385.2,-0.05966352189320935,1.0246650967541773,3.0686976289286565,1.6787475879569664
AC087393.1,1.4314875153396471,2.48118532599382,1.6428752166080338,4.625231793891839
AC087393.2,-0.8785108301483182,1.4248678094511682,3.2600486080051305,2.2686267394661557
AC087441.1,,inf,3.2932982752684135,1.4638854978558236
AC087457.1,inf,inf,2.7589341872033843,2.9486534393047057
AC087477.1,inf,inf,6.015241528879662,2.2985374805368135
AC087477.6,inf,inf,6.472308268373216,2.8761786431562104
AC087501.2,0.22418943612279182,0.7200234865508062,4.256645164936873,6.557447770579134
AC087516.2,0.8224208046836291,1.6133811636216937,4.705661679917462,4.616981246586151
AC087521.4,inf,inf,1.449170145520898,4.396379567067111
AC087588.2,-inf,inf,3.2084129962000816,2.749743087254738
AC087639.1,inf,inf,1.4817136982025814,5.784034369434703
AC087641.1,inf,inf,5.531816830211121,7.130567945286946
AC087664.2,0.0901548204235002,2.4764611357691404,3.1976225038730375,2.981193912113561
AC087685.1,-0.16275627171106824,0.9884204719985255,5.818693079199072,3.500864471057751
AC087742.1,inf,inf,3.0734569999130588,4.050965041929135
AC087752.3,1.1422865365510049,1.1705904474661282,4.334907412817457,9.488721087520437
AC087762.2,0.510145246774129,1.2332262553500384,1.4662722019206256,2.17985680292343
AC087821.1,inf,inf,2.6444221701442814,7.110813074700473
AC087894.1,0.5165347957963196,1.305656936742244,1.5697656605112966,2.3120793807602182
AC089987.2,,inf,5.1725000448261635,0.698875759803482
AC089998.1,0.5026211934936611,1.800192014717366,2.2018177946929973,2.138737923508902
AC089999.2,-0.0322767926227277,0.8607308019960276,4.976876317417878,5.147142133877783
AC090004.1,inf,inf,5.606840629132497,6.165517842697501
AC090099.4,-0.1486241366344335,0.5576622543725203,2.6023041504083992,1.8053893362795124
AC090114.1,inf,inf,0.2739586864964303,3.0955458917212653
AC090115.1,1.4810417721014106,3.1701634652330903,8.159717442492303,11.698714001086758
AC090186.1,,inf,2.4859884440775897,3.6941353693768053
AC090192.2,1.4026534556234769,2.1260311306981783,5.016423013620451,6.2182176724467375
AC090229.1,-inf,inf,1.0575547254625746,2.003913483910793
AC090236.2,inf,inf,2.060091665619761,2.4563526960348985
AC090241.1,inf,inf,2.409130148716058,1.9015263577864778
AC090241.3,0.3379435479822546,1.3477232908698027,2.304990856547913,2.641723507348132
AC090246.1,0.18099662545710954,0.9210941582742026,3.0178324130860963,4.177366414273125
AC090260.1,0.31568573863576554,0.42698041391700214,2.214882046096361,2.8542624952214184
AC090286.2,0.2823958506871988,1.2279839197048419,1.7442737340244023,3.0393796478125106
AC090286.3,,inf,3.83850110932266,1.300357403097403
AC090360.1,-inf,inf,3.8156121889443044,1.0205009530772648
AC090398.1,,inf,1.8884093577423142,3.231454102709049
AC090403.1,0.8561865483173519,2.258815829586321,1.482966069386199,2.138749523446435
AC090425.1,inf,inf,2.1495248841103325,1.773968856097276
AC090425.2,inf,inf,1.7510204573577386,3.0271880909144477
AC090506.2,0.7116854016371079,1.621108232927131,2.6688481454295285,5.232930411761633
AC090510.1,0.4170915927355218,1.2873643647852353,1.8873702592474833,2.2304805834722665
AC090510.3,,inf,1.5115171215602756,3.6525528218348926
AC090515.5,0.4660267632985067,2.188125097719275,2.362734417717451,2.018440373482259
AC090517.4,inf,inf,1.1483247021794425,2.8459018793346385
AC090525.1,0.7422751830490584,1.595066922897456,1.4010452370298692,2.139367325211549
AC090568.2,0.6280598992980934,0.9929168469882519,1.237058395087302,2.280038934512951
AC090579.1,1.3322784716047569,3.26156167221226,3.276710660473547,4.914097371700464
AC090587.1,0.3051760889012343,0.6602778220538456,2.100802163833076,2.3386460587326123
AC090602.1,inf,inf,1.1661607611786564,3.860678647078377
AC090616.6,0.3321556383498509,0.639225487178274,1.8806335034013606,2.1441028165652227
AC090621.1,1.300534638524586,1.9159143853424359,2.58168730435544,5.529183418827118
AC090630.1,-0.4598212805496452,1.8419037320983742,1.9984916206464205,2.1729563661074045
AC090709.1,0.7333277778582326,1.5365273983445558,1.458747994028998,2.257607566256557
AC090739.1,-inf,inf,6.397816163704816,10.868087119364844
AC090844.2,-0.9352966126339558,3.809731809704031,3.324081497128553,1.3135710587767568
AC090912.1,-1.4665700824038161,2.8463852360475506,2.074404619989933,1.0067471986012873
AC090912.2,1.1334350565650948,2.522690816824788,2.218749769009587,2.9300302320252496
AC090912.3,,inf,1.5372282123830643,4.269327827483368
AC090948.1,-inf,inf,2.4077255094565797,3.8096644828849233
AC090952.1,-0.2431448657135883,2.874363767788197,3.0794250055138237,2.0086967051120714
AC090984.1,-0.5246970259012664,1.8936585007241613,4.555421395798117,2.511132576672301
AC091045.1,-0.6610342636443065,2.1050249169139845,7.197821929037044,1.9270365744174245
AC091057.2,-inf,inf,1.5328509152225422,3.2666911738263535
AC091057.3,0.9262500231915352,1.4218450200783002,5.839308667024531,12.083496259670932
AC091060.1,0.5128355496445427,1.2434963397363032,1.5112389881154977,2.1808883213580676
AC091073.1,inf,inf,0.0,2.360901358006268
AC091100.1,-0.43796819735750425,1.9773212542829226,2.345966563869502,2.521222204187632
AC091132.1,-0.2337312223663701,0.8123969120862259,9.361905418923113,7.605756959056259
AC091132.5,-0.0576337067690352,1.029338460155261,2.553619833883788,2.2560306244193478
AC091133.4,-inf,inf,3.3734731416637125,3.9633060614479643
AC091152.2,1.3166924600502874,3.2236001077049403,1.7629289070069285,3.3243789188892747
AC091153.1,-0.18203142537908984,0.46569488252513574,3.0037381419830576,2.4306258008478503
AC091167.5,inf,inf,2.8774379160293377,0.7747011791823263
AC091167.7,inf,inf,21.627017841971114,9.836255503205377
AC091178.1,0.0828557346975729,0.9321909774444509,1.8736012477446922,2.39369175230299
AC091185.1,0.346046140530745,0.877174299933622,2.6176886143689515,4.29527807647103
AC091212.1,inf,inf,0.0,2.070034238078698
AC091516.1,-0.5149260027931033,3.3131773841995007,2.3679002809468797,1.3376045006186301
AC091544.4,0.8158631860003422,1.7595887231162413,1.592334567714881,2.5850274402907867
AC091564.2,-inf,inf,3.8612302865360157,2.599859762547092
AC091691.2,inf,inf,0.0,3.7560973695775
AC091769.1,,inf,2.8204478526690284,0.6815029074547438
AC091769.2,-0.3800158963165578,3.0149289529355485,1.1868284689313078,2.5890340581956686
AC091806.1,0.9966457992784118,1.9545790049055507,2.86824082659955,4.40749768181216
AC091849.1,-0.33198751032582074,0.8027027567226258,2.5637057498671885,2.2106130064555534
AC091849.2,-inf,inf,2.4964014191586417,1.874234984794729
AC091917.3,inf,inf,1.6236922722239493,3.7877647330052153
AC091925.1,0.888128647174363,1.740539695154067,1.3213201646549142,2.019992616996232
AC091946.1,,inf,1.355597500530722,2.789889517550742
AC091948.1,inf,inf,7.4224152283700535,6.3605083522948
AC091965.5,-inf,inf,3.8592605149648715,1.5222165715469664
AC091982.3,0.24969831958010363,0.45336816140978714,2.3887134739971123,2.5443361138964145
AC092040.1,0.6710679030127911,0.8660370001983716,1.5845267512563517,2.629959926331085
AC092045.1,0.8792787802757237,2.7683898747984386,1.5829074728843464,2.7476399013081587
AC092053.2,inf,inf,0.6831252088205814,2.4010086034079516
AC092053.3,,inf,2.779425465838509,3.778183229813664
AC092066.1,,inf,3.291545202888504,1.5135519145751941
AC092068.3,0.8020520807573434,1.135001558556816,1.645910339273546,2.2307184008920644
AC092069.1,0.3430695694809055,0.9035283526602698,2.159583526713162,2.2976946397471454
AC092070.2,-0.4647646666628402,0.9473118369116099,2.500648717616797,1.5956104372732096
AC092071.1,0.7010446574511531,1.1019673617049233,1.3126980025613948,2.5614790931763545
AC092079.1,inf,inf,0.0,3.663858729564457
AC092115.3,0.4849529148198805,0.9455321142376046,1.9081112454565112,2.3082050021123828
AC092118.1,0.034614575619335175,2.501787941400549,5.998928471596733,2.9440553467714388
AC092119.3,inf,inf,3.2257865297407937,2.97123850863727
AC092123.1,0.8748582389520394,1.9475007949561143,2.208368637263209,3.584926725865112
AC092127.1,0.18846882073687324,0.4526870463590538,2.7607785823423896,2.1289443964658203
AC092128.1,-0.12357374661220527,1.0691777596189758,2.724578120539685,1.6847977125439693
AC092134.2,2.511827026138487,3.2145666271575593,0.6779742388758783,3.6263231850117092
AC092135.3,inf,inf,5.58035102514099,4.5484636061772
AC092142.1,0.4864366237473623,1.4939121016661383,1.9030911361182385,2.513380903053298
AC092143.1,0.798106453633165,1.6378765908269242,2.6765652293438555,4.318014715298753
AC092143.3,-0.30442724706069424,1.4740767008163533,2.1137171352782103,1.1438819198739438
AC092159.4,-0.708942778552291,2.1005771042956263,5.731200263293362,1.522215377344957
AC092162.3,inf,inf,0.7074515383247376,2.4912591143517693
AC092167.1,1.1117749686358682,1.6184210225294464,18.35071652601847,37.20610303418877
AC092168.2,inf,inf,2.56310329102379,5.204396898989131
AC092171.3,1.7324747407317815,2.1923795771718173,1.6710390976061051,5.18500971119258
AC092171.4,-0.18335940979246657,1.1378068484460413,4.268098608394659,3.9901152401187585
AC092171.5,1.6848839072653363,1.9855755485148263,2.1328814580050977,5.80546295676718
AC092183.1,-0.24289696915904344,0.8607049535971979,3.320015305634387,2.319935588788623
AC092268.1,,inf,2.9812245263346364,2.8268580636328213
AC092279.2,0.3721942343387537,1.1149979869322926,1.5785336499934435,2.2256713242900648
AC092299.1,1.287233089580897,3.6594760976473815,2.477951095141716,3.041326342604017
AC092316.1,-0.05528780199047788,0.7023415090028206,5.051724375814036,3.1792216715600787
AC092324.1,-inf,inf,2.3730695526070456,0.0
AC092326.1,0.6885538366117685,1.4110652351032138,2.068526312547079,2.69584526939803
AC092337.1,1.0869965119559832,2.36878417965974,1.418422653425285,2.845036874013219
AC092364.2,inf,inf,4.205931784478497,3.6928324270884825
AC092378.1,0.9996192539910331,1.9276902546134331,8.72341314153573,8.618560462846542
AC092418.1,inf,inf,3.084846435139192,1.6029032530808094
AC092436.4,-inf,inf,2.7560505113721887,1.3462912642895057
AC092451.3,,inf,2.5485560988223126,1.1585588020968005
AC092474.1,-0.2525356447943602,0.9103378388074974,2.7275416968817985,1.7620232052211748
AC092490.1,0.6024623921947706,1.8191117991982766,2.6101420504517834,3.07205551347451
AC092506.1,0.35051240104788944,1.2086465178642198,2.1096362587543265,1.7247891649469458
AC092569.1,inf,inf,5.962446255300714,3.9658603732510165
AC092570.3,,inf,2.6205924396442186,2.5358617716463967
AC092573.1,-0.500205356227793,2.142955077151075,2.629143863465156,0.8440759901619881
AC092587.1,-0.08687897104095488,1.7039983135359698,2.0347423812879937,1.026112377982892
AC092597.1,-0.6694429177278385,2.2412180577918646,2.053874933815884,2.038566467990278
AC092611.2,-1.294794970869254,2.036623064259522,2.0450305766910364,1.1842849241724687
AC092620.1,-0.6006335725059835,1.8728123760556705,3.894136366714063,1.8631480352991627
AC092634.5,0.05368843008931966,1.9895105459574083,2.3867626427174384,1.455927149836839
AC092634.8,0.4877624101071428,0.8897035094360556,1.2585960044331643,2.121935586439274
AC092647.5,-inf,inf,12.150704914822795,10.5116164088506
AC092652.2,-0.3566136207944016,1.311093127681164,17.780305803811782,16.880015074835793
AC092653.1,inf,inf,1.5267723778259734,8.708845644267042
AC092656.1,0.1667775960485219,0.5130004282597229,2.3270119526585575,3.3206807971566983
AC092667.1,0.3834844001356601,1.242101121524657,2.2036515418252027,1.8866147992503832
AC092674.1,-inf,inf,2.993713948356626,0.0
AC092692.1,0.22697404003943641,0.7984507202070708,3.148245280628405,4.338781198530343
AC092718.2,0.035189652820517336,1.5986920187541402,1.7853224190689732,2.057765973049092
AC092720.1,-0.06597587877831596,2.147675086124845,4.724676185127331,2.8309273917545674
AC092720.2,inf,inf,1.536934141869976,6.973487519390777
AC092723.2,inf,inf,1.6329058263100036,3.0138237449615244
AC092747.2,,inf,6.546397387977012,3.9205386558718804
AC092754.1,,inf,2.4665701188328715,3.1426831309393193
AC092755.2,1.0853975162327558,2.3217808127623485,3.158502153793662,15.790898622425045
AC092756.1,1.0023607751010015,3.2274409136095623,6.102409149902661,14.271205115725717
AC092757.3,0.4098250484111266,1.7235378021583603,1.8663295098158128,2.2140016114220367
AC092794.1,,inf,5.083207453227454,2.826859298390704
AC092807.3,-1.1129728491140436,1.9497464822901627,2.1202520696377185,1.4958818217875258
AC092809.2,0.9086485778921006,3.572898895202714,3.621479573496913,5.936471203809857
AC092851.1,-inf,inf,2.3456531463026242,0.7350861498273423
AC092868.2,0.20837662670359225,0.8264766531250013,1.9167782491504541,2.602699596049212
AC092894.1,0.31948494276809214,1.1944127985834339,3.991904452551097,5.528675894924458
AC092902.2,0.4985363411693069,0.913761339363529,1.5714860246321112,2.7175697901287563
AC092916.1,-inf,inf,4.685193749793531,2.688381619371676
AC092916.2,-inf,inf,3.0638123007875593,0.0
AC092944.1,inf,inf,2.129605853039665,0.9980192010930229
AC092953.1,-0.9654211693583985,2.1906006617308296,2.0117808227046496,2.9058884009730237
AC092953.2,-0.17267350125128222,2.5923271334584026,7.842101909204456,6.805001147052076
AC093001.1,-0.43275291118752746,0.599702647823686,2.672107840598762,1.797007436486639
AC093010.3,inf,inf,0.0,2.655704008221994
AC093072.1,0.19930299973526402,1.707119529744526,8.860900297619047,16.753348214285715
AC093106.2,-inf,inf,6.863609674900099,6.775086505190311
AC093107.1,-inf,inf,2.7213441799406675,4.078434615424372
AC093159.1,,inf,1.4197533576862862,2.9403444203356313
AC093162.2,inf,inf,1.746075913242009,5.8207524733637745
AC093206.1,,inf,2.5651734003209823,1.3143534994068802
AC093270.1,-inf,inf,2.190555114617863,1.6011134973621552
AC093270.2,-0.3807192384667078,1.5876732165879828,6.923916891111966,4.802370142362447
AC093274.1,-inf,inf,3.0158780421604994,0.7085859042793813
AC093281.1,inf,inf,1.825118008868545,3.0486554141038473
AC093297.1,-inf,inf,2.4749027097146157,0.0
AC093323.2,,inf,9.270924533515611,14.363690571416104
AC093392.1,1.2621117735246519,3.408433930011088,1.4725789913144613,3.600627967923589
AC093392.2,inf,inf,0.0,3.18363510749022
AC093426.1,0.6558237829255789,0.9043228541369441,1.751433438902481,2.24224929829038
AC093484.2,,inf,4.243763238409037,3.9503412567662974
AC093495.1,0.6970905356173278,2.100029936381873,1.4361392049620298,2.3762919042826236
AC093503.1,-0.34725097108505865,1.2283134972732515,2.261787220888792,2.0977283196353675
AC093510.2,,inf,1.6760909590722533,3.5164011456189024
AC093525.1,inf,inf,3.620255555273299,1.3918898918821603
AC093525.10,-0.24817796360118607,0.8166801979633308,4.027333054150694,2.28650581451535
AC093525.3,-0.6592635885031053,1.6804330909365273,3.6325368583871644,2.055164552434774
AC093525.6,0.3016794780683875,0.3940432009027415,1.7412442209571013,2.190361628055666
AC093535.2,0.7778243948986713,1.099984373361502,2.0765361549535863,4.451104477084639
AC093583.1,0.36032792511769113,1.7578616971287808,4.061487867287184,3.7608747917775758
AC093620.1,,inf,3.816873370950649,2.715120442242145
AC093642.2,inf,inf,3.2608824108725627,14.005515067953517
AC093655.2,-inf,inf,4.180145208492553,2.939367532201241
AC093663.2,,inf,2.766225343774387,1.1936707838863323
AC093668.2,inf,inf,1.3908486622073577,3.4424372909698993
AC093671.1,inf,inf,0.7750050348779728,2.0673025870118455
AC093677.1,inf,inf,0.0,2.8716083588104504
AC093700.1,0.13905832263437218,1.2377221906616453,8.157887799486954,4.821783081711904
AC093726.2,inf,inf,5.926556373720953,5.088194510853974
AC093752.2,inf,inf,2.4540202602846475,1.5051307543716654
AC093752.3,0.5565742016498298,2.426672844426378,4.549970406696542,6.894647839688847
AC093766.1,-0.3566666127640082,1.9584830400404782,2.394069923051188,2.0714299654287944
AC093775.1,inf,inf,5.0381318153761745,5.995936492695974
AC093799.1,-inf,inf,2.796118248849503,5.998126700083828
AC093801.1,0.8156562481746625,2.384073389501765,2.6759004432746303,4.512409911211692
AC093817.1,0.9419952193970423,1.1794964517203868,2.0038560960767655,3.2194492081612953
AC093826.2,0.8935653018027453,2.768509311116989,2.0030309855229924,2.9527944567616173
AC093827.3,-0.8792709786617712,1.8287327187421734,2.679035489753803,1.540150933435715
AC093829.1,-0.662609944777137,3.2253581790886545,11.985766045548655,5.135998964803313
AC093835.1,0.6172684622086541,3.561722337350314,2.4132230238457226,2.3456339300477076
AC093838.1,-0.13031982145363458,0.7085990542387384,3.084851237579719,2.5990625673106638
AC093857.1,-inf,inf,2.66271716435058,1.8300648371080055
AC093871.1,,inf,2.352358031666999,3.2495082566157008
AC093895.1,0.43848533549693597,0.534362631771231,1.796604718360553,2.524746594923043
AC093901.1,-inf,inf,2.735632562203049,2.218527472264444
AC093909.4,0.026722939523297518,1.5031427138002669,3.0295431234825965,2.840982563649819
AC093909.6,-0.7966367023433802,2.2091469503774395,2.1310890267924583,1.4164549978524563
AC093915.1,1.2459001937311858,1.92806817976479,1.0603869709955676,2.0336833973993493
AC095038.1,0.9696237499781919,1.1668155566797551,1.3278363657434236,2.452358326573184
AC095041.1,-inf,inf,2.5828178414455474,1.644367572847143
AC095055.1,0.9034341959060503,1.6798357027306052,2.1758605615103135,2.533212169295036
AC095350.1,inf,inf,5.057278307072188,4.769466837669476
AC096536.1,-0.567125785492068,1.3460231357944747,2.9305792825673342,1.6481036650477334
AC096543.2,-inf,inf,1.9116209340359804,2.524059603852444
AC096564.1,inf,inf,0.0,2.8759991385259984
AC096582.2,-0.46423371488652665,2.1152446214608327,3.511300330630916,3.391367362652294
AC096586.1,1.3895466550913325,2.084931777055287,1.1817231218340833,2.940344420335631
AC096631.1,inf,inf,5.3473456217124165,10.612893957476905
AC096631.2,-0.61080969542668,3.3029076791341887,3.2018184035859854,1.9793739772115102
AC096636.1,1.2869579944677059,1.9461161887080534,4.660410301178524,16.604675905718025
AC096649.2,0.5936711187614884,1.5091882840233555,2.817539488163289,2.6310400821899136
AC096664.1,inf,inf,0.0,2.0687535979338136
AC096759.2,,inf,9.229418487325741,4.638392397504274
AC096772.1,1.1103271355032303,2.017968609363367,0.9162409023326782,2.0094895561285004
AC097059.1,,inf,3.4524271282600516,2.9883636784670156
AC097103.2,0.7980749257309478,1.152913937611024,1.604448228582244,3.088692368913385
AC097347.1,inf,inf,2.7770234347969183,2.7734411260854523
AC097358.1,inf,inf,3.232751870541152,3.7534093875065246
AC097358.2,1.0469347938250533,1.7423801190722827,1.3994853899330788,2.0959979680632554
AC097372.3,inf,inf,1.605432048421856,2.365190982306487
AC097374.1,1.0591920364509142,3.204996198736443,12.344285019455251,17.802650778210115
AC097374.2,0.743219191842572,1.1497734697416342,1.6420282939087154,2.619980307826129
AC097376.1,1.4095692875184396,2.690068006669291,2.3072687224669606,6.092481644640236
AC097381.3,inf,inf,11.871006869901246,3.965843709746672
AC097382.2,1.0585778574414282,1.2811396939222683,1.8481970157502072,3.967394307819839
AC097460.1,inf,inf,2.088474292245362,1.7066942336985025
AC097460.2,-inf,inf,3.375755501601405,0.7017124702965183
AC097468.2,-inf,inf,1.6437047865990306,3.346560325724985
AC097478.1,2.361295179486532,2.567163175040592,4.351523471863088,21.64867912457015
AC097478.4,inf,inf,2.8359506736386706,2.889228594300897
AC097512.1,0.1816541399332653,1.4208327726982801,5.992451891174519,6.179790606797906
AC097523.1,-0.40416663092046706,0.6645720663421647,2.6657331000592595,2.804623220714093
AC097523.2,inf,inf,0.0,3.683041538786516
AC097534.2,-0.0873431003444292,1.0628402359120055,2.6511147163414637,3.8470471366356445
AC097634.3,0.08604958487414086,0.8450740051272297,2.0544975175216558,2.0302070617050907
AC097638.1,-0.26937471685349057,1.0370979794980562,2.3548690373855523,1.614714668007238
AC097639.1,-inf,inf,6.424185051037208,2.5169575238722426
AC097641.2,0.7380857865450503,1.7074904048552095,1.6625155649847996,3.226522558470776
AC097662.1,-0.6726665916554462,3.5998090657085213,3.2035162980486067,2.181161681975167
AC097717.1,-0.5712912331307949,3.4231984663049473,4.91383114792354,4.631882268493766
AC097721.1,0.6901019226682469,1.4797322479981443,3.3017449044546234,4.098203921666521
AC098484.2,0.9300562741602911,2.3224892770863304,2.1098685457378705,3.0144352257412392
AC098583.1,0.4946404531460946,1.2046369630017086,1.6853307798292567,2.8957434205352723
AC098591.1,0.49255079384518174,1.0199904020063968,2.286965512526917,3.0210206104521995
AC098591.2,0.5681738886637352,2.228260722674217,3.96230036400795,2.2568810703642774
AC098614.1,-0.07976478519335857,0.44535883464641174,1.899568552774586,2.0259639109718193
AC098614.2,inf,inf,2.8077721149670194,6.290428694984019
AC098614.4,0.37416986084110415,1.236211827514512,2.0146647869786283,2.177213672583629
AC098617.1,inf,inf,0.6409852240458198,6.952056360398517
AC098650.1,0.4956098850133079,1.68604180284123,11.781215041734791,8.417864211341538
AC098679.1,inf,inf,0.6397499305143515,2.7760551469646106
AC098679.2,5.312364665624783,6.7906305974697085,2.7684715356663503,54.807845287589615
AC098679.4,1.8171023650485196,3.625459697570709,4.547272270701237,15.628758867474415
AC098847.1,0.02800113448997349,1.6800673195237048,2.9438284756841737,3.1541464120968907
AC098850.3,,inf,3.0068484921302416,2.08242220353238
AC098934.3,-inf,inf,2.1150912044637202,3.5717060614316645
AC098935.1,0.10759832676330242,1.7787373984924846,1.7935538586306836,2.776112419680356
AC099062.1,0.6685846524157308,1.3375102389382942,3.164847958457686,5.3547589788130505
AC099329.2,1.4178714201184324,2.611049600033208,4.191621953475855,11.137209224092981
AC099335.1,inf,inf,1.537007229383768,2.195228051674137
AC099340.1,-0.9874880109137143,2.770983768213729,9.228725312442434,2.5045472614626867
AC099487.1,1.0444552885058258,1.5205718132441597,1.4212870659757857,3.5661908680216543
AC099489.1,1.3554793038434714,2.1270558811186167,1.4030966962822393,2.9103338221340467
AC099489.3,1.0891750216689808,1.4497479321013902,4.822457757296466,8.987035330261135
AC099494.1,0.9862849325502994,2.5821771557898594,2.474937873907041,4.192857800276116
AC099494.2,inf,inf,4.069533235056633,1.7793700414095546
AC099494.3,,inf,0.9865519191347988,2.3580499988218935
AC099506.1,0.03730828732859989,2.0777199231945094,3.827299015030574,2.0271544323624204
AC099508.1,-0.22651547495063923,0.8126917120802505,2.65400231852939,1.6504502858187093
AC099518.2,0.918851301578675,1.0668619671918627,1.591565015247713,2.5080962855571665
AC099518.3,0.3935675926752995,3.975345573582037,6.356551501589669,7.224294170859055
AC099518.4,0.9295368569734924,1.8001323393312596,1.2617152009524109,3.570718747491601
AC099518.5,0.6465977707506901,1.690466155278427,2.34405080920983,3.8621125841825044
AC099518.6,,inf,2.24353580327601,2.7174305243522188
AC099520.1,0.5353188241487861,2.2124068276108377,3.6016439147346246,3.29508643832735
AC099522.1,inf,inf,3.0048026552695593,4.481608152211992
AC099560.1,inf,inf,0.0,2.0646978395407225
AC099654.1,-0.439427037887975,1.1154764515968574,2.3742438105896766,2.409973760227462
AC099667.1,,inf,2.0570405284950586,0.4381188288967459
AC099673.1,inf,inf,1.5733886718749999,3.5694824218749996
AC099684.2,1.8413123931810476,3.429041249301246,3.1441953121688635,10.857219302335439
AC099684.3,0.9306018711750003,1.998682678067904,2.21228900560383,3.058529675340881
AC099687.1,-1.626297739381443,2.2279569700446302,6.619061261712036,2.530768051262599
AC099689.1,-0.3278543161909063,1.6177524358388256,4.576944529659481,6.123657863178738
AC099792.1,0.5682974136651016,1.166628664064503,2.5190684168003465,3.0559230940365087
AC099794.1,-inf,inf,2.9636037672072697,1.9211464664205569
AC099811.1,,inf,3.180898386393371,4.3623201046663755
AC099811.3,inf,inf,1.4431240699665888,3.018741050621894
AC099811.6,-inf,inf,3.244926679432971,3.1427726869642334
AC099850.2,inf,inf,11.969970968037515,15.32292271164317
AC100757.3,0.2973442207221343,0.7102532881707221,1.3917721370002747,2.121512809447213
AC100771.2,-inf,inf,2.7400334233369477,1.4655857025461128
AC100778.2,-0.16579696628439677,2.9644516115765644,2.744851484226022,1.9586364003403873
AC100786.1,-0.009408205524477853,1.1664824621916634,3.0181413112667093,1.964302991725016
AC100786.2,-0.025091368141637094,0.30453104465282743,3.0409163759781275,3.563810062537318
AC100791.2,-inf,inf,5.768687150351175,3.6162010491643293
AC100793.2,,inf,3.689786489123572,1.4118751076163691
AC100803.2,-0.3863716602093137,0.9856679427863567,3.884367170298383,2.786298180345709
AC100803.3,inf,inf,2.2632938001193783,1.7359795499961075
AC100814.1,-0.6369623822584555,1.8682623779861942,5.947696536932858,4.661804131169307
AC100827.1,inf,inf,4.696252549667982,1.7042609781739433
AC100827.3,,inf,2.5625296412453142,7.426497360972996
AC100830.1,0.46884691164867953,1.348290188852814,1.2428998993441036,2.0254638633455166
AC100830.3,0.34696343179466926,3.1670383466046603,1.890826599992204,2.2044197818230415
AC100832.2,inf,inf,6.368472999905097,6.949900351143588
AC100835.2,0.43884088651512865,1.3561598561652066,13.698600234925607,21.175151722787785
AC100839.2,0.5702669225639607,0.9808682563456319,1.514899264797791,2.4258045748440398
AC100843.1,inf,inf,1.4906087894338438,4.398033402785338
AC100847.1,-0.14121721812916196,1.1741667327672256,2.2630177522264465,2.454565083710353
AC100860.1,-0.06672458419628807,1.7953124604402926,5.46967145569847,4.470208878220056
AC100871.1,-inf,inf,2.576796821008984,0.0
AC103591.3,,inf,2.839511085667564,1.1088485076162604
AC103691.1,-0.03383354012407001,0.6274932994398038,2.268000851002552,1.9770877755782221
AC103736.1,0.6643413299815552,1.4915803845073359,1.7134528359816144,2.179813515353502
AC103739.2,-inf,inf,2.4522286716663544,2.9489125186010066
AC103740.1,0.9194934679746479,1.53681352285719,1.0323934181002243,2.566596858638743
AC103740.2,0.22011514951644037,1.4470913292218457,2.340997466839906,2.7206840466998816
AC103769.1,inf,inf,4.048453334957625,1.693137529093534
AC103810.7,,inf,2.216442464381029,0.7694653111419058
AC103923.1,-inf,inf,1.3144503431309078,2.2953083862057055
AC103974.1,-inf,inf,12.754935423094777,6.02453376293586
AC103988.1,,inf,1.4935817885674396,3.6250807931952744
AC104024.1,0.09439569811983448,1.350292738133906,3.65398707800744,7.709353061281571
AC104024.2,1.024943557922603,1.7439509010669685,1.3733628439738967,2.5603979372974943
AC104035.1,0.0028004926180606737,0.19339819094948169,1.914178330024007,2.0532859188742294
AC104109.2,0.11660073612434144,0.6210886938947969,2.1932160414862065,2.410305390950515
AC104109.3,inf,inf,2.011887033717352,1.1575293520223682
AC104113.1,1.2161325602792938,3.1610439097578444,2.3701497822728457,6.13222984515883
AC104116.1,inf,inf,3.943184576258666,2.451447294830261
AC104123.1,,inf,2.6212604456824513,2.925208913649025
AC104134.1,1.7539288109030031,2.2608036152879953,1.3255714426801568,3.466207244675131
AC104135.1,-0.09760344677350916,1.1804854444488762,2.1280560267796393,1.7685389778274845
AC104211.1,0.44074250757827693,1.3632083048868797,1.4989388451149537,2.307261909207464
AC104212.2,0.3703019109678808,1.1386982495775726,3.2627356643107657,2.390470616510299
AC104297.1,,inf,4.23183040770102,1.4474023216308043
AC104333.2,-inf,inf,3.00757874033689,1.5222165715469667
AC104339.1,0.25770379372990326,1.3642687119719485,2.4814304755316723,1.4300565486484285
AC104389.4,0.8061686508393685,2.6296688153303145,1.1445209377923247,2.0126768658548713
AC104461.1,-inf,inf,6.136713671367137,5.445944594459447
AC104472.3,inf,inf,2.6868517010655997,2.4447197932523803
AC104521.1,,inf,3.2368127411881966,1.4254671694396865
AC104534.1,0.7105672774179301,3.0781254744415314,4.2464160098879224,3.979995269667122
AC104561.1,,inf,4.947558565272333,5.41100994718595
AC104564.3,0.7390893274358115,1.9885830759528753,2.598787009683565,2.4761244265869045
AC104564.5,,inf,2.2585547856544586,2.061966039747202
AC104590.1,-inf,inf,1.4557907208050551,3.113803241282471
AC104596.1,0.7931141444024556,1.2873882616240828,2.064967220716677,2.6127747737782747
AC104619.1,-inf,inf,2.8057304411869524,2.6265353638545057
AC104619.3,0.0914980662288366,0.8607404357130712,2.0189347158980113,1.8600144710869058
AC104623.1,-inf,inf,4.259932646433869,1.6109396089751296
AC104651.1,,inf,1.5893497392438072,3.501263037809648
AC104655.1,inf,inf,2.7179733921926204,1.4231004757642847
AC104687.2,inf,inf,2.7236160554519597,5.861501949482963
AC104695.2,0.8105818758525543,1.0737461226223368,1.5315155813923338,2.7427278501993624
AC104695.3,2.8062073346573473,4.509145744988761,2.6913145113428536,7.22485859283214
AC104758.1,-inf,inf,8.161195455993205,0.0
AC104758.5,inf,inf,1.2339904453966726,4.659164699432766
AC104785.1,-0.06862126340269761,1.7269753911093693,2.0430254530697143,1.5103942879608374
AC104793.1,,inf,4.450049740824126,2.358343368762762
AC104806.2,,inf,7.7165288391081335,9.227642276422763
AC104819.3,-0.18074493582509618,1.1778016205103081,1.8850459659205376,2.391713410172942
AC104823.1,0.2669565101303618,2.017670944308327,2.076355390541964,1.6406261271876459
AC104825.1,-0.12367424130704704,0.47132029681318127,2.244874133129471,1.9064719052039534
AC104843.2,-inf,inf,1.2663509499954628,2.940344776140064
AC104958.2,1.0751456528740289,2.460799308599032,3.106837874190622,4.431777659607746
AC104964.3,-0.6345771823212275,2.3799558194528343,2.2759417378201907,2.052285283776996
AC104964.4,0.21129046592087566,0.5817102893171735,2.1389992827094195,2.0065234670337126
AC105020.4,,inf,2.5679380996757977,5.134301127488942
AC105020.5,,inf,2.934205697363925,1.2459914704058517
AC105036.1,-inf,inf,5.448206364813339,3.77313173197133
AC105052.4,0.30985477268314,0.5483644484426371,2.3224464886325844,2.8367281865963583
AC105053.1,-0.29883927538609945,1.9537841735175314,11.409105883409953,7.360356987765982
AC105118.1,0.9398064698021762,2.3593752919620954,1.7395768734736439,2.272267650852015
AC105206.1,inf,inf,1.373413313918521,4.060602703301573
AC105219.1,0.18202041406333674,0.8312684067033278,1.7215300456376392,2.2945399664156425
AC105219.2,1.3413531912938805,1.8585499574149151,2.627999027782673,6.627551987359845
AC105235.1,0.3865180581992478,1.0192899813638248,5.7127203100489075,4.1498800406016425
AC105250.1,,inf,4.19541547277937,3.8777732296356944
AC105339.4,inf,inf,3.4253658385189554,4.044723080026691
AC105339.5,inf,inf,0.0,2.208450088691226
AC105345.1,-0.30271275592768043,1.2896353710945445,3.5087314969864227,1.4352620616018346
AC105345.2,-0.016457130367681556,1.483248202438705,6.708704977190712,3.820215156260639
AC105399.1,inf,inf,2.8619537237992922,1.592550959340683
AC105411.1,0.8822481127361337,1.772304977403579,4.520635082254133,8.713928164541286
AC105415.1,-0.41767033540459103,2.038210643854156,1.9740978656641301,2.283657973417009
AC105446.1,0.16895866628871029,0.9107443496564275,2.47555882661764,3.1168931897600594
AC105749.1,,inf,2.9782996121186702,1.343222560016773
AC106028.4,0.6308912548265478,1.8373183322304598,9.111363250763487,13.133044904422576
AC106733.1,-inf,inf,1.0421575232125597,2.090017867080636
AC106739.1,0.6987916733541306,1.6310656949211715,2.7068963640174077,2.893247616429557
AC106771.1,-0.041871688606183566,1.5944136537053326,2.4161146367789472,2.003352995776253
AC106786.2,-0.7218175715635085,2.282242983812301,1.6705886642480814,2.3532222485552294
AC106795.3,-inf,inf,3.5850305247626304,2.7631739170977063
AC106795.5,,inf,5.554810998946143,1.5918208164623662
AC106799.3,0.413566426607573,1.7639301077498235,3.4279298665818376,2.247319473812241
AC106801.1,0.9912421008798613,3.071763022184376,2.1296986513600693,2.901804536103421
AC106822.1,inf,inf,2.350032875690635,3.026943345862079
AC106864.1,-inf,inf,2.7726389306687245,3.389793222511411
AC106872.2,inf,inf,0.0,3.6529963979078266
AC106875.1,inf,inf,1.4989709479210163,2.6004369742886113
AC106875.2,0.10345075388756769,1.1091524555366186,3.4452001559557512,3.5105295615146055
AC106895.2,inf,inf,2.5673332051528552,4.091520861372813
AC107032.1,1.0778459086512613,3.5547830185281533,2.449808499415178,2.7191497886680764
AC107032.2,0.9167438025746384,1.3275894990525259,1.545942991984919,2.6360575026906337
AC107067.1,,inf,2.5693784032517835,0.9423460388066569
AC107081.2,1.1444760274738035,1.6402749415001707,0.7200413502947789,2.011276532353446
AC107214.1,1.2229355219083045,3.5620286863445534,1.7955575819066822,5.924184143945135
AC107214.2,-1.0648668434456832,2.468867808166267,2.156600203158791,1.5382667606003013
AC107220.1,-inf,inf,2.134494703308513,4.1069077684808475
AC107241.1,-inf,inf,3.3294624646358315,1.2959217241735828
AC107391.1,,inf,4.433522199790748,3.271470358526989
AC107419.1,1.2615883856784857,2.245673807718943,2.0225778231391702,1.8014872056572135
AC107884.2,inf,inf,2.685322920828417,2.6056658645135515
AC107909.1,inf,inf,2.7329773822303216,6.341560151783708
AC107918.4,0.40348196248340285,3.5558984629787234,20.608709171133288,44.51694749622435
AC107959.2,0.8352494452939533,1.5513369926372649,11.880696757230501,13.821209465381246
AC107959.3,-inf,inf,5.300825883139744,2.4710246881644444
AC107959.4,0.7642417828930609,1.4065337835379854,1.6597011753583868,2.2497199636151306
AC107959.5,-inf,inf,2.943304060595426,0.0
AC108047.1,-inf,inf,2.7294518022025636,3.5717527393755564
AC108059.2,inf,inf,2.594548067867284,5.2629585016561835
AC108062.1,1.8364978032694896,2.365522437447646,4.008444540678528,20.05702059282728
AC108134.1,-0.2754879506150607,3.2066158189773595,3.247716092761771,3.6526241816769613
AC108134.4,-inf,inf,6.805675101537648,6.9047499807381145
AC108136.1,1.6960098120601892,2.40489897907546,2.239685200049744,7.008777260239901
AC108161.1,0.5318231637662026,1.6018337364466382,2.3880657113429145,2.2492880003871067
AC108215.1,0.3447261633697544,1.242406358379769,1.3760995180316518,2.154447334084837
AC108449.3,-inf,inf,2.7499693994957033,0.0
AC108463.3,0.07693069753459594,1.4289992472942525,3.7609775386211868,2.4201424339297373
AC108673.2,0.24106696582162507,1.9795096013083673,2.5372251028823913,1.778894472361809
AC108676.1,0.6459637170065883,1.2122970092501344,1.6829129579143118,3.1791891599111706
AC108688.1,inf,inf,0.7437031042669539,3.230538084839253
AC108704.2,0.02492266933975787,0.8273103839538297,1.7629927720341558,2.121163758199478
AC108718.1,inf,inf,5.372223426156681,6.301508830859249
AC108727.1,-inf,inf,1.4877216220485836,2.826855913769428
AC108734.1,-1.2735276150835337,2.2677197728452674,3.7441352770781067,1.8333718550660578
AC108734.2,0.656676588024731,1.5545904016745746,2.095470764583028,3.2586141788111624
AC108751.5,-0.023540179428559425,0.6011941129598007,1.9631422457252203,2.8939638675692914
AC108752.1,inf,inf,2.011289918304749,1.9937910759727595
AC108860.1,,inf,1.2663547077751371,2.3714399882226753
AC109349.1,inf,inf,1.7985168316253544,8.028203556100552
AC109439.2,0.5046541284421711,1.4511949989058586,1.8245898775819154,3.054629616151618
AC109449.1,-0.10376429779534285,0.16910710628322448,2.244586431226766,2.1013650092936804
AC109460.2,-0.13124975832242872,1.2631271632197776,3.442895178743007,4.203814620917556
AC109460.3,0.19983861738871872,0.9924659461416152,1.7031037935714524,2.102850143996822
AC109495.1,-0.8781357471300943,2.951245130965917,2.140809197454307,1.7194051179936574
AC110048.2,-0.0248516598018185,0.854798854448773,2.535375516125432,2.0788974444816426
AC110079.1,0.1967516193927767,0.8672237351327766,2.1789650841595276,1.5719389872365261
AC110079.2,-inf,inf,6.991743002080216,2.1753038210284283
AC110285.3,inf,inf,0.0,3.0472872560723077
AC110602.1,,inf,6.598247089129965,1.9765134867813927
AC110716.2,0.4278086077293831,1.0205927483626902,1.7987931289797126,2.6508958981193547
AC110769.2,0.14695061345709137,1.5860224096994318,6.354217013049783,6.096322700177218
AC110769.3,,inf,3.6802839653120216,8.473473898996769
AC110771.1,-inf,inf,5.946775917349482,1.8257214107588169
AC110774.1,-0.19030847469724418,1.1846367889598415,1.7447454653779955,2.037973321858864
AC110994.1,,inf,5.351856034256909,5.204854868871564
AC111152.2,inf,inf,7.427447566410555,5.193596952222736
AC111170.3,1.197372470574677,1.6167675070181413,1.0721387753339473,2.4366147512666974
AC111200.1,0.2188612421105512,1.4805326015882125,1.5342770676201611,2.239556907241613
AC112178.1,0.50657488015662,2.004207375390413,1.5716002386379644,3.2232024536348414
AC112187.1,inf,inf,6.452214175471922,4.5710702837468835
AC112187.3,-0.12385265508933763,2.2743996925196663,7.2569662343781784,8.308077833345827
AC112200.2,,inf,2.4843238746649416,1.6644052130511138
AC112206.1,,inf,2.81429109815564,4.003568736636466
AC112206.2,-0.5273632703300998,0.9374439668264092,2.0160697675683616,1.217947044243423
AC112206.4,0.920498976636887,1.5382294497259517,1.499874533275968,2.56312048167528
AC112236.2,-0.7063693451285362,1.7288610775034379,2.088235612948685,1.6817680456374746
AC112484.1,0.6378808197315826,1.254231880242043,1.6360726827316778,2.8227061920590315
AC112484.4,,inf,2.8395107762295413,3.584471805671033
AC112487.1,-0.9949292666712102,1.893073634070106,7.297685163101623,3.206945192130781
AC112496.1,inf,inf,0.0,5.314752404823194
AC112503.1,inf,inf,3.07445453097627,7.567852437417655
AC112503.2,inf,inf,2.3114934657778368,2.1611692297538116
AC112653.1,,inf,1.6457692645637465,11.885203409190757
AC112694.2,-0.5973478308377349,1.2494521633178217,11.700417740026454,7.780575088769755
AC112702.1,0.5589997331556051,1.124997104526279,2.43196617430166,3.2825698340584166
AC113133.1,-0.8186920233158488,2.0503983791571856,5.398053311279344,2.6033144602073923
AC113139.1,inf,inf,1.4713224583783568,2.485469475987024
AC113189.2,-inf,inf,4.804323172493499,2.3104702398150825
AC113385.3,inf,inf,2.937886296564397,1.4405868923659446
AC113398.1,-0.2916502069397146,1.336463600655123,4.843988737134295,5.752287577685525
AC113404.1,0.46375064973590785,0.46375064973590785,1.4825153779526403,2.0445703715665697
AC113554.1,-inf,inf,2.2949671772428886,1.161925601750547
AC113608.1,inf,inf,2.278197474691097,1.5951636765554422
AC113615.1,-inf,inf,2.380633814959136,2.886720231732128
AC113935.1,,inf,4.689364300933069,5.376395929762691
AC114291.1,inf,inf,3.315401104790172,0.6945543738148239
AC114324.1,inf,inf,0.0,2.600687070580887
AC114324.2,-inf,inf,2.331712260399202,2.0322930793821925
AC114488.2,,inf,3.6845311430527037,4.696030116358659
AC114488.3,inf,inf,1.5794302895207486,2.856130608330526
AC114489.1,,inf,2.8715363376392857,6.060663396114781
AC114490.1,-1.021066980207735,2.22183145036488,13.412195589033226,5.55552009192174
AC114490.2,0.30261765329159557,0.6104893561957471,2.2360820948336873,2.340385311001022
AC114490.3,1.0364946632615095,1.9657362495156765,1.5075347758887172,2.591876299099291
AC114495.1,,inf,2.025176152562152,2.1394714684550276
AC114546.4,,inf,6.706060396814435,1.1028633245868433
AC114550.1,-inf,inf,6.456581200044574,9.176157142422985
AC114737.2,0.10725505004899841,0.6770260262208745,2.451891585717656,3.9201835775099223
AC114776.1,,inf,2.258906971629646,7.238398944358917
AC114801.3,-0.4116105868121107,1.7385244136815516,2.9885725491062356,3.3247154883741397
AC114810.1,inf,inf,4.305660377358491,4.134443211246763
AC114811.2,inf,inf,3.412112591705345,7.025452912112591
AC114812.2,inf,inf,1.4663819542921215,2.123704778550935
AC114812.3,inf,inf,0.0,3.8290700392136494
AC114980.1,0.5667874564141425,2.034843494516133,1.6578851011441063,2.5734329562098024
AC116096.1,-inf,inf,3.6804037069566005,1.9590765922650593
AC116158.2,,inf,1.3305583129879537,3.398419767660237
AC116345.1,inf,inf,4.582279544716954,3.8976946080022254
AC116347.1,0.2853035493296483,0.6881319216862062,5.5071432109909955,4.410173880974923
AC116348.1,-0.7074600572445231,2.568183647863021,2.358587508636846,2.591070439138104
AC116348.3,inf,inf,2.4983525535420097,3.150779962932455
AC116348.4,0.27620631898651987,1.4949936326115816,5.541835607646799,6.240570478306117
AC116351.1,0.6038192619762923,0.9836763358689405,2.089134984210328,2.0616819362925742
AC116407.3,0.17991859415377642,2.5218990735383895,6.6369669145361065,3.9831168325884274
AC116562.1,-0.24772189022247,2.947979841178231,2.4439769881026923,1.1520477849092048
AC116609.1,inf,inf,1.3861157323121351,5.185683344842739
AC116609.3,-inf,inf,5.605655714256222,2.6889740557343114
AC116667.2,,inf,3.734119170285652,3.5595514255657754
AC116914.1,-1.4531557095141632,3.51964441501006,3.4333161791066473,1.9954257690077366
AC117383.1,0.6529601366465287,0.8103612449461352,1.4491700690225693,2.0431369955907717
AC117395.1,1.058375449392907,4.006758374367879,3.2084205238071517,5.676305365950875
AC117402.1,0.8280279151356209,1.9701296061670248,2.0430789739204553,2.459463213177434
AC117470.1,-0.4119372349882421,1.8065127389985085,2.5123579537880714,1.7346104253945114
AC117498.1,0.8425232222697092,1.9110256748240533,2.833721131322024,4.682079016460452
AC117498.2,-1.8878200903900413,3.2895057245102417,2.2411117055447467,0.8740157981143183
AC117498.3,inf,inf,5.782024987107965,4.088380760395669
AC117503.2,1.259006023774591,3.347286175768776,2.223297455982973,3.7844519641061054
AC117513.1,inf,inf,6.05894879488917,5.510695963604685
AC117529.1,inf,inf,2.9774768241155325,1.5498139622879483
AC118282.1,1.9699526450543203,3.859301065206039,4.027772651780772,7.439562847652439
AC118344.1,0.37034330268948845,3.2184110058837696,1.369736628190538,2.110047146805398
AC118469.1,-inf,inf,2.7960170835085902,4.191659656388521
AC118553.2,-0.27969581659197706,1.1092232316430248,2.684361569928932,1.51648821114264
AC118658.1,0.41358800852883926,0.7881600516152644,1.995640274806353,2.8418790768324533
AC118754.1,inf,inf,3.824379102079139,3.8136538860852056
AC118758.3,0.6289474722708044,0.9969178793125295,1.4655561945448572,2.4734842260926717
AC119150.1,0.8864451425580481,1.169991370230385,1.2867497223043542,2.179229103364251
AC119396.2,-inf,inf,2.432684037252343,1.2056469851109266
AC119674.1,0.7465550058802342,1.0820776105291925,2.0316540464831268,4.301179585941262
AC119674.2,0.12020525129934251,1.586063761339571,3.051858345764725,3.6971606937070054
AC119751.1,,inf,5.580832821652825,18.74747558499648
AC119751.3,1.5362511870343942,2.811999382861517,25.89294824208394,50.950917052260266
AC119868.2,inf,inf,3.882404224170546,1.013792706397118
AC120024.4,-inf,inf,2.810954865048764,2.6326831481061466
AC120042.3,0.6082545327627412,2.0658789365411203,2.2566717791411066,2.6918930762489066
AC120053.1,0.8143504121577931,1.201689570112816,1.8499644342772172,3.1956031989104923
AC120114.3,0.6041440447058396,1.627624145396251,1.725174088506687,2.326257104652321
AC120338.1,inf,inf,5.7473954963116345,4.166591173806134
AC120349.1,,inf,1.942718115956986,3.0490036651206127
AC120498.4,0.24183251348358065,2.0290147495733577,1.3581605311238345,2.023918343320135
AC120498.6,,inf,2.8743768228256696,1.4186591614396473
AC121761.2,inf,inf,4.206596627777824,3.750494809717478
AC122108.1,,inf,1.6570354598118169,3.9010580846229796
AC122129.1,0.19196410727033383,0.4172717213297015,2.143678405655155,2.279390328191589
AC122694.1,0.10945373758717955,1.4728955298320656,1.8928350084880492,2.4967071757699872
AC122710.2,0.9084884341920465,1.2884303366858516,2.56770753224689,3.9700969276379947
AC122710.3,0.7861571342417695,1.4421563625968077,1.5299346460662775,2.174481338554109
AC123023.1,-inf,inf,1.8018426654688202,2.1252660976895887
AC123768.2,-1.1863920691722967,1.9000311746074765,3.708189183080962,1.0585481824029486
AC123768.4,1.3078062454801405,2.2089701691444557,3.5544751181623866,5.7825473402173575
AC123788.1,inf,inf,5.081791799455195,4.13981519397511
AC123912.2,1.4199980023938412,3.614178119728402,1.5439757936563652,3.2494699597028966
AC124016.1,0.41463471658261053,1.2777399612894194,2.309110955585798,2.7894821782992527
AC124016.2,inf,inf,3.9716104601706776,1.2895521773728837
AC124017.1,-inf,inf,2.944827707578051,0.0
AC124066.1,0.1623459895657159,0.8496674701817432,2.0359932925626354,2.6020102584336158
AC124068.1,inf,inf,3.2727990427393485,2.908239279175532
AC124276.1,0.6306101875503456,0.9865489730187037,1.8802423600451612,3.478141768892159
AC124319.1,1.5130347568235076,2.1330318826851475,2.462713661883968,6.588378041172801
AC124319.2,-0.4153140891713323,1.337496572002322,2.3688734122707236,2.150485497308047
AC124319.3,,inf,2.696270387671252,1.371845300402566
AC124319.4,0.21900554800352814,0.7179349667914905,1.4584099505521202,2.0070837184043286
AC124804.1,1.1319911665115991,2.4786219040176123,1.5766808261315366,2.732532591182071
AC124893.1,-0.13202762417113573,0.6326861726315682,14.454022939677143,11.88105352591334
AC124944.1,-0.14137742459336045,1.1024892582050316,10.5355938844701,9.92504676961158
AC124944.3,0.7331335211591052,1.4362056261275922,1.8022660278495715,2.48540557360636
AC124947.1,0.6136563620303513,1.4496019961290232,1.6715123437788584,2.428834728806255
AC124947.2,0.05846513189794411,0.8450560338022544,2.6067392118668375,2.412068252210882
AC125437.2,inf,inf,4.082844321712116,4.157979519042689
AC125494.2,0.22009218378384107,1.0738618122286279,3.0220763848814047,4.436612005745505
AC125618.1,0.7678443750613144,1.577465244964228,1.715942828068114,2.4683750557161863
AC126118.1,0.32038855077991496,1.442110550429709,4.150295844058007,7.599276476866094
AC126175.1,,inf,5.437294511886697,3.816788905749452
AC126177.4,-0.21235227816414065,2.2414142652367266,1.817225705758331,2.0600777634785468
AC126177.6,inf,inf,0.0,2.72756079587325
AC126178.1,-inf,inf,1.238823591142827,2.549445552174065
AC126323.1,,inf,3.0405527638190954,0.37092127303182576
AC126323.6,inf,inf,0.0,17.303251073865074
AC126335.1,1.106647173168613,2.83836461666352,3.1665040194200813,7.443508545079719
AC126365.2,-inf,inf,6.003234158367722,4.428132759550046
AC126544.1,inf,inf,6.361667378896285,3.854309553326254
AC126603.1,1.510241681489278,2.4523565959440163,9.361207323107372,15.47909450766947
AC126696.1,inf,inf,2.903543850414979,3.4410813204870623
AC126755.3,-0.249639169866543,0.8195943452562987,3.486050659719846,3.048405458945173
AC126755.4,,inf,3.9294145742358078,1.1921056222707425
AC126773.2,0.46470727355867636,1.1314102284469796,1.8831627545432064,2.6473188311917744
AC127002.1,inf,inf,2.3426026886646207,2.082041197392852
AC127024.1,inf,inf,2.5651696479724997,2.5569975810045196
AC127024.2,-1.0331017553110275,2.6529190882249005,3.1805264619628404,1.9376364129914596
AC127024.4,0.6876941113327464,2.5418963020828995,1.9211239118054886,2.399898140622951
AC127496.1,0.4452456432237961,0.9614491401518537,3.520314895624484,4.3105122459409495
AC127496.3,-inf,inf,2.7773907851527513,0.0
AC127502.3,inf,inf,2.2742864825413895,2.1870856220950334
AC127526.1,inf,inf,1.490606362840685,4.833519916953327
AC127526.2,0.10119930189959851,0.632213199882316,3.945831412915451,6.115805465936054
AC127537.1,-0.14645332721172713,1.3250179808386144,3.0408927304731628,2.8922050285053724
AC128687.1,-inf,inf,2.458554168803784,0.0
AC128688.2,1.2457945306179632,1.6324046356659698,2.0687748685207024,3.551713627187316
AC128689.1,0.3457049937719965,1.2215164366632492,2.2176713160863377,3.4919067462488345
AC128709.1,inf,inf,2.3359367404478726,3.32427001976861
AC129492.4,inf,inf,1.2188757091284168,3.6711191335740074
AC129492.5,inf,inf,1.4979038084738179,2.6883841380323616
AC129492.7,-inf,inf,3.624318590897403,4.810896117253793
AC129502.1,-0.9819459837655782,1.858926262372286,6.024686740228166,2.5789788666541984
AC129507.2,1.3201802607296271,2.9037801828861216,0.8580475667376948,2.633763251584896
AC130304.1,0.7578127290391715,2.1519140415307394,2.5427787149051544,3.5346032846602022
AC130343.1,inf,inf,4.995988963261969,2.790749067497828
AC130343.2,-0.33219023899434014,1.606357952323547,2.2711579204801917,2.0016561088619103
AC130352.1,,inf,3.7340557744771146,5.362715974537739
AC130456.3,-inf,inf,2.966630571851527,3.037817314545754
AC130456.5,-inf,inf,3.3083454056511186,2.7322154579479747
AC130462.1,inf,inf,2.647891493999398,2.9928814632179157
AC130689.1,,inf,1.3817548608589443,4.060929917802793
AC131009.4,1.0106240494534025,2.2056453955790225,1.2730351821807395,2.2560306769483356
AC131011.1,inf,inf,0.7838120170161351,3.7109915800337303
AC131025.1,-inf,inf,5.492308454643557,9.768747109476513
AC131097.1,inf,inf,2.5943387149537207,1.5740518021051821
AC131097.4,-0.126281227189485,2.146336188357926,2.0404162148478675,1.965878392419268
AC131159.1,,inf,2.723616700369306,0.7611079467183927
AC131159.2,-0.6924554592410944,2.2575712213847616,2.0185221383401926,1.4226650535958625
AC131212.4,-inf,inf,2.5187454708214334,0.8516773946033507
AC131235.3,-0.2033588531901349,1.1496749634044576,2.697224342043048,2.8504720663817924
AC131254.1,inf,inf,4.95972939177274,5.09727788643432
AC131281.1,-1.6959665983794379,2.8267524335342085,3.3066702026507633,1.5459667282002452
AC131281.2,,inf,1.1672657740888293,10.027724724105672
AC131392.1,0.6702712262274059,1.6493627501361117,6.584969885393995,10.179757547084314
AC131571.1,,inf,15.233077786088256,13.912163425579655
AC131649.1,inf,inf,3.077135080737386,3.921298202278029
AC131934.1,-1.1173616471270809,2.1286456477120645,3.703979758748781,1.3044366373093315
AC131935.2,0.40517087245954425,1.230791456360868,2.023708838258809,1.7632038180888456
AC132068.1,-1.068063635312026,2.0224447371832928,23.816494274104173,12.712897118581457
AC132219.1,0.8367021211437566,2.559808731218559,2.806968934577931,2.4050823593308923
AC132825.2,,inf,2.7960413958349264,3.3931414782527414
AC132872.2,-0.2864225819521476,1.1620490890636577,2.9005674510489867,1.761673131733015
AC132872.3,-inf,inf,2.959383430228364,1.38838557971119
AC132872.4,0.10443409778288755,0.3449539883268831,2.309072993546891,2.9294408593840564
AC132938.2,0.2686164161051279,0.4512805941443739,1.490232736909661,2.0375256978607754
AC132938.5,1.1399595446443829,1.9421864116131708,2.9585962965531594,6.60717109369582
AC133134.1,-0.5423430075774631,1.2227255278015787,6.772268498747452,6.870345320225238
AC133435.1,0.3148219928221156,1.5696797943729572,2.6417330485998063,2.1656642689908727
AC133473.1,inf,inf,1.5397214001733774,4.556250560487849
AC133485.6,0.136234364643731,0.5483028765772596,2.277131272444757,1.8020076491398884
AC133528.1,-0.6193093284913195,3.1731816621764057,2.1071334091318445,2.7464089517291073
AC133539.1,0.4582637985285858,1.201923019989259,1.5198500523640266,2.2513025098483257
AC133539.2,0.2665648278727637,1.434320744784772,5.205224792160714,3.5593930525292357
AC133550.2,0.016684891834004248,0.5580997918967482,2.0607134707982864,2.0918176304360125
AC133555.3,inf,inf,3.4998895599917743,3.7516585042614614
AC134043.2,-0.4029980769810889,1.2738079934785134,3.34527545779945,2.6604762151787105
AC134312.5,0.3158012855689107,1.2136574479138278,3.4589928392798894,3.8621600211249008
AC134312.6,-inf,inf,2.109019509655995,2.5817185101238054
AC134349.1,-inf,inf,7.6068713189362835,3.765791285280844
AC134349.2,-inf,inf,2.1125646293047735,0.850085980057243
AC134682.1,0.023757235575687874,0.38105494036538545,3.1294977585591304,2.789969056214544
AC134698.4,,inf,1.3424659130637457,2.7604475002913413
AC134878.2,0.4697347889625323,1.325149943599772,1.9363965328930188,2.6026470339466106
AC135048.1,1.2816392832193042,1.4446010295056106,1.8400334806651428,4.921361726889931
AC135048.4,-0.009303034779686643,1.167424878784656,1.4987000937971533,2.540139064475347
AC135050.3,0.16078403734717228,2.9443674366390287,1.4455256703989827,2.2147459893523993
AC135178.2,,inf,9.185709553778452,1.902096247574883
AC135178.3,0.2035836912206765,1.0298453346168888,2.188147737275961,3.5232121878507643
AC135279.3,1.345396210437074,2.3703453541595105,2.6814112236832655,3.293727096356974
AC135388.1,-0.8792752629803304,2.7352685488706925,2.1824696255888916,4.189890900074386
AC135506.1,-0.559620084943883,2.007733122455814,3.180573217648858,1.9037232586964572
AC135721.1,-0.14497945865052414,0.7717276761166754,1.8385460161259217,2.0667084626016856
AC135782.3,-inf,inf,2.0506398110416075,0.7669426635865757
AC135983.1,,inf,7.269558832718865,9.336546272573893
AC136443.4,1.1731492579172034,2.6445488379775677,1.1831130854157739,2.5374474641479843
AC136475.2,0.40343023163790886,1.0480541560994774,2.07597131096555,3.3664748294830673
AC136489.1,1.18253249196055,2.25891084439396,2.2658134137056174,3.6286676660510535
AC136603.1,inf,inf,2.0102081199366797,3.136162584970668
AC136604.1,inf,inf,0.0,13.11933190539124
AC136604.3,2.020340027828763,2.1603974928047887,1.1030175542277956,4.930907687186818
AC136632.1,-0.2647059533593968,1.0040176899806263,2.804429618120611,2.384632667672013
AC136944.1,0.4595245682464034,1.8238909710844702,5.049792137851164,6.477065053971453
AC136944.2,0.6472680825238533,1.9985791628989757,2.2361855575987586,2.96482647990923
AC137055.1,inf,inf,0.0,4.376927955002895
AC137579.1,-0.48066424807034974,0.8665847513921167,2.5776612676715662,1.4137019005711073
AC137630.1,0.30439035091082844,0.9118554425408846,1.5227132583847531,2.5805826551072157
AC137630.2,0.22390036127718468,1.2659109564475004,1.401739207614039,2.0110542681901076
AC137630.3,inf,inf,3.5894567519885716,2.2840631378031184
AC137695.1,inf,inf,2.699192119410157,3.1253366169124344
AC137723.1,0.8896952871170702,1.3869456784092724,1.1586506302613653,3.0301543681951846
AC137834.2,inf,inf,1.5541993989560816,6.601966573522434
AC137932.2,1.258530633639333,2.888127691402133,2.7676310567752673,6.411873519810536
AC137936.1,0.1748551969788256,1.4082660240793388,6.111006896551724,6.276101149425288
AC137936.2,-0.09508205188577157,1.9059326445667701,2.1369259032455608,1.6677538917716828
AC138028.1,inf,inf,1.568894917336336,2.9301709576700614
AC138028.2,0.462154241641266,1.927002141695554,1.1907177864484202,2.131590216977541
AC138028.3,,inf,3.00290046894662,1.4264714258840245
AC138123.2,,inf,5.750328485342758,7.602283539486204
AC138150.2,1.4578201677452396,1.8932116009165223,1.7841358588867384,4.4892877362155925
AC138356.1,-0.36756478052822167,1.1382874397109746,2.2163099061349945,2.1083858251436918
AC138392.1,,inf,2.3896457332860344,1.1177793867707249
AC138393.2,-inf,inf,2.3673922720491145,1.1760479476797803
AC138430.1,1.4853991295073532,3.055817548972104,1.2028740490278953,2.3357283741899133
AC138466.1,0.7042173145780666,1.2912598899622354,1.7504156887704363,4.2662794860575195
AC138623.1,-inf,inf,13.444414406258227,2.7797379440691765
AC138625.1,-0.110957620344702,1.2242573665750776,4.904800676747383,3.7882838109337
AC138649.1,-0.5347826096329139,1.369915187205323,2.986179658242603,2.1699796632027977
AC138655.1,inf,inf,0.636221677622557,7.061435560785286
AC138761.3,1.1836415860976426,2.686846263121997,2.303167816644979,3.9875452428076232
AC138811.1,inf,inf,0.6802853733320391,2.018202684724704
AC138819.1,-inf,inf,3.225678282383529,0.0
AC138894.1,0.2200589930492287,1.3692374387308779,2.2233319456534075,2.94461643265337
AC138907.9,-inf,inf,3.3942740359620664,1.3813126333339312
AC138915.3,inf,inf,1.7431260575296108,5.787154540327129
AC138932.5,1.4205361579222082,2.97000823697997,1.1731965487114033,2.2886260204827993
AC138951.1,inf,inf,2.975030316392901,3.108973652298534
AC138956.1,,inf,4.091279855216538,1.8013475737724418
AC138965.3,-inf,inf,3.0953492506138414,1.2641661204128567
AC138969.2,0.3126208925087574,0.9734414430490969,2.7047646886875185,3.5543213485335676
AC138969.3,,inf,3.9294145742358078,1.1921056222707425
AC139099.1,0.3672245684556604,0.623695713431227,3.483129080141981,3.8991540481534197
AC139100.2,1.1775215792064917,2.3433475397900763,2.060319040252963,2.9654394944940083
AC139256.1,1.8679903021173492,4.86174569414445,22.643992832356783,33.091033007040735
AC139491.2,0.16739244653605304,0.7757818804109216,2.270292804250749,3.5495873608049293
AC139491.5,1.0159815953314872,3.9991162906137294,2.8657588633154125,21.36440861680252
AC139491.6,inf,inf,1.464269085355633,6.217514387350307
AC139495.1,inf,inf,0.0,15.09522842639594
AC139712.3,,inf,3.7783407407407403,1.5916740740740738
AC139713.2,-0.1381541602744374,1.3630974931191284,2.5576524672732894,2.101356584543014
AC139718.2,inf,inf,1.6570375429836546,6.091584624805691
AC139720.2,-inf,inf,4.0569104635538045,1.4231056352199627
AC139749.1,0.6591326968261281,1.423081381145023,4.6311081547961805,8.522536385838814
AC139887.1,-0.5235297535682533,1.6282784583594683,2.105108254109133,1.5775293072647312
AC139887.4,0.4162498840957702,1.0043239458908995,1.7022968967921897,2.2175042131566713
AC140479.6,-0.11184645422609997,0.35886730927894295,8.378459223357892,9.015981160468254
AC140481.3,-0.0858516912732807,0.6484016856548632,2.302577968920688,1.9447090702122147
AC140504.1,-inf,inf,3.5153336484184807,5.670016675732796
AC140725.1,,inf,0.9256763602154425,2.2279941280458178
AC141586.4,inf,inf,1.4950323121303444,2.141605292420751
AC144522.1,inf,inf,0.6166459037256783,2.1844152468698748
AC145207.1,inf,inf,3.5017160202128212,5.329898418501975
AC145207.7,,inf,4.3981592953998225,4.144531745025978
AC145207.8,inf,inf,3.175416730386909,2.3396467349747665
AC145285.3,0.6457169725979256,1.067874011636352,3.248505144021148,5.227195221038417
AC145285.5,,inf,1.4488160456377055,10.698721721676401
AC145350.2,inf,inf,5.526995047245558,7.201009144846938
AC145423.2,-0.43147176148400557,1.7380955134960192,2.1798684627251124,3.152876544315656
AC145543.1,-0.05166432391598701,0.1696485493007393,3.1991200586627557,2.9766765548963403
AC145676.1,inf,inf,1.4600387763894875,3.049080855952894
AC146507.1,-0.49453717610557507,2.5201200184630386,3.61184508495987,2.2128079121285413
AC146944.2,-0.026368643227756366,1.0017129542389844,6.19682293875699,8.245761123659783
AC147067.1,0.11912056373514365,1.4567608199354465,2.517042315142129,1.5842451529946777
AC147651.1,0.8567195466656167,1.132395859079244,2.0882787188864604,3.071010084673696
AC148477.2,0.1512922098237522,0.5236389886330342,3.2770080842542457,3.9353704665133864
AC148477.3,0.6119920424883014,1.502591847615744,2.0706286912897647,3.4671904149710495
AC159540.2,-0.13037520973240657,2.2566382817173825,5.079010507002812,2.785339035613874
AC174065.1,inf,inf,2.638138138138138,6.466666666666666
AC209007.1,-0.13727103281636618,0.7092605297375147,1.5892326761736832,2.23335310700141
AC211433.1,0.8325310005710551,1.2409259148260368,1.3643191352540438,2.726569427415587
AC211476.2,-0.4411678107312598,1.1065271303303104,2.5442531558095434,2.0803011097501556
AC211476.3,0.8076720647669879,1.7309947825775032,3.56879332188197,2.451867430861465
AC215217.1,inf,inf,0.0,2.556999851528146
AC215524.1,0.9647105690899047,1.0580145324091663,1.8375290020733317,3.464229905727061
AC231533.1,-inf,inf,3.4020055460631355,2.755048878182684
AC231533.2,inf,inf,1.3400326202703978,4.236463261757451
AC231981.1,0.4059349114603566,0.6919923714112111,1.8037042053932393,2.862059767432167
AC233263.6,-0.32234456306126297,2.5051969773525604,13.738933200398805,11.587437686939182
AC233266.2,1.0066133182371781,1.1952563123020463,1.8121311624878726,3.0088781047201567
AC233723.1,0.14452323138854128,1.3873664010828763,2.508823817571705,2.289864913288138
AC233723.2,0.39765412616555923,0.9035429805607974,1.7388528516240835,2.1223809466501384
AC233992.1,-0.45790321767047915,1.6773517856961613,2.0096388274151558,2.97765764277189
AC233992.2,-inf,inf,1.9560198126076165,2.2520013864352957
AC233992.3,0.23723415488785582,1.349725906024422,3.5586602663213966,3.3419822934494023
AC234775.3,0.11049795639956217,2.003562422826515,2.818936758858119,2.8264493688340107
AC234778.2,inf,inf,4.000600550690419,1.1529005484629844
AC234781.1,inf,inf,32.49598947721352,35.576070977226415
AC234917.1,inf,inf,1.8660090575890012,4.044480075490487
AC239584.1,0.04122289960547696,0.9519895327774226,4.018112291628503,3.407920406667887
AC239600.2,,inf,3.0657368235080646,1.3415096501867005
AC239798.2,-inf,inf,4.940122539918307,0.0
AC239798.4,,inf,3.7627224984895657,2.4322628619231303
AC239803.1,0.17856868629994488,0.9682374134762606,1.6619697131009443,2.527466092700258
AC239803.3,0.6205606743289998,1.4333746449440001,1.662997987339662,2.352654987163776
AC239804.1,inf,inf,2.4213309776891827,1.4527660415298513
AC239809.3,0.15876613829797112,0.5668788672763401,1.452033099966105,2.1276195373952476
AC239859.3,,inf,3.0376883125816883,5.57685560982321
AC240565.2,0.45324792376438944,2.5429689875630617,1.2451049853660825,2.7555029452225486
AC241377.2,,inf,4.340510057924275,2.8410505643788233
AC241584.2,-0.5875134935768404,1.8801343532164365,2.2658268049968235,3.005743171712894
AC242842.1,,inf,3.4698231009365244,1.7411093723935782
AC243547.1,inf,inf,5.823037072527999,3.6029601125950768
AC243562.2,inf,inf,2.8647002425131127,1.3053973267159213
AC243571.2,inf,inf,2.41833480198214,6.744421215613104
AC243585.2,,inf,2.295615683720273,0.7350890478413892
AC243654.1,inf,inf,2.4108675782777276,1.8570559924958665
AC243756.1,,inf,3.145759458668141,1.7178096229545528
AC243829.5,-0.2068810222018757,1.7472015670100698,2.078838194336995,0.9403638292699099
AC243965.2,0.22833954460180267,0.37985530196679407,1.9105173286111812,2.417132557551226
AC243972.1,,inf,5.3657162855809615,1.5543443770415306
AC244021.1,0.6796520665890367,2.219246831280266,2.241215610047847,3.054270564961355
AC244034.2,,inf,2.491014970545317,3.82098848835324
AC244035.2,inf,inf,0.0,6.805871028959193
AC244093.4,inf,inf,7.010089761760141,9.576921779037594
AC244100.3,,inf,2.630917962965575,0.6784661598995867
AC244255.1,,inf,1.8094827691967954,2.9506446982615846
AC244453.1,,inf,1.1927644250900258,2.6244284398291597
AC244517.1,0.5136912661023099,1.3430560740079944,1.7269323265965464,2.23940430706682
AC244517.11,0.3283595397321197,0.5154270058210181,5.063888118337482,6.969815800186614
AC244636.2,,inf,1.7224684141052236,7.334315481802753
AC245033.1,-inf,inf,5.896241453081085,0.0
AC245041.1,2.076456024351245,2.536260955861813,1.6705702898194164,6.3874034345323025
AC245041.2,1.8231221324371896,2.3852335348737967,27.293584487067875,58.067553146676396
AC245052.3,inf,inf,3.2792061689020926,2.424057407488313
AC245060.5,0.9264113623625785,1.223451963414403,1.90399155558089,3.0270025976564088
AC245100.2,,inf,1.3408357075023742,3.1626464070908518
AC245100.4,0.3771609808351708,0.5639621720552761,1.5497901413611304,2.0547146339376416
AC245100.7,-inf,inf,1.5267759420440925,3.3700617605670504
AC245128.3,-0.6351677937300647,2.234222204844945,3.052633148561105,1.8862852316258738
AC245140.3,2.2298102480241377,2.8577882563443104,2.3992548138407908,9.928542123359982
AC245297.1,,inf,2.0316241063536826,1.641402055161052
AC245452.5,inf,inf,0.0,2.657451691456001
AC245519.2,-inf,inf,2.286243147007291,0.7353278839088906
AC245595.1,0.5803834216722965,2.0228044664278597,5.665424897841212,6.315060375770331
AC245884.8,-0.15868425683895312,1.411559468395549,2.6978271746883418,1.5289905216129227
AC246785.2,-inf,inf,2.82730287749249,1.9641004381255294
AC246793.1,0.7999986319841881,1.220559598851856,2.869144074686703,2.6161793153718915
AC253576.2,-inf,inf,8.806532111243644,2.8677569213384393
AC254562.2,inf,inf,5.086836050983225,2.8550353490402864
AC254562.3,0.6619446568393457,2.2168197843791044,1.7432545470144132,2.6042286280790057
AC254629.1,,inf,3.618096207686434,4.163018579791296
AC254633.1,inf,inf,1.2667542461945283,7.65321558124555
ACACB,0.0733152116122837,0.5599987864477658,2.09352353718543,2.3043783470051724
ACAN,inf,inf,6.740141487905068,5.609082610680056
ACAP1,0.1035722544607092,0.7659427371127038,1.9703398776203975,3.1778551031148674
ACBD3-AS1,0.41934988490794745,1.5140953365658678,3.050505158955969,3.0242325985892053
ACCS,0.08508166305873588,0.3597826700216816,2.0458246253991783,2.027122637636449
ACER1,inf,inf,5.001445651324529,4.950339923419551
ACER2,1.7523481449040386,1.8776355278455878,3.067459723858843,9.394108353903363
ACHE,1.7244175192988624,2.1566455100070523,4.636673702911553,19.752589707466647
ACKR2,1.2767681522309662,1.6354686583814206,2.800019517238471,6.395619698696041
ACOXL,-1.2336910275160278,1.5314727295091253,2.4848218765679877,1.1274376518933584
ACOXL-AS1,,inf,0.4915535288630946,6.1069929526375795
ACP4,,inf,3.2709527561194274,1.0444456518786167
ACP5,inf,inf,0.0,2.244023290515116
ACR,1.7374133461991728,3.7550966856898986,2.267177301459839,7.81087981551259
ACRBP,0.5193191889529586,1.3787583756991408,1.105514228793888,2.87482865132601
ACRV1,inf,inf,4.122179798681014,5.93335647344672
ACSBG2,inf,inf,14.284414748027691,18.557237159877637
ACSL6,0.48964948109455486,1.2409089572010537,2.542339760291819,3.067808754559666
ACSM1,1.0296030870438713,2.1070737052560204,1.6838184509126788,7.25416872224963
ACTA1,-0.20897350954076005,2.8817201994389117,2.9024147086011562,2.664445256572866
ACTA2,1.2030192518239324,1.4588893381913024,3.9329274157721374,10.811485806483727
ACTBL2,-0.19831495391318713,0.7147907491134214,7.966307448494454,7.5664659270998404
ACTBP12,,inf,3.930196728315542,1.2379512807731894
ACTBP14,-inf,inf,2.7571207747039166,0.9491657384465004
ACTBP6,,inf,5.707580463015246,4.193690005646528
ACTG1P1,0.6753260747012844,1.4822574005199054,2.2220783802995947,3.303001136322363
ACTG1P10,-0.3900272420428915,1.3067037008708073,3.635004846197011,4.257460592766414
ACTG1P12,0.6507175579203487,1.2362228775768924,1.3057162287102766,2.053486968282228
ACTG1P16,inf,inf,2.1574308662605794,1.6081612851059244
ACTG1P17,0.3836892029129677,1.159882548955138,2.3465354620562215,2.127166326587827
ACTG1P19,inf,inf,6.424835897987731,5.66969762186592
ACTG1P3,0.3933773431751414,1.3240484000792894,2.7326486290833407,2.5262570506439834
ACTG1P4,,inf,2.5436050681329188,1.8173878396684995
ACTG2,-0.35459022373553956,0.7880351938327204,2.275900694900824,1.677447001673453
ACTN4P1,-0.026370084757762813,2.5139367437302065,5.232041814519996,1.760501582430229
ACVR1C,inf,inf,5.665060572687225,8.637802863436123
ACVRL1,-0.4132149614934876,1.8883642908529865,2.6477961753731343,2.410331156716418
ACY3,-inf,inf,3.0311810738133365,1.0461068979061545
ACYP2,0.4379776628348771,0.8957442473123113,1.4298210038880008,2.129707464694015
AD001527.2,-0.724596997105704,2.135019077494373,3.0001180868408093,1.8215199934988755
ADA2,-0.1206608224643688,2.586318489017164,7.363972895651228,11.734823841531625
ADAD2,inf,inf,0.9182489695734729,2.396036910109758
ADAM12,inf,inf,0.36811572918196495,2.7346306359230423
ADAM1A,0.4524631028259787,2.0634836685916804,4.618677089214572,4.378547629082408
ADAM1B,0.7533658886374527,1.8225123280957192,1.6509532717854514,2.6040123185812023
ADAM2,1.241526762721466,4.320003064165225,2.071461439352108,2.877622860298178
ADAM20,inf,inf,2.0725682133497765,3.5773855403113926
ADAM20P1,0.7128185015877044,1.2463089040112387,7.090073798934559,7.061336200576707
ADAM23,1.2133042326411474,2.7542911007325324,5.325815090218918,8.774719203369559
ADAM32,0.6093448694350646,1.5968494513386255,3.1882480232389483,3.877415333471847
ADAM5,-inf,inf,3.6368606057839354,2.8577526192052223
ADAMTS1,0.17157829662019747,1.4562795654694247,3.7412638921244836,3.927973360009865
ADAMTS13,0.3862989311775926,0.44514042494703104,2.971629160454445,3.7785748580789105
ADAMTS14,-inf,inf,9.013674075591519,2.8748335552596536
ADAMTS20,1.2054055237752257,1.526985996800399,0.9706535596191388,2.0112047328791682
ADAMTS7,2.5741270515829697,2.9757356982603786,7.219012595550897,46.28989193487179
ADAMTS7P3,2.579710529269678,6.175625563346327,7.813898109395296,274.394248809352
ADAMTS9-AS2,-0.039284517868047764,2.2443493794047646,2.327125198699851,0.6904197015350305
ADAMTSL1,0.6441705515178804,2.9193418906075115,12.420405929758294,6.846781414784624
ADAMTSL2,0.9694883843710327,1.375631194879214,2.085330369771671,3.5244695898161247
ADAP2,0.5045892197629959,0.7956269005178531,6.317066988513233,6.672305696046357
ADARB2,-2.4517773639180325,5.187313222214683,4.351234953672256,1.720681737901802
ADCY10,-0.9207632841629614,1.934622567142916,8.171713309884284,2.1376357241168376
ADCY4,0.9613474896474853,1.5175948607416707,6.670887948181773,6.77018921813638
ADGRB1,0.6575745918337284,2.446456691472868,1.9587026877057017,3.7918579179160563
ADGRD1,-0.050243853594160406,0.4791640510674482,1.9783979044475226,2.023385230923399
ADGRE1,-0.1391359849318642,0.8758028322739789,23.36973103171417,17.772982737856285
ADGRF2,inf,inf,5.972030130896518,6.829834527043715
ADGRF4,0.546188825627969,0.8781514265768595,2.513930505758466,3.8266852684870933
ADGRG2,0.011715298406527352,0.5187075939438406,1.8028352237609209,2.006844795616658
ADGRL2,1.0349399567394848,2.983386140542538,0.4716246896481171,2.409095916929966
ADH4,-0.7689100928174227,1.8305033929243157,3.2646614050753233,1.2990408157386872
ADH7,1.5769784345465823,3.571055221485897,6.020914229826574,9.86214218765464
ADHFE1,1.0764132887279936,2.091282714304189,2.093048291539756,4.215762537825916
ADIPOQ-AS1,-inf,inf,1.5259447535008632,2.042993477843852
ADIRF,0.18628701204783127,0.3839110354914576,1.6468521605157276,2.0399187178969305
ADM2,0.8010671296714111,0.9520016369394882,1.1440343342173713,2.164209507496283
ADORA2B,0.3113446500251686,0.6200204935882541,2.151088856346544,2.277171593109993
ADRA1A,0.719929978260983,1.359298786159943,1.0789320769532784,2.2197565763643503
ADRA2B,0.7689707340757082,1.318519605210521,2.4851022883843528,4.6283097705625105
ADTRP,,inf,4.038884734536908,2.629882847274152
AEN,0.7910820583166205,1.1077168264876573,2.12549094561742,3.0703290983436586
AF001548.1,inf,inf,0.0,2.483329863099266
AF001548.3,0.2603012213485657,0.784623615051914,1.3877703502517575,2.1577875712219985
AF111167.2,-0.8599722518605635,1.5723445526403195,2.7179401286934395,1.9400738476908255
AF111169.1,-0.1194534487611526,0.9082886055530227,2.8721078207792066,1.917228350535782
AF121898.1,0.3834276085270889,2.6566485249815313,1.6563921896252927,3.8884646454882517
AF127577.5,,inf,2.3562248674281867,2.8728079591150126
AF127936.2,0.5028383545812682,2.072477938509646,2.683968182427247,2.311804904194024
AF129075.1,0.9388718783543435,2.3517914877644213,2.098538616094014,2.748485855943106
AF131215.4,inf,inf,1.5073672250119121,3.7076384561815043
AF131215.5,1.44366644568029,1.7908136095500886,1.4576746805240581,4.585101432107122
AF131215.6,1.355801708770586,1.5126397782221879,2.063375171357373,5.823375643110463
AF131215.7,1.650072895846899,2.5594695078035015,3.4616612462339638,9.226283944212772
AF131216.1,0.5260024436743002,0.9385867345595676,1.7197971381996013,2.0541930809635938
AF131216.2,inf,inf,1.1911903414450102,3.769548198453122
AF131216.4,-1.5134653155395257,3.5472011895626196,9.356486748994035,5.308547245733315
AF186996.2,inf,inf,1.6838046395268518,5.4981984917565025
AF196972.1,-0.07911271941203887,0.9659428835343743,2.2454146273591857,1.7812361886366241
AF213884.3,inf,inf,2.293978335598369,1.472819569909665
AF228730.5,0.7293636523871018,1.935607762866958,0.8668986811827155,3.3162276705037295
AF230666.1,inf,inf,2.5809861628151998,12.55271475732247
AF235103.1,-inf,inf,3.6468759927988983,1.6925394472095734
AF279873.1,,inf,5.977420089854024,2.790591580271742
AF279873.3,-0.36162218137918606,1.2079980125468723,2.165463173149159,1.4667810899811196
AF287957.1,inf,inf,2.9897627918987717,8.313719703397648
AFAP1L1,0.012391647093903169,3.2584748512710284,2.462151170066324,11.318026529846076
AFDN-DT,1.613469778065226,2.634594901926948,17.1309301889498,54.518288311143955
AFF2,0.8226374184062214,3.1420332564973115,1.691366417403127,4.152787219578517
AFG3L2P1,,inf,4.410680199264398,1.2883979701103403
AGAP10P,1.3862139125279032,2.773205054120796,2.435810065898195,2.1297312472012018
AGAP11,1.1411583460156496,1.4699370136191288,1.3825374300506532,3.8297641620804557
AGAP12P,0.9485577085533438,1.9464451049382627,2.693475517727689,3.7390108122819603
AGAP14P,0.4234788418900684,1.9035082351100083,6.393387216801719,8.232656689267404
AGAP2,2.1358980151193023,2.7483049647811346,2.6644281848250975,17.834551286139938
AGAP9,0.48405378000630866,0.9964120997211112,1.8137974049956755,2.5646675942827573
AGBL1,inf,inf,1.3441235059760956,3.418326693227092
AGBL5-IT1,,inf,1.626078990352557,3.9887466888531353
AGGF1P1,-inf,inf,2.2558617613404963,2.848205108314101
AGGF1P2,0.6585180845736764,2.0368219696132783,10.70801698623086,15.46905160211041
AGPAT4-IT1,,inf,4.065823888404533,2.735832606800349
AGPS,-inf,inf,8.174898339545916,2.365511690952219
AGXT,1.1689356896526784,2.3642972353942207,2.228118755352555,6.874115044247787
AHDC1,0.5960017538664208,0.8082629363128006,1.4169666535824321,2.258246151963604
AHNAK2,1.7122860845466246,2.1733223307686713,2.368275410092632,10.106459753699882
AHRR,-0.5272873235101307,1.1047273177625403,2.3176618396406066,1.9384193141451027
AHSG,inf,inf,1.386751095957136,10.694748261966966
AIM2,inf,inf,1.5224209497806762,2.687582722944833
AJ003147.1,,inf,5.645637186899238,1.7126479680579125
AJ009632.2,-0.0014221556303092853,1.3354270523119534,6.659622475372845,11.936253737640564
AJ239322.1,0.031173079067708,1.4710180101167085,2.6153444819727047,2.2792194121792932
AJ239328.1,0.5117222158568205,0.7229581818876377,1.9343706363455018,2.84630868831946
AJAP1,0.6878013876016795,2.97634993558504,1.6483460287155907,2.0566097160260526
AK1,0.7522325220358579,0.9850773037014199,1.4596593706098449,2.88927803602855
AK2P2,,inf,5.519477559053341,1.261807282756379
AK4P6,inf,inf,1.4236622667613954,4.135856111879744
AK8,0.06265388629141411,2.07751155783397,12.129345651606656,5.035687948841097
AKAP2,-0.16993824935598018,1.6530845376858674,2.6534735946366146,4.009463860380224
AKAP3,0.8336628471074576,1.2273053960178035,1.5388240878236055,2.8086702745154852
AKAP6,0.12702928920007056,0.8678360156270731,2.5877687507722724,2.2401110527616463
AKNAD1,0.22405806926594574,1.1311826361345843,5.104534838056263,3.813837043467477
AKR1B10,1.723171799294679,2.4391652102721273,6.564037122239672,27.467695846878634
AKR1B15,0.38141112641953795,0.7843574094967333,2.7986578989920767,3.457117447313103
AKR1C1,0.17531176885861438,0.5087629995796906,2.920343992311844,3.6195909743157673
AKT3-IT1,inf,inf,3.685639917937224,8.494825887733063
AL008638.6,inf,inf,4.514179500796601,2.6892193308550185
AL008718.1,,inf,2.866492821205056,1.4645477972757392
AL008718.2,,inf,2.644951005673027,2.096070139247035
AL008723.1,inf,inf,5.065383891016385,5.158021533052922
AL008726.1,0.9742338691687811,2.6454165965543317,1.981434151382646,4.7337413393636
AL008727.1,0.5801983196252146,1.5654141666078758,1.4658820214646142,2.0897453958658847
AL008729.1,-0.9583269494054241,2.4660174057548496,3.815774534599761,2.8546391932191386
AL008729.2,1.552620852091684,3.8064073205471147,2.150012348452915,5.269379179208547
AL009174.1,inf,inf,2.9935166688703623,2.5929893901005245
AL009176.1,0.18338003946780015,2.0012152764021436,1.232452026527482,2.358937576553414
AL009181.1,inf,inf,1.9418905389621226,2.3031221610397314
AL020996.1,-0.42208311079797,0.8450504039284497,6.200913269408475,4.517491329341031
AL020997.1,-1.6164756271293121,2.2142825674459568,3.261823188968031,2.123410455470199
AL021068.2,inf,inf,2.1303641063037713,1.5863860572068822
AL021154.1,1.5129503603076606,2.0742214047084317,2.1540535823956026,5.735986891341775
AL021393.1,-0.492898005984281,1.8517841042604948,2.6176059955481215,2.437979927031334
AL021396.1,inf,inf,2.5804424110513926,7.621063385599432
AL021407.3,inf,inf,3.928634102255877,1.572945274592214
AL021578.1,inf,inf,2.188561929937848,2.5154824844620225
AL021707.1,-0.11631187032849909,1.0485166387908558,3.5794529828243515,2.947277533507791
AL021707.3,0.5872120574799822,1.1826949739762163,5.465290203023442,5.498865752574308
AL021707.6,0.1784687509979031,0.5094587104951916,2.0016941057062256,2.5455620081069728
AL021707.7,-0.42379078750528953,1.1836664813809987,3.146546512959398,1.6620898898147187
AL021920.1,inf,inf,1.1982824878798628,2.2602873359347284
AL021920.2,-0.0025173807274077586,1.9527351414312206,5.82805112216877,7.23210414386885
AL022068.1,-1.1108783085508387,1.6215366754696232,2.598975145658993,1.3665849182146335
AL022100.1,inf,inf,7.428201238781444,12.897105296422703
AL022157.1,-0.2916163245028493,2.4161412513715437,2.748562531793868,3.1413667123984523
AL022238.4,inf,inf,4.074409101624917,3.5893179893302136
AL022310.1,inf,inf,5.158993093784406,3.615031305953136
AL022323.1,0.6511194698674402,1.656006785833432,6.500875656742557,13.134873591090754
AL022323.5,0.5036229461181196,1.0187689463438883,2.3245880693000363,2.9440282916608638
AL022326.2,-inf,inf,6.615911637586041,4.539306867296302
AL022328.1,0.7425700292845034,1.4327858129569466,2.5655969734145097,2.359930888392755
AL022328.2,0.39859510713446716,2.8589009667279828,2.0349239225683102,6.012415358878355
AL022328.3,-0.22115244225144123,1.9942059677284405,3.5410234899328863,3.6295122243528284
AL022328.4,0.08317475028027799,0.4802283525240512,2.1545166566595584,1.9031988239922153
AL022332.1,-inf,inf,4.2723562253024125,0.0
AL022344.1,inf,inf,2.88018712639695,4.187213029541713
AL022394.1,inf,inf,2.7628500286544275,1.7236856839844803
AL022722.1,,inf,2.0398497243655678,1.3393423504451893
AL023583.1,-1.0133894592360333,1.6147730425229743,2.693547824418493,1.2166511133011801
AL023802.1,0.21045665485144316,1.5760184812732179,7.177867609903992,12.905381505811016
AL023881.1,-inf,inf,2.796036443679097,2.4011920930617947
AL024474.2,,inf,2.5070844479700254,1.2920995113882818
AL024498.1,0.2723628514532058,0.8468425020725945,2.195311205429874,1.9495141234780984
AL024509.2,-inf,inf,2.163791887057962,1.3085351018026643
AL031056.2,inf,inf,1.9204251044255272,2.588674456722889
AL031123.2,0.04772759534961986,0.29061209411995176,1.9175130350768745,2.0222381862044765
AL031133.1,-0.03679870275462124,2.32805246263653,2.673905157820794,4.516841511302525
AL031186.1,inf,inf,3.5004531763230706,2.3288560875550286
AL031229.1,0.6288816499820838,1.5989171363511245,1.7962587387161402,2.9821117040302285
AL031284.1,inf,inf,7.071736505934005,7.552860896554892
AL031289.1,inf,inf,1.4339446561244849,2.6394991518476316
AL031320.2,-0.43649520921237217,3.3505912139662084,1.8106415441298944,2.1647067445749575
AL031432.3,-inf,inf,2.287491284099615,1.278258885914244
AL031432.5,-inf,inf,2.7673353277418666,2.973476147230087
AL031587.3,1.6790595684052914,2.511758884744852,0.6672960901632276,2.198796182109273
AL031587.5,1.7038391394926604,1.881213539969196,1.8608531770107983,6.136204605699725
AL031594.1,-0.1482856562635796,1.5021369227302082,2.4735655688694367,2.0884396450694798
AL031665.2,inf,inf,2.7836689060519046,5.121070133797689
AL031666.2,-inf,inf,4.2141422920163025,4.136508031647087
AL031666.3,inf,inf,4.789290485901133,9.168659025384994
AL031709.1,-0.6111588922508362,2.4923372298672484,4.068133126039825,4.833040246856233
AL031719.2,inf,inf,2.0086733134828982,3.6400628202303884
AL031727.1,inf,inf,2.907572039575152,2.728023268126718
AL031731.1,0.5416921681210961,1.888526072612435,2.2244216485214,2.605058320768854
AL031733.2,inf,inf,4.041728563788698,4.063045932616316
AL031736.1,-0.2869902555525102,1.8337800576540837,2.335907133102217,1.073799768883286
AL031772.1,-0.1303224262778938,1.9901221561094737,6.027493052940158,6.284610608389402
AL031775.1,0.5221838648650905,0.854092219466392,1.9275898939956275,2.6128254645635263
AL031775.2,-0.007881590059915103,2.836360553775771,3.1172526807679968,2.1695794670553
AL031864.2,-0.002767385158114779,0.03422644045508059,2.1963114763910068,2.2404279616280545
AL031963.1,,inf,8.445172524400862,9.386579908048086
AL031985.2,0.5648811399129922,1.7001885802597307,7.370740421685897,11.706306223609328
AL032819.2,,inf,2.2602276409591706,0.5902665262475697
AL032819.3,-inf,inf,2.159681212437941,0.8101384896785995
AL032821.1,,inf,2.8889889002469626,4.676316003727057
AL032822.1,inf,inf,0.0,4.179270733617614
AL033384.2,,inf,5.593520853540252,1.2009893307468475
AL033519.2,0.20980916690099746,2.836367774522601,2.494513872533428,4.458772098082587
AL033527.2,-inf,inf,4.070378852943983,4.694945446448453
AL033527.5,0.07352214709925095,0.8597424772470887,3.6652963766602813,3.332776199079412
AL033528.2,-0.6847345278136433,1.4988712598168479,3.1311744132724653,3.3953506676613716
AL033530.1,0.5979694587417044,1.792564933084254,1.3740557132990563,2.7739835776225923
AL034349.1,0.6956165845370812,1.5275844608760187,1.0319591428995192,2.1390269065338208
AL034379.1,0.09463045767537502,0.35223960627240075,3.6863244985238226,3.3703137448424143
AL034399.2,0.5303610240095932,1.7414592302536593,1.7077448642699928,2.7432937454145274
AL034417.2,0.15026058552395838,0.5030007178554537,3.288131264764094,2.8018259592670627
AL034417.3,-0.4233247856910455,1.1619164111553557,1.8615650243571564,2.0068319737095064
AL034428.1,0.14217778957435387,1.6861165540968743,3.4309063687026917,5.121801092411345
AL034546.1,0.1273222188713399,0.9346378627262378,2.5389191544998906,2.402239049901939
AL034548.1,0.5552394970773735,1.344079683085176,2.5494040075080617,2.0325991048080474
AL034550.1,,inf,3.2902331920048455,8.491308298001211
AL034550.2,0.7883358528339771,2.1644092547563356,2.6637027919644,3.1285261569136344
AL035078.1,-0.10925524431106481,1.8010409406750125,3.765106994966401,1.7798234521064245
AL035250.1,,inf,1.500900988180585,2.786364076729316
AL035252.4,0.15748065805718658,0.9791244203060104,4.696858143100446,4.1529703918841605
AL035412.1,inf,inf,0.8055783864040088,2.1107193042924943
AL035413.1,0.9617078226895535,1.9805701235493616,1.3514706298121777,2.5675858299328063
AL035446.1,0.05345485258458976,1.2530665824874434,7.048442906574396,4.354116276679571
AL035458.1,inf,inf,2.945614356344992,3.0604816558470325
AL035458.2,-0.058821654536557466,2.5383107858965315,4.391578349634614,4.8933946643598984
AL035530.2,0.07237767040922045,1.8069432183274106,2.2846566698607513,3.1073263471222647
AL035681.1,0.7067470599745388,2.2339794678839118,2.2826282966413705,2.14157883592101
AL049557.1,2.2231129181276685,2.606677852310454,3.370632518218957,13.72223090746041
AL049557.2,0.4438526285273603,0.6720469423919136,1.3969649793452124,2.1447453603798015
AL049597.1,-0.33022410594982,0.6012103364975938,4.2635488693702115,5.535066876685266
AL049634.2,inf,inf,1.7408092257866865,3.003506718018295
AL049712.1,-inf,inf,4.342033917858791,5.5105849100138435
AL049747.1,-0.5890409519238828,1.4212630947808598,2.682460577209164,2.978561865091172
AL049757.1,inf,inf,3.271353972398359,8.80455054084297
AL049776.1,0.1816857200897039,0.7322565944595225,1.7375094388661743,2.4415282545752044
AL049780.1,-0.28032825226432373,1.7909940142696559,7.530788389836232,4.796709603366918
AL049794.1,-inf,inf,2.1914915040906227,2.834008810572687
AL049795.1,1.276082390054408,2.425455710367352,1.4999316729498635,2.6899643831694218
AL049796.1,-0.48713256333773086,1.3246892866697824,2.0372641928989004,1.1998851792255258
AL049812.3,inf,inf,0.8230236360109728,2.2383246972761786
AL049830.1,inf,inf,3.0682433978396215,9.809139461229995
AL049833.3,1.5287618532668847,2.6351032606740334,8.219938176197836,11.891190108191653
AL049840.5,-0.14750323207861077,2.2315068448390742,2.2903813617935924,2.165216431330404
AL049869.3,,inf,3.3230213790174146,1.1966869602152062
AL050303.4,-0.7144848788339624,1.0886067138123676,2.8506353296814195,2.376500703314104
AL050331.1,-0.14466382993997465,1.779888530740306,2.053132270840857,2.197077158977213
AL050343.1,1.9075021179012626,4.3458519495156525,48.485510626416584,57.441993233255594
AL050343.2,0.5210389775586547,2.027818948919014,2.568473646165577,5.892000123684467
AL050404.1,0.7002111316430919,1.889184119354541,1.4896288144311398,2.381156022345299
AL078459.1,-0.47725393684601924,2.8299005047570636,5.263981742182751,4.720051970281433
AL078605.1,,inf,4.4631642461117815,6.32397741753095
AL078612.1,inf,inf,9.257823373246882,6.792260169252379
AL078612.2,inf,inf,0.0,2.4605766527738733
AL078621.1,inf,inf,2.9362577691898344,4.841379363791829
AL078621.3,0.8782460657411926,1.046840869257648,1.4767105050105247,2.656334220894878
AL079303.1,,inf,5.069423076923077,7.6528846153846155
AL079342.3,inf,inf,0.0,5.235504927684628
AL080317.1,0.9397592849238279,1.3710740594891306,1.6421757886585164,2.554956816464457
AL080317.2,1.4358853283711126,2.070413586078643,0.9164572331368217,2.903560613818225
AL080317.3,0.5183115418618116,0.7719577366148694,1.5471946224941229,2.220537239556717
AL096711.2,0.00015134792338250547,2.54769783778322,5.505181502336169,3.0119803522223556
AL109614.1,1.563744413403754,2.588865833121381,1.521931258882643,3.214253981378072
AL109615.1,,inf,3.840709079630922,1.2939830968442272
AL109615.3,0.23788573851249273,1.7631671104663507,1.8992082098465075,3.477409651877737
AL109659.1,0.8605069360026988,2.0936270947548974,2.4803391217383397,5.814022053952956
AL109804.1,-inf,inf,4.9532886985319875,2.4083865395025956
AL109806.1,-0.04261395324322864,1.569930044955586,1.9663276243471917,3.0696024994868756
AL109809.1,-inf,inf,1.5000969689656212,2.4133980942365953
AL109827.1,inf,inf,3.6445399913765226,3.358700010779347
AL109910.2,-inf,inf,4.508209538702111,0.0
AL109917.1,-0.8937728309516361,2.623778460784455,2.7998404340194676,1.8256422530716454
AL109918.3,,inf,6.360984931024657,1.195919028702012
AL109936.1,-0.31721688022158656,1.980193121681078,4.381691488298373,3.501644462848467
AL109936.2,0.7080557244135843,1.0439855694926832,2.0365573885620845,3.7099997324620517
AL109936.6,0.5233885897481048,1.0165798320386594,1.6211510543040173,2.160948813185846
AL109954.2,inf,inf,2.9835088517797725,5.042277449934082
AL109955.1,1.1506394851642288,1.2415024215864185,2.2030440798576794,4.8679383277327535
AL109976.1,1.528472358729868,1.7765744412408306,1.3339924354227237,3.6611272634081247
AL110115.1,0.04709803200524178,0.9210908192701264,2.0630770529950455,1.7293518240504426
AL110115.2,,inf,1.4197546179115088,2.873729373567153
AL110118.1,inf,inf,0.0,3.9658776396470787
AL110292.1,-0.48367564366213867,2.3765447388342706,3.0889720647322036,3.1333598878861904
AL117192.1,,inf,2.4337804248933077,1.0988838343572667
AL117336.2,-0.12376366040415998,1.9007226402317015,2.227464690639747,1.353910803005338
AL117336.3,0.6597160381903933,1.0434896726593483,1.5075896043309487,2.0007711455776627
AL117339.4,0.4410307689225104,1.7493266368261609,2.2831487285419185,3.456549611795712
AL117339.5,1.8019147556916673,2.425154927802252,1.5296201753882042,4.584233544555147
AL117344.1,-inf,inf,3.105387466388896,2.532387781303748
AL117348.2,-inf,inf,4.84147961216629,0.0
AL117378.2,1.6845448862253878,2.2373775197605466,0.8492761820403502,2.4755748123089076
AL117692.1,0.6021558340029909,1.7500264335905185,1.7505238143105757,2.549378333720762
AL121583.1,,inf,2.3657176439858953,3.260539375734622
AL121594.1,-inf,inf,2.811574973837644,2.2898148345898384
AL121652.1,inf,inf,0.7659946617058276,2.0312563190035187
AL121655.1,inf,inf,1.6816436473716179,4.135768698405744
AL121672.2,0.669571876867085,2.4948841593762308,3.025270669366958,3.6438442886689186
AL121672.3,,inf,1.986572611395577,3.3155436322039438
AL121723.1,,inf,8.334622225659267,6.927422473126595
AL121748.2,-1.0273075754018313,2.1415848992362716,3.195605105095312,1.9788744182204336
AL121753.2,0.4551166623504163,1.3108060125952397,1.7064439662018358,2.1316687049331344
AL121772.1,0.6645370612443845,0.7702243596997231,2.6112696602364704,4.397022777857198
AL121772.3,0.40059270247853906,0.9102298621922602,1.8566088550585784,2.4174845538145853
AL121782.1,inf,inf,2.9287858001446554,3.8685313929335337
AL121809.1,inf,inf,0.0,2.3910287347787347
AL121823.1,-inf,inf,2.0743158010201284,0.5130943892941371
AL121827.2,4.356489746323512,5.723423305090907,7.754163243969831,93.8590471212008
AL121829.2,-0.4232478692424619,0.7885128295863463,4.3246372116981355,3.8559928250263815
AL121830.1,inf,inf,0.0,6.260818032062356
AL121845.1,-0.35700743940032686,1.3772845332012484,2.858073562186101,3.544359540914845
AL121845.2,0.27731194304827766,1.0060078895976066,2.9806318855241494,2.869306590558249
AL121890.4,,inf,2.132406682328374,1.4959074467688407
AL121894.2,1.3734319747841242,1.7222574122959955,1.702113388231895,3.541536570048737
AL121895.2,inf,inf,4.063454083678653,0.6892962170832776
AL121899.1,0.21062173664986483,0.8022399909458362,1.2756371781955371,2.1557094167327606
AL121917.1,0.6954260017092282,1.3332859801504926,1.1491221217692842,2.1745277177071323
AL121928.1,,inf,1.2795111009150926,2.7760571996635313
AL121929.1,inf,inf,2.2421654854410384,1.3620893665296363
AL121929.2,0.9530638225774557,2.3276036216241143,2.3184256990212937,3.8129347478652638
AL121950.1,0.22352952489256409,0.7935319981831904,1.2160207525779319,2.0817862298536522
AL121972.1,inf,inf,3.7832982165700955,3.6534727970501915
AL121983.2,1.2855962809275627,3.6426106351965113,1.4127269219462002,3.452978261224623
AL121987.2,inf,inf,1.6546698131065205,2.3380487866436153
AL121989.1,-0.09111850824222367,0.8138825951810719,3.0633743754817435,3.5351926771115814
AL121992.3,,inf,2.231582135489997,0.6892947185750302
AL122010.1,,inf,1.6959661934132435,2.0502443849645062
AL122020.1,inf,inf,2.0105537563130085,1.9128231346736286
AL122035.2,0.7030549011372931,1.1385308796034215,1.8392219528630827,2.9793325112753366
AL122058.1,1.2157429810457632,2.419613220546278,1.4507153243276214,3.284249016614516
AL132639.2,0.3961541197835679,0.6775023519313887,1.6559933291251292,2.3778143920576995
AL132640.1,inf,inf,6.347918760086476,6.400475015986115
AL132640.3,,inf,2.2061797252438544,1.6404683707652103
AL132642.2,-0.12242066108324616,0.7144397020523376,6.841357006424726,4.717062424031949
AL132657.1,0.7972823974994265,1.536201490301659,1.9109415387974338,2.323984986890821
AL132712.1,-0.21366063125430018,2.167009801420117,2.604082085325327,2.2982554293794486
AL132712.2,-inf,inf,2.326674183460112,2.441324917967738
AL132765.2,0.5590381467284384,1.3199946418404582,1.728744881362028,3.6044304314776827
AL132777.1,inf,inf,2.637725999697225,1.3813627745698076
AL132780.2,0.7216307166788883,1.4264570482531544,1.7136892893926934,2.75024427094401
AL132780.4,0.611724902064073,1.5634069635755747,3.2718808102792836,2.9156951351034808
AL132780.5,0.02284780610828091,1.814092199857682,2.8859344912037987,1.8508688702350014
AL132800.1,inf,inf,3.750328628646544,7.302369211970106
AL132838.1,-0.08324088636331468,0.5267319017256663,6.784303485689343,6.021068466670823
AL132996.1,inf,inf,6.369001438347208,7.890264278138574
AL133153.1,-1.4705319452338657,3.01940258342587,1.6058609635404815,2.0440788883325642
AL133163.1,-0.06908758498195705,2.2350090184663527,1.8254729486900014,2.171819858247954
AL133163.3,0.08363430984861063,0.5621095906507702,6.284268471648469,5.434236470717533
AL133215.1,0.07871316729906985,1.5376984124133615,2.0176433302023673,1.4079031354214895
AL133216.2,-0.2304862313968588,1.0603253618700088,2.969451228193138,2.044248293719891
AL133243.1,,inf,4.855439509163473,2.5157635565792345
AL133245.1,1.5470507238286735,3.8014491078957833,2.4921815934700233,3.812559701931739
AL133260.1,0.3954687742277755,1.8145383009080567,1.3285999871060066,2.449137687768779
AL133268.2,-inf,inf,4.928617692176581,6.628225668996079
AL133284.1,1.8702587396466626,2.7645798745486116,0.7388162329782931,2.4762302817850883
AL133297.2,inf,inf,0.0,4.5089964956367234
AL133299.1,inf,inf,1.3886891037167093,3.7346265310007825
AL133330.1,0.4876207614587312,2.372425179002866,3.191511780400669,2.3251888029665806
AL133384.2,-inf,inf,3.406506205340354,0.0
AL133406.3,,inf,4.68522342025439,4.114055211439933
AL133417.1,0.32629459709048636,0.8760662882387834,3.1537800825535274,2.7086608788008015
AL133457.1,inf,inf,7.501988879384089,4.459677074422584
AL133467.1,,inf,1.7484216040362826,4.369441151333021
AL133517.1,-0.5252958532116635,1.3484596803957984,2.7913489696994818,2.205102200955238
AL133553.1,0.5487606572930143,1.403854987028394,1.7590050783796942,2.072441203750471
AL135818.2,,inf,11.60681460877978,2.7446108961180316
AL135905.1,2.521924979314643,2.7217640346952,3.4287138199069704,19.130997821081422
AL135999.2,0.9622800883079244,1.8815409028826071,5.420351416166398,5.8937757645104165
AL135999.3,-inf,inf,0.821758996158305,2.6998874769839287
AL136038.2,inf,inf,1.6931560030427522,5.976044137988039
AL136038.3,-0.08166300334870963,0.5724220969895254,1.7544438384383152,2.123395463604826
AL136115.2,inf,inf,0.8542386355423864,4.024521211245212
AL136115.3,0.6510857727485377,1.0858408185643134,1.3010094179555904,2.2559126564536354
AL136164.3,1.6416032004071277,3.189204371308283,1.4317347363639805,2.6226768613497864
AL136164.4,1.0690527796451257,2.447560301832681,2.636172411417549,2.411348657772062
AL136295.1,-0.3565845169672386,0.6614056589903182,2.6894282849498903,2.0964576571610505
AL136295.3,inf,inf,2.703101449275363,6.291855072463769
AL136309.2,inf,inf,3.973974807953006,4.789044848621781
AL136379.1,0.3930952018500271,1.4563616288427026,4.35315729591353,5.96608040201005
AL136520.1,inf,inf,1.390176222566579,2.705953367688926
AL136526.1,inf,inf,1.6996785015376015,4.213656695554935
AL136531.3,-0.6785232732254187,2.925042514675183,7.492354845375026,7.687857290447
AL136968.2,inf,inf,3.6479130176145946,4.381889685713342
AL136982.5,0.8139789019380506,1.407185916098821,2.472805934207431,2.570987940917927
AL136982.6,0.9951379779574149,1.9391326333619197,1.8051862094467805,3.770632132586948
AL136982.7,-inf,inf,6.4966216465053925,5.933219821310633
AL136984.1,inf,inf,1.7771503936034292,3.3483699460083254
AL136985.2,-inf,inf,2.181996559127554,2.8596706999758283
AL136985.3,0.8359726651808501,1.2762241287124805,1.146602351249976,2.4381532594918327
AL136987.1,0.11886223773082893,0.7982705524569853,2.41507019874526,2.4812154712299264
AL137025.1,0.8404062256233685,1.887365853807585,1.7374263719350842,2.334905781823487
AL137058.3,inf,inf,8.68032,8.5992
AL137127.1,-0.029117440077243692,0.7627360856600515,2.0098347390370668,1.92736765117799
AL137145.2,0.5621209871358788,2.079750242583627,2.1131653424272256,1.982131556743074
AL137186.2,0.3713557928764374,0.7328702044897326,1.421728878932772,2.362831214965567
AL137230.1,-0.21931881711891751,0.5750043767672087,2.3504975097662046,2.0651355398276303
AL137779.2,0.6659877565784645,0.9006049240929945,1.9147908289969955,2.3878958111934177
AL137793.1,,inf,1.79900147285653,6.242685005856634
AL137798.1,1.3245636316412672,1.6877105212049088,0.9976232983331309,2.4393844858553124
AL137798.2,0.06323942383564199,1.3650978256981126,6.669219588550984,6.569376118067978
AL137798.3,0.01729254635039995,1.0900981306789246,2.2284015098499084,2.969508392491626
AL137845.1,-0.16922080559730515,1.1012023651599674,1.8607801990586537,2.0065750726301776
AL137856.1,,inf,10.787427498884599,4.148879213526362
AL138709.1,,inf,2.143127869967686,2.673971670837484
AL138720.1,0.14289144421762917,0.48674967194286967,3.173848679594758,2.793646339067718
AL138725.1,inf,inf,0.0,4.1988584820078625
AL138731.1,inf,inf,5.169034604113421,5.669822429781484
AL138756.1,-0.3773241758901495,1.0977965468843804,2.0300034442872517,1.3573358269823443
AL138767.3,0.8961013882761085,1.648738064352945,3.713725743262654,3.480117906166343
AL138781.1,1.8092359495772574,2.1242627896484345,5.665591512226551,18.86824925996389
AL138781.2,3.251920536881797,3.9211813926300905,2.3234452073760834,20.258690928205677
AL138787.1,inf,inf,0.0,2.60173224643361
AL138828.1,-1.1247093218761588,4.491876259221947,36.399202974116044,1.8832411352191627
AL138831.2,,inf,1.5267707413498381,2.826846893557037
AL138847.1,inf,inf,0.7401478199114611,2.6095806524318412
AL138878.1,inf,inf,3.3860981172279474,5.974020742121823
AL138878.2,inf,inf,2.44723643169058,6.421667706383864
AL138895.1,,inf,3.0744558253464276,2.6883830184486714
AL138921.1,inf,inf,2.1617964740434688,1.368529071476538
AL138966.2,0.2684154151942765,0.8307686802662074,1.7887470014652664,2.4957458026110624
AL139002.1,0.9137942165724398,2.9053563485571146,2.802803133759793,4.590045281391504
AL139022.1,-0.40664238783488416,1.7708913081397752,4.0898574131768575,2.308606815879508
AL139041.1,-inf,inf,1.6875865335938405,2.687027432547
AL139082.2,1.571471460666876,3.2131409976701035,1.6053096600228653,2.362390811410096
AL139095.2,-0.3268718201659019,1.3106633760166029,2.700602148465726,2.154776241630136
AL139095.4,inf,inf,6.29912910657474,21.997995763677334
AL139099.2,-0.47006477977410194,2.0226993375042412,2.7946792557086826,1.246953981871683
AL139099.3,0.1242288878983324,0.7113692746749644,2.3104666476055673,2.4003076484085724
AL139123.1,inf,inf,2.6587092065665936,0.694801596597769
AL139125.2,-0.4085104950053422,1.1412376650426876,6.0372391593902615,4.561491786295694
AL139156.2,,inf,7.146753534412307,9.442002031666503
AL139158.2,2.621233068936422,3.075161138420711,6.016792179241312,50.70849899434024
AL139174.1,inf,inf,2.518995901067953,2.3768577642695816
AL139260.1,1.0462830233932738,2.12693041974281,1.2612990573571774,2.086542026753373
AL139287.1,-0.6819054375591663,2.58950058744135,2.736171788495196,1.4019978703075329
AL139288.1,-0.00207322415913036,2.0882162666944,2.7917040688090613,1.840691354800803
AL139339.1,-0.3749591817776234,2.316956094300419,2.8148931849827243,1.6240878500335207
AL139349.1,0.8153609300676163,1.2163839410308954,2.6672495047606875,4.162248386478368
AL139354.1,inf,inf,0.0,5.600669175675416
AL139385.1,0.632396769779707,0.880700910016526,1.7254727483881303,2.34885667374154
AL139390.1,inf,inf,3.779117115509048,4.569016488542806
AL139412.1,0.25210769067507127,0.6477682023147565,5.4072477015605545,4.377116286463715
AL139423.1,2.1734480350349177,3.706012410503184,0.7886011998736974,3.210834949704542
AL139805.1,-inf,inf,2.743797262671083,0.0
AL157392.4,inf,inf,1.4877216121014545,4.3544286774403655
AL157394.1,1.822859005005939,2.0261145872249906,9.396459817919002,30.2867471407197
AL157400.2,inf,inf,2.0536402855008093,12.983975309661746
AL157400.4,-0.45689097963937103,1.6944071861520131,2.0187866866594266,2.1382371373167923
AL157400.5,1.5431940893326217,1.710658485814224,1.3637014454031895,3.4832220827098017
AL157414.1,1.006765151892394,1.5850286490246384,2.769540206900229,4.618864315042925
AL157700.1,inf,inf,1.412545248141881,7.095786835735858
AL157702.2,0.19910433626861426,0.5616266352707853,2.756250246936885,3.0269273149509854
AL157756.1,1.6095392016092671,2.605112825544275,5.831499880063148,15.29843356893022
AL157777.1,-1.122506227512551,2.22219746647562,2.8091254090063535,1.5783612909124634
AL157778.1,-inf,inf,2.929210888287978,2.4244376885443204
AL157786.1,inf,inf,1.4401543889434172,2.684749449558319
AL157788.1,inf,inf,5.991616662757076,17.605995282796673
AL157831.2,1.0322814691578066,2.6737424950032946,3.0813943877340164,4.364549324296401
AL157832.3,inf,inf,3.559144877042249,3.6736122856273044
AL157871.1,-0.6393062220171238,0.9978651944079766,2.3216065257574536,1.469298447522645
AL157893.1,-0.38631231670742194,1.463072291713946,2.467093866849989,1.4123713792431942
AL157895.1,,inf,3.5190401523212187,2.993398947191578
AL157902.2,inf,inf,2.242714305734114,2.203475442198838
AL157911.1,inf,inf,1.4979098162167672,5.584843618566949
AL157931.1,-1.268996102403319,1.268996102403319,2.57982795394405,1.0704955174214332
AL157932.1,0.6149213515109904,0.9884307974766878,1.154239555540797,2.290041075067549
AL157935.1,0.6426467795239228,1.293216992017806,1.9413290678364956,3.3145951922137655
AL157938.2,-inf,inf,1.982835459684563,2.504643878026283
AL158063.1,inf,inf,2.7960413958349264,3.1836430373938973
AL158066.1,0.6152444184980937,1.3114221254208174,3.904837990149219,6.6484354373219
AL158070.1,inf,inf,1.4376976685605531,3.102542752386017
AL158071.3,inf,inf,0.0,2.662537457629894
AL158151.4,-inf,inf,1.865637529135928,2.2503162544485082
AL158163.1,inf,inf,4.750141509433962,8.783301886792453
AL158166.1,0.30339071986789024,1.2790542720393638,3.4655292075194533,4.104055371753458
AL158196.1,-inf,inf,5.95087863913972,4.0860654202105735
AL158201.1,0.14302810025736679,3.0540700479345966,2.2705660336723548,2.1984482934997396
AL158206.1,1.8946792429590937,2.066270295188955,2.9961745371909294,10.458506155872524
AL158211.1,inf,inf,1.4131534157602315,5.165975428437279
AL158212.4,0.581341677807592,1.8513281507075379,2.099501631296956,4.002619054745728
AL158801.2,0.7065437710668682,1.6614104383910306,4.991398171391723,6.674489302411276
AL158834.2,inf,inf,6.02943179481908,1.6886179070723684
AL158835.2,-inf,inf,4.015585325531502,2.824067934995034
AL158835.3,inf,inf,1.6440613250367666,3.2353804757255062
AL158850.1,0.41431748182344863,0.9918845743714783,2.591986769036476,2.9808430362366307
AL159169.2,inf,inf,1.7634790684195274,2.603561266696525
AL160191.1,0.1383836747211892,0.3656248701219648,1.56408536018018,2.0152294635789425
AL160274.1,,inf,1.740343803056027,3.5576542161856253
AL160286.2,0.5159751066888162,0.9561509396634179,1.6955543246307392,2.4510252430356996
AL160291.1,0.9742666978635763,2.022356804103916,1.2122208725317896,2.910646903752714
AL160313.1,-inf,inf,3.5950477413475284,1.3829042480478864
AL161431.1,0.7709199404383765,2.28376057549476,1.5912414495523592,2.23831543607283
AL161452.1,-1.0672926652564834,2.6976556115465313,2.4200161693852356,1.5285258546284868
AL161646.1,inf,inf,2.2781963416363378,1.3317719903578011
AL161669.3,-0.1479010846088083,0.9001822496175624,1.9921101573095756,2.238316833559376
AL161729.1,-0.06726971997230846,1.2601119464204769,2.2683495102338096,1.0139163458537093
AL161781.1,-inf,inf,4.767613484698604,2.4011964765179705
AL161804.1,inf,inf,2.5760795152006897,2.5537538984254162
AL161909.1,-0.260173632233435,1.4451714886336056,3.706875262222555,2.8163930456019943
AL161937.2,inf,inf,1.8333072496140794,6.902488386816814
AL161938.1,inf,inf,2.5488872734482135,3.460571315280784
AL162171.2,inf,inf,1.2667812001472574,4.038798216550088
AL162231.1,0.6032588139124468,1.0600643383533792,1.5378303899810533,2.474056671553797
AL162231.2,1.4329975875127108,1.8415543227539868,1.8096119391260472,4.829970632577898
AL162311.1,inf,inf,2.7960413958349264,7.483758592269719
AL162390.1,-inf,inf,4.283358131230472,1.4935277488468977
AL162393.1,-inf,inf,2.4507676902536715,0.0
AL162426.1,-0.1912559787868465,1.8679803666529025,7.104289044763661,3.7375085261689764
AL162431.1,inf,inf,6.102212967895016,5.217553629364195
AL162431.2,0.7763905308539045,1.0161532040581132,1.2799435442942408,2.1365133358778947
AL162456.1,0.8465113543811162,3.23792638427133,2.893283468022267,1.7635950358211747
AL162457.1,-0.1389707445761233,1.0706735410868573,2.0182786681575346,1.8683221518201016
AL162497.1,,inf,2.6710249868687623,1.255946574622946
AL162615.1,-0.3211861588658505,1.3349329054792587,3.131375418060201,2.7539635322871114
AL162632.1,0.8571419472219161,0.9820298193744368,1.5420074712071627,2.9289010821336943
AL162718.1,0.3421706142109762,2.24806923897451,1.787063170318674,2.5394365474418845
AL162725.2,0.22001151328254318,0.8491371838441673,2.1480610298792113,2.8726001271455814
AL162731.1,-inf,inf,6.169766663479009,0.7416443530649327
AL162742.2,-inf,inf,2.645360746231716,0.0
AL163193.1,inf,inf,1.3828174403709892,2.091741929207271
AL163636.2,,inf,1.403537130575934,2.123284938289518
AL353135.1,,inf,3.919248799451177,4.866353190029727
AL353148.1,-inf,inf,2.229404496542491,1.4223478778987653
AL353150.1,0.7808127464457486,1.2667233379045906,5.300931479986157,9.809655092859613
AL353151.1,inf,inf,0.621500167056465,2.1287504176411622
AL353572.2,-0.10643781291826432,1.5517213017036122,2.274921199952654,1.639657649047897
AL353581.1,0.29793834742465586,1.1881564269501714,3.0303332171141104,3.1374209294217263
AL353583.1,0.03760555571648545,1.1938016613856626,1.9927979421297202,2.3528642274200475
AL353588.1,inf,inf,2.1445505861919236,1.865983499782892
AL353596.1,-0.22308542468023185,1.55014393310493,3.3169067893740394,3.482561742806931
AL353608.2,2.0968361550401156,2.925821573100942,20.124820869095586,71.14140064256979
AL353608.3,inf,inf,3.795931932996544,2.159558628024462
AL353621.1,0.1216760427075487,0.6242135659067378,2.3925574097636715,3.6878171068778713
AL353622.1,1.145202341679952,1.2404149419265713,1.5227307875927085,3.597702378310774
AL353625.1,0.11312799007454402,0.9558065591486293,2.316985134692477,2.5610132742672636
AL353626.1,-inf,inf,2.729841857824134,0.0
AL353678.1,,inf,2.603598971722365,1.6515852613538986
AL353691.2,-0.12776548209186184,0.7642996639433313,2.747113164958059,2.835551248421691
AL353693.1,0.5076781189658971,0.84611034905536,2.394564149080859,2.7566014284309452
AL353719.1,-0.16976060885085087,2.1545225337800655,2.0145330940378865,1.9425411086941107
AL353729.2,,inf,1.697000821692687,2.987263763352506
AL353740.1,0.6488503216115337,1.0903595607214942,1.3401457032823274,2.243068377956795
AL353753.1,-0.6792795888696813,2.23781367518192,2.563244022668589,3.6897153012977433
AL353754.1,,inf,6.554115058897061,6.152742495923463
AL353764.1,0.2075272499786279,3.0532651907815658,2.113010693720867,1.4342122901623862
AL353780.1,,inf,4.0634395163838315,2.5830284988099166
AL353803.3,inf,inf,1.9724105390871918,4.088244633843113
AL353804.1,0.5911776386522511,1.4882920807142632,2.3340308357010757,2.9238252105686136
AL353804.2,1.4593078652404705,2.1079423656902225,1.3699972839820262,2.731485524311799
AL353807.3,,inf,3.2592400178120826,3.314976992726733
AL353997.2,,inf,1.5472529533095818,3.9768423026439153
AL354710.1,-0.04618159579609621,0.7660417597125222,2.2715363336138648,2.0599679019595194
AL354710.2,,inf,1.3886409986175936,2.9634346641847222
AL354714.1,0.3119799364560805,0.6002217957091228,1.6538726199241265,2.240672790850237
AL354718.3,,inf,1.8511306377969432,3.047070094125411
AL354719.2,-0.1830567990448636,0.790679153836255,1.963807227958171,2.563911865798658
AL354733.1,-inf,inf,4.401755570560431,0.0
AL354740.1,0.160243396115404,0.7964034235721826,1.584293585224108,2.041517252318752
AL354760.1,,inf,3.727594553706505,3.0404034291477555
AL354793.1,-0.3159340841127976,0.9015331149729454,4.972504384120767,2.6618689173529146
AL354796.1,-0.7783992036919404,2.0713848485033215,3.1332405230599223,1.4740311799183126
AL354809.1,0.12426365037160217,0.634759133380011,4.670641973258035,4.903184951415994
AL354813.1,0.8660240817134608,1.2138707726000157,1.4129606939167687,3.1376021438079036
AL354864.1,inf,inf,2.6660205679129567,1.7922373981315454
AL354868.1,,inf,5.237540848033273,3.984893253149414
AL354872.2,1.459283860472874,2.6015890681589053,1.9100986837310323,3.0019263759954202
AL354892.1,-inf,inf,1.4691610255690788,2.792413454456175
AL354892.3,0.3307454139438753,0.7615952832371565,1.3536106287735175,2.023782517961544
AL354920.1,0.3339803123299789,0.9581929818921271,2.458620187024869,2.5429606087108385
AL354989.1,2.304869720200905,3.9358416312639832,6.597301830111134,21.898219650196282
AL354993.2,0.5827248374818353,0.8864260228358293,1.7726729817087659,2.38436799884368
AL355075.2,inf,inf,2.630365107253876,3.6434016179792637
AL355075.3,,inf,2.730556774797307,0.7421966227463583
AL355075.4,1.1437183723068867,2.67657650423503,1.4044087005363095,2.936424210030439
AL355076.2,inf,inf,1.513376662319821,2.0699321473650443
AL355102.2,inf,inf,6.749229842725778,9.561878952122857
AL355140.1,0.882907579874763,2.1962953458275662,3.7562728552643203,10.697385845650588
AL355306.2,0.27187963979539526,1.588945045131918,2.4818309423028917,4.37777780809099
AL355312.1,-0.19699949905851732,0.8689619364446282,4.894543830883644,5.069655091643731
AL355336.1,inf,inf,1.4213109763831462,3.8564090205727912
AL355377.2,inf,inf,6.15023239542206,13.414213603878254
AL355472.4,0.9151650707027119,2.5499274406119103,1.2965420999788142,2.674728038097694
AL355480.4,,inf,1.3711305750083507,2.688383405106228
AL355490.1,,inf,4.172744086217919,3.331194629646543
AL355490.2,inf,inf,1.5531310026892047,5.395313100268919
AL355615.1,inf,inf,1.6836260409552837,3.2869520013862417
AL355802.2,0.8488047963936237,2.5115332594720163,2.2131026392449695,2.2062070686966346
AL356000.1,,inf,5.848981491055733,2.9421466239272047
AL356019.2,0.11997455603144488,0.39777141760805335,2.1792431148734055,2.067475061423045
AL356020.1,0.7804382433070844,1.691646281777222,2.1168884253255906,2.962134239161076
AL356022.1,inf,inf,2.706806626850612,0.6746393520475898
AL356056.3,,inf,2.3405981989708406,1.2856903945111493
AL356095.3,-inf,inf,3.894879083979056,1.4150280714210584
AL356234.1,-inf,inf,2.995658010655703,2.6228762008642024
AL356234.2,-inf,inf,1.7746858623279522,2.384868226736091
AL356259.1,,inf,2.06076244813278,1.5053719620628332
AL356274.2,1.3388291581622718,1.76611390000787,2.378167716172631,5.427622485025342
AL356276.2,-inf,inf,2.990356970205837,1.3877693814721523
AL356289.3,0.15608894930814843,0.9535698719242661,2.0131279635227632,1.45455005004499
AL356356.1,inf,inf,4.328880634331024,7.489799271376527
AL356390.1,-inf,inf,1.6165366826537362,2.792409956414906
AL356417.3,0.6553254481124542,1.8826343751753105,7.658675553644378,5.328208987314556
AL356441.2,-inf,inf,2.2295006176629406,1.384371278303387
AL356479.1,0.5457521585983386,2.027030014789827,5.143572585457335,5.70281732162646
AL356481.2,0.12024272453845465,0.750441313528458,1.9127058756074133,3.2177591751119263
AL356489.2,0.02477043067022952,1.354494782586751,1.2999619482496196,2.1153729071537293
AL356740.3,-inf,inf,6.0914925338365125,2.487443799939432
AL356747.1,-0.4538318024837605,0.8808217653658741,2.6020846542338028,1.7825925359102734
AL356752.1,0.6094234732092151,1.0242770121094877,1.7271882643580694,2.376885352794776
AL356776.1,inf,inf,0.0,2.749746023258923
AL356859.1,0.14104826937569848,0.6287560839828595,2.0656828229399347,3.194023296153762
AL356863.1,,inf,2.3312870953014273,1.8870962939436648
AL356968.2,-0.8888780745104194,1.8467400254210624,2.078948450499596,0.6833792495328426
AL357033.1,2.0540770032785804,3.8263879501008335,2.9864427517069903,10.86865059004618
AL357033.2,-0.10038887602881058,0.49316513810020174,2.8080160444443463,3.4351327439485835
AL357033.3,inf,inf,3.0329484387484924,9.316652827173455
AL357033.4,3.042363824916715,3.946662752874756,3.9961262128731208,22.352099844455967
AL357060.1,0.6698655273592149,2.5909960029686476,4.176151767083449,6.776469283472717
AL357079.1,-0.3692835500013084,2.300881172075017,3.259840707245975,2.5567633441566584
AL357084.1,,inf,2.7770333083136505,1.3363230706725704
AL357153.2,,inf,1.4805597243910293,2.497098693044762
AL357520.1,,inf,2.6145711178866122,1.4335621841751776
AL357556.1,-0.19383779126650957,2.6392927688388133,3.2578720646538573,4.871302226288503
AL357558.2,-0.06805703237598303,0.8076196438648592,2.449451561535257,2.3277262751288843
AL357563.1,,inf,2.7689918237680637,1.3577792699510782
AL357632.1,,inf,3.876466808902682,6.631643068418756
AL357874.2,,inf,2.900361335255462,2.834366165540224
AL357992.1,inf,inf,3.9210346879966558,1.5525251405239628
AL358074.1,1.2629784614613415,1.668950442977252,1.4357321745831282,3.4521223537470305
AL358075.2,0.16397379817560787,0.7563172435957232,1.7410657729762722,2.1115711791874676
AL358113.1,inf,inf,0.0,2.523642754515599
AL358334.3,inf,inf,2.810723984897662,0.7039766499219029
AL358394.3,,inf,0.6576540717266351,3.172930016544674
AL358472.5,0.25571962022215877,0.6294044496985424,4.4813346048285805,6.162573072211626
AL358781.1,0.09037917074433403,0.5368336625844315,2.5354434456709516,2.1607545457207276
AL358790.1,0.08770271646886431,0.6277663396581038,1.6559027842742098,2.06169665122669
AL358876.2,,inf,3.292926720348326,1.1982499965111573
AL358942.1,-0.305439640861348,0.8147770249670424,2.3133291776763993,1.5539665377677503
AL359073.1,-1.1240766724634683,3.145738665151613,2.426895130565059,1.594315184171319
AL359195.2,inf,inf,2.647391199807646,4.267612406828564
AL359198.1,-1.1010810260018833,1.3908387252913468,2.644204632617787,1.71668074667647
AL359232.1,-0.10169253482379809,1.6893189287849768,46.10250718498402,46.502085552883464
AL359313.1,,inf,3.2811111769235324,1.1657584552508442
AL359397.1,,inf,0.8783005388027268,2.1379007531330934
AL359397.2,-inf,inf,4.8900518685995475,3.360420268652746
AL359510.2,-0.9065765969863036,1.92839492580448,3.2524885259581566,1.3790308159980926
AL359513.1,1.0692091403588186,1.5648938903565404,1.1928048167588061,2.31205986999544
AL359551.1,0.1863985819296209,2.225703443531491,4.436566306596184,3.927988639721575
AL359641.1,inf,inf,0.38854917538887285,2.5157579950456386
AL359682.1,0.4987424119146167,0.9883410437163351,3.398243669537045,4.818984994458181
AL359694.2,-0.38263363997039496,1.388917372237365,2.434238492798966,1.253013891958987
AL359710.1,0.6865578536358974,1.6223534657941148,1.650173771427612,2.618282097345578
AL359740.1,inf,inf,1.3284852861841534,4.159267702695648
AL359762.1,0.3574434303056009,2.256395879945952,10.16173047077082,5.817813416106224
AL359762.2,,inf,1.0416830896273657,2.308827045223987
AL359881.1,-0.3241520744011602,1.1619382933579612,5.208918235184283,2.3549710585159915
AL359881.2,-0.35560982481455583,1.9455161287464944,5.163912098755064,2.7328322801419183
AL359922.1,inf,inf,3.591754713151636,1.499146979868342
AL359922.2,0.7672345413474176,1.7907590993484426,2.9668497978646213,2.343381362081476
AL359955.1,inf,inf,1.3305479129803317,2.5366724284296978
AL360004.1,0.6158927648387784,1.4927182184122485,1.576060051929158,2.153004111900264
AL360007.1,inf,inf,3.961353325592071,3.2318057843428476
AL360012.1,-inf,inf,1.9436005268309664,2.7194444020295987
AL360091.1,,inf,1.5267799312440835,2.561531562951522
AL360169.2,0.2562591392087388,0.5744941675682382,1.3953017399115075,2.0778209105425995
AL360181.2,0.6035516228004534,1.388262355045307,2.601573081083844,3.5741000621821684
AL360181.4,inf,inf,0.0,2.792411659917212
AL360270.1,0.6830396176751977,1.636098514817135,5.405094394706111,6.4865219929933815
AL360270.3,0.4137302552399571,0.9450830710997146,2.1636845360887573,2.3974166379728015
AL360271.2,inf,inf,1.6590032258035716,2.1862887614199784
AL360294.1,-0.382795520154263,2.117684681056082,3.6486067384051495,2.783433579249095
AL365181.1,0.19966436033718057,1.5309008785943714,1.198175615797128,2.082746318851118
AL365199.1,2.7309537424966654,3.550714299395065,2.3169387671176542,17.723588436073527
AL365205.1,0.9566572459666163,1.4015412933084408,1.6274175901673178,3.5014598575045204
AL365223.1,,inf,3.478287520091536,1.3992562726455446
AL365258.2,inf,inf,4.124607637980644,4.112989362629698
AL365295.1,-0.5986007848902468,1.1658726056973423,2.3035091678588575,1.4837316859057652
AL365330.1,-inf,inf,2.069399018806214,0.0
AL365356.1,-0.7085079613249476,1.667705317913519,2.0863594972792017,1.9535374775099748
AL365357.1,,inf,3.390650684338934,1.4956136556330353
AL365400.1,inf,inf,3.05509318335135,1.2929525264757755
AL365436.1,-0.07486226884212285,0.805350488527256,3.6986767589211875,2.975117134347752
AL390039.1,inf,inf,1.2822521903810533,8.17003808453518
AL390066.1,0.3901380228859783,1.2154468455094478,1.9949209307174551,3.208004013735315
AL390067.1,-inf,inf,2.559000444595549,1.5573717138431944
AL390195.2,0.08076732734716466,0.6230831639939496,2.3866853346066375,2.4839191343687026
AL390198.1,-0.07227977056916868,0.28614846464598875,2.5618241619898305,2.1009225683623542
AL390198.2,0.9531872538344166,1.272267156923933,1.923432318657995,3.8352634575382205
AL390719.2,0.5805792971587284,1.2494650777885112,2.3582913331564908,2.554450053824788
AL390726.3,0.1897196803570811,1.3707252079807726,5.382188629148282,6.353184817639269
AL390726.5,0.19404890006354578,1.834919475681442,2.1827305277443627,2.173332633522574
AL390729.2,1.167186868432306,1.167186868432306,1.6415342601507272,3.686448822817
AL390760.1,-inf,inf,2.544563297146693,1.9592128864379499
AL390763.1,0.35640555628920695,1.1613415671747218,1.9370478365688286,2.1748812896828977
AL390783.1,-inf,inf,9.204272492051027,6.099326751026607
AL390860.1,1.1787081002285147,2.0830464854832673,1.8431732679310613,2.5896913737806435
AL390961.3,1.3102631810690697,1.8797027402344417,3.123959509029345,7.172086625282167
AL391069.3,0.14287208730001325,0.29632410270051085,4.9670738960119865,5.1383012655452065
AL391117.1,0.7041066596480169,0.8739739885393477,1.1956480035663877,2.071234883262614
AL391261.2,,inf,5.497152241517873,3.1955169642545167
AL391280.1,0.016150591553918847,0.7235256004328505,3.1742021191459395,2.457837958961554
AL391335.1,0.0917648961011866,1.1300283183240556,1.3984274354759896,2.9271023055395142
AL391380.1,inf,inf,2.8619455590499947,2.1295231898203375
AL391421.1,0.1346021240140476,0.1346021240140476,2.63008356545961,2.88727948003714
AL391422.3,1.1567406678430971,2.716007566832517,1.79402550906243,3.0060416200492277
AL391684.1,0.6023150443684564,0.724927788313826,1.4211161971589705,2.062665743868762
AL391840.1,inf,inf,0.0,4.435395693046202
AL391845.1,,inf,2.6643521930580327,5.247052497617709
AL391845.2,0.2558634385982434,1.9904348936892642,2.8991526984711733,3.9463621293055806
AL392023.2,inf,inf,16.276263590026865,11.381142189971627
AL392046.1,inf,inf,1.0631019153793133,2.0656186567683275
AL392083.1,0.6007154602115296,2.394510034038313,2.999908270906589,6.883290016817001
AL441943.2,inf,inf,3.1265328567500688,1.9545779488589496
AL441963.1,inf,inf,2.0416606845236234,1.3252329914668628
AL442067.1,,inf,4.063449473391817,1.3363198818340472
AL442067.2,,inf,2.742256877179388,1.3134017822549398
AL442125.2,inf,inf,0.5223415792913775,2.6181743619084177
AL442663.4,-0.5163682329980226,1.1796778734998286,2.1864637660289636,2.2145814728339053
AL445072.1,,inf,3.2181271369373063,2.9950308821907448
AL445189.2,inf,inf,1.4472002429296316,4.759300343249031
AL445205.1,,inf,2.605775389156526,3.389936231238339
AL445248.1,0.7233045560292879,1.6176606801666435,1.8368194007989782,2.4441067312539255
AL445305.1,inf,inf,4.046102504033417,1.299721528499127
AL445307.1,0.9953137574611506,3.347732468912088,1.4705495735813052,2.5325768924808436
AL445309.1,inf,inf,1.4978633649263136,4.11022845559634
AL445363.2,inf,inf,2.594678194227323,2.0697801883555114
AL445433.1,-0.6118844212184249,2.3050964833498555,2.196617936195092,1.4175877241976442
AL445470.1,1.0090430998315998,1.4776428509459996,1.3758898040102718,2.591085993320649
AL445472.1,-0.07100586316645943,1.3853469254842141,8.522863068829581,7.530033103031468
AL445483.1,0.11951169673246621,0.4596772929398125,3.1393622005498907,2.4557652237168184
AL445487.1,2.593379228649015,3.7174081234655763,3.3310858201548337,12.550373850327533
AL445490.1,-inf,inf,2.125037989019807,2.524067000605638
AL445529.1,,inf,1.6931535398040605,2.8462008783491224
AL445623.2,0.1747898695172927,1.5656374716437371,1.0131167835878088,2.377335966515357
AL445649.1,-0.026068646608358975,1.722583045443494,2.958760090031306,1.7776832823791333
AL445670.1,inf,inf,0.7085428450185146,3.853127706697204
AL445686.2,0.9606791264776733,2.2867950412347935,1.3051081150254704,2.821864086326896
AL449403.2,inf,inf,1.6464691391816066,2.862563295470097
AL450124.1,0.6393070492186661,1.027264413665326,1.4792179213007124,2.5262207686399303
AL450306.1,0.7217382457681355,0.9790885373642535,4.759686745551546,9.38238800631874
AL450345.1,-0.17905024760469537,1.6424386310600139,4.305338987515145,4.250500447769057
AL450405.1,,inf,0.8200971583757642,3.487278885859297
AL450468.1,,inf,2.4533720027776647,0.6704382990890896
AL450992.2,-2.1108545577722455,2.75513275854436,4.3224418837898675,1.152594435675542
AL451042.1,0.02550581748415176,1.3037565156200348,2.024852218799434,2.2395498570754584
AL451042.2,0.6554846901436261,1.1890081959075416,1.8461719042084854,2.571611779469686
AL451064.2,inf,inf,1.3994087443597325,2.5384938540532134
AL451069.1,,inf,6.906660022600288,2.904784512524327
AL451074.4,-inf,inf,2.161777693213475,1.3408412073867715
AL451081.2,0.18316650151673683,0.7061136565741142,2.2801280335788836,2.272750257053115
AL451085.1,inf,inf,3.120515964795182,3.2600468776679135
AL451105.2,inf,inf,3.3554874918116955,4.986199387426305
AL451107.1,inf,inf,0.0,2.9403485656105888
AL451123.1,inf,inf,1.6208906685544886,2.648345205964338
AL451164.3,,inf,2.2929443791682522,1.806953017690767
AL512274.1,0.24759070157056662,0.5457943058994925,2.2941355507189614,3.3490338139867313
AL512310.6,-inf,inf,2.0002512297032844,0.0
AL512326.1,-inf,inf,2.803528686873475,0.0
AL512329.2,-inf,inf,2.831102388904901,0.9465195006301464
AL512343.2,-inf,inf,7.388003706465975,1.4701787691820913
AL512380.1,,inf,9.265415739908192,1.3802470304292271
AL512383.1,0.25482729467807497,1.477089799426387,4.076618856781271,4.039179497996204
AL512413.1,-inf,inf,2.5327032183456977,2.6287025169809586
AL512506.3,inf,inf,2.218142624920489,15.540780267156688
AL512604.1,,inf,2.67711994804725,1.3451748489814217
AL512604.3,-inf,inf,2.298526059359914,1.6006503665295906
AL512624.2,,inf,3.008131311741559,5.68131036570265
AL512625.3,-inf,inf,9.414975007650712,6.27221258798327
AL512631.2,inf,inf,1.3467501825740127,3.1019043873939665
AL512633.1,,inf,2.001605173562283,1.3131869402708904
AL512652.2,-0.3207724713965372,1.9292775546422711,2.4478887219658763,1.344081983045391
AL512785.1,0.3270691064543035,2.015363998071111,2.2959941467420366,3.360872927965778
AL512785.2,-0.21036591509841965,1.9838650372298527,2.8607920694780544,3.682910151051711
AL513175.1,-inf,inf,2.3820597257985527,0.0
AL513190.1,-0.31517180109461623,1.7544441261112504,9.000085515563832,7.458078370263388
AL513218.1,inf,inf,1.6179053607891343,3.278208397249002
AL513220.1,0.2739320945047527,0.9737564208401407,3.39001519426959,2.970248173069966
AL513283.1,0.6403497270001914,1.1644484185746609,1.917364558394359,2.98935102462226
AL513303.1,inf,inf,2.821457658767208,1.3854462565304626
AL513320.1,-0.3416281729023754,1.0881684765377546,2.34506281750981,1.8369102302801688
AL513327.1,0.15636520884405136,0.8669769968796303,2.7391012614546986,2.3024375982516005
AL513327.2,0.3542413906688197,1.0832605001267723,2.094752384252633,1.6244428134503917
AL513348.1,1.3635898577053702,3.3647320908452047,1.4238726345852413,2.254095403588765
AL513365.1,inf,inf,2.551249985885435,2.79988793035309
AL513365.2,-1.2942161060210857,1.9669239011972848,4.369391302880194,3.161988708765475
AL513477.2,-1.3890783563026765,2.8743675720398816,2.3783442776472437,1.438877268538509
AL513478.2,,inf,1.411126863695141,2.5933756056522355
AL513493.1,inf,inf,1.5663560221776571,2.36103574377728
AL513523.1,,inf,1.9405257941793923,2.246922921173499
AL513534.1,0.8955514905080957,1.2044895026896865,1.2456193706866303,2.5765586618317937
AL513548.1,0.013602579798832996,0.63747032663343,4.274032903512672,6.468059878464502
AL513548.3,1.27570205884664,2.263319195941046,1.3915979835779133,2.2295303777698763
AL583722.1,-0.8066144097520545,1.165106681665236,3.222445704281129,1.4369893492850891
AL583722.3,0.803958763019166,1.4294929645736947,1.6499456798340053,3.773423736444427
AL583805.2,inf,inf,1.681643285615276,6.599717993451713
AL583808.1,0.3091417844515982,3.0968928156578164,7.133087680759632,7.95766542321923
AL583810.2,inf,inf,11.383660222943417,14.1451248765345
AL583856.1,0.9132656707798485,1.8263773055602763,1.2791487492909293,2.185747223187981
AL583856.2,,inf,3.028179246004435,2.60072391731029
AL589182.1,1.6539277512140176,2.6610941920123925,3.1039652012386254,6.233698310497677
AL589666.2,0.5712033723729668,1.0467444563467139,2.7566450855223206,2.7623444733705145
AL589740.1,-inf,inf,1.3840711336932359,2.0865481105112735
AL589743.3,,inf,1.0531012075069104,3.8331555210707524
AL589743.5,1.2868970109106603,3.1865847669502254,2.124624624624625,6.637012012012012
AL589765.1,,inf,4.49371417662698,1.3880285329819482
AL589765.4,-0.5225065091394053,1.6749606153880845,14.41817054169755,9.77182144099717
AL589765.5,inf,inf,4.742239853729315,3.6208033145742298
AL589765.6,0.5674093176696908,1.8667900924551202,2.306097073289879,2.3058420457756426
AL589986.1,inf,inf,1.2858559306401034,2.6296116952591775
AL590004.2,-inf,inf,3.048562057563516,2.639544562469931
AL590093.1,,inf,1.5438865295119908,2.1715789741372733
AL590094.1,-0.0360567708515567,1.3285765430430034,2.080324637068145,4.485399640467089
AL590132.1,,inf,2.9393977796928064,0.7500380189587873
AL590133.1,-0.30648994145362973,0.8729562549505459,4.9748723446377285,3.8713529040427628
AL590135.1,0.22214104146313363,2.698168117893245,2.3262760183858315,2.675678575373295
AL590139.1,inf,inf,2.316107062214308,1.871980614249261
AL590235.2,,inf,3.4935522739171905,3.1151769000710035
AL590240.2,,inf,3.1750857881893144,3.556289796515607
AL590396.1,-0.3860884372344882,1.3394622148710846,2.158186777014954,1.059407173007452
AL590399.1,-1.5151402669586445,3.456833308992456,2.6344926899577734,0.7243765116886594
AL590428.1,0.07448704473948022,0.3116281626702471,5.867114875238306,5.761181313582914
AL590434.1,2.587989641311988,3.3731257463768722,2.4323172753882316,14.057971536919817
AL590440.2,-0.21086640202455398,1.9928319498766378,2.0147067983904123,1.426578131034397
AL590490.1,-1.4757462744882468,1.4757462744882468,2.7875256226562555,1.0022474811529225
AL590491.2,-inf,inf,3.8291975914748604,6.378108123718485
AL590552.1,0.2725962493982308,0.7199509430288549,1.9093252173913045,2.2865791304347827
AL590556.1,-inf,inf,2.3359635643191927,2.4078133248413636
AL590560.1,inf,inf,4.643187381017133,23.00979059015502
AL590560.2,3.207518719371558,4.331479288091413,5.199674664497764,36.056527043513626
AL590609.2,-inf,inf,1.4426034857808436,2.2711332776657924
AL590627.1,0.8879824968702184,1.7316710849342165,0.7264046225195775,2.013088268836007
AL590652.1,0.5504563247060201,1.031235706257898,1.402123329246956,2.052747592806389
AL590666.3,0.9564747801682998,1.4881083939463757,1.6389350575644561,2.247131911788552
AL590683.1,-0.0016458389588733524,1.137260965887372,4.058116363636363,3.1212872727272725
AL590705.3,0.3388205798266098,1.0625877410166509,1.5752079538868888,2.0258589772756777
AL590762.3,-0.2630206790252358,2.2021152371580133,0.8633889841331936,2.152768349230822
AL590763.1,,inf,5.443983822042467,2.8700707785642066
AL590764.1,-0.10251470743130313,1.0726614576467361,2.412994529611022,1.2744270474282229
AL590787.1,0.1472847912888896,1.027965614706985,1.3371389082846838,2.0070688674695325
AL590822.2,0.1848628629537371,0.5656497244360986,1.7858664888917974,2.3493235284494327
AL591030.1,inf,inf,6.014767030116047,5.563247204010799
AL591135.1,,inf,2.1715850699400514,0.8609049386240366
AL591163.1,-0.1382926585335901,1.362164006738904,2.4768437374991237,2.6676633001076357
AL591178.1,,inf,2.0694080197825913,1.2614396903594425
AL591178.2,,inf,4.94303669605622,5.468477178602865
AL591479.1,inf,inf,3.734458724467185,5.825651665928045
AL591503.1,-0.03201329258576273,0.3723802613459429,2.838653099817501,2.7314767003001488
AL591623.2,,inf,1.6570358974540238,2.4011918689933798
AL591643.1,-0.3242791634462121,1.8269214106178273,1.6981619641888228,2.5814161692892026
AL591686.1,inf,inf,1.9458771922672384,8.223405382928242
AL591767.1,0.048429824927397086,0.7697995694915186,4.521529080675423,4.787847518335323
AL591770.1,-0.04751107675365043,0.8971155668156504,1.7751587069800328,2.10854039534562
AL591806.1,inf,inf,7.230817488659396,4.359810829070552
AL591806.3,,inf,2.251821724028536,2.7388967974425094
AL591846.1,-inf,inf,11.570217630218579,5.621969254982837
AL592043.1,0.8858785439111883,1.2337165790930908,2.364828179515366,2.9668089115873855
AL592071.1,0.3117274719002539,1.34194622498123,1.9321525212382888,2.1881794025710737
AL592114.1,-0.5410266993030458,2.1370908634257018,1.566128688850664,2.0091916605500986
AL592166.1,0.08777382645971737,1.1815542507507113,1.9146980658496973,2.947881293370737
AL592287.1,-inf,inf,9.1091388400703,2.0277178006527747
AL592295.4,-0.023091413954334828,1.125194156953531,3.2130869076538198,2.099039193647801
AL592430.1,0.3474736984732254,4.12268141689548,2.754220551975302,2.32663863130106
AL596223.1,-0.49157093551140235,2.8714180502981366,9.753857052896725,6.635626574307305
AL596244.1,0.22888807225683344,0.44500646773089975,1.9979794722441966,2.7198898535243345
AL596275.2,,inf,1.575134110347502,2.274156020423552
AL596442.1,-0.3735953056719851,0.49090604286355993,2.84742289465705,2.065698385497756
AL603766.1,0.05892429169340326,1.4279148109065976,2.3471472872568078,1.6252780096961363
AL603832.2,inf,inf,1.2755779713050561,2.5615876198233196
AL603882.1,0.9608518657133708,3.3842477244779374,8.22050391533698,12.165306947129297
AL603910.1,,inf,3.922376644180222,1.2971112884137725
AL603962.1,-0.1697655219720229,0.7556214223000531,3.0346437600667344,1.7973928206574508
AL604028.1,0.25997657107568867,0.8606575244533636,1.9337785459703374,2.7608028598321774
AL604028.2,-0.4228303694369202,1.1509843504738122,2.34458389013365,2.3589816980571388
AL606462.1,,inf,4.053786764948277,3.3995635347095394
AL606490.3,0.2787795972194746,1.3594465785123062,3.2569678919374923,3.440304825982738
AL606491.1,-0.20117276940101692,2.334593416984399,5.466152806626792,7.800733251582871
AL606495.1,,inf,2.3752929895589174,2.605203228212231
AL606519.1,,inf,4.051372496704125,1.4701723272019587
AL606534.4,0.29487479995181576,2.2006671625433745,8.045529309635857,9.825764152236488
AL606760.1,0.3958456426961535,0.8917605833105852,2.6953472139170755,4.519400120514072
AL606970.3,-0.7838235639930586,1.253499102495346,2.169109971068094,1.1495287380320338
AL627171.1,0.5404521753527083,1.4567239700580532,2.0285460487355516,2.4984463989355095
AL627171.2,0.7957007228763848,1.3840307887425538,4.548878003097648,7.1860029535713
AL627309.2,0.6026442554829794,1.7728977339574603,5.173738319830224,5.7845603622300725
AL627309.3,0.06642684191673773,0.9336207513302638,1.8063969745066237,2.2570218410417726
AL627309.6,0.37555085226996665,0.8280142698492357,5.3246035559827005,4.112311811206574
AL627309.7,0.9321413660728384,2.528464944705908,3.811468744933687,4.232798270937254
AL627389.1,-inf,inf,1.4656336909018675,3.90370480731029
AL645504.1,0.45970619851751,1.617406213519274,1.8369713429270105,2.4905115000169036
AL645608.5,0.464026143956007,2.3472018891398094,7.253943412544787,5.071318623615172
AL645608.7,0.9769454085379947,2.663251147278269,3.6100839018511284,4.565628833459898
AL645608.9,0.0009085442037135016,1.3873546970077586,4.163529603041597,5.649522249180819
AL645730.1,0.1448736290081496,1.4136517748586532,2.0057721061233003,3.8294620814353766
AL645820.1,-0.4183854235859664,1.4357626541996307,5.93118646248874,6.45016728863724
AL645937.4,inf,inf,1.8487699916500742,5.409981373241699
AL645940.1,inf,inf,1.4070642953008805,7.076990605137209
AL645949.1,,inf,1.8709202061953356,2.4726534649575393
AL662791.1,inf,inf,1.6004316307945483,2.136241801531058
AL662796.1,0.4965834326969463,0.566325807994097,1.5482223367335122,2.0492262572530318
AL662907.2,-0.40924813637076884,1.0668044004592077,2.3108826657213752,2.0069382230672552
AL662907.3,0.640451315934286,2.5612906802351287,12.174749755195302,14.459838428897834
AL663074.1,0.8905470101375956,0.8905470101375956,1.1962467882785173,2.2176966854233866
AL669831.1,0.48395550566398104,0.7101866142566661,1.6102419313542475,2.0594181916364462
AL669831.2,-inf,inf,2.97543633961477,2.6089423544955155
AL669831.4,0.386529131404237,6.394308862501964,3.1271245552170557,4.011516393570208
AL669831.5,0.46511195938209315,1.2774446813394706,1.4131060051200721,2.0666021429093546
AL669942.1,1.3409850096065028,2.1301430456161867,1.4644917960942636,2.5211787594871145
AL669983.1,inf,inf,1.9478196512060588,2.775304118876341
AL671277.2,1.4144107718525762,3.417069717774512,2.681629100940329,3.6452146117721758
AL671883.1,-0.3586494330389395,1.4135949393800489,2.278527569996481,1.5974085737230095
AL671883.2,-0.734637839801522,1.8086897466861196,3.8698952769483115,2.3454809269462085
AL672032.1,0.6339514315430774,1.6119859232970133,1.9263144144732545,2.095092852633183
AL691497.1,-0.8505740096545236,1.9906247284026488,11.791948862791736,5.063386353500818
AL713866.1,0.6420921769108715,0.9779824024675096,1.123093424473249,2.0533750249968183
AL731533.2,,inf,3.693410827030661,0.6681843567486726
AL731566.1,-inf,inf,2.2417091256482573,1.8514466381584929
AL731577.1,-0.2909586061093867,1.1886956480902506,2.429253917766102,2.3077652424994817
AL731661.1,0.31783566288738885,1.9872335741323905,3.7942562849162007,6.460719273743017
AL731684.2,0.08851305156503006,0.2574249062787477,2.628664044760546,2.7839455717144834
AL732314.6,-0.28905929869846875,1.7842086287096033,2.545526019597458,2.8167703919491527
AL732372.1,-0.42786717753666303,2.290471733683294,3.721833500953677,5.4932391931539115
AL732618.1,,inf,5.19171464487415,4.6231121239601825
AL772337.1,inf,inf,11.91131486836098,8.681783594582255
AL805961.1,inf,inf,2.9716210336325406,7.284837155334955
AL807757.2,,inf,0.5584097233734123,2.6860413440884865
AL831711.1,-0.3867700776893201,1.323545908350786,5.336270479639084,3.423171672800665
AL845552.1,inf,inf,0.6276125159876802,2.3345368304531613
AL928742.1,inf,inf,0.0,4.569607041101301
AL929236.1,inf,inf,0.82193893932555,3.225401463929903
AL929472.3,0.40717506426303895,2.3188398704087336,4.011243023518405,2.1646956617921553
AL929554.1,-1.6022306689633212,2.9946673821011545,2.1205339384515245,1.029269649478222
AL929601.2,-0.7844832265738675,1.7553022082247265,4.526761882620145,4.06251145676385
AL954705.1,-0.4152649384700055,2.247691436727046,2.5445779277937275,0.7958771193326473
ALDH1A2,0.2669375652355298,1.905178885507353,3.9380205470446255,2.60193105599633
ALDH1A3,1.022606547167861,1.2877974073234744,8.729060132745449,18.969767106693997
ALDH1L1,2.5889012223309202,3.6173644251791,4.855841015320696,23.314101315675583
ALDH2,0.974348865088274,1.3235774297229372,1.1400272003108607,2.85332815232174
ALDH3A1,3.5092141306836475,4.071635447216218,6.468757160449521,75.19069944578774
ALDH7A1,1.0442946812992782,1.6533011933715662,1.511917637907653,3.3729855859249422
ALDH7A1P1,,inf,1.6112586841029832,4.796281160604822
ALDH8A1,1.0517223770346793,3.6938952238063845,1.3195206039826628,2.4634155158701465
ALG10B,-0.012782333275983916,0.33467832763730676,2.0306095859154367,1.6101940463356725
ALG13-AS1,inf,inf,0.7478462193858927,2.217146719850387
ALG14,-0.4158527098164564,2.782257524669606,3.114598002752334,1.4170057303886539
ALG1L,1.1985849891824614,1.4433881536604323,1.3162122521541753,3.5795551570788247
ALG1L13P,0.9139359730556029,1.2949113036862412,1.2975222392622705,2.0653286452095365
ALG1L2,0.9731327464605799,2.074148176171692,3.6398152112029583,6.818680130459919
ALG1L7P,1.2232603466275127,2.6373303731009923,4.836076870814326,6.939143938658644
ALG1L8P,1.98860065166614,3.2719016435880164,2.708336226952325,7.990277440188895
ALG1L9P,inf,inf,2.3627509969334697,7.792625389540602
ALMS1P1,0.6156702476874107,2.719708745832041,1.1219724477445499,2.123803825040005
ALOX12,inf,inf,0.7147507873021779,2.592018018257438
ALOX12B,3.119907338855714,3.698049788407623,7.25435109368595,86.98723209687086
ALOX5,3.123826748247033,4.111303337846048,13.197823741480487,61.64244361990473
ALOXE3,0.4118132911508415,0.5537432624381264,2.9259932211808293,4.295034409612457
ALPK3,0.04175839755323868,0.3134127012944313,7.871372795328388,9.781311853876318
ALPP,inf,inf,2.4317606304316994,2.9528695581710993
ALS2CL,1.5290796134668319,1.7741820105755894,2.4243322204061917,8.178010147807042
AMDHD1,0.5085477516494002,0.7076310852751062,1.6043774706378027,2.0641260701445128
AMER3,0.06827187722277042,0.6599836370309599,2.659810092590603,2.2036456207437323
AMHR2,-0.09100529474874158,1.754733530534213,3.543239704461141,4.299201920379088
AMIGO3,-0.639050882041776,2.1215338581298826,2.4386291754147256,1.4658668012290836
AMN,0.5045739444435104,1.4766461534978412,1.8270232185519526,4.185025965293773
AMPD1,inf,inf,2.048741912293314,3.8274263120057515
AMPD3,0.3651031223418994,1.1176136496360822,2.2028017634935955,4.0492456456143096
AMPH,0.4463992033655803,3.0438655976642006,6.05266111832716,11.189049780044153
AMT,0.6067156998200607,2.3296380022522634,3.554311168294442,6.5818079029962755
AMTN,0.7299693555263502,0.9421547221438761,2.0457892803171607,3.887796412480793
AMY2B,0.1778011837270933,1.4284895430892683,6.087506031410026,4.259755319314521
AMYH02020865.1,inf,inf,6.1310249079423995,6.317935514774122
AMZ2,0.8333993763166713,1.0468212722503698,1.3567913561413663,2.6181562277757577
AMZ2P1,0.7274779578496468,0.849349623453144,1.2339626027853907,2.1902367792295347
AMZ2P2,-0.3188531894267341,3.006866593685057,8.356870107554254,5.205721377203589
ANAPC1P1,-inf,inf,2.8771712866954586,1.3276478758014496
ANGPT4,1.8104109349968547,2.362155333776915,7.453426046646386,21.28723018977256
ANGPTL4,-0.13532413009778058,0.6390114044226645,2.6846938964284455,2.8682080403543964
ANGPTL6,inf,inf,2.4261235955056177,4.214877236787349
ANK1,2.309368679480661,3.0529487906039785,4.822477275488352,26.88499710787184
ANKRA2,1.9935466539356237,2.076686708884165,2.0044687522716047,8.455597104798606
ANKRD18CP,0.519025796541285,1.1679790243057704,1.9759135624808322,3.0022647384934773
ANKRD2,0.6942598284131719,1.1536981976721747,3.1367714118678744,4.773187664425607
ANKRD20A17P,0.8542213592963394,1.782605814622123,1.0806513028801952,2.227957723287182
ANKRD20A21P,2.2070209882069123,3.101709509288743,3.227009413468501,10.225614431145377
ANKRD20A5P,0.7109762082780802,0.9370968344099073,1.1871787067071098,2.014251175237939
ANKRD20A8P,0.9111154666173156,1.1834337607985965,1.1959322192819786,2.716161731919238
ANKRD20A9P,,inf,2.1740331135228605,3.497961053541702
ANKRD24,0.5634088120482745,1.716494692881257,3.1303170612599254,4.929964369042667
ANKRD26P1,inf,inf,3.4018305614465896,18.876995200357182
ANKRD29,1.1954180867994966,1.743816196019669,1.417452037856846,3.6708915362794774
ANKRD30BP1,,inf,4.430975545621877,2.3184328161977388
ANKRD33B,-0.4384811700240909,0.8394970996507476,5.005512282377087,3.8348880796448186
ANKRD35,-0.5274439994632936,0.7330690833666973,4.0541245700925606,2.813064385874752
ANKRD36B,-1.232136139120109,2.0587743126785787,3.1216539903794747,0.7492589528562028
ANKRD44,-0.9298584080567539,2.726921319119193,4.142687553350317,3.052586890935612
ANKRD44-IT1,,inf,10.304385918334837,4.089457335528063
ANKRD45,0.34824009791980925,0.9032140166925517,2.492148036756877,3.5308174418545977
ANKRD6,0.39617646230111747,0.8166346959385206,1.9143721791790516,2.1510442122912736
ANKRD61,-0.8873577632157393,2.2865652930166074,3.2414555256064688,1.721894493646515
ANKRD62,1.2070114046385285,2.4103725754435583,1.6256248618041975,2.457791208362418
ANKRD65,2.893847029932343,4.002260297826925,1.8961092038581004,20.66599640346575
ANKS1B,0.1060070991486412,2.233384427792114,2.6679140177773677,2.4836980014136945
ANO9,0.6174118876024579,1.0049956174920203,2.0013023541545296,3.06724708350913
ANOS2P,inf,inf,0.8576859265122225,2.715425127096715
ANP32BP3,inf,inf,0.0,2.53814143757249
ANPEP,0.2870246714380663,2.450139591192153,1.8026761441748118,5.535323587073744
ANXA1,0.4089941086989849,0.7947194457019725,2.2817437799993283,3.8214707091106628
ANXA2P1,0.0540542296257415,1.292333517364811,3.0784693586294427,1.9088137590108283
ANXA2P2,-0.006173186219222082,1.4012309246738346,2.3078741141584374,1.8389780702602732
ANXA4,0.5436992272753699,0.8120037757145763,1.417588223561716,2.477733838148961
ANXA8,1.973727571438589,2.610846365356334,3.390044728725402,7.486871606933521
ANXA8L1,inf,inf,2.6532645004555113,18.189948375341633
AOC3,0.4003341708345546,2.734035800851249,1.3982102581237992,2.815886308579066
AOC4P,inf,inf,1.1126049367247215,20.009898508958784
AOX2P,-1.2214272075231298,4.000838996876602,8.224484334770153,4.445077675239389
AP000223.1,inf,inf,0.7380764915859256,5.91379092299847
AP000229.1,-0.005527220648299774,1.2857415567541781,9.274541639606335,4.987993538825332
AP000281.1,inf,inf,3.071427000879507,6.3116278217531505
AP000295.1,0.9089916701914814,2.2320515435594372,2.032909457165668,2.819964726838464
AP000317.1,-inf,inf,3.804324395181846,4.807827315495872
AP000317.2,inf,inf,0.0,2.2822251015720156
AP000320.1,0.07620948684374845,1.0539561627201637,1.9169134444538456,2.867995636308648
AP000322.1,inf,inf,2.1588592588030613,2.436623350628955
AP000322.2,inf,inf,1.6042047403327102,3.3818259876084142
AP000344.1,0.17140494477042323,1.3072933334829715,1.6472346985838517,2.2478881867641913
AP000345.2,inf,inf,1.6245968148372139,2.3593135772603566
AP000346.2,-0.10117521051990008,1.9630831794221113,2.4949372224259236,2.9355702703113162
AP000347.1,0.29807517513875736,1.0948474794794594,1.9336021058464947,2.198480342353992
AP000347.2,1.0546841406662997,1.8193367301798429,1.9291954707076258,3.484166552213524
AP000350.2,,inf,0.5040407732293697,2.044773391812865
AP000356.2,1.182995754792438,2.009957494264975,1.0211909762211233,2.6031772915114155
AP000365.1,0.4015048474504369,0.8295700815475923,3.211563189894836,3.9813753385680277
AP000436.1,-0.6661735446868513,1.9257180301681946,3.592853544440446,1.9722382151853182
AP000439.1,-inf,inf,3.6861924957524352,2.23629430761449
AP000459.1,inf,inf,2.454751014822323,1.7346696232423893
AP000459.2,-0.2721420597480864,0.6728754341527574,2.390032001269472,1.6122689164528843
AP000477.1,1.042524551104354,1.7292902688820797,2.0249777840287946,6.714110817739533
AP000527.1,0.890959699693368,1.2008315310401385,4.142506988140676,7.386576070663542
AP000529.1,,inf,14.781405967930338,9.905330784750982
AP000532.2,0.19628263436048243,1.2241154165414916,3.976839031267308,3.593927798197473
AP000542.3,0.4812043163448736,0.8710890719710688,1.856381556966255,2.3037699075620894
AP000547.3,-0.4685284900973615,2.168185098746928,2.1503565591432823,2.511894113724884
AP000553.1,-0.5933085557087314,1.327450053632993,3.113024792674499,2.1702120767104356
AP000553.7,-1.3219919508216744,1.3219919508216744,3.0016236076880944,1.2005963016329473
AP000560.1,0.4063976381216762,1.1772381673863799,2.8977965902870104,3.491632126378353
AP000561.1,-inf,inf,1.1321410965369143,2.3385692527778152
AP000568.1,inf,inf,2.897468142186452,2.449994410909904
AP000640.1,-0.9637480646581189,1.6033751989132823,2.370019999279305,0.9422327123346909
AP000640.2,-0.6514613756471528,1.7156939806447336,3.7773842315245987,2.877252683457059
AP000679.1,inf,inf,9.296954862860845,8.352746382549853
AP000692.2,1.263551916831584,1.68206887886735,0.7280959727070623,2.2246680431206043
AP000695.1,inf,inf,5.131361397748593,1.3094512195121952
AP000695.3,-0.3285168992860526,1.156468587246197,2.3256491246503197,1.8105006938880939
AP000696.1,-0.19807290847112094,0.9382375457347074,4.642341589424099,3.9973484272906847
AP000704.1,-0.23074346770777884,1.0641435913797817,2.0850048409568567,1.786362670319031
AP000708.1,0.3190270069959765,1.3100394141918734,2.633481065426302,2.905138443986133
AP000720.2,,inf,2.104997300840596,0.6552292082098514
AP000721.1,-inf,inf,2.564146691641391,4.2193980394207635
AP000755.1,-0.26076529151483163,1.8329574627558909,2.24717141041034,1.7841153251563595
AP000759.1,-0.8314665822501421,2.283306355512298,4.183574248029818,2.9037869375791776
AP000763.2,0.5545852441707877,1.5727480913793646,2.380571887156113,2.0594914679978973
AP000769.1,0.3697575859436829,0.7664587154590882,2.5401499128071943,4.321021349099555
AP000777.2,-0.48779238498506716,2.044236497551637,2.7094784271590653,2.442617297602321
AP000786.1,0.2162161494464688,1.2259707018730264,1.9287465898551999,2.1546919530736997
AP000797.2,inf,inf,2.5547320608602844,1.8998684504455308
AP000808.1,0.41112748904203167,1.8876894313661154,2.3401300007738137,3.0858353323531684
AP000812.5,-0.17746825336899746,1.082891695234732,1.9098661552425122,2.4403184796528614
AP000851.1,inf,inf,2.0497768347113485,1.7351796297651274
AP000866.5,-1.0377187069610192,2.6743711067436817,2.1737525403466824,1.2655827854154216
AP000866.6,0.031096411042723773,0.831244706666483,1.443714521602073,2.568685388331681
AP000873.5,-inf,inf,2.7929695290277206,0.0
AP000879.2,0.8572045864532365,2.948700037905232,2.960376646254509,9.575601879036993
AP000894.4,-0.43312027897759675,1.723213179113295,2.0826651278630597,1.6174895399488616
AP000911.1,0.7276343222736825,2.1604372079364684,2.079510120716986,3.152185709059871
AP000911.2,0.28318234306864043,1.1801830864573453,1.6217784155949093,3.2556330381792473
AP000919.1,,inf,1.5793104916845895,3.297065650220396
AP000925.1,-0.031162558789847333,0.8178930558162925,5.090330378726834,2.8875906526994366
AP000941.1,-0.47988318769705934,2.4412214592278394,2.4020073783834635,2.320836980261597
AP000944.1,0.344898057764774,0.6866403150858484,4.197853610037881,6.111717992927169
AP000977.1,2.0188481829254377,3.249438452706378,0.32608200455580866,3.1010250569476083
AP000997.3,0.7022600579852059,1.381306827032293,3.0166746641074855,7.858565259117083
AP001002.2,-inf,inf,3.2879280416600922,2.6693297865145746
AP001005.3,inf,inf,0.8937022242071027,2.0232546487648033
AP001007.3,,inf,1.447510874029906,3.7193303392914947
AP001020.2,0.9993331438070852,1.714830015985496,1.4322508050025795,2.205406859867286
AP001020.3,-0.32322921509296204,1.2953070345907527,2.5050155940125576,1.9143933970260283
AP001029.2,-0.25011130243000046,1.7707136917000368,2.058444423984787,1.2326633500855604
AP001029.3,,inf,2.792246939581414,1.6729322978368655
AP001043.1,2.9017331776968533,3.4601161858140803,6.005716595449821,66.09423720983945
AP001056.1,0.07404479294793231,0.6942077756178169,2.956275618549064,4.717739147612226
AP001059.1,inf,inf,2.0617052089316106,5.936432570709758
AP001059.2,1.1438394044960831,1.7454029091622731,2.0207743923601975,3.963442354413605
AP001059.3,2.3779133781342527,3.3756019032612548,0.5941738995437005,3.756958206427884
AP001062.3,inf,inf,1.9710373188187889,2.604446081674385
AP001065.1,0.02268965294037603,0.7023697522462387,1.8789425730507594,2.4225576994064535
AP001086.1,0.0561448837337826,1.104647458761712,4.717078346260034,4.987450193803703
AP001099.1,inf,inf,4.320756531775734,3.905792032457766
AP001107.4,-0.8217731244158918,2.5201793916894686,2.2380475777639113,0.46244194971644403
AP001107.8,-inf,inf,3.193514348859236,0.0
AP001122.1,inf,inf,3.1384175065867197,4.534760085219549
AP001160.4,inf,inf,3.060818342357838,11.038729527872986
AP001172.1,-0.3637207171249472,0.7467746592602937,6.91594515580418,5.017168678932351
AP001178.1,inf,inf,2.05273218326102,5.362955630407527
AP001266.1,inf,inf,0.5591697042210411,2.1173377111216225
AP001267.3,1.7110348097165617,3.829414860120674,8.037998487132997,10.745438078455383
AP001269.1,0.2383293908001084,0.6452320346833685,1.6392805857011703,2.563819769768592
AP001269.4,0.027965183329456883,1.4013483860305844,4.005345234969808,4.436124967182987
AP001318.1,,inf,3.181262642089969,1.5016666191846386
AP001330.1,-0.1494477649520316,1.5885851968456652,2.6319327981510883,1.8981095341133154
AP001330.2,0.6021882265325251,2.0363189360965555,2.5491223272749073,2.230749636644241
AP001330.5,1.7489734866995428,2.006723147328735,2.4531540729773065,8.93588227443484
AP001347.1,0.26975827129767604,1.5778211231760217,4.942232799653829,6.6853454493004465
AP001350.2,0.6205329173678403,1.294859474866574,1.2429189579013793,2.0956128489437784
AP001351.1,0.07251527668138949,0.4621742199156157,3.743008411677387,4.856734289955467
AP001362.1,-0.8936247065643628,2.56418691593881,2.7388258346424497,1.8404647420750795
AP001363.2,0.24951088122724158,1.597399261054968,1.5676778148381862,2.43443268409861
AP001372.4,inf,inf,0.0,2.583210311364232
AP001381.1,-0.45760291428138866,1.5482672339148682,2.805572736968213,2.900036372080216
AP001442.1,0.5134422007245707,1.3944912795379811,4.349861483708327,3.207289124954502
AP001453.1,1.6467548989449854,4.399256606481851,3.9003237707702945,4.607686757775495
AP001453.2,0.3688504901227854,0.5748293622703233,2.1173526413752475,3.0620911383595817
AP001464.1,inf,inf,2.024650197949997,5.930953413959542
AP001468.1,inf,inf,3.1609767728904847,2.6449730700179535
AP001469.1,1.2804588162045625,2.076108497418958,1.5281652422088403,2.9005685078772387
AP001476.1,-0.14173082405275556,2.07184363292879,1.761339243399961,2.457012628585766
AP001496.2,inf,inf,0.0,2.5848658121482413
AP001527.1,0.10092585833642553,1.3774164309967052,1.904262808866279,2.3819722020348837
AP001528.2,1.4905434975408591,3.3860355264463786,3.58231918843406,7.106312934800951
AP001542.3,0.13695444740000373,2.594185852976816,2.7261942696052155,2.0921208008907115
AP001547.1,inf,inf,2.463234076556492,2.8590600356394673
AP001595.1,,inf,1.4619119188403504,2.076905039706867
AP001615.1,,inf,1.5637712355532005,2.5569990396396993
AP001630.1,,inf,5.42599183873127,2.7964059523196543
AP001636.3,,inf,0.9871008527694832,2.2290910069136203
AP001790.1,0.016694512077576662,0.3429138864472111,2.0690872244617813,2.1700158731413195
AP001793.2,inf,inf,0.8064055244671985,3.4538437115529628
AP001922.1,inf,inf,2.031190861232495,1.5478959501772014
AP001922.5,,inf,3.887995666035668,2.993480372621301
AP001931.1,1.2258688073489137,2.294680567292683,1.9894133334772963,4.098505665837081
AP001972.4,-inf,inf,2.2527169745463778,2.714658176837362
AP002004.1,inf,inf,14.745435380039906,28.428453111470844
AP002008.3,inf,inf,1.5420505396156885,4.059259015530403
AP002026.1,1.1057865406306937,1.4447589215015382,2.406032497249273,5.366774854018112
AP002364.1,0.8585994892030555,2.145956418583502,4.385549791218525,12.019407187144122
AP002373.1,inf,inf,13.004426973621625,6.398549936806056
AP002414.2,-inf,inf,2.147527104896633,0.5513422727148594
AP002433.1,,inf,3.176148126241075,1.3746144746292621
AP002495.1,1.3344426063072206,1.7310566426865663,1.477587231990397,4.016873367392838
AP002505.1,0.19688206763586447,0.9350048142942569,2.6900576238267635,2.765210038624947
AP002748.4,,inf,2.1467467658009465,1.8507147412995892
AP002754.2,inf,inf,2.939270110135102,1.3488850125107767
AP002761.3,0.36145143079062103,0.8268374685929465,4.166763154509199,3.546978858441614
AP002761.4,0.44776484567154884,0.5619961770834552,1.4436613758470964,2.131292438491378
AP002765.1,inf,inf,3.0533441535095376,3.2440600314332966
AP002784.1,inf,inf,2.2921413495374634,3.349521045363416
AP002784.2,-inf,inf,3.2967905176438697,9.712840941608807
AP002800.1,inf,inf,2.8962494798168956,10.490870786516853
AP002833.3,,inf,2.3946929663435723,3.0133523610365387
AP002847.1,inf,inf,2.382538569424965,1.281477627471384
AP002907.1,2.0360432327882707,4.292595140089181,1.4708259762892983,3.509963539636314
AP002957.1,0.6638871145642956,2.086903889241896,22.90568241546458,24.546925188343163
AP002982.1,-inf,inf,2.1029760713570997,2.9340247005346067
AP002986.1,0.8418345827312015,3.0711323440980864,0.9452918755376265,3.095766099130899
AP002990.1,0.5601357434311036,2.969888216180907,1.9238112920057109,2.285776477442237
AP002992.1,-inf,inf,9.389648804306997,7.0955928383623394
AP003031.1,inf,inf,1.4575975089837705,2.6630067796917003
AP003031.2,-0.1379520062695258,2.217802762488315,2.2023881252343576,1.6179732744060533
AP003032.1,-0.17091941908999783,1.3680723050460195,3.1636452521723535,1.889449807567553
AP003064.1,,inf,2.998714223691681,6.325184517249441
AP003068.3,0.8346643258585531,2.9149487449212885,1.8180240091711004,2.820718726556215
AP003068.4,0.4613929460759927,0.8458464430767654,1.9694642785136143,2.9146306251181495
AP003071.5,1.250153199654663,3.5452076345509815,22.348245173898118,15.873768716824676
AP003080.1,,inf,3.722850454965054,2.432051958327839
AP003086.3,inf,inf,0.0,2.199926053636817
AP003108.4,0.5364347774961945,1.2157970967409872,2.2371733470612316,1.4863199247216095
AP003108.5,0.6714216181665442,1.5841644196859876,1.7245994461477598,3.1110152309366033
AP003119.2,2.0915197492245508,2.6798256718336675,0.5542103822809266,2.6112703595901894
AP003122.2,inf,inf,2.5886715121850536,6.292894632089519
AP003170.4,,inf,3.859260415699711,3.370062194617676
AP003175.1,0.7208777211255541,0.7730576372528225,1.3070803525403272,2.0930541760438537
AP003354.1,inf,inf,1.693163569626061,3.1836430373938973
AP003392.1,inf,inf,3.156192047397702,3.2632222248982443
AP003392.6,0.3455989079689459,2.27903420505048,2.6386655459172483,1.5977134857676156
AP003396.1,-0.7242597533556308,1.8352457630330021,2.088693678499351,1.0655037895463024
AP003419.1,-0.009377269954687378,0.3530846645739052,1.8276472345769823,2.0531414963392858
AP003419.2,inf,inf,4.591617375447128,6.006218876393987
AP003467.1,inf,inf,2.738097063889293,1.327865695573992
AP003469.1,-inf,inf,1.4197564981822994,3.958321332098178
AP003469.2,0.3507534516237965,0.9064116708191459,4.596833511671224,5.868509491538858
AP003469.3,inf,inf,4.296855460312408,6.785430072076578
AP003469.4,1.2966304761737293,1.911162430852857,1.2943321514531947,2.943642433810399
AP003472.1,,inf,3.077729757744972,4.528852423386221
AP003500.1,inf,inf,2.9174054661604982,2.701362525948779
AP003501.1,,inf,2.1359382638452407,1.8808925204274043
AP003555.2,-inf,inf,1.8554423516207308,2.4108222610400185
AP003716.1,0.3352346114414793,0.5200604946117233,3.030179923827868,4.345324607100643
AP003717.1,inf,inf,0.8292479771537363,6.109785383583575
AP003721.1,0.2997214823414278,1.1215889543354864,3.367167121879835,5.912286287192034
AP003774.3,1.6338590669304893,3.1349023416596378,1.8756607724040713,2.29927651899915
AP004245.1,0.39071917325226824,0.39071917325226824,1.6834090397805865,2.2070280153742323
AP004247.2,-inf,inf,2.050912932941526,0.9384114196409901
AP004608.1,,inf,1.4343382928739232,2.1920908379013313
AP005131.1,,inf,1.735736620292745,2.0842434404314134
AP005203.1,0.18977581056144252,1.6300780839069207,2.6062552782970863,1.8085412771854856
AP005212.2,0.3038331195721125,1.3911295628892824,1.8964353429152607,2.3981725730573156
AP005233.2,1.0473226512367464,1.9686395073114904,4.084001262432274,6.736402938024201
AP005242.3,inf,inf,2.2786937085232095,5.552869370852321
AP005264.5,0.9658351567030437,1.463675059346613,1.3473089349523004,2.2831487521435205
AP005329.1,0.4255114921057875,1.4620999754573072,2.7838370299795727,4.370949403278574
AP005432.1,-0.4525319431403181,1.1357807628964238,8.56479062933638,3.8989470247326743
AP005482.2,inf,inf,0.0,2.1753556196240083
AP005717.1,0.23371978033846658,2.3025127776197465,2.455409444857878,1.823344405965086
AP005901.1,-0.2143971993494056,1.1630293341850702,3.08007684322312,2.1965289295643564
AP005901.2,,inf,1.2693778006565457,2.658516105621145
AP005901.4,-inf,inf,5.121670428893905,0.0
AP006216.1,-inf,inf,4.15031563668963,0.0
AP006222.1,-0.0008928945539195265,0.8094602711410146,4.887377431916985,4.461643938740359
AP006248.4,inf,inf,1.0733811083368463,2.2489664061740005
AP006287.2,-0.7402947133547714,1.2186746971550129,10.668507751120265,8.249246829087166
AP006294.2,-0.8331600092176145,1.6774810952513575,3.01443711889593,1.5946859119503394
AP006621.2,-inf,inf,3.85151258563621,1.7575787358281005
AP006621.4,inf,inf,1.2043104530053959,6.113483498556908
AP1B1P1,inf,inf,0.0,54.74434775852692
AP3B2,0.9535435342829127,2.351123452181255,1.6094038707969038,2.571057920096841
APAF1,1.4885973822489804,2.200794955513745,1.3242819430943844,2.7911110494085243
APBA1,1.386832158605462,2.2957401883408375,1.9634654444075463,4.291618077490405
APBB1,-0.9718626487508653,2.138821144635193,3.1272020239880054,1.4791557346326833
APBB3,0.7730222884795122,0.9161620897888255,1.6821189116702033,2.8619324226008724
APC2,-0.5975805696066172,2.5904432434405407,2.634625142712166,1.517712165419257
APCDD1L-DT,-0.42222632059187626,2.418454227580819,1.7805890047769775,2.3942758032679663
APLF,0.6880245982646769,1.8893956030516217,3.5201120162932793,4.563772912423625
APLP1,0.9339768290030876,1.3103324085991253,1.6586117868464696,3.069000122647358
APOA1,inf,inf,0.0,2.8406214857231493
APOBEC3A,0.8535808077156214,2.153811005902326,3.540710837573029,3.404213238260055
APOBEC3B,0.046129190300219676,0.2193374638934181,2.2823156770409945,2.2153628016365015
APOBEC3B-AS1,inf,inf,2.0811227798581617,3.548487479341436
APOBEC3C,3.8008005689951863,4.382802258279655,5.595036334833665,103.20158917750007
APOBEC3D,0.588644689913347,1.0042332892702004,2.7943088354721115,3.805002128641497
APOBEC3F,0.9340591862057308,1.1545575339037326,4.065820401447523,6.630823633398789
APOBEC3H,0.5300338163271214,1.16497623803664,18.301919266826786,14.580530620828581
APOC1,-0.03314163406158943,2.2061927968945203,3.514769833850667,2.511683908253753
APOC1P1,1.2898809662191622,3.8147554623125703,2.161791786019865,3.417301021167367
APOL1,0.15851355945010176,1.1773873611412937,2.7792723721748533,2.726552443517244
APOL2,0.16816326594213016,0.5182890661970805,2.03047445906812,2.1255705335195736
APOL3,-1.2594590098286935,1.6691744321640964,8.101315908649804,5.670181794656143
APOL4,0.35160697352988834,0.76970601600479,1.339362230266107,2.1636020108640643
AQP1,,inf,4.8437924694220165,8.57022943480694
AQP2,-inf,inf,4.064122946475887,0.0
AQP3,0.4761812467206612,0.7821960822297542,2.947002338400911,4.088522713916703
AQP6,0.423281264994085,1.4017200036136157,1.6663932184850974,2.622641509433963
AQP7,1.0046179122937384,1.6632072770173187,3.8716986329671843,9.415705382046072
ARAP3,0.34825006796275704,1.726866086727589,1.6675835636439484,3.3333387651874635
ARF4-AS1,0.4772078438892264,1.1497430763492333,1.6068758433111423,2.762936684376834
ARFGAP3,0.5791092610161199,0.6869266580659212,1.5703680957695765,2.2643736735044455
ARGFXP1,,inf,3.132569884375139,0.8407389358968679
ARGFXP2,-0.06276563987633799,1.7548460600787028,2.254753217388915,1.0316194207227913
ARHGAP18,-0.38644449519911095,1.0178100738034634,2.3933768871825074,1.7951909617929538
ARHGAP22,0.6672715485695789,1.2336520363635455,1.6820295478077134,2.6441946365011937
ARHGAP23,4.837855757798142,5.490601603356683,3.4274865991661705,80.44287628690547
ARHGAP25,1.3502463249217747,2.680602228406132,3.4435898054155714,3.9463265256914135
ARHGAP26,0.4460677785268604,1.01723258743148,1.2182508894751432,2.0848606305534965
ARHGAP27P2,2.3225566859418096,3.253124402966858,1.5822541431070485,7.825231839563218
ARHGAP30,2.3206629493333493,3.2196346363589208,1.8796872097446193,7.091944058665864
ARHGAP31,1.5277861795341665,2.4182478493161446,1.8793565155751586,10.045563738038044
ARHGAP31-AS1,-inf,inf,4.421201012752605,1.218308765280604
ARHGAP42,0.6185790653098283,0.8555755189694394,2.2790065437253375,2.9896819748109347
ARHGAP42P4,0.5617779798966984,1.628447774769204,2.980928800856532,3.915195677899246
ARHGAP9,0.08220050859530598,3.5423153214131573,2.829212860310421,3.1418791574279377
ARHGEF15,0.5614512619260887,2.0327420123209987,1.6971821181449875,2.3855792390048314
ARHGEF26-AS1,0.5456065659161343,0.7826277002000586,1.260454006846964,2.163257859532771
ARHGEF3,0.5864324809475012,0.8742402458340934,2.2164684628014184,2.6821401562623284
ARHGEF37,0.19457697411124247,0.45473557816793586,1.9460946893919604,2.164528484293602
ARHGEF40,0.18711506199367722,0.9012539516219576,2.272260460625691,2.8453143248672466
ARHGEF9,-0.42974274696441894,0.9939054148758786,3.6822383159686005,2.41961240376289
ARID3B,0.5396045741449995,1.0951547058908941,2.1835403759877363,2.8650233481605065
ARL4AP5,,inf,3.8393113081501276,4.587826430219847
ARL4C,-0.7098716743820509,0.8053413900841714,2.0887434163676692,1.3131333266475522
ARL4D,1.0254646094443105,1.3528346114906522,1.0337814949066397,2.2073293892408232
ARL5C,0.6044389579749472,1.3638705587821802,3.5263877381938697,6.690171913835957
ARL6IP1P2,inf,inf,0.0,2.6958634037784934
ARMC2,0.2194734113723497,0.7327036152506395,1.4016239145083782,2.0313045740376388
ARMC3,1.04604934722808,4.134165238324712,1.6768481605061316,2.2900362554347042
ARMC4,-1.8163079061074567,3.432073103874917,4.723297426751078,2.0017570141622163
ARMH1,0.8271327697698015,1.824149473203439,3.399151995838902,5.67777720986938
ARMH4,-0.9784893410420967,2.230772143277742,9.810347996118677,2.113223705489724
ARPC3P1,-1.1908702317340327,2.8198944219833093,2.8525039287272116,2.008924036640236
ARPC3P2,-inf,inf,2.7383870865038684,2.3634706612754304
ARSA,0.07419698262720084,0.27351206697066277,2.0165032130168,1.8704567441966988
ARSD,0.05725672633159842,0.28154735199289277,1.9514281485359302,2.0871655556452815
ARSD-AS1,0.9595930554530722,2.17430420094629,12.645442450448273,11.184539558229897
ARSE,,inf,3.162319078288878,1.5918162751081946
ARSF,0.34113579622696666,0.6088997906389086,3.2342128298111796,3.8526322370889092
ART4,-0.34827108870161727,0.8932497336043305,2.165516845831148,2.1891509897745145
ART5,inf,inf,9.543380281690137,8.514591549295771
ARVCF,1.518141346495355,1.7652647808717152,2.4960638771744255,7.406103442055393
ARX,0.0718258299797978,5.162798659814073,23.43890782285472,45.09637561581959
ASB11,0.9093387835774458,1.2675176380329283,1.3121598865070048,2.0753217710538725
ASB16,0.030797941676702183,0.65672483074552,2.1054264485020946,3.319204015492844
ASB16-AS1,0.5908606634434808,0.8227700087964994,1.3657163567664188,2.0782015441022073
ASB18,0.3574560545701135,1.1106489309795617,1.9846146836365843,2.4934806050849
ASB9,-0.8341307741952755,1.1690405737247642,2.000883424188335,1.277819520156946
ASCC3,0.7171016257562005,1.0921495185529244,1.407902354440774,2.891778392017205
ASCL5,1.4452486701573253,2.865019592178523,2.9574147062446117,7.599442665352876
ASGR1,0.06740999381150273,1.7835741004016015,2.5940026145185815,2.1230958034308887
ASIC4,0.5686357959749546,0.9624907041174304,1.0342762235054173,2.0154643167560216
ASMT,0.9744459825078082,2.0080602539830497,2.155279755024234,4.062176796252357
ASMTL-AS1,0.3515300002895144,1.030069839200769,2.2906071475651926,1.9886704562715147
ASPG,5.095267405577147,7.08320674991387,672.4170952478913,12219.844373585682
ASPN,-inf,inf,4.127571251548947,0.0
ASPRV1,0.1599378993545885,1.2311236904318428,2.4458112014665785,2.3611303704051894
ASS1,0.24604340948668885,0.3600205470911134,1.747770589887083,2.222682676074555
ASTN2,1.3844007924440236,1.7977119705213482,2.2176811012831834,4.792343342706946
ATAD3C,-0.1591881418743779,1.09699305739638,2.18674872252413,1.6894476437667285
ATAT1,-0.16162445793748306,0.3778968958331107,2.3872753394744644,1.8371482815953477
ATE1-AS1,-0.16542966619887622,0.9759437426540442,2.655997267837976,2.0995631984663157
ATF3,1.8639011153650111,2.4162238226171957,1.9802033254031364,6.531857117873959
ATF4P1,-inf,inf,2.8922413793103448,2.889916698953894
ATF4P2,-inf,inf,2.8922413793103448,2.889916698953894
ATG10-IT1,inf,inf,0.7939203736987943,2.1674576874110687
ATG9B,1.6042760524595892,3.994056053118688,0.5659683271180103,2.350630122588404
ATOH7,0.5794713322487486,0.9343267018937408,2.618998388173426,4.746072190293222
ATP11A-AS1,0.008348779941680637,0.7830743699492522,1.8367123573252724,2.049786313649867
ATP1A2,0.8447053306762977,3.3814401161175462,4.143324018952736,2.346179079091241
ATP1A4,0.7825080037294836,1.476667612177374,2.1839261437159094,2.558711159522366
ATP1B1P1,-0.6803094839578288,1.807900750397586,4.50360904532759,6.255947774001413
ATP1B4,0.48115731658335514,0.8554719876759931,1.3184192025710555,2.385482575072813
ATP2A1,2.4031187150165274,4.206623862079074,0.7915160076208642,7.336146393554582
ATP2B2,,inf,3.8328152200945036,1.2155558318826163
ATP2C2-AS1,0.5093054515989457,1.107730672587063,2.8678940499368837,3.277027749844883
ATP5F1AP2,-0.15150447348061813,1.5314412413933438,2.0004665787477327,1.076997397195426
ATP5F1AP7,-0.8757058888767744,1.564922269810906,3.2541137822905775,1.7722860982529491
ATP5F1CP1,inf,inf,7.383627972465582,4.2800923028785975
ATP5F1EP2,0.07927145148782082,0.47853054072879103,2.316656083083388,3.0131565635664406
ATP5MC1P4,inf,inf,2.242727724117256,2.006571982649591
ATP5PDP4,-inf,inf,2.7190533397405092,3.290977895242672
ATP6AP1L,0.23406756076404323,0.4249911361792659,1.7330586525270117,2.297273894332903
ATP6V1B1,-0.48463799138944547,1.444763854341734,6.767178333852677,5.909948381677528
ATP6V1B1-AS1,-inf,inf,3.911806342015855,0.0
ATP6V1C2,0.7666465761471539,1.9413933963659176,0.8659663783126383,2.3958561368406595
ATP6V1FNB,-0.1235552057680928,0.4839247427680012,2.033818053415511,1.768056625577812
ATP8A2,1.038186874142076,2.559755281153493,6.00792238360411,11.975716171996096
ATP8B4,0.9191369062394089,2.3137266735334454,1.8429330949168936,2.8659671138035483
ATP8B5P,inf,inf,3.404811067520132,1.351779200220249
ATRNL1,-0.41018435928988867,1.3339890408225155,1.7493539216953096,2.3516505658112887
ATXN3,0.7796730155257048,1.1455925244537175,1.4980591241932266,2.8551465774115696
AUTS2,-0.49621203792241686,1.5063563511825493,3.8484605705522674,1.6965534868175296
AVIL,-0.6928638578682347,1.5688669057733178,2.8500616506413006,3.4288633293626143
AVPI1,0.6401523309265136,0.6749317184404466,1.4102322217277368,2.2012965007756136
AVPR1A,-inf,inf,1.709204010146153,3.576941659620727
AXDND1,0.6203294464545412,1.578815752959388,3.704408341646478,2.479593775660471
AXL,3.5383601843493997,4.042716519717563,0.9370938615325553,15.359029960043797
AZIN2,0.6180408894489207,1.9499313902070707,2.809751191323175,2.253512547921646
AZU1,0.25035768441011547,0.5967374913708626,2.31021897810219,3.1927369246546418
B3GALNT1P1,inf,inf,0.0,2.622893547061241
B3GALT1,0.19202962641855054,0.7412947561840978,2.48830739125239,2.786889041586998
B3GAT2,1.2915026495858992,3.2845799361150583,1.8950048780487805,4.825639024390244
B3GNT5,-0.017188323938887015,0.46147551619565447,3.5820966594296757,3.027483534327051
B3GNT8,2.3062458764227554,6.356571672985576,143.5615487316422,342.41500333778373
B4GALNT2,0.44780789460305476,0.6637779170798316,2.0464816193816473,2.7006690579187014
B4GALNT3,-0.35566952624358195,1.8291583027823437,2.33583098928721,1.7354898557663532
B4GALT6,-0.014540674265575627,1.1372502225711343,2.092370548437847,2.347611549329347
B4GAT1,0.7528761497361307,0.7867882344151274,1.6572771056506759,2.78998666807289
B9D2,0.0008415293084515496,1.29726791347933,2.6053138730009993,2.760516948228562
BAALC,inf,inf,0.0,2.8094105155531084
BAALC-AS1,0.901913031472309,1.7459297148625266,1.7575021562241384,3.2104597648737423
BAALC-AS2,,inf,1.3930451102256192,3.865379907793992
BACH1,-1.149152451076341,2.086418222270235,5.3877259924408385,1.367438689286832
BACH1-AS1,0.7890754415573769,1.23604514811192,1.350975276431855,2.2929906884435396
BACH2,-0.34887245391429605,2.3978828806939636,4.253739622785877,4.818779091268476
BAIAP2L2,0.5505648209892633,0.8281542398775011,5.951533705140641,7.416752546071775
BAK1,1.2133069769380138,1.4060550349984327,1.5125236681782732,4.008361853048401
BAK1P1,,inf,3.8384515119916585,6.2382950990615225
BANF1P2,,inf,2.496880159703175,2.623372063167095
BATF2,0.13560631977756146,1.3249429346568924,3.4011082138200783,6.335299869621903
BAX,0.6810286047315007,0.9019499112980588,1.7859202759670965,3.33715244229697
BBC3,1.4427291887914806,1.815727582706727,6.056976828368009,14.737481881061555
BBOX1-AS1,0.3854019575518589,1.6571329255154843,1.780312926735582,2.183691953385034
BBS1,0.4387758230928238,0.7253805425002916,1.6466055563995048,2.574064132189168
BBS12,0.09134174912145611,0.60842061614565,2.217028704947149,2.576614213307919
BBS4,0.5738811202426967,0.9166976807548824,1.5171174292054117,2.072114452440565
BCAN,inf,inf,52.19991082045182,78.31792508917954
BCAT1,0.26015798127333634,2.169409566636464,0.8251100403050713,2.2662822349707232
BCDIN3D-AS1,-0.3423757710018856,0.9286621581353071,5.244897710766135,2.7553822558001775
BCL10,0.7751922351078354,0.8330020583330878,1.2835231042543254,2.286453095591767
BCL2L1,0.6287023699621657,0.717428377081524,1.643897044539617,2.6753717310350345
BCL2L12P1,-inf,inf,1.2935742169004303,3.9999631730131844
BCL2L14,0.4331416126085045,1.0738783568338575,8.17427495503597,11.543086780575539
BCL2L15,0.6460821843303436,2.6503993690423324,9.096468756836279,9.120140102024967
BCLAF1P1,-inf,inf,4.193125091227557,2.0749379652605455
BCLAF1P2,-inf,inf,7.086514545257922,0.0
BCLAF3,0.6973415390194735,1.920630401520088,3.01021925987108,2.7084665548157725
BCO1,0.8906913730198472,1.8165365626208523,1.4225541830529616,3.1601366920185026
BCRP3,,inf,1.0903911132704667,3.411861487157969
BCRP4,0.1165472258719073,0.8768620200051803,1.9745170748533978,2.255314332528458
BCRP8,inf,inf,1.75104303525535,2.8952367803815307
BDNF,1.2088425778709084,2.597770247963828,3.230613230323515,4.5809029454369865
BDNF-AS,1.2459825918837215,1.9797720352199395,2.3292548534162614,6.598747773316022
BEND5,inf,inf,2.0036333103145196,3.4913090903383766
BEST3,1.1124225091138529,2.0578460265826672,1.4953926421404682,2.7423197324414716
BEX1,-inf,inf,6.47662192393736,2.769602908277405
BEX2,0.41891225239478813,1.0846021021264163,1.5028415281036682,2.044662972820143
BEX4,0.8770502043722108,1.4851426182119145,2.34410974226724,6.1321210520592215
BGLAP,inf,inf,7.908061701023633,11.248808906080475
BHLHB9,0.21314647528732772,1.0762349815425327,3.137587498456943,3.1955837597030246
BHLHE40,2.2668898629638354,2.6819301224238288,0.722177268086835,3.292269638359235
BHMG1,,inf,1.1243314158845492,2.1073266727217677
BIN1,-0.29335050208693875,0.8471951827158807,2.8100826662441563,1.9767275367202937
BIN2,0.9358506188937127,2.5971755200203077,2.017758088948464,1.259184185002343
BIRC3,0.561076853486583,0.8319260355132725,1.9544187935106718,3.2190034570901345
BIRC7,0.42957450331037045,1.5244328655240063,1.8676698905573939,2.3604574955459405
BLACAT1,1.1878105244491253,2.3810218925212054,5.981791404471818,13.816307403936273
BLACE,-0.09426622748879057,0.8916660037817843,2.313958800734244,1.7560677136447074
BLCAP,1.0319696621946137,1.1161649698536353,1.5758333488152763,3.227811689831279
BLNK,2.821751022544219,3.6054410526828518,5.559213368929262,36.91233215260049
BLOC1S2,0.9742168739910378,1.225424302493233,1.8826004905160452,3.5007753532553174
BMF,-1.2302182101351318,1.4756067803341664,2.7639238661829584,1.1297279643047364
BMP1,0.31818889288336993,0.42078314036929415,2.3193119865930507,2.9048089543064544
BMP8A,-0.4318792945009803,0.8168050264759629,2.180599452994448,1.3062933802314447
BMPER,-2.4599617876635147,4.388874879955019,5.321765235664969,0.9637146002201552
BMPR1APS2,,inf,5.345882962195753,1.3559698486679326
BMS1P12,,inf,6.19294769100236,8.786722635600931
BMS1P16,-inf,inf,3.057693469529318,2.7227330193217796
BMS1P17,inf,inf,2.670842856640529,7.229712718450017
BMS1P2,0.6381230394962842,0.992263907053955,1.1108797628505476,2.0000965706850495
BMS1P22,inf,inf,1.4001169191292113,2.64622478823497
BMS1P3,,inf,1.2016952776589895,2.026727350479565
BNC1,0.10200216201260887,2.4428518758035516,10.13171394085697,10.4055522027761
BNC2,,inf,0.6983686786296901,3.5371125611745518
BNIP3P37,0.901223031833048,2.8601583644335897,5.271420809972608,5.537061491212845
BOK,-0.2907928796775707,2.034058894005564,2.214990749371024,1.3762207420151629
BOK-AS1,-0.4087319284758441,1.0976337806743113,3.17143516382095,3.256386591411972
BOLA2P3,-0.3547718872083034,0.7209222507146086,2.3601665908281113,1.9293439281469023
BOLA3-AS1,-1.7678966971136159,2.617981156703147,2.5643715967666014,0.6786911825382528
BOLL,inf,inf,5.0605277898798775,10.194062363851371
BPIFA2,-1.1941238050627296,1.9036588816851556,2.966312612233981,1.512503343139877
BPIFA4P,-0.8106931154964092,1.616205157053856,3.9527960342470165,2.8981910006176026
BPIFB2,-inf,inf,3.4274726632482855,2.066751096558967
BRD7P2,inf,inf,4.784811163603594,1.417952429066878
BRD7P5,,inf,1.575982241953385,2.675493895671476
BRDT,0.8411537712858543,2.2042881076101164,5.572734916964473,8.043777590918646
BRICD5,-0.48909514443617746,1.262110466437333,2.3203067179097214,1.4562008662483474
BRWD1-AS1,inf,inf,1.5075265409602283,2.2983481223260975
BRWD3,0.10710027204205905,1.1364946188023537,1.3949691408153322,2.629308104596395
BSN,0.5690226562265761,1.4379076626525207,2.189338433940651,3.4467462015604395
BSN-AS1,0.5883008633459168,2.115053772566308,2.0970447990285472,2.2624052894100903
BST1,1.3077633537777438,1.9522212598872744,2.513073328446515,4.071221006335409
BST2,-0.15227679147694173,2.57795835530452,1.8457672921178692,4.024015324434856
BTBD11,1.4641546660998543,1.803691613328616,1.9437967598869597,5.8709526663345155
BTBD19,2.098377863864587,2.6724322751171266,2.131042304324834,8.01435832589146
BTBD6P1,-inf,inf,4.702799999999999,4.2287478260869555
BTC,-0.31216512647209066,0.4001191522101664,2.4743082761932853,2.1914664590847446
BTF3P10,inf,inf,3.313262300363603,1.760229207898007
BTF3P4,inf,inf,1.4361897447150904,2.899846390168971
BTF3P9,0.6057028272353479,1.5229528886711339,4.459884969301207,6.10038801524167
BTG2,1.9351679475836179,2.409396575538848,9.675979486059486,31.3859316076545
BTG3-AS1,1.4902505013665264,3.784560710416963,2.1448408547519424,1.6749476987447698
BTN2A3P,0.10305012682428946,0.41675359326444095,1.6162368860196814,2.1575474038668423
BTN3A1,0.2286633970018117,0.8747178956698898,4.484681878521182,5.107284339036908
BTN3A3,0.07505523342433104,0.8351941468831126,2.4538938324070037,1.8049632097092962
BTNL8,inf,inf,1.3511535512650727,2.9905555168327873
BTNL9,-0.09957515986635034,0.4693443932859499,2.6007472837518724,2.5604221473084325
BUB1B-PAK6,-inf,inf,6.220142169632214,0.0
BVES,0.3529817189152816,0.9307209415114173,2.5304139606194767,2.6652913917552414
BX005266.2,3.173962991691369,5.506328575308895,44.30741049410305,69.62993406350726
BX088645.1,inf,inf,1.9386451193275631,3.7757492370040535
BX088651.4,inf,inf,3.9169809025665976,8.993066536917649
BX248409.1,1.2103886491077345,3.0558312556290317,2.371595143807659,3.3039414398068474
BX284632.1,0.6744386507645082,1.2671907574206753,1.7354909585666087,3.616924993334988
BX284668.2,,inf,15.968492486669897,19.94843674260785
BX284668.4,inf,inf,0.0,2.4094951453008893
BX284668.6,,inf,2.975434623113975,2.6701043095473533
BX322534.1,0.9647105690899047,1.0580145324091663,1.8375290020733317,3.464229905727061
BX322557.1,0.1007268253490981,1.013772526631267,2.7770270270270268,2.065579705375127
BX322650.1,-0.037771384820951714,3.464533075601866,1.8769646722295732,2.5708926399840912
BX322784.1,inf,inf,0.6214461658877967,2.6818642233937244
BX323046.1,,inf,7.025487407635173,2.2613312065801234
BX547991.1,0.7048598780149382,1.8745050411501887,0.7919991484261655,2.027124203620766
BX649632.1,0.31858087970154236,1.9341838876944617,2.745839009306144,4.07159375432134
BX664615.1,-inf,inf,9.945968751002598,9.153479418653149
BX679664.3,-0.300585198058449,1.2547243039536318,2.3792166785547386,2.3254508975786985
BX890604.2,-inf,inf,3.0535446943003612,1.3364170459872668
C10orf113,inf,inf,2.5416025396038413,1.6596901586908095
C10orf25,-0.892428379746019,2.3012260833791056,5.398459575243825,3.731230820648376
C10orf55,0.6487931329746686,1.6122450018235546,4.932288372933417,5.821799620561929
C10orf67,-0.4319495690388086,1.93858278612679,4.622741839762611,3.1198931750741843
C11orf45,0.8973678024851379,1.6392092181784743,1.7074653077875115,3.4561714801319234
C11orf65,0.28266745120546577,0.6474620883113484,2.341125633848068,3.1597994655138044
C11orf88,0.12553734393103994,0.4247920318156811,2.5594039830325688,2.136375727945934
C11orf96,-inf,inf,2.4518691735131695,1.023603470054598
C12orf40,0.9963678587282712,2.1961012529170643,5.970958579881658,9.982650887573966
C12orf76,0.5984363194722857,0.7864682372369287,1.501706274212217,2.2812090607138718
C12orf80,-1.2865210130230214,2.0416078211832107,3.247967028172031,1.4780597713551296
C13orf42,0.9109348620823983,1.7129693921369078,2.1461067653360115,3.8950257118956517
C13orf46,-2.2150855035246133,3.5380500914177118,23.765898441235535,3.4575882184182847
C14orf28,1.0202283297120722,1.5221515605065314,1.4548441169060782,2.9231938286239094
C15orf41,-0.2955119517415348,0.8846358534733472,2.362283465902382,1.6357071816236481
C15orf48,-0.5289280601618437,0.9592522952101844,3.6509863946579983,2.4143284610695024
C15orf53,0.31438524086404235,0.9747107100419811,2.82237464001595,3.945529594006545
C15orf59,1.2154384117756925,2.345430523197082,1.762335943783119,5.098918555107492
C16orf45,-0.05733934974873427,0.4492822820350554,2.436524725709294,2.2167823273137106
C16orf46,-2.5041490554751187,3.9143897626557504,5.195204708944196,1.159233945260956
C17orf107,0.8655696032356396,1.182314354327047,1.4147980583805093,2.207078918063192
C17orf113,0.3631620006341868,0.5589461237123622,1.7996738111215298,2.0019227664135073
C17orf51,0.057503313569349235,3.1422934595718703,3.910991874446776,2.8490656111072425
C17orf80,0.7145697956151058,1.3076383911411953,1.1927364423128712,2.089248224351397
C17orf82,2.1318555962139545,2.2136228769958297,3.9801764591618705,16.14615132957787
C17orf99,0.392397726557179,1.6052354967512767,1.3630438521066208,3.355551734021209
C18orf15,0.13631516066396276,1.0806581567093205,1.1929350101311187,2.0811243029623054
C19orf18,inf,inf,2.81061186200559,1.4714553738943983
C19orf66,0.12070411281377601,0.5334543750447434,2.784864464317531,2.487729634248941
C19orf71,0.8809654058223418,1.3891816531676442,2.644333701417218,5.421895651079362
C1DP1,,inf,1.8905467516721597,3.1178454882919864
C1QBPP2,-0.8551877386566625,1.9148324504772307,2.65656575177198,0.9225167144221584
C1QTNF1,0.7893505809175546,2.2371870735057007,5.157571026741852,4.6426860288279075
C1QTNF12,0.8747493728115234,1.7827067777979457,1.5386666085054124,2.6897678694861455
C1QTNF3-AMACR,0.9037319293295816,2.826857476979518,3.6602297226971974,3.7584433446265284
C1QTNF4,inf,inf,4.8215814737934615,4.559743124026985
C1QTNF9B,,inf,2.7668199061654275,1.141277757424631
C1R,1.2087042726850379,1.9442081792535726,2.7503107785117966,6.7714855677869155
C1RL,0.2980913033951064,1.699641238986604,1.5996604293606551,2.329429867385151
C1RL-AS1,-0.050394677879681514,1.3276546715636044,3.606465848540067,1.4368715437605613
C1S,0.3148936912117994,0.7628745224556812,2.9519141503565103,3.8079413312915724
C1orf105,1.3223412550090046,1.649034543508611,1.7003460994341146,4.113518088116411
C1orf116,0.5996241078005042,0.8963191909037529,3.367681274464183,5.025956962589596
C1orf127,-0.5216701214663227,2.164472445407266,3.5855332302936627,1.8601391035548684
C1orf141,-inf,inf,2.402441202582516,0.9182719836937964
C1orf158,0.0031111196980134204,0.982042950100177,2.9380485805826693,1.823984799940392
C1orf194,inf,inf,3.632739943517907,4.19528941218346
C1orf229,1.3484670461094501,1.607930183835198,1.9695435286123573,4.813363867119229
C1orf53,0.07722289615191062,0.6080383500986353,2.131417026039251,2.1151710983930574
C1orf54,0.4063938215902728,1.7472442473852474,1.5109845876122667,3.0636395635546507
C1orf61,0.10078689577369732,0.9902612987631667,4.206824288017195,3.61146934145322
C2-AS1,-inf,inf,4.328428989924201,0.9744098367116378
C22orf23,0.15196334126511857,1.6348971770830805,3.3976533741369477,1.789303788339615
C22orf34,inf,inf,2.9446893787575146,5.726202404809619
C2orf54,-1.0609362909106248,2.048330840849378,3.2503579488440533,1.442482942068475
C2orf66,inf,inf,1.5001592525745833,5.267933609371129
C2orf70,0.6547090973724918,2.7785066826905704,2.5478864887759425,4.529419737399406
C2orf92,0.049768740394743924,0.41919407618861215,2.539439074880434,2.104580626739953
C3orf18,-0.3623272402930998,1.5077146127724177,3.38369860207896,2.1012135798043934
C3orf33,0.5150166814536744,0.9400098367843669,1.458113019813282,2.1729602527184357
C3orf52,0.7716197160688141,0.9417503596099508,1.4759766366593494,2.2796703356580306
C3orf79,-inf,inf,6.135879250337874,3.189897262321943
C4A,1.1106095393970392,1.782947580068157,1.9544562492058979,3.4410268984637153
C4A-AS1,inf,inf,2.166359250851306,2.929980136208854
C4B,0.6225111191906025,0.9405111068448996,2.177036074346949,3.9958240448254427
C4B-AS1,inf,inf,2.166359250851306,2.929980136208854
C4orf50,inf,inf,1.3535144101181835,14.593821273066556
C5orf49,0.7127490946989696,1.88845396480024,2.2287084710855782,2.9755379112243237
C5orf56,0.5965218256704417,1.5484085989139673,7.078382180936722,6.200515315376401
C5orf60,2.2777444840829775,3.636784235262527,4.072770315078423,9.825403679770517
C5orf64,-0.5188933186968001,3.9363388302623736,2.4869210596497457,3.2419881767268195
C6orf222,,inf,1.405962762196559,4.1756422342682065
C6orf226,0.8786432430941656,1.1871221725887986,1.3968880819112046,2.851274303759039
C6orf47-AS1,inf,inf,2.847085896773587,2.7999342506927154
C7,-0.28648827075298333,1.010288629382758,5.2202427645431655,5.3018661492093635
C7orf69,,inf,3.5423747432249844,3.0517065240077774
C8G,-0.5214826140930728,3.7320660822665372,2.1881837387233074,2.2304927486582162
C8orf34-AS1,inf,inf,0.6667615895463045,3.0850276171849815
C8orf37-AS1,0.009053654854274562,1.0446221327740242,6.6409185731173075,6.7898546693554
C8orf48,-0.38401280901349805,1.4512977209033076,4.799733767194201,4.151323768673273
C8orf86,-0.2547921954058852,0.9384420177102168,2.5289282635933072,2.3564249980006573
C9orf139,-1.2114152998458874,2.853199974368084,4.050272864694981,1.892182148926903
C9orf153,inf,inf,1.3027295187219354,2.7477581401725986
C9orf24,inf,inf,15.242221236068206,33.982539384526106
C9orf50,-0.08389471142201632,2.40230016583555,1.3451094066005256,2.003349266400608
C9orf66,1.338575491400079,1.4801993758806582,1.4269444318026667,3.9176347107814125
C9orf84,,inf,5.616708952519028,1.28660746647336
CA14,0.23550580019424278,0.6516461225253416,1.8513568251989916,2.4178795003257507
CA15P1,,inf,3.3367306331800495,2.0801865935620802
CA6,1.221356770781664,2.3656864122326877,1.1795012185040852,2.27922173195773
CABP7,,inf,4.768060836501901,5.058392178164041
CABYR,2.0759284167424696,2.5201205443242936,1.1177300569222088,3.7408717608062045
CACNA1A,0.7442016592325034,0.9902437314947508,1.3780543838870205,2.2823406064635225
CACNA1B,-1.6045007162088767,4.809333992548487,3.2119793122728546,0.43204600822716566
CACNA1C,,inf,66.78065395095368,40.93732970027248
CACNA1F,0.6142465331068981,2.2719997313351032,3.2429986982084875,4.563241794660271
CACNA1G,0.1099796094410532,2.0240455132970836,4.935426540284359,3.605466248238759
CACNA2D1,,inf,18.371199738476623,46.680205949656745
CACNA2D3,inf,inf,0.6667892010190299,3.2748046574452445
CACNB2,-0.004955779362260548,2.711799403158961,4.625487359779287,1.966758949697765
CACNB4,0.43200323706191246,1.0354327355432051,1.3787727846603015,2.4495975696362353
CACNG6,-0.3344633870042969,1.0783574044517397,8.640550944204946,5.1243745827116935
CACNG8,-0.2134448532262334,0.436156460775031,2.432040581995167,2.4922509182933164
CACTIN-AS1,-0.4400725783861319,1.2747893878484886,2.2107291133481204,1.352883466985156
CADM2-AS1,1.0222837401247489,1.3354023043000762,3.761786219915054,7.432114204813591
CADPS,1.0330025082482321,3.5356001742862047,2.4932749006823083,2.065767908360501
CALB2,inf,inf,2.999266196100357,8.844931511636034
CALCOCO1,0.1662788593936563,0.33412975987986193,2.4896978924471482,2.727841383588203
CALCR,0.5817969647823511,1.4706446084102434,2.0707087465159932,2.805308014637568
CALD1,1.7032513230285526,2.388197381315042,3.32167071835043,10.777775849145034
CALHM1,3.1298201198413125,3.718137022288081,1.7873908410257828,14.342305935757087
CALHM3,0.34032656969376623,0.9450332352269318,4.196336249056815,4.3299611547382835
CALM1P1,0.29263111111022444,0.7801520005818007,4.37192557430272,4.763905627428796
CALM2P4,-inf,inf,3.007581913342734,0.0
CALML3,inf,inf,4.5516639515941355,11.87729811496393
CALML3-AS1,0.14855285253072156,1.5920856160537447,9.929074767864973,6.2823354283824
CALML6,1.6246678449379146,2.1898382565894257,1.7109854893883105,3.944690170547198
CALN1,1.461846227655628,1.921592544501903,1.655291411042945,3.569519820670128
CAMK1,0.3454067588837648,0.6249157972780327,1.9296280700976776,2.2105201921425444
CAMK2B,0.23759161667894854,0.8837746513169162,2.5695027211271606,2.443830625640106
CAMKV,-inf,inf,14.016049739733951,10.424715635241952
CAP1P2,0.7488268095702871,1.699372525894828,1.09610270725017,2.49317466098936
CAPG,0.015028198202027079,0.3465108553064553,2.2261609644833413,2.3852872139684185
CAPN2,0.14648687630445517,0.26569411320384584,2.28366600238113,2.3801096720663484
CAPN3,,inf,1.563548439343807,3.474131747611004
CAPN8,0.0507275522896824,0.5271795299315012,2.426825804601221,2.3281337981504993
CARD6,0.44205602629244667,1.8209070754759062,3.0224493904093404,1.953083837314124
CARD9,0.1413961787605016,2.665596698442209,1.7069955028909987,2.7078021272039403
CARF,-0.13492237555736977,0.8074071219093926,1.7236447603172187,2.028792609542159
CARMIL3,-0.49401216252018565,1.8709561422344319,2.249842619867881,1.8511170669124544
CARNS1,1.3539784066250475,2.4778244599920916,6.544406248640181,11.954451503415866
CASC10,0.15810587366640538,0.41319281880347647,2.0962890665995,2.323848354277798
CASC18,-inf,inf,2.0004047826628466,3.792969236517623
CASC19,0.19231245111588088,1.5137840530075477,2.241595477685322,1.8946099582762637
CASC8,inf,inf,5.05171423276501,19.3561990363232
CASK,0.4515600146677816,0.8919651231680807,1.7400449268508353,2.3831439221556314
CASKIN1,0.7010247423379029,1.5343486881543988,2.1357558785873954,2.1599918591892004
CASP14,0.8671907969325283,1.417022395979118,1.5469724458555385,2.075017953660657
CASP16P,0.13460295418176313,0.8811334954121472,2.530111002787897,2.9880188824465077
CASP4,,inf,3.1382990593722444,4.3412983564120005
CASP9,-0.4251049609011761,0.9295403662144777,2.2816639263800536,1.4027072771589528
CASTOR1,-0.7752160971297879,1.2495707348173135,2.2339932710939308,1.162242835668749
CASTOR3,0.7388637882822973,0.9179619624395208,1.4073569600185214,2.402137595605265
CASZ1,1.6512462055638306,1.9588969433123569,1.2828210240813516,3.4400303613275276
CATIP,3.2629974389788092,3.972331412399043,2.441657853438865,20.1471027224345
CATIP-AS1,-0.49878828832870475,1.098772517304615,3.672771663599143,3.2201742853923294
CATIP-AS2,,inf,4.188025183091353,1.4121932416805858
CATSPER1,0.8122099671692774,1.3645788166100428,3.208136497722457,7.725999549419526
CATSPER2,1.276511222296299,1.660590602083502,0.9817937804426674,2.2104781724766456
CATSPER3,0.57882781469422,1.3914545589522034,1.912269315051615,2.6974495947337385
CATSPER4,-inf,inf,4.647678455834755,4.23474371800153
CATSPERE,0.9478900522513257,2.237673618962954,3.2692454268292663,3.9226740755310785
CATSPERG,1.20694908187226,1.5341564178560412,1.8358837686156468,4.504276311721335
CATSPERZ,0.26257763507685256,1.6613121736926808,4.65464942716986,2.395903984999127
CAV2,0.6406875613547278,0.9288672941834579,1.8287803938905245,2.970074505776278
CAVIN4,0.5755260893838152,0.8039176795668042,1.4084279030009663,2.323936417377129
CBLB,0.16714427324667724,0.3437360549094634,1.8326319133577815,2.1148767310472976
CBLN3,0.6681325503464306,0.7937734520947552,2.9368565443716688,5.09134295227525
CBX1P1,-0.3404199648021562,1.74173795767067,2.4931795372498575,0.7454837547168627
CBX3P1,,inf,1.341015453614781,2.401574611222152
CC2D2B,-0.8802180569901978,1.9280024586146398,2.4385662619792745,1.1438761096430876
CCDC103,-1.5294646704695314,4.177022665637025,4.983335781114575,2.656868301784536
CCDC114,-0.2367999654893412,1.1439001130171482,3.534369594156884,2.102181558021826
CCDC116,0.09331735325905474,1.0945707382276433,4.147054376858338,3.305145391321875
CCDC120,0.0030110106319739863,0.07430537098180721,2.06717761432935,2.0896795522148857
CCDC129,0.2521677228306076,1.5335595207113082,2.658813233578145,2.425492484041456
CCDC136,-0.39847991348554257,0.967724191462957,2.2619397794300697,1.9136424937476852
CCDC141,-0.22280387318711703,0.8802260793946324,3.305989184777064,2.8614427099275557
CCDC144NL,-0.2643879808946567,3.538733399686934,4.592354436185053,4.387112801207697
CCDC151,0.4348368726189651,1.23642415546617,2.636675847203928,2.732556580050293
CCDC152,inf,inf,2.3249807371259794,2.0201939129318096
CCDC153,-0.4417573038701288,1.0727978907309264,2.337041108594573,1.1110203334868491
CCDC155,,inf,2.3045654372458775,2.5159026645476876
CCDC160,-1.0270053539320498,2.489105671233097,4.864057595067576,1.4565311378033423
CCDC17,0.19383990751118998,2.2806860721941176,9.812379780955995,8.288231291626866
CCDC173,-0.8085298771491081,4.046177925811519,3.294466429946059,3.8962065974575126
CCDC18-AS1,-0.10299988707874995,1.1385548502038765,2.5895884788371175,1.8231721638761198
CCDC180,0.9135529694117359,1.6447898539738754,2.927907092040356,4.5044991447906595
CCDC183,0.28405429593311365,0.5906756359844372,1.9616480071899913,2.4370203526116208
CCDC184,-0.3750681899743571,0.7115852154048641,5.122365260831971,3.5467672206744156
CCDC185,0.42676446720281147,0.9319906640862735,2.9364406779661016,3.880005065749203
CCDC187,1.2131587028468898,2.0556216015230513,10.821052312908694,17.306006296924192
CCDC192,0.5075667311647314,0.8472390684766024,1.7848133956912906,2.5829248135835168
CCDC194,inf,inf,1.5447029484429093,4.061520767663938
CCDC197,-0.42168849146046994,2.179378093521523,2.2919811559698093,1.3500329263968391
CCDC24,-0.5819689530907066,0.9947541123623689,2.0293976392471396,1.2373332601968186
CCDC3,inf,inf,1.4918061790919344,2.636055023553088
CCDC33,0.118364108621213,1.5807515278567272,9.393114281974078,7.517583215318521
CCDC38,1.0132471184164265,2.019070135561627,0.9789248486503709,3.7003732532204463
CCDC60,2.88966662212623,4.741678846547744,2.5974429387213385,13.986151616226884
CCDC65,inf,inf,3.183365163312277,10.09571029822242
CCDC7,-0.42777336354395634,1.7144802906624772,2.0149178470841815,0.9519902860968585
CCDC71L,0.4043664444949491,0.528771164490132,1.7121443723460907,2.3221969703558187
CCDC73,0.870929881335718,2.3244129344632753,3.111963057705724,2.167064217135643
CCDC82,1.6518091151544976,3.676426743933153,1.111848777723808,3.820843118848703
CCDC89,0.18221050999842328,1.0320770222380247,2.5089544838928117,2.2685014994679307
CCDC90B,1.0418312743473177,1.4743532350738633,1.9090922729217206,4.3638373207209815
CCDC91,-1.2194830722089969,2.5142846551658398,3.169339999191146,1.4933143066182204
CCDC92,0.4778112105648512,0.5701675308181667,1.4589519789049745,2.1057266370989707
CCDC92B,-inf,inf,7.510292397660818,3.8508122157244955
CCER2,-inf,inf,5.3314269275816955,2.144644826334427
CCL15-CCL14,inf,inf,1.303968486778695,3.566634538825797
CCL22,0.13232772303354343,0.5395845658248501,2.9521036496793474,2.6386830454898256
CCL26,-0.02512535264151257,0.7064838188562217,2.3072521816729097,1.8846935281360573
CCNB3,0.8811651168098261,3.9784800295363865,6.940334418898556,15.180600787439847
CCNB3P1,-0.5331689415329128,1.4265428996436882,3.413924732059836,3.4906975416387986
CCNG1,0.7079519347479255,0.945146763726725,1.7432021462730718,2.9145447764533694
CCNG2,0.22962708024678452,0.44639439188481617,2.6002202826041585,3.267163119633394
CCNJP1,inf,inf,0.0,2.79255104330267
CCNK,0.735329309421121,0.8902547056005937,1.1407181330349654,2.081009259992753
CCNYL2,1.1320341194850916,2.674482814646861,1.5794466403162053,4.698384602165314
CCR10,inf,inf,1.3460328668635253,5.438727692900244
CCR3,0.3660739167995089,2.0611838297234715,12.258152540999108,7.010644908545645
CCR7,0.7560915227537228,1.3985030304710935,2.2305713080967586,2.652056244460317
CCRL2,-0.5940224749928705,2.0372747524409878,4.852754536717735,3.9442026117926394
CCS,0.7566876985112413,0.9268209703346396,1.5059815373583585,2.6423730845910676
CCSER1,0.6780761229514258,1.3244960306092526,1.3302261984910848,2.5943796546291225
CCT6B,0.9025698952419982,1.880760222899222,2.455817640193021,4.562596031566295
CCT6P2,,inf,1.6890305561661902,2.023367773136953
CCT7P1,-inf,inf,2.532359467455621,2.348593252162039
CD14,-inf,inf,6.9064999829798825,7.039971746604484
CD163L1,1.415820431756689,3.27263567631266,2.386316519189623,8.735231556838066
CD164L2,1.833081380275259,2.1011119826176152,1.2028093799229003,4.154993064255106
CD177,inf,inf,0.9392316434365735,2.4348033388632713
CD180,0.4040197592677527,1.3166891385216444,2.4755181736257135,3.4653987683989187
CD200,1.0947244501576399,3.2311093152552592,2.6259480245455236,2.941563388224995
CD200R1L,inf,inf,0.0,2.2213153474700817
CD207,-0.9427091383693484,1.2379015644303812,4.083392399542009,2.4246087999563817
CD226,0.008283100667954416,1.07965357694232,3.857514041257677,2.2869665634349903
CD274,-0.3862392063976986,2.889196623968832,9.715697096206599,8.891443809357273
CD300E,-inf,inf,4.677344817665253,1.0388495288786592
CD34,inf,inf,1.4358484747853315,2.4386474690450206
CD36,1.1151493314451693,1.8113907756681098,1.585738691478734,3.0081173296784436
CD37,-1.039850054384294,4.47947288916201,8.576940061585468,24.853997087818968
CD3G,0.26973985985809223,1.1947020482564508,2.2172438624108253,1.8060477163367608
CD40LG,1.3560348953289931,2.7050302456104656,2.7782234957020058,9.172722063037249
CD68,0.7060101030855171,2.335533817709057,1.0455830827630805,2.1141212017142297
CD72,0.4391618586171429,1.2937793445237329,2.822901549200291,2.6020639264820344
CD74,-0.04902199436410726,2.0187975156217592,5.5906155426798145,3.6270329962188192
CD79A,inf,inf,1.6905357112897004,2.627258695032129
CD81-AS1,-1.0570588072793858,3.250940909761732,2.0724061933324034,0.9650132514995116
CD82,2.0776322023106775,2.7358582937215656,1.7490799572415825,10.3403585846098
CDA,-0.35883401210452237,1.0286755608832476,2.415140767897348,1.4558693139931058
CDC20B,0.42547047599993165,0.8926690519132537,1.911311231071755,3.1219204418782334
CDC27P2,,inf,1.6391067742540815,5.616119346969413
CDC27P3,inf,inf,2.026898557208366,4.409797561793983
CDC37L1-DT,-0.15288041781575923,2.118462632463048,10.044189850198716,10.835949556710485
CDC42-IT1,0.9747068035909624,1.8660360396603508,2.0661517167477785,3.428990489797741
CDC42BPG,0.7620659709580364,1.0357913218184467,2.0128631379554545,3.649893514816035
CDC42EP2,,inf,4.737859271728783,1.266964938666814
CDC42EP3,0.4637342149741356,0.7994554539035437,2.28630870028231,2.9454097330591846
CDC42EP5,0.22166519776602253,0.787789053459391,1.5589203360523927,2.2885991877153526
CDC42P6,,inf,2.2221157925328114,2.238290971162101
CDC42SE1,0.8072664717421973,0.9277523050334351,1.2726907410811112,2.09763707503227
CDCP1,-0.012421356403665214,0.8019243657476164,2.65679557626765,2.379216804618488
CDH11,-2.2330947171700632,3.2228329083414597,2.4196081668592813,1.0392016583200336
CDH13,1.1652794952191439,2.674463312165994,6.846190516069599,10.60517229161701
CDH17,0.5094574954777445,2.2794365312347415,7.551136769007586,6.809698209232087
CDH23,inf,inf,3.7198384654215038,16.167339727410397
CDH4,-0.16955404195605178,1.1556260379807604,1.53975602994178,2.1533130024951483
CDH5,0.7368475114340365,1.926538211155771,2.3914498252322764,3.072349356197532
CDH6,-0.653730492554014,1.18776014839675,3.083558016369764,1.851998074145402
CDH8,0.594647201782864,0.9273533915193864,1.8032475968999504,2.4173182292470887
CDH9,,inf,2.5590094568071167,1.3454665952945373
CDIP1,-inf,inf,1.926349316083156,7.20269369413856
CDIPTOSP,,inf,0.959491921836079,2.344337679294674
CDK3,0.4786049760214953,0.6807307441451552,1.6171224068648296,2.0460324625119646
CDK5R2,-0.21249074890384897,1.8678170925492386,3.1002568540957056,2.7255290635993075
CDKL2,-0.0989371919625192,1.231329810857887,3.9490376447812894,3.0699394865243934
CDKN1A,3.027261084893747,3.3980757040093597,6.530867576664957,56.02760177923184
CDKN2B,0.27997200577918996,0.596367669306923,1.8722197793271396,2.102290694199867
CDNF,0.457285912103426,1.154531659274644,4.042398485669917,7.5298436968766955
CDRT1,-0.1697830731977086,1.12245367855485,4.180926770658925,2.475574420554194
CDSN,-0.08345856562022813,0.25691034795728057,4.483258006512125,4.467147786363415
CDYLP1,inf,inf,1.5214398712220034,2.417210180122672
CEACAM1,2.213582169290638,2.524901755377024,1.6443680675771546,8.907809433322784
CEACAM19,1.2628790741667717,1.6201295670798765,3.8874972778601062,10.26436094778272
CEACAM7,-inf,inf,2.1596529338957793,0.945502538583949
CEACAMP10,,inf,4.017562652583329,2.4322156344975334
CEACAMP7,inf,inf,3.3632853370534597,2.6089382691445366
CEBPZOS,0.7307509051869918,0.9295762884759675,1.0719191184776231,2.041702041564909
CEL,2.4058081727156497,3.025885499691852,2.776937995323112,16.31525894474728
CELF3,2.150668260153866,3.1183447261898833,9.494759133428806,49.22741399798896
CELP,3.0688031629188535,4.397771816232003,4.393896507186238,25.58242483010957
CEMIP,0.228276442768435,0.7098775050200838,5.7762850363864935,7.224184673013399
CEMIP2,0.6754477570108883,1.0550485293724061,1.8554420965588825,2.1247643491338613
CEMP1,0.8396008138738569,1.7152153675004498,3.1700527465866264,3.593782844404902
CENPCP1,-inf,inf,3.318565815324165,1.345470421305392
CENPP,0.960457141871487,1.345131060319687,1.1367685656226958,2.0762493203144503
CEP112,-0.1466641621092677,0.6129804268499848,2.1969788322759545,1.7672469371005934
CEP120,0.9975735754370794,1.3234660990726292,1.3790231015496273,2.2598872148316125
CEP164,0.49218796007283866,0.892340603369938,1.5269214684581782,2.2550796936522564
CEP170B,1.21579019822139,1.4490376302203372,1.297636523215049,3.084541793493305
CEP170P1,-inf,inf,2.31518556431071,0.8574820863189468
CEP250,0.9466118594580036,1.2641393291293521,1.1442118463836934,2.008371034111965
CEP295NL,inf,inf,5.5616209880995315,4.729489722322395
CEP85L,1.2415524369529363,1.8190599633290108,2.4702773972538736,5.541187222121511
CEP97,-1.4504709279856667,2.865899060362026,8.416339690564525,3.107436371938529
CERNA1,-0.06551907566283412,0.5950372796023847,2.559960501946555,2.739015194466493
CERS3,,inf,11.502039592081582,46.42207558488302
CERS5,0.7164867507973586,0.803155735865448,1.8068752471065266,2.636691656781472
CES2,1.8138316552405305,2.274157448009518,1.8619951271404553,6.683625146300729
CES4A,0.4540494964047121,1.0323278054409504,1.8220412651951923,2.020500362391415
CES5AP1,inf,inf,0.0,6.585882579526851
CETP,0.41445749398615567,1.60727137322235,2.526039266291824,1.975149783390174
CFAP206,-0.3254493491240105,0.6123225178024405,2.2639128251462175,1.7409210379833564
CFAP300,0.3658180925454003,0.7623238920872939,2.3994564444469733,3.0142800662165006
CFAP47,,inf,4.442375263527758,2.6475755446240337
CFAP52,0.8188936684568838,1.6235475848734033,1.606345375052466,2.298523717961466
CFAP70,-0.055235696905487436,1.1198938821909827,6.844851696474571,5.297122249208801
CFAP73,0.9581760218343922,2.606943546466128,2.194898289801855,3.906798094142528
CFAP74,0.7630820570888668,1.7209348130277007,1.5998178465800421,3.6786981751244645
CFAP77,inf,inf,0.8399018651904506,2.104221054949203
CFB,7.814714851155091e-05,0.4099755749724892,3.277509709761136,3.1272189929840515
CFD,0.4312023130637669,0.5655871695197247,1.6563313764478165,2.3560822287996053
CFH,,inf,6.681797128300139,20.214296742318975
CFHR1,inf,inf,4.800744290689432,5.514301955667875
CFHR3,2.666123960358316,3.521384473886237,5.898300855732918,24.558213249382383
CFHR4,inf,inf,0.0,26.34025307925574
CFHR5,,inf,3.806662902315076,3.725607001693958
CFL1P1,0.048760999783137166,0.8397568978690508,7.446899427586631,4.402338893334154
CFL1P4,-inf,inf,3.1105065332503714,5.102978586515304
CFLAR,0.7750724307608906,0.8628047731936902,1.450277421102425,2.5955210117339647
CFLAR-AS1,0.4858943427165774,2.3741353166438843,2.015795874425157,2.0767162205268614
CFTR,inf,inf,1.5534620606241636,5.1925749416369085
CGA,inf,inf,1.3940209240390122,3.566217039184853
CGB7,4.066773761076923,6.085640105643522,3.8662467090631543,38.55486698003203
CGB8,inf,inf,0.0,8.418223955267804
CGNL1,0.006746350392217132,0.21102897302332896,1.84943668623678,2.0593274646403645
CHAD,inf,inf,7.859840751327071,16.864332380563493
CHADL,0.5494107626460751,2.0330985149211163,5.959512388953537,5.460647688246814
CHCHD2P2,-inf,inf,3.2119614636186737,1.6530407187153326
CHCHD2P6,0.7883894386916708,2.1639891890962395,3.128816022600162,2.023504704673414
CHCHD2P8,inf,inf,2.327061924590289,2.1688027657867592
CHD5,0.6888118350248008,1.3066665571190268,2.2287139585555957,2.6869515810104985
CHEK2P2,0.5509888699892262,1.2158895240473169,4.620064442859784,9.496553363441882
CHIAP2,-0.33376978984601524,2.28109590862178,2.0788117780547237,2.4453786201893566
CHMP4BP1,0.11693520853907469,1.719427717989872,3.9790192959691937,1.8406094345150894
CHRD,0.5663862439153947,0.744889822964349,2.749725101756689,3.912107937465085
CHRDL1,inf,inf,0.7818563188253801,3.1887781856318824
CHRM1,-1.016139930209607,1.2255600390992805,2.7721510767498003,1.5329154825256437
CHRM3,0.48785909483520207,0.6869522771428397,1.9128102676758163,2.4729264932860677
CHRM5,0.06720978823450312,3.390627778805316,8.91909445432127,2.042123071629294
CHRNA3,2.4372387414624286,3.165132357481587,6.260501035976642,41.93332077604068
CHRNA7,0.920856293780573,2.438709547632323,1.7826306255890667,4.902984360273327
CHRNB2,,inf,2.157997070855007,4.75104792687238
CHRNB4,0.8162014142484405,0.9231387052721901,2.2597084760389414,4.121862637510813
CHRNE,1.1865443711516432,1.9534331815455488,1.7845225445260335,2.8101359174028198
CHST3,1.2743053802232387,1.4506954796494518,2.0297558180040682,4.419946960928634
CHST5,1.0328422066574534,2.7820546894481524,3.1316730578654837,6.4576241975095865
CHST6,0.792973580978398,1.5532256268162832,1.2435246058594498,2.37239420437863
CHSY1,0.37107309320228893,0.9671802664990583,2.3947612972443766,2.1766416852135126
CHTF8P1,-inf,inf,3.515593060432937,1.5216992504848263
CIB2,0.1772682787373724,1.8164087389774775,3.272578788900385,4.084397995838225
CIB3,0.6290123141785715,2.404657561802685,2.4890930977365,4.5133023948917526
CIC,0.5796867251381501,0.8695991487670482,1.4938495730820593,2.270712219467772
CICP22,-inf,inf,1.9431722982407147,2.7584473610723257
CICP27,0.36862724686298076,0.8280099638001505,2.104343859166724,2.477340190852336
CIDEB,1.9067562334733503,4.581514707765857,19.173870410535475,19.910015974648367
CIDEC,-0.14009719230919865,2.350928610532074,12.277463579296457,17.715163449011012
CITED1,-0.6920730776567277,1.9020420872597599,4.165010606065076,6.422288077838782
CITED4,0.9944393367235118,1.3816822546986351,1.8668423493738069,4.612623080991321
CKS1BP1,,inf,2.413535976836831,3.1704516869275943
CKS1BP2,-inf,inf,7.440213411514178,5.214675889305025
CLCA2,4.0585313404475105,4.505152169278752,12.01929990539262,272.93869441816463
CLCN4,0.770224182355571,1.7392157023013086,2.6188369180617537,4.206877196870184
CLCNKA,-inf,inf,14.887264415405186,3.2601673351446934
CLCNKB,,inf,3.226150988456946,8.235969218521959
CLDN1,-0.12757926589178606,0.26095444862662803,3.1939401717075975,2.6654568740348052
CLDN10,2.217591165928006,2.6841752417019187,5.460528703647692,25.327384913193395
CLDN11,0.8063272938556953,2.4686377593563456,12.580129705154777,7.895767867887946
CLDN16,-0.13274480453576795,0.7477802405085631,3.8800236560257857,2.310628314443173
CLDN19,inf,inf,7.7182813133360355,11.42070328334009
CLDN4,0.2720829052826239,0.4603546772943214,1.572313198606814,2.0065158700220347
CLDN9,-0.40703193559451895,0.5333811881110528,2.875816221812535,2.1865843330820716
CLEC18A,1.1541591358815795,3.932558070177131,2.8787688548074493,2.616566950366563
CLEC18B,1.5114102121960555,3.4076058634316815,1.1255999373978367,4.3848250617326885
CLEC18C,,inf,7.402249079558189,5.336393468865055
CLEC19A,-0.47304565279782423,1.2646607244455284,1.7175228038684156,2.206624569565536
CLEC1A,0.40325165531007257,2.0466624681946595,2.6817930858744585,1.6951303177413772
CLEC1B,inf,inf,1.5020365341890891,6.488768205381386
CLEC2D,-0.3827765365895641,1.0608704594688378,2.1209769407605177,1.7870612431641082
CLHC1,-0.19380125122662792,1.746756945411289,3.3954956890151142,1.489840548006806
CLIC1P1,,inf,2.5219618547929663,3.86769710720363
CLIC2,0.7625766884873645,2.7234221412325827,1.7920863046594653,3.3861282060647007
CLIP2,0.10348647359047317,0.9302105507082405,3.005551492362301,3.11286563770714
CLIP3,0.8420782241098087,1.1332056168207234,4.072626410462206,5.41160710070346
CLIP4,-0.6226764198001187,1.2093300047167688,2.394424132899691,1.600028402129603
CLLU1,inf,inf,1.9595039477722291,3.811064922021036
CLNK,0.4457596870216005,1.1175162083885533,2.3025010370575223,1.596917346515487
CLPSL2,0.7641849772440791,3.2476228412921273,3.2813988219567216,1.427808818614755
CLTRN,0.11779558054526777,0.5982385909011674,2.3068707149853083,2.4002546523016646
CLUHP6,,inf,3.1678573290921417,1.3430932888355842
CLUL1,0.5247161893456848,1.5398988341679902,14.328387734915927,20.696278437190905
CLVS1,-1.784256595047293,2.928460290032392,3.2797034001319765,1.0755833962168835
CMBL,1.4630273158201714,1.81442233155166,1.7342575501433468,5.311197987864827
CMTM3,0.7701296504106812,1.523778721432191,2.4491619844082906,4.815907283798347
CMTM7,-0.38692185690195574,1.1220579631935639,5.41262478525329,4.636244602312303
CNGA1,1.2312588782659832,2.4863784234546564,1.5693059109241512,3.736024979400668
CNGB1,0.5942282745494198,1.2618934801121275,2.4497405080579076,4.701845000124159
CNGB3,0.8959726988860981,1.0595137221450577,1.1911231034602663,2.091814124090783
CNKSR1,0.1506451842470023,0.36013567429012994,1.702336266357892,2.029898811784874
CNN1,1.09171167883105,2.8289527562303727,2.412746598607399,3.9575782537067545
CNN2P9,-inf,inf,6.949660812781335,3.2960914220503397
CNN3,-0.8170365840212812,1.9183448955214175,4.135959041300674,1.3538061692086725
CNPY1,1.0409903513961911,2.7420695642942214,13.934691859826431,16.540536087004284
CNTD1,-inf,inf,7.046369426751593,4.065
CNTD2,-0.24798929302548978,2.1539769247497094,6.074406580372868,1.6767473980930474
CNTFR,,inf,2.2273353115727,1.4583026706231452
CNTN5,1.2136289320960985,3.0924414410151146,3.1711821894239343,6.220362347380859
CNTNAP1,-0.15209500038112306,0.37265555558352037,2.3362225999748465,1.9058763748189558
CNTNAP3B,0.9455824049965518,1.9371290348817154,1.9415145326630103,2.043000438796187
COL11A2,0.6195789130029166,0.9801494820473416,1.529308484625429,2.024211356864485
COL13A1,0.8546113844142794,1.5924146415734985,3.974392646093237,11.588378200919232
COL14A1,0.6133410060078144,1.0258289550456219,2.7819389301013477,4.762786020269562
COL16A1,-0.9274408430421136,2.9654587813022175,14.413351020493428,4.64576448223276
COL17A1,4.3854091679728935,7.722753342286424,155.48037602820213,2458.9470035252643
COL19A1,inf,inf,2.2902272050798693,3.4365909316400436
COL1A2,0.3061647478077258,1.3080270204700828,2.1736524558792256,3.8233175632574947
COL20A1,0.6847488009604409,2.870559159725004,3.483253237462856,2.714186140357313
COL23A1,0.2374819904547772,0.6911550794103076,2.1868649093866646,2.2884358158412157
COL24A1,-1.3395086943769474,3.253027261711629,5.060268387301086,3.9242934051144016
COL26A1,1.4654857648062038,2.131119406495325,1.4383105042194988,2.1373054577838086
COL28A1,-0.8860681150373937,1.8830418931206994,3.4677422961313757,2.2217008404220318
COL2A1,1.76876282860032,2.9695032282667575,1.2963937794466682,2.7671401749973437
COL4A1,2.4035159417490557,3.850448082630717,5.011144544745347,21.49965173297671
COL4A4,-1.5959463351732441,3.9768392760714857,8.839205571318029,5.859401599174619
COL4A5,0.844058913663484,1.0520044426824635,1.594115593094963,3.2045761042386802
COL4A6,0.11148216699411172,1.4073671475410812,6.781009647947737,5.967376089345112
COL6A1,0.4191051933693016,0.5952470433298999,1.831854972914805,2.2425623253085543
COL6A3,-0.5054352697937592,1.4223825091940312,3.2337130228528657,1.4457717573239357
COL6A4P1,0.32874576004673123,0.6426602787926247,1.7883104729937538,2.761227341024718
COL7A1,1.2672242002250054,1.671850632328483,2.6711174528722292,4.304494242609062
COL8A1,0.30861060092751397,1.1455910052865386,2.8951925800056637,4.0407816482582835
COLCA1,0.4532925304284581,0.8829601218199788,1.5826587537091985,2.595410484668645
COLEC10,0.6098801092679922,1.5041695688907046,3.8053141303696005,4.784027625082456
COLGALT2,inf,inf,5.7938873626373635,3.942582417582411
COMMD3-BMI1,-0.6550560036054712,2.246910161608044,2.3308746166944236,2.577311098557782
COPZ2,0.7931932006092743,1.3619207968029907,2.5857682538507616,3.884596405087652
COQ8A,1.3084877108078625,1.522373390831835,1.9110678287706977,4.279532037394606
CORIN,-0.5058056645818805,1.0449421418466787,2.6578701541335823,1.2881748977769027
CORO6,0.6814809705236656,1.0308336494811157,1.6884947825916716,3.318859022298791
COX4I1P1,inf,inf,1.451034592352213,2.632740624268174
COX5BP7,-inf,inf,4.451190229688634,2.735017038920087
COX6B2,0.10860896611847837,1.1845481131068991,1.5311203814064358,3.1142669845053628
COX6CP1,inf,inf,1.5037893197270198,3.3310579406396537
COX7BP2,,inf,2.006751878781058,6.495258300219456
COX8C,,inf,2.39248775817691,1.2009817000439449
CPA4,0.5315694419065325,0.9332207309864106,1.378483719970357,2.632261756235753
CPAMD8,0.245923006166391,2.4312250938295517,2.1902465274957357,3.0216785488899864
CPEB2,0.42451443743784845,0.9015066019725048,1.5905896268460893,2.2136834451386234
CPEB4,0.6868039622275812,1.0129186357877162,3.2359300271710323,4.032754356811674
CPED1,0.561352186676386,1.0855204997540073,4.6285679663937955,4.396030805687203
CPHL1P,0.8210737664392962,3.3753431658425197,1.9884215147778654,5.768656820984195
CPLX2,-0.2080649639958254,2.1007723538696546,1.8716357551248084,2.0937107795286574
CPLX3,inf,inf,1.3615081680280048,2.6242998833138858
CPN2,0.2839075735947396,1.8504097884683988,2.4352591614394186,2.0733575437438097
CPNE4,-0.6418546401588874,3.081096103534385,3.5136865081706095,1.2507152970326234
CPNE7,0.333653442854436,1.4498768875053225,1.583515556058861,2.2166647792708383
CPNE9,inf,inf,4.7454067240984985,16.5887779217809
CPS1,0.4698671000595761,1.2053249776825508,4.2639884444356815,2.5685939086794907
CPSF4L,inf,inf,1.3841242861028014,2.2266453630677185
CPXM2,0.16211625367998933,1.1656615428792145,1.9789593889353023,2.0426060846072893
CR2,0.2532366157788943,3.7450095991361105,4.388994392747553,58.84712490879469
CR381653.2,1.3693293745814201,1.9786429783192965,2.854299820085259,5.747565759673001
CR382287.2,0.5565717880634345,1.1879669355660998,1.4728714551770599,2.012752777080664
CR383656.1,-inf,inf,1.7315902450658878,2.293929998211198
CR383656.13,0.3237666209689798,2.6670817866636582,2.3801558940503162,1.092886110198824
CR383658.1,inf,inf,9.616984777322541,14.026625806379977
CR392039.2,-inf,inf,6.042566317088218,2.686204829222094
CR392039.4,0.19009098441098765,0.8366625547839078,5.4785042586158506,6.409217534408503
CR545473.1,-0.7680620136673835,1.4225693384369213,2.1869164945988535,1.5679139326404474
CR769775.1,-inf,inf,2.053265039184867,1.7734257356093164
CR786580.1,2.2316561130972756,2.3179199450026475,1.5423748088310263,7.6853848868671815
CRB1,2.23156171933193,3.616812992560443,0.691505647730564,5.900699242831726
CRB2,inf,inf,0.9892879161528977,20.33716091245376
CREB5,-1.4171896452268535,5.162103898362343,12.991337088282108,3.0497734786335244
CREBRF,0.524561089240293,1.072095642658304,1.480703302671328,2.1045431469459257
CREG2,-0.1512522539723397,0.5590782094874798,3.749510342029439,3.0740681051935663
CRIP1,0.16538246397179973,0.9324979553546447,2.3167908025796287,2.16044699624631
CRISPLD2,0.7706384276121694,0.9318697968896508,2.033654763626597,2.955470437658802
CRLF1,0.37118064620752544,0.6814503819902835,1.5779528168791777,2.0664999926906673
CROCCP1,-inf,inf,2.176064497441344,2.5746355122139617
CROCCP3,-0.0971585831430704,1.6122024651669091,3.6813106794040857,3.38193229989319
CROT,1.0175245942858664,1.206664130075765,1.8862757958127716,3.265663993472029
CRYBB2,,inf,2.792469475615781,1.809701931446585
CRYBB3,0.7042443495849302,1.3630184577141968,1.9079768134413417,4.848031225872867
CRYBG2,0.4700507144939083,0.6033782880700139,2.895190810045236,3.895567447535575
CRYBG3,0.9814016696701614,1.8757079107643093,1.1215076250675564,4.115727142420752
CSDC2,inf,inf,1.1670940170940172,2.182820512820513
CSF1,3.239833986200759,3.4901764321469178,2.0142672222916125,19.427949108085702
CSF2RB,-0.6843299879271747,2.048043317767554,25.020033575825387,14.179574706211527
CSF3R,0.6832980423492139,1.9340921499899968,1.7490562715758013,3.2212694693112724
CSGALNACT1,0.19214390855282007,0.5974125945061031,2.2149375350143488,2.384922264569749
CSMD1,,inf,2.8957304869913276,16.705937291527686
CSNK1G1,1.3347836346362638,1.9656366233019957,1.1948177564802562,2.6940064235920973
CSPG4,2.5162850666197647,3.36552800442636,9.409883720930232,32.16484268125855
CSPG4P10,0.795891141871731,1.3559305507048605,2.3701269118125565,3.1021640091116174
CSPG4P11,,inf,1.7665887613047455,2.691952037394574
CSPG4P12,0.3128748621755779,0.8296490381179779,2.1719372448728667,2.371768389645732
CSRNP3,0.5956226408820212,4.369756026030226,1.4670801380953833,2.6404580774596957
CST1,inf,inf,0.0,2.436761274971803
CST3,0.31063317448725086,0.4336261318285594,1.4925341892384778,2.0158525427942897
CST6,1.4289098435061647,2.195477948035719,3.0327772199242755,5.870487144291625
CT45A6,inf,inf,4.90443349156342,4.401484306645637
CT55,,inf,4.16983584131327,4.6646716826265395
CTAG1A,inf,inf,1.9667197452229301,3.1495222929936304
CTAGE12P,inf,inf,0.0,2.8627309947991586
CTAGE3P,,inf,1.6959166743478657,2.026050788091068
CTAGE4,0.39770278730621395,1.358420635954747,5.141921976467562,4.467450009644442
CTBP1-AS,-0.11164526530862384,0.8480650438739489,2.1773683211340096,1.9180869913725818
CTF1,0.18713006897331802,0.540385069079981,1.8294242815537127,2.3373094894985176
CTHRC1,0.8996341875923615,2.5051960671812252,3.0399364858524636,6.021809059312062
CTIF,0.6271537008960821,1.5533717112478165,1.5416447391732864,2.879182683032779
CTNNA1P1,-0.1272132746415377,0.5538939770247127,2.2543161154960534,2.529153761614547
CTNNBIP1,0.47900315063458765,0.91989393223578,1.3454541570619885,2.416949237457684
CTRL,-0.20915416620812466,1.7170434607648275,2.1078943688942657,1.2462391411393523
CTSLP2,0.502954753621897,1.8877705812857106,10.467514162578267,8.98922559835199
CTSO,0.6162216221724637,1.3268984603039582,4.433641801151112,7.3865332838925
CTSS,-0.5423268266831066,2.338210677174138,2.0888959886227454,1.2691481479639783
CTSW,-0.43930588553549754,2.5989121211642114,3.5128239521854687,2.1503655964962625
CTTNBP2,1.5049662736298255,3.374396961619559,35.75726205191595,28.531365883807172
CTXND1,inf,inf,3.170874926600117,7.175205519671168
CU633904.1,-0.39389135875445463,1.523004428201004,2.369767148455673,1.2371080043211193
CU634019.3,1.0984674884279744,3.0311226089322587,4.248223389463927,7.423412637107987
CU639417.3,,inf,1.6041624599763467,2.9934231401621143
CU639417.4,-0.12407427766721933,1.2406946966517218,6.634697409902949,5.988811275267355
CUBN,inf,inf,2.0355834641548927,4.953427524856096
CUL9,0.44298237207049557,0.7145511386944235,1.9352748435625247,2.3547116980018252
CUX2,inf,inf,4.209342560553633,50.52174987642116
CXCL11,,inf,0.6113173771796062,2.8358914009149374
CXCL8,,inf,2.0128593185453294,1.6472385601131718
CXCR2,3.60312841644507,5.532799886260747,2.294926207318138,37.641620819142425
CXCR5,0.748987945458446,1.434953675696024,1.3200304066894717,2.5313840473475593
CXXC1P1,,inf,6.0085185786143125,3.384715236086322
CXorf21,0.22893295291270066,0.7145044548441002,4.22915650901999,5.500243783520235
CXorf57,inf,inf,4.889617478053883,2.6439043619327744
CYB5D2,0.17542056687286917,0.3015121751049395,2.000505270640069,2.2907169495023503
CYBB,-inf,inf,5.717755489292491,1.5823529411764707
CYCSP10,inf,inf,2.2421688487708895,2.5311709517552003
CYCSP28,0.8905442555411255,0.8905442555411255,1.2952273049836294,2.4011899926099574
CYCSP34,0.2746780776456132,2.1150507372060705,2.8764177594719884,5.941627010850278
CYCSP41,,inf,2.742258808098704,3.6123571951770597
CYCSP6,0.11910794804875197,0.806409744697852,2.2291989046271192,2.0652382465717625
CYFIP2,1.0695514205619876,1.3364798498968393,2.346799071751314,5.0475950008766235
CYGB,3.328256607666627,4.792465497440676,11.632421213780741,93.02553084237778
CYP11A1,-inf,inf,2.132378992060703,1.83509642624056
CYP19A1,-1.0449670760608218,4.239401045098567,2.9831509133776763,4.654002696365018
CYP1A1,0.4777147438045518,0.7977292188297235,12.897512229194797,14.895963791054093
CYP1B1,0.42184681001973295,0.7065789536788744,5.409994594512656,5.76800066188546
CYP1B1-AS1,-0.41438620765157536,0.8323647949940165,2.559079680437297,1.43719943506848
CYP21A1P,1.3523395960014166,1.8484135138533249,2.2052550506546593,4.801528526571479
CYP24A1,-0.34896410039746356,2.041168533718373,27.403426649700055,24.659061988729324
CYP27A1,-inf,inf,6.4452418215826235,5.301389472076956
CYP2B6,0.35931776006173455,1.398550136293127,6.227411979197799,3.8693884870584014
CYP2C8,0.7477989102351001,0.9617781675395065,1.9510726257516011,3.4033826215078267
CYP2C9,-0.08001366811432287,1.8177754477995078,3.754158124359327,2.1010622671700374
CYP2E1,0.40614990177107213,1.3642658346315673,1.6937062246770551,2.029371250633775
CYP2F1,inf,inf,0.0,2.7523446192974093
CYP2S1,0.8054389788415245,1.6864096057128162,2.0344210756836207,2.8002234163967845
CYP2W1,1.2477045226423535,1.8529941738702544,2.4939001143728556,3.884102173084251
CYP3A7,,inf,1.4758280479210713,4.953911205073996
CYP4A22,-inf,inf,3.7570786516853936,0.0
CYP4F11,0.5494126518366242,0.7910315113245684,1.9707416357465601,3.135183388967805
CYP4F12,-0.4735954987822215,2.7152671577930034,38.192169081762884,18.161273368871537
CYP4F22,-1.015540460568136,1.6745531429479668,2.211751774214146,0.8346195245653402
CYP4F23P,3.7452067837740914,7.136323004453688,7.636593179843614,1074.352845351868
CYP4F26P,-0.13845476098115062,1.1397525868680696,2.350487607251892,2.647403527556321
CYP4F3,0.8240220607758131,3.560508493055798,1.1868855624009589,3.137392213571485
CYP4F35P,0.7603303851125157,1.059660229603206,2.251350544136061,3.194296802754379
CYP4F62P,0.07075516525103374,0.5631494816230233,4.330105358860256,5.191570363452505
CYP51A1-AS1,0.6222358221187253,1.4430146561050186,1.5993785683768984,2.869258554394687
CYP51A1P1,-0.7219312415446818,0.8076598438780604,4.683069416313755,2.675474129994477
CYP51A1P2,inf,inf,5.1918320836205565,2.033798517226341
CYP51A1P3,-1.1030435181249492,2.203379120767638,2.2461341710106586,1.3385834046526102
CYS1,-0.2135937759914207,2.3140940851292604,3.1927732811527174,1.1834963977586053
CYSRT1,0.547947518465563,0.8449809492010797,4.379813181629526,7.13135156207027
CYTH4,0.6025002694521842,1.1906825370251601,1.109928952787483,2.5335316799057117
CYYR1-AS1,-0.9256785081162398,2.0087521121330725,2.81342512545861,1.0646691688103571
DAB2,-1.2896556845769862,5.092766088737041,2.7443037917230235,0.916535797605323
DACH2,-0.1726341794522666,1.389362523440053,1.380691864189622,2.7956694426649538
DAO,inf,inf,0.0,3.034063079777365
DAP3P2,inf,inf,4.504828782546328,1.9739812853401832
DAPK1-IT1,0.851755182751001,1.8245155421025305,1.575817040748042,3.298466296503952
DAPL1,0.03457212352042116,1.9049637386839566,4.624925540400012,2.3125384918271124
DBH-AS1,-0.2002689310269563,1.3378083881686151,5.0365039718286795,4.8943780198181965
DBIL5P2,0.3461146939064196,2.435818922189931,1.2603013366767963,2.5061839896295983
DCAF13P1,0.017929377209389363,1.4241413892315538,7.28740574929312,5.911357210179076
DCC,0.14565399879757684,2.3176870789258723,8.11482147320656,6.0053644561518205
DCDC1,-0.36883799788751925,1.8499296371567024,3.6858803779043794,2.3263890129123284
DCHS1,inf,inf,0.0,4.008512544802867
DCHS2,inf,inf,2.7398323326158374,1.4869151467089614
DCLK1,1.5282987149619887,2.661273993962772,1.4688840542301218,7.192590987868284
DCN,inf,inf,2.924015062235014,2.574487165642328
DCP1B,0.686821419251396,1.3392107206018058,2.383063509244931,3.8149419517521674
DCST1,1.602319483800492,2.987438947197645,4.12291494632535,6.1225984035232575
DDB2,0.9015186439917,0.9856221785032645,2.872331516672699,5.348832552441827
DDC,inf,inf,1.5304105706721027,4.1442528807070325
DDIT4,1.4177627574748053,1.6462716890662228,5.515073105006435,16.935625174351063
DDIT4-AS1,2.211891998895261,2.9034421618588144,6.7049112791689955,23.730990495247624
DDR2,0.005272868710717388,2.444495399868402,3.772374852519804,3.388083600202259
DDX10P1,-inf,inf,5.935613083785202,0.6990029735875459
DDX11L10,-0.7707497083950714,1.1634871633264878,2.554820475507535,1.4430745225367696
DDX3Y,-0.44011603362357216,2.222271295370574,2.7100664421589147,1.713661600072813
DDX4,-inf,inf,7.291308433986563,10.570608096348638
DDX59,0.7163105089707629,0.9038467731644576,1.1760970701707811,2.0124069393630655
DDX60,inf,inf,4.663505896598477,2.7808153763505046
DDX60L,0.4421922641916548,1.2342179029746565,1.7658195162299355,2.6953690835576114
DEC1,0.5556714644250487,1.8251313599834875,2.20565486103401,2.43254629115626
DEFB126,-0.09576508941971462,2.5143927603819174,32.52535992673681,65.83817672615753
DEFB131B,inf,inf,0.0,2.9403433221507562
DENND2C,0.3598851481397673,0.9253826031789886,1.9019552624888076,2.4593302638706187
DEPP1,-1.0595822510933917,2.5516067534047995,2.331367502428881,1.2357122159914096
DERL3,inf,inf,0.8981680225495143,5.874653635631509
DES,inf,inf,14.61087149562349,6.955124952429277
DET1,0.7411736654900183,1.2890184591704346,1.2437190006238907,3.03917347650369
DGKA,1.6855916288588353,2.223113507486781,2.695348311339699,8.79670583955402
DGKB,0.25408821656158215,0.7485253463329308,1.7993187154810333,2.2529847537784833
DGKG,0.04810246468824686,5.290140898328027,4.813477941289425,2.008828558248095
DGLUCY,0.8199473465379374,0.9826028065698779,2.8539853483113684,4.420327999474454
DHDH,0.2166235681193235,1.1337165052574218,4.600605875305746,3.5124918883841656
DHRS2,0.9534885259136546,1.2171107175457048,1.6826213490281574,3.85439776778794
DHRS3,1.453820177076231,1.736593273366317,1.6807343838784214,4.070298678729731
DHRS4L1,0.34795750533644126,2.9582776655668064,2.132573833416875,2.399163854846143
DIO2-AS1,-inf,inf,5.752607823470411,2.8089267803410234
DIO3OS,-0.4449056840424786,1.205389241675323,7.507960676177918,3.2558446229468867
DIRAS2,-0.8426824953982087,2.250634683374671,6.45160929884831,3.1594610682339463
DISP2,-1.8858101753325225,2.9489150559459705,5.5811211714989195,1.6466156165108967
DISP3,1.6164884963244528,1.9359325086273487,2.022271662763466,5.697496747332813
DKK1,0.08847361942070928,0.2275405759954628,1.8892631612609634,2.168754096404161
DKKL1,-0.3347144662000293,2.311592112850625,3.9052995549469354,2.683212940773707
DLEC1,0.09817245210700373,2.1946472011669296,3.702775244299674,2.6135895765472315
DLEU2L,-1.0239544981962,3.00096363073657,11.559548510249813,8.331977757490248
DLEU7-AS1,0.9993159331706473,1.7380870658768541,1.875438757299142,2.740813729666194
DLG3-AS1,-0.09421932155163651,2.388077385934509,1.5799210804368617,2.0570802265432127
DLG4,-0.7435093178064384,1.4787821936712253,2.043298512464813,0.9495225700098413
DLG5-AS1,0.3729083226872335,1.5081445310519501,1.7339352312300387,2.339939356122024
DLGAP1-AS1,1.2411930682734247,3.5760097493060945,3.423007236452017,13.720548779096827
DLGAP1-AS2,1.4894082940178412,2.023730344984212,1.2111461250012372,2.6255033590248447
DLGAP2,0.473667987528799,1.0306021253000717,3.6900306972664816,5.317424353164742
DLK1,-inf,inf,8.898098553829673,4.412560257096947
DLK2,1.1112239887222541,1.2922865044101655,1.185667740844268,2.457195506258123
DLX2,0.8754174862266835,1.3561562042700348,1.530974610974611,2.188886158886159
DLX5,0.545657288392111,1.6243450914629638,3.3828704039451734,3.980509826673435
DMGDH,0.21593044313841633,1.3917858790985804,1.140621501312148,2.0963309120547433
DMRTA2,,inf,3.1454306722689074,3.606827731092437
DMRTC1,inf,inf,4.831685582965951,3.2038457930775723
DMRTC1B,inf,inf,13.598658662414406,9.024744395460088
DMTN,0.38723235008824836,0.9366123322143856,1.433547076046484,2.183423312946242
DNAH1,1.2869026836691497,2.814044226786005,5.416074290562838,6.470698595267278
DNAH11,-0.5757812189284628,1.586961315575205,3.8734760549972416,2.9085632998344892
DNAH12,inf,inf,5.434957653635945,8.799929075055278
DNAH17-AS1,-0.5319430406846041,1.7406961299735042,4.266315191760188,4.966174812104196
DNAH2,0.9241603139975532,1.349765066295296,2.15275713938346,3.915813362872505
DNAH6,-0.09563465552527473,2.1225603664021544,5.83396437216808,7.197163428713301
DNAJB13,0.2447730610146421,1.7602612070857209,4.40745433797946,3.9652450592608663
DNAJB2,1.935180045259544,2.590672926867047,1.5208085925758819,6.813046889570076
DNAJB4,0.5572944000447271,1.8140476213135026,1.1616250528911887,2.051184173687868
DNAJB5,0.953173094256252,1.5761188403731186,2.7341074415953646,6.182990969180295
DNAJB7,1.1809745841998749,3.5448236941772535,4.406988694758479,5.923047276464542
DNAJC19P5,-inf,inf,3.7468816444475292,4.797506156793714
DNAJC27-AS1,-0.013192801923457953,1.8639494869752162,2.6303644277361617,2.062569090965187
DNASE1,0.35474838188679403,0.6817512397724599,1.8780204655147195,2.2723847630191
DNASE1L3,0.6526191024374127,2.6911083132263953,1.7004235186103847,2.0803907921723095
DNHD1,-0.4357870032789918,0.8798491424748158,2.4309300955806745,1.8546570098688986
DNM1P35,0.5267967499438782,1.2655233149063194,3.5217801178738024,3.365352923102707
DNM1P41,inf,inf,2.6511906118263644,5.671186054460523
DNM1P46,0.6927820587130495,2.0200046086084775,4.196845794392523,5.8985706432105545
DNM1P51,-0.49148599725335895,4.225164520042337,43.56695863233431,6.227522161249472
DNMBP,0.5905201072534895,0.6788982389658615,1.3407675634643483,2.10054494683569
DOC2GP,1.1299756641986027,3.5222175213137974,2.370695401021995,2.4603844648279223
DOCK1,0.29126531504071934,0.5775182279353122,1.4630191442133982,2.1832341641651984
DOCK2,-inf,inf,3.2620937373269223,0.39492207867446844
DOCK3,0.7985588054976628,1.2049154297492304,1.5652176166698342,2.7146897731395896
DOCK4,0.05771760086489608,1.448909898699791,2.8569713655071296,3.2030642532999196
DOCK8,1.636281349848851,2.2573878592721397,2.010018046131371,5.386064418454571
DOK4,-0.6879079607343888,1.246093670905971,2.15436217139834,1.7976874736367991
DPEP1,1.2051166998244973,2.3378509302994703,2.169687569826895,7.073211445696034
DPF3,-0.3294557884186425,1.408803247257508,6.131352745789004,5.320737156249472
DPP10,-inf,inf,17.799375276698314,16.166560086575828
DPP6,0.7285371229627308,3.0795407674424258,2.4371072695283043,5.009816516323625
DPPA2,,inf,3.0528158085319173,2.6455495396075457
DPRX,,inf,2.948119875600791,2.708262651964942
DPRXP3,-inf,inf,2.7967504237554146,2.8767107163035974
DPRXP4,0.12825767065263172,1.3695482859794792,1.364451714506965,2.262498368586369
DPY19L2,,inf,4.151306689062346,2.6999184863155814
DPY19L2P4,-inf,inf,1.5395674250177125,4.076851924742187
DPYD-AS1,,inf,3.545539003161978,7.652031652378004
DPYD-IT1,0.27965648438216906,0.7525819039084587,1.5194568294246074,2.0354779235169715
DPYSL3,0.20309182115687108,0.8518786568969082,9.746166402849239,11.98502836037464
DPYSL4,3.3621377340056124,3.688421608876222,1.9692706670043716,19.382440066513233
DQX1,3.5559454716849164,4.6599617111732385,6.773521183053557,98.79015587529976
DRAM1,0.7900399817821775,1.030418305825734,2.3010729027404184,3.7330829776445613
DRAXIN,3.4887470048149183,4.19301598138951,2.847621552299845,35.057450341888924
DRC3,0.8415620913485198,2.6393946859587185,2.953027916710458,4.366804045156383
DRC7,,inf,4.434226552984166,2.089037758830694
DRD1,0.003668813989718356,2.3257395975663093,4.517871943638624,5.880024865312888
DRD2,inf,inf,1.7388762122076442,40.18496862521392
DRICH1,0.05276944346253515,1.6184351682347573,18.66401710517725,15.167216165045373
DSCAML1,2.549534605638073,4.6470454508611025,5.483882060195316,18.26210095907369
DSCR9,inf,inf,4.758168541122542,2.586029529342786
DSE,0.5172407026753331,0.8360403809992129,1.3923244925405889,2.1069869126611698
DSEL,2.1909869618683078,2.542542845043688,1.1341653436820134,5.404473158111367
DSG3,0.18823284621846564,0.4568948071136135,2.518264482245042,2.5980442110214006
DSP,0.8116113722260065,0.9483971652018435,1.106159481888328,2.102022171267041
DTX1,-0.20341370005256276,1.7561831891447177,8.824736112591962,6.511173899136368
DTX2,0.2652495106553302,0.5525487971641412,1.9717770799802723,2.479470890145337
DUBR,1.2378661131315194,1.5462011168698366,1.544642180407678,3.544042684903038
DUOX2,inf,inf,4.391163793103448,10.700790229885058
DUOXA1,-0.7642855776068047,2.58967421214088,8.32848416653271,1.7945024915608423
DUSP11,0.8843003368009986,1.2919792485364994,1.2721591229643086,2.287313891269815
DUSP13,0.645502027829437,0.9641858564445752,1.4925058247443033,2.310181455593729
DUSP14,1.3619535223077022,1.5163449735969972,1.1598126182359736,3.1145914414958344
DUSP15,0.9136693898414505,1.3217055584685995,1.6923315917067066,3.1345428448902077
DUSP18,-0.21344006080787556,0.5098186232652476,2.514447652562317,1.7659235597948186
DUSP19,-0.10924498632842683,0.9482320595362612,2.4858842762867814,3.487298661097432
DUSP5,0.5935285875038246,0.7025653344480723,1.3597516934003167,2.0546469384134514
DUSP6,0.594929788257017,1.2940216152940216,2.23063840371342,4.067583873781366
DUSP8P5,-0.01257689022155356,0.9418431499763255,2.7380834391550777,3.192941431535912
DUX4L27,inf,inf,1.3279982862563882,2.579780885638216
DUX4L37,inf,inf,1.9473254551077805,3.7232815230916403
DUX4L50,1.654864118264839,2.1409131105842745,3.725844645624019,10.40086437919643
DUX4L9,inf,inf,4.766792562463684,9.924578733294595
DUXA,,inf,2.932799076025288,1.3763272005187226
DYDC1,0.10985346617905783,0.7706753330247703,2.7214821757779277,3.1793626358619744
DYDC2,0.1659777433893299,1.6752737136689064,4.361892414520524,5.005032082271249
DYNAP,1.1008123718051464,2.3299208856408926,1.4211033634126335,4.617801476620179
DYNC1I1,0.16764459863161912,0.34528505967107587,2.8011064132453476,3.4484529971944533
DYNC1I2P1,-inf,inf,2.280689781884039,3.765689388172918
DYNC2H1,0.17698643719937113,1.0567899999757329,2.1484117992197005,3.0883611202331003
DYRK1B,0.019803136008855415,0.3741760093132667,4.486177209102497,4.6319019445086225
DYSF,0.5669595582763627,2.500103340403168,1.8420807989588035,7.78693989216181
DZIP1L,-inf,inf,2.704971565665541,3.0965286416681477
E2F7,1.7875171345393173,1.887018519231047,1.0579342155800324,3.6983235392039435
EBAG9P1,inf,inf,5.019584940511762,3.9815966751779217
EBI3,2.163211622131596,3.1862137456873225,6.2811993808718185,16.403459198732943
ECEL1,-0.576315140498942,1.6349027959142324,3.5615081377990983,2.2492282496847777
ECM1,0.35116939462329466,1.0407891307100177,2.2942109777015434,4.1625000000000005
ECT2L,0.9216747566473747,1.4851607307346255,1.1564099621255595,2.135860208883278
EDA2R,1.5790869448532092,1.794799528531351,3.901219107951826,10.509678197019364
EDN2,1.359412922859447,2.446472938812902,3.9407512845579853,9.426824731272774
EDRF1-AS1,,inf,3.214824650472545,2.0855112083105523
EEF1A1P15,0.4129399030595522,1.9769931165133192,1.2605862357583315,2.3189706711306224
EEF1A1P2,inf,inf,2.258195259557083,1.934056937193995
EEF1A1P26,-0.9364624041067744,2.500786097218266,4.021037677578753,1.2481778875849292
EEF1A1P27,-1.3986014723664155,2.281588417747782,4.207093848395131,1.5557905290035556
EEF1A1P28,-0.5189451536131626,1.6036287747563822,4.501056954762336,2.1817962191218214
EEF1DP2,-0.48362416259186475,3.013228614927458,2.008053649647526,1.3361251796591609
EEF1DP3,,inf,2.6103580011091254,2.8289481791854088
EEF1DP7,0.3587742138705385,2.4370012122608777,1.4154170077384618,2.322044911771407
EEF1GP2,-0.3452973304892854,2.0004119454403013,3.8159636158218144,2.767376442512768
EEF1GP7,-inf,inf,6.316777759713868,0.0
EFCAB1,,inf,2.8840640903131183,0.4411875819462655
EFCAB10,1.6221402456831262,2.086243396336964,9.543996731027278,31.83217846249895
EFCAB5,1.2611897049823173,4.824011974060505,44.37773322878691,52.102086347800075
EFCAB6,-0.28706257133773405,1.2200123513566585,2.797699120589895,2.054677654070841
EFCAB6-AS1,-inf,inf,3.113899338551231,1.675997076075523
EFCC1,-0.22162772383232676,0.7403358464494738,2.077038539676397,2.260711176143372
EFEMP2,-0.3043448845920419,1.113791020586424,2.3739133757405493,2.720902778788629
EFHB,-0.026683860762773064,0.47827495143035426,2.0043908647876507,2.140245962214467
EFHC2,inf,inf,2.2114569351602054,1.7037290523210207
EFNB1,2.599312352447496,3.0565764047327346,1.88699115041669,13.218234792392197
EGF,0.3329828933189151,1.0895827086028855,7.000973651105482,10.679286793384918
EGFLAM-AS1,inf,inf,4.550034642714,14.540162245966375
EGFR,0.7126298342352633,0.9401858817236448,2.4089907150641845,3.413418007619458
EGR4,inf,inf,1.5674521587853867,3.804918551320576
EHD4-AS1,0.6833436285504644,2.37269119178889,1.9408868917880855,2.7959340124031202
EHF,-0.09138955093038195,1.9670232650473394,4.927309199693885,8.129658403098258
EHHADH-AS1,inf,inf,0.0,4.640689164278805
EHMT2-AS1,-0.44751830493139066,3.429835503697449,4.0916337169768555,7.797189412446168
EI24P3,0.4916056121561532,1.7752956251766174,1.7665143603133158,4.545548302872063
EID2B,1.6009581238344834,2.1811014143235017,1.2432252372191284,5.130183432995489
EIF1B-AS1,-0.40661688209820496,1.7878466659512813,10.047025585509466,9.791724975576269
EIF1P3,-inf,inf,17.516059323527337,2.4817459291806667
EIF1P7,,inf,2.9219218104171936,2.3371539172343647
EIF2S2P3,,inf,2.21853911508801,0.5737114039313319
EIF3IP1,-inf,inf,2.8409584458269745,1.367198810502015
EIF3LP1,inf,inf,4.609309042435014,8.708798044878915
EIF3LP2,inf,inf,9.429010851300161,9.537694739540314
EIF4A2P1,inf,inf,1.6110831564899692,2.765297862565359
EIF4A2P2,0.1001855646448079,2.8031189281383884,2.573621558208543,3.448678490097301
EIF4A2P4,,inf,1.2057336333058606,14.356870781636335
EIF4BP2,inf,inf,1.0542590622698633,2.0071679895262258
EIF4BP3,-0.36940103308381966,2.452128927629702,2.4075121259666927,1.9327596231193802
EIF4BP5,inf,inf,4.184037852073383,1.5444583314734635
EIF4BP6,-0.35401355176901483,1.235585725550421,2.3123430419512374,0.9819828377088526
EIF4BP8,,inf,6.959072925577417,2.1432848588537214
EIF4BP9,-1.0612169544279697,3.8318409266896323,2.1857896438821296,1.5329439346780387
EIF4EBP3,-inf,inf,2.991700835830311,1.4138466997440347
EIF4HP1,inf,inf,3.864309032220631,0.5084758184944161
EIF4HP2,-0.6856075743041223,1.1200168804627886,2.474573619672742,1.901965809689917
EIF5AP3,inf,inf,0.0,2.604787855913246
EIF5AP4,inf,inf,5.20393278463227,1.683168948480106
EIPR1-IT1,inf,inf,4.787601683827294,4.3368081233289715
ELAC1,0.17469201309049007,0.5989965686605858,1.79404060476816,2.0812330329392137
ELF5,-0.42916325834335844,0.7776872803428618,2.0460795960970803,1.5287561829384453
ELL2,1.1273584734464013,1.3918538881262745,3.6028682334050024,6.693967461246262
ELN,0.32645137774151956,1.550426323606421,3.5409627952223532,2.754367198547923
ELN-AS1,inf,inf,1.195827482604705,2.578535735858233
ELOA-AS1,-0.3202414321061292,0.573700034915273,2.7616760842889825,2.222839419811493
ELOBP2,0.7341367336875438,3.1453228300038267,0.9191256944516829,2.225325467223965
ELOCP19,0.3617965892240059,1.7274258004747083,3.5746808651365836,6.343452531485509
ELOVL3,1.873120010401546,2.8672452858295516,1.525862787017242,4.095107865730072
EMILIN3,1.6202866971619705,2.8839864588507957,2.471851145038168,3.6423924358084667
EML2,0.9746206701484685,1.2282196784017676,1.6876269358555036,3.4909111762697975
EML2-AS1,3.1537017793073585,3.9651095512351806,2.715114872235004,24.207729890978662
EMX1,5.811144084488889,6.776682336407234,2.364212976432936,58.00500436427117
ENAM,1.144149187447991,2.3651097099999845,8.23642705330275,14.076003240672543
ENC1,0.9870585910699559,1.7971260803207776,2.006040923143528,3.735512919957595
ENG,0.6047923231761929,3.3673626096097693,3.408879721506496,3.4127035250260405
ENGASE,0.1628669137493366,0.3631971219133694,1.7350259323325894,2.0339662696151213
ENO1P4,-inf,inf,3.585106621521627,0.0
ENPP2,2.72422177668366,3.2994933631606713,8.070750858825454,23.478876983477832
ENPP3,-1.0148467389329774,2.907090518704752,3.3968902730817203,1.636819354990547
ENPP7P8,,inf,356.6949305974653,19.02691611345806
ENSG00000285526,,inf,2.2359705344972594,5.111684695919492
ENSG00000285527,-0.4773284869169353,1.1879215319478529,2.140272606729472,1.8205010914691695
ENSG00000285528,-inf,inf,18.93384215860147,26.108690144413483
ENSG00000285529,0.3667898763067044,1.5297150859296293,1.2771249955070383,2.235902839814741
ENSG00000285530,-0.07216051552036609,0.8949436125157854,3.8593678861490113,2.295657154606471
ENSG00000285553,1.6229558025222608,2.148057562475639,1.642238875664841,6.389269159368132
ENSG00000285554,,inf,1.2918209521109794,3.662261042113283
ENSG00000285559,0.5580900126962934,1.7899211699787794,2.624532995745809,2.519243960961535
ENSG00000285567,inf,inf,0.0,2.871255858181077
ENSG00000285568,inf,inf,0.6967786959700468,2.0343565146110727
ENSG00000285570,inf,inf,5.281902490015814,3.248746951137795
ENSG00000285572,-0.21179629860260032,0.7416074738292135,2.7879175068378284,1.9953407933877698
ENSG00000285581,inf,inf,1.3960904949184223,2.4536427709201356
ENSG00000285593,,inf,3.2736703130894003,1.406812523576009
ENSG00000285599,inf,inf,1.2155218338848979,11.061231737831946
ENSG00000285600,0.2837805215497622,1.6496424161005376,2.4677662953436643,1.9967825792455762
ENSG00000285604,,inf,1.4035125229077583,3.97426695174099
ENSG00000285608,0.20773817747949097,2.506291001661407,3.1653702892199833,4.077563540753726
ENSG00000285622,-inf,inf,3.6851862099496433,3.159039344806596
ENSG00000285628,inf,inf,3.3826510112058576,2.225344881467923
ENSG00000285630,0.5588169004763819,0.9245457758106541,2.1199601926200184,2.6865424365978035
ENSG00000285632,-0.13031875764056244,1.1504051129662598,2.5021506202235106,3.133165636161143
ENSG00000285635,,inf,4.76063492490669,2.5349908414588405
ENSG00000285637,inf,inf,1.7251107259772769,2.645484305796264
ENSG00000285648,,inf,3.942671002041107,2.852933497887692
ENSG00000285649,-0.9400839740191915,1.7565442915809695,7.462835375952301,3.2331235508446508
ENSG00000285650,-inf,inf,8.801958211365703,4.466336933481377
ENSG00000285653,-0.28455143497088303,1.4030339065332398,1.6383625563073168,2.1548177527323635
ENSG00000285664,,inf,2.3765404436477704,2.0570084184245063
ENSG00000285665,-0.34214165220017423,1.1431922155997785,2.6096006406343046,2.340667341656305
ENSG00000285671,0.14581948972866085,1.349561913176705,2.6449609748183933,3.0538871964958454
ENSG00000285676,0.9628284984243245,2.3763484593046207,1.3199657314769002,2.066984668820625
ENSG00000285679,-inf,inf,8.712299800289776,9.101049457649683
ENSG00000285688,,inf,2.4040714001245824,0.9045309260980118
ENSG00000285695,0.04309032489172271,1.035435194844058,2.1803013140009067,3.3730289986406885
ENSG00000285705,,inf,1.5321961992212472,3.917155808682513
ENSG00000285706,0.7448106043853838,2.4222469988350652,2.5040329533480215,2.0479835233259887
ENSG00000285707,0.8677322266838423,1.9624025682200998,2.624283039910778,3.1912491037998882
ENSG00000285713,,inf,3.2403528613435877,2.47771997285682
ENSG00000285718,0.7920389554781513,2.551387114270256,4.2311087049640665,2.8603909856741705
ENSG00000285719,,inf,2.1815479801043307,1.4940252335314812
ENSG00000285722,-0.35989248733148965,0.9224111465701489,5.112571891940594,3.965739642304747
ENSG00000285728,1.4098926267986511,2.778865844627315,2.0049520466369963,5.824171002319314
ENSG00000285729,-0.4510805738432911,1.66430029402337,2.2316554770627732,1.850123582309324
ENSG00000285734,,inf,2.9445178335535003,0.8600751956102022
ENSG00000285735,inf,inf,2.619725672748998,0.6190286525105175
ENSG00000285737,0.46211471650845215,0.6904693368970928,1.3438298662173933,2.0088557803509475
ENSG00000285738,-0.5716752072468431,1.831807484958404,3.2782938469405147,1.6497236358323795
ENSG00000285744,0.21274191823069533,0.7451501613306228,1.556990295008586,2.4784065548888337
ENSG00000285747,-inf,inf,1.6762783059091053,2.610539115055428
ENSG00000285749,inf,inf,1.80079575596817,2.112315270935961
ENSG00000285752,2.480710287533954,2.8655322194531623,3.253844610858518,14.870219309975928
ENSG00000285756,1.1048247765329104,1.420011754468952,1.1676076665407742,2.6597044602623012
ENSG00000285759,inf,inf,2.304948363928357,1.8771998304820117
ENSG00000285770,-0.7453718497308154,2.2493183062860873,3.460708691318176,2.774344947073623
ENSG00000285771,3.0950697524678423,4.707610798553523,10.699070527552218,50.19603186762677
ENSG00000285772,-inf,inf,3.0240606139269257,1.511800462932918
ENSG00000285792,inf,inf,3.8142253851568,5.742629232814577
ENSG00000285793,0.27092957712244475,1.1878990407601593,2.9881352155714356,2.1762942044785385
ENSG00000285797,1.394626032416936,1.9491279586696872,1.0058850409183433,2.0006888959663236
ENSG00000285799,-inf,inf,1.3631671509405108,2.0537773359840954
ENSG00000285805,-inf,inf,3.7871895902511876,3.1780238636183094
ENSG00000285812,0.9356851749353812,1.2780239467315884,1.0626357962863087,2.0166268587718625
ENSG00000285813,inf,inf,2.229660165731983,3.369883652799866
ENSG00000285820,1.1177521024546144,1.3343163282711752,2.4074191162435583,3.8137764840618438
ENSG00000285821,0.7169860925938364,1.3578724355425562,0.9551307992484463,2.011595606301489
ENSG00000285830,0.8971550746490405,1.9847251153348888,1.9640245308065916,3.560969308670043
ENSG00000285831,0.9044779479594497,1.9108817612955815,1.374857453163182,2.112091591999276
ENSG00000285851,0.21212182678656177,1.7163442601096044,2.0887964014813836,2.6299075918350714
ENSG00000285856,0.9313524789210816,1.580729537214885,1.5399621501758678,3.0609133659580974
ENSG00000285857,0.3626761278328189,1.471604036810836,1.3279981187185765,2.0217891958216114
ENSG00000285860,inf,inf,8.012475593464188,11.176117562429349
ENSG00000285871,0.7796928728148018,1.9016357006801277,12.893245284857937,18.819118865441787
ENSG00000285873,0.6465541493579079,2.0797874735412605,2.2761272672710398,2.3232104348554317
ENSG00000285877,0.7553435994603046,0.9887939724093235,1.2681528123564816,2.5166813710086773
ENSG00000285885,0.2109570248049185,1.4019554441279845,1.9650145573340259,3.3094561161306197
ENSG00000285887,-0.03882736017735376,0.28170974739178145,2.027705255713939,1.7260783402748938
ENSG00000285889,inf,inf,11.155080532529995,8.933619650032652
ENSG00000285892,0.5232001480808106,1.1679784140776155,1.3611630404518518,2.994126460098378
ENSG00000285898,0.09083982394403595,1.881190650829461,1.4167142131911283,2.262638764718832
ENSG00000285899,,inf,0.8202287914282422,3.743584143016245
ENSG00000285901,-0.25636569360384986,0.7540211221938601,2.445329955628284,2.716304245208799
ENSG00000285905,-0.20103890904170713,1.2632952119213658,2.0089976079741914,1.5027366396960449
ENSG00000285908,-inf,inf,3.215064789782791,1.3019949659737111
ENSG00000285911,,inf,1.2809398467136333,7.182046914918324
ENSG00000285914,,inf,3.0587796610169495,2.391525423728814
ENSG00000285932,-1.6555696307376602,3.2400068950555276,2.5954198658761785,1.8829016425308585
ENSG00000285939,-1.0025250527436775,3.7376472996826777,2.4727455401137384,0.34099922603967864
ENSG00000285954,-inf,inf,1.6304939835338819,2.2706565336710995
ENSG00000285966,0.7667208996450372,1.6456181929177498,1.926253720447015,2.9604930645251866
ENSG00000285972,0.10500150555813129,0.9290095855222461,2.129410389567018,3.5539244744268372
ENSG00000285976,0.5958195372164862,0.8822790057353771,1.9537472640907163,2.7321708059818373
ENSG00000285978,inf,inf,4.923725108311141,1.4902221868913708
ENSG00000285994,0.3039139030873234,0.807474762858469,1.709798631403045,2.992396164941139
ENTPD1,0.5115028556735526,2.516476646800786,2.353559648158329,1.373087052686756
ENTPD3,-0.46126841806515556,1.3588038047487012,2.185860046687247,1.3518110442125675
EOMES,2.3520625486465536,2.4944246273969157,1.2127356932908109,5.709395527405574
EP300-AS1,0.41538740460544976,1.8297357515268404,2.367801074140464,1.3361798170314227
EPAS1,0.706963553263236,0.7948522152609432,2.2531871261695344,3.674112902940496
EPB41L3,inf,inf,28.820956937799043,5.623636363636365
EPGN,-inf,inf,4.006756183036403,0.08659081318636079
EPHA1,-0.4399483455511964,0.5512920756877536,2.0835876680207086,1.5388336289165105
EPHA1-AS1,0.08809998147987572,1.5994237605086465,4.512169185618058,5.733780883550751
EPHA2,1.2203610877047013,1.289481189515149,1.7506272292829559,4.025979318580487
EPHA8,-0.5784128394826444,2.5467582744903914,3.015228718105892,2.0054018849130335
EPHB3,0.4592145897050516,0.8271402804790183,1.9912558387100905,2.829215663896836
EPHB6,1.3125125336271108,3.2209887132706534,29.05400696864111,46.61740224545101
EPHX1,0.46870328393579813,0.7476651550348866,1.2960773135444519,2.0345705887485352
EPHX2,-0.17248436766177888,0.7683115519861126,2.0107105137669774,1.7467459069956377
EPHX3,0.3603394091293602,1.3526057484005367,1.6165697297497545,2.1806499712893843
EPPIN,0.06873427897634359,0.5504551598470371,3.495916881099189,3.8388114773996214
EPPK1,0.799361726078961,0.92965904156955,1.6377608528811978,2.7545261662055336
EPS15P1,1.0863404717736589,2.574654689721025,2.2966386554621856,6.33670119210475
EPS8L2,0.863365137330062,1.0355599747373487,1.8709010283135394,3.209545268254763
ERAP2,2.7178469479600635,2.9072966039590726,4.509048574503996,33.82738279128606
ERAS,,inf,7.5651511159622125,4.650231472769017
ERFE,0.7359832187657296,1.013282244774783,1.6207147017418309,2.4445367001590603
ERG,1.1435353375744632,1.5139721256529428,1.3036977648071078,3.283797616189842
ERHP1,-0.4822638982624156,2.22078122295734,3.862709658709612,2.8797373814948752
ERMN,0.1945047507921632,1.2128948689557055,7.226859985392527,4.635405357389605
ERN1,0.1640606558470205,0.5820920882284873,2.3384951064886628,1.5919498159468861
ERO1B,0.6625728175472452,1.936395458929661,3.738344310990572,5.958226785483662
ERVH48-1,inf,inf,3.912543103448276,4.783318965517243
ERVK13-1,0.236285030275658,1.149438871574544,1.8252494631514322,2.256713483482184
ERVMER61-1,0.38632127214227474,0.6585476334962694,2.6240149696370567,2.953671797768677
ESPN,1.2419004810818142,1.7795550493241257,2.996482813826596,8.503047111681035
ESPNP,1.1184839306706609,2.0518724732715965,3.2871226696222258,4.637862169198759
ESRRB,3.677835308433291,5.69805778166037,14.795953757225433,101.0676782273603
ESYT3,0.2862730970826486,1.8351155888426716,1.7528215146463948,2.3194442969836597
ETF1P2,0.2002802989087876,0.7708753335434511,2.5061185200975236,4.169420056222439
ETFBKMT,0.6915303299098801,1.5638689964874497,2.630434400082451,2.5254246341874205
ETV6,-0.5829254140983562,1.8273563238872723,3.57248818771983,3.098680551711777
ETV7,2.589398010024263,3.3149708908550193,1.7284448677400808,6.461094738355377
EVA1B,-0.3517447387157382,0.5934467088232597,2.4672413881482327,2.2795326648492233
EVA1C,0.47963786760547245,2.4016653212054813,2.9288167792447037,4.692410577218299
EVC,-inf,inf,2.0377951887000663,1.3419223129551974
EVI5L,-0.614445762229886,0.9348811888001153,2.3392027667592696,1.5947108421093643
EVPLL,0.3105773314709944,1.9042588192335481,4.259622009343589,2.4487919399745177
EWSAT1,-inf,inf,2.385562652475414,2.577160080505078
EXOC3L1,inf,inf,2.200517532741867,3.3396440642163077
EXOC3L4,-0.09471382183808306,0.5873917735057194,2.5408629233419515,3.0063833601205574
EXOG,-0.9246605258907004,2.0653065109534468,2.9212368368407757,0.8823319329798015
EXTL1,-2.191840456097966,3.567405764363327,7.593335644336598,1.4477424386861948
EXTL3-AS1,1.0175725499040742,1.2164090543544888,1.2887432898098876,2.5827244498861273
EYA1,0.8975359229847218,1.936990789959518,2.0798645470030013,3.206537432070728
F10-AS1,,inf,3.027574032670195,6.687545628764372
F2,0.25539270703409434,1.339522715014209,2.2268998378935994,2.108768482585843
F2R,0.4137276004192435,0.5971425532769409,1.8256092158409507,2.274165300271545
F2RL2,inf,inf,2.950014615609471,6.391503459027575
F8,1.2470789197129866,1.722390311093687,1.884204291153717,4.9646863068365334
F8A3,,inf,2.146399100733209,3.9689663541373936
FAAH2,-0.7931405580615496,2.0582326492397143,2.718918082191203,2.0664560920910313
FABP5P3,-0.0004282536151632155,1.1084796426789356,2.151670313103271,4.6393949979469635
FADS3,0.721890779724416,0.9148509763472692,1.8737210510439575,3.341397956480566
FADS6,-0.22378613775044398,0.8577415035793684,2.672093023255814,3.0180470985254204
FAIM2,-0.08459957680541658,2.236263331584787,12.393520335447091,10.316547208394441
FAM110B,-0.2237416418628428,1.1806771416728745,2.7088700889520823,2.474320091685316
FAM110D,0.578324005882871,0.8813708515114544,1.4822276247765842,2.0478734649164956
FAM131B,-1.0988817758751805,3.5852741820706564,16.520743494423794,2.716728624535316
FAM133CP,inf,inf,1.6739198417489074,4.40860563042261
FAM135A,-0.35664984159534324,1.1721172143559773,1.8672731368777824,2.3573640569730063
FAM135B,-0.8422588987484688,1.63016416523001,2.9368871829497416,1.7195220760920618
FAM13A,0.09613355845377924,1.5120435800384957,4.530418614350009,4.707313152727336
FAM149A,0.8492545766132269,1.3677555048373895,1.3821320946230227,2.6893742374200604
FAM153B,inf,inf,4.007433847954099,2.337125358598822
FAM153C,0.2631087449676743,0.8581389659365098,1.916080928205079,2.006018727440009
FAM157A,0.6383638118630797,1.7577579093641325,3.120494405067921,3.914295940658825
FAM157B,inf,inf,4.101976167531235,7.203225320966406
FAM157C,0.49691533833280904,1.6597961573835058,2.1856212577711283,2.9913385150916305
FAM166B,0.5407125120254789,1.9989893090194668,3.475838128762823,5.441049467552158
FAM167A,1.2106077396942243,1.5837524960002054,1.6433811016153184,4.162995545553459
FAM167A-AS1,inf,inf,2.1103849033285402,3.1062910720015213
FAM167B,-0.45227019089062415,1.5404132752333366,2.2873485445430357,2.195210524512659
FAM169B,-0.6196424522645433,1.2882263221069175,11.664428032301258,8.774601306659093
FAM171A1,0.9851954446346896,1.2308546337734263,2.215863358440818,3.4294735305634005
FAM180B,0.5188896835421724,1.3381365292949963,2.700850996769364,3.8959104877472224
FAM182A,inf,inf,3.623815986262671,6.8850883509665985
FAM182B,0.47342611786314104,1.2638920492679206,4.550255328819405,7.503940218299458
FAM183A,1.8791552510702714,3.0831607461912656,1.8536100010580547,5.408143222617411
FAM186A,0.4857043904301448,1.6734335312570374,2.185389883455485,2.2912351315631385
FAM189A1,inf,inf,14.378414213736397,23.828427472818884
FAM196A,3.52467586261099,4.252607115548376,3.9552267647606625,42.91578506239523
FAM198A,-inf,inf,2.8586993458499674,1.5474895930677084
FAM198B-AS1,1.3493806843815426,1.6951390229242627,2.0280510403802534,4.753402015698698
FAM200A,0.3622711032240733,0.5817909878035504,1.840435970402637,2.329199550367828
FAM201B,inf,inf,4.647321029249531,6.3939965413399324
FAM204BP,,inf,1.4111623143881207,3.315250042669397
FAM209A,inf,inf,7.30243640912611,5.820364242893581
FAM210B,0.8345047385406508,1.0848244574307884,1.6043448672562497,3.4030037753238602
FAM214A,0.8128265600442954,0.9782907082778594,1.6972025987937935,3.299785269117586
FAM214B,-0.7189766378510127,1.0195168319324608,2.1187262516223178,1.2281963454348388
FAM219B,-0.18603459935713373,0.528385359933112,2.0484171723193554,2.4114406936862594
FAM21EP,0.8193661954470219,1.2122703036687843,1.313057227768041,2.1521152429576573
FAM221B,0.2135449022538685,1.0074860903368774,1.4598474485290298,2.0380296445083204
FAM223A,0.001433630248568879,0.41516817475119594,5.64883132270573,6.390887548470486
FAM223B,0.001433630248568879,0.41516817475119594,5.64883132270573,6.390887548470486
FAM224A,-0.26334079115710296,1.460530260894108,2.2389429291334833,1.6413190452647441
FAM225B,0.5044483554523195,2.6171582542351848,9.052028051554206,9.745593252463987
FAM227A,-0.4149439508103917,1.4131536068021457,2.450970913133091,2.113771103031426
FAM227B,0.6903349272686635,0.905027380973405,1.69786200996197,2.6176515239985987
FAM229A,0.8942647181900415,1.9986274098901475,2.1658335658623935,3.3112615517665134
FAM229B,0.45708389693107665,1.362830188163067,3.218431406036194,2.914102641537728
FAM230A,inf,inf,2.8317947666998915,6.853592421123232
FAM238C,inf,inf,92.28139454209065,32.338286308973174
FAM25A,0.5384668555462532,0.8927157764129611,2.2671837767086016,2.851428805087762
FAM25BP,inf,inf,0.46591579955424883,12.634462839000735
FAM3B,-0.42583423889040495,1.913984931950889,2.299150480484538,1.624742799986579
FAM3D-AS1,1.1419721375018308,2.2977996635442475,1.3408412491967159,2.4036234951452053
FAM43A,0.7746772496868177,1.0141596170916214,2.0227053916565536,3.1626097980439267
FAM49A,2.154080246653224,3.0800257479914257,1.5783936606361573,5.512061759049095
FAM66B,-0.43355569752846856,1.504989914901176,2.3041583596175577,1.9763719747424568
FAM69B,0.7036504062615181,1.7089173011237615,1.664286475540872,2.557231162741126
FAM71E1,-0.1920253666558277,0.5503678388661226,2.7080394251140225,1.9297604556004386
FAM74A4,-inf,inf,2.5997018263138276,0.0
FAM78A,-0.7889057938649622,1.8181222258505214,2.2903491961728486,2.1872439913310706
FAM78B,-0.12958203879340202,0.9734041863540785,2.5044741713130674,3.2673430917205115
FAM83A-AS1,,inf,6.950501133353362,4.353346806128302
FAM83C-AS1,,inf,2.297977613150922,3.3811389837131047
FAM83F,1.2521755655914473,1.8086056996282882,2.130742107115307,5.266946367769857
FAM84A,2.0130978893270703,2.358099495265407,1.5440692218954724,5.843478110616141
FAM86GP,0.3090710846578547,3.26117090581432,2.2577707968246536,4.050589926430804
FAM87B,,inf,2.8375232774674117,1.702141527001862
FAM90A1,inf,inf,4.69296063677632,3.0226665008394997
FAM90A26,,inf,10.724572457245726,2.4616461646164622
FAM95B1,0.7874125674086855,1.5798815146566034,2.8103904892665876,7.502879378444681
FAM98C,0.4962799895060911,0.9181218450831703,1.5101130192704886,2.393463394568726
FAM9B,0.34811116056861147,0.855896345330518,3.301555570487838,2.6318035210321193
FANCD2OS,inf,inf,2.668362997562404,2.780285430256152
FAR2P2,0.2100032929160767,0.6468682996270603,1.9155942028741315,2.2695094448029574
FAR2P3,0.31690125482204107,0.6599083284614473,1.6447126359520265,2.0462866644652435
FARP1-AS1,inf,inf,2.5728389973397277,2.773423507812207
FAS,1.931022980809077,2.1193601314887354,8.101835332210769,26.30642359271357
FAT1,0.5147086984260407,0.8860815504827717,1.6386580897034908,2.1901523811349404
FAXDC2,2.028860222543696,2.8809121229905283,2.94352909281039,11.381378535741488
FBLL1,,inf,4.119209388511426,5.146695491043855
FBLN2,1.0015673104613225,5.499245789085494,26.982798470975197,20.70550715619166
FBLN5,1.0583302124694165,2.4706349155751504,2.5456485712850894,5.71036508813338
FBN1,-0.21259859478730297,0.9018775133292215,2.906890574178779,2.8059235483892246
FBN3,inf,inf,59.88903436988544,2.8752864157119475
FBXL13,0.7628631204197391,1.7753536389596363,0.752154229042384,2.1250182385139054
FBXL2,-0.06590798450896335,0.9323745681338159,2.5343951458676823,2.0815839069832793
FBXO15,-0.2594121824352806,0.653954259158458,2.8185566045154786,2.773366237637481
FBXO2,1.1980415967494564,2.569590570388346,1.3508625011631021,2.6995972193867983
FBXO22,0.8884503550874674,1.070440498719697,1.392388853705974,2.6909474875222905
FBXO32,-0.19316988384394568,0.4981441768464459,2.366581158014837,2.375769390894201
FBXO40,inf,inf,7.167655534836413,7.817087641973215
FBXO44,1.026014874512475,1.1538599146978397,1.7047741022696796,3.395550001312966
FBXO47,-0.24080702123406472,1.195107324903738,3.1875921738275492,2.751499360928129
FBXO6,-0.07798643413272247,0.3203341711738814,2.3377526286566064,2.0942293686382496
FBXW12,0.7141567593094882,1.9666081794207522,0.8547650036153289,2.2678235719450472
FBXW7,0.7111443903798418,0.7708021902143054,1.3765520535576043,2.05800317728804
FCER1G,-0.09318695421335561,0.8711993604769739,4.622225358137443,5.001466285358974
FCF1P2,0.5915761019342038,1.4806520686412938,4.3042616489521475,6.530475242658057
FCGR2A,2.4313406779051676,3.6047497655926275,2.2198104376316405,27.005591588378856
FCGR2B,0.1335872348259467,1.1473639136032616,3.5932977659219745,4.334378126042014
FCGR2C,-inf,inf,2.5769214473349713,5.503770866875688
FCN3,inf,inf,0.8740485582532364,2.6458344908050444
FCRL3,,inf,4.7975577589220455,2.768312835669114
FCRL5,inf,inf,1.73877843820455,2.5766550522648077
FCRLB,-0.5631303479432627,0.9322917075651255,2.367821100107161,1.4953799110524932
FDPSP3,,inf,3.3536867693020027,2.7113554809584444
FDPSP4,,inf,2.71676314069648,2.6680982167864813
FDPSP5,inf,inf,4.4765373038056335,4.72204902171576
FDPSP8,-inf,inf,1.705296481540374,2.5712509757437334
FDXR,1.2724240512974876,1.4908373498715297,4.314660534630119,11.529786916788819
FEM1AP1,inf,inf,1.778765113873391,2.664942596957723
FEM1AP2,,inf,3.771490252518645,4.602152296218763
FEN1P1,-inf,inf,2.440477688571213,1.4059220295472281
FENDRR,-0.10725938272173308,2.6224924260393174,3.352073203897663,2.833609716298414
FER1L6,inf,inf,1.826742301458671,2.267941653160454
FERMT1,0.9962326683890425,1.9894205714239317,1.7944296400492163,2.8947170882791617
FERP1,inf,inf,1.39037597957207,5.712269965659946
FEZ1,0.4051587816292141,0.7605134961958124,1.7363926973413224,2.409120702297827
FFAR1,-0.39925343518990075,1.3859741145412563,3.636355767149968,2.709629950227223
FFAR2,-1.8366989979682509,4.284464725895984,2.216406369011649,1.432848047439714
FGD2,1.1047826161027263,1.8197868379624884,1.6025702390334675,2.564361195126078
FGD5,0.47029012527698827,0.6250441003398025,2.13758077287923,3.296700980219935
FGF1,inf,inf,0.1684545093365117,17.454297444047143
FGF12-AS3,inf,inf,2.04963816048547,1.8507021949636566
FGF13-AS1,,inf,5.426460531785088,5.014367315195966
FGF17,inf,inf,0.0,2.9963589844518794
FGF18,0.2268174518479874,0.5299964863736679,1.695615385204414,2.346423621480478
FGF2,,inf,2.7513130851792647,2.1768897008449413
FGF22,0.19688270742270772,0.7584058994503929,2.280664632528522,1.9763067126558764
FGF7,1.2974543343546314,2.539326576099312,1.720827645903386,7.181792455970969
FGF7P3,inf,inf,3.171847486052041,4.177408528975911
FGF7P5,,inf,1.5438312852396496,6.591473255269404
FGF7P6,0.11234882380163264,0.7371115824419654,1.476646588964399,2.438007442756723
FGF7P7,-0.4196136929021851,2.0171184604537182,3.479819143607687,4.041332703332817
FGF8,-0.9384814307042824,0.9384814307042824,2.276934004637851,1.1880627572231393
FGFR3,1.1025045982481771,1.2738861115372992,1.5987131464307194,3.865880959712795
FGL2,inf,inf,1.4299537487828626,2.121510873093152
FHL2,0.43254325809778865,0.7002558379856638,1.6529410754716554,2.2127235224226385
FILIP1,0.8956371213006113,2.2930170628988735,10.33990233693754,14.435734216951515
FILIP1L,-0.31818228269101145,1.033170291933329,2.308590594484907,1.7077724426292018
FILNC1,0.6314527142229183,2.5088728648565803,2.3848525555209155,1.8541212015624713
FITM1,-inf,inf,2.8162830527590956,1.7575504407034543
FKBP1AP1,-inf,inf,4.968867305940494,4.357559141630397
FKBP1B,-0.4414139967275198,0.8251323694754943,2.5377861460239726,1.55708705301527
FKBP6,0.659040294415302,2.215429032656161,0.8498145465543865,2.1539449317350905
FLG-AS1,2.1027042565979315,2.6268130138550805,1.1786730628506383,6.40644225817817
FLNB-AS1,inf,inf,1.4862956357150656,3.5821715866487094
FLRT1,-inf,inf,2.141598513011153,3.315762081784387
FLT3LG,0.06878014082713045,1.0724272328527948,2.5380926667668056,1.640691810624835
FLYWCH1,0.6307525363373292,0.8349140463722882,1.4340048879549998,2.549351279757179
FMO1,,inf,1.6414569301166364,2.7052659920888886
FMO4,-0.06532696710618097,1.1532058489444557,2.394327482145581,2.2360956772276337
FMO5,-0.09307974266883202,0.5235927439506859,2.953433943654319,2.558401909116365
FMOD,-0.8292973195745841,1.3514646331202458,4.033865598890754,2.176733849810179
FNDC11,0.10604407527289227,0.9858675276904503,3.3495722129996173,2.7198633635551017
FNDC4,0.4669617645179606,0.808565324142955,1.8430791518503886,2.5336917461571744
FNDC5,0.38086269011141505,1.757690623228634,1.1600612534116026,3.1857434131678755
FO393400.1,-0.11058293434675392,0.5379751211252229,1.8307424739120641,2.0499737243812715
FO680682.1,,inf,0.8436920810816084,3.390883196441462
FO681491.1,-inf,inf,10.001365125591555,8.877502730251184
FO681548.1,-0.28121066672219275,0.8643673757926846,5.516628886010362,3.0302137305699484
FOCAD-AS1,inf,inf,1.4733387276443088,4.112825522546466
FOLR1,-0.6472339430259166,1.615883351635347,4.811321225426604,3.196050793333998
FOSL1,1.92177906990289,2.3852425270034288,5.6429727977765864,15.878587803959121
FOXA2,-inf,inf,4.7949617655599654,0.6591811054108992
FOXC2,-inf,inf,3.196166544387381,2.0288884812912693
FOXD3,0.10777328571621805,0.6292361561316853,1.689328265034297,2.2771481719245217
FOXD4L5,1.6032181914363584,2.635502959098814,1.5050392922370603,2.837724736515809
FOXE3,-inf,inf,2.6144628099173555,1.2462396694214877
FOXF1,2.1947303150330466,4.034759886386355,0.9823791759581517,7.4237959277244014
FOXG1,,inf,1.2193331029716656,2.655321354526607
FOXI3,0.7526896008738935,1.045730981942902,1.426010918314697,2.7559423511059626
FOXJ1,inf,inf,3.2120033508855905,58.97157730971756
FOXL1,-inf,inf,3.8304526748971197,2.7141975308641975
FOXN1,0.7181781152087073,1.0434313718327275,1.3974710249786997,2.5291034986408447
FOXO1,-1.0486294745435203,3.1668592829406528,3.7302795229390027,1.8893218086167947
FOXO3B,0.4966766188383286,0.9906282221819873,2.212191580224372,2.5910100013683723
FOXO4,0.03925715794267884,1.167313377380821,4.677215699970448,5.568334766139214
FOXO6,0.3344199497338566,0.4680690218179504,1.7091087684159205,2.185069604290579
FOXP2,0.5729490568237255,2.3970681926387747,2.6634624482254665,3.425948145066416
FOXQ1,-inf,inf,8.117062467733609,6.251548786783686
FP236315.2,1.0984674884279744,3.0311226089322587,4.248223389463927,7.423412637107987
FP475955.1,0.5642113168124209,1.9204393608421613,3.419052379858681,3.728123268978748
FP565260.3,1.0272259836077706,1.4152659711548552,2.6772052489952665,7.140344685879859
FP671120.2,1.0984674884279744,3.0311226089322587,4.248223389463927,7.423412637107987
FP671120.4,inf,inf,2.229117069281424,1.2916769201131137
FPGT-TNNI3K,-inf,inf,3.872936893203884,0.908883495145631
FRAS1,-0.9399632094724553,3.2086958465562088,7.1520281429609796,5.839895620003982
FRG1-DT,0.5178329673126779,1.4030123418105944,3.486004189160206,2.8495598643770794
FRG1DP,-0.1925552724023456,0.62577331325684,2.69433067083873,2.1010905530855926
FRG1EP,-0.29568175226489446,0.929084177196734,6.433714849149807,8.647051146964147
FRG1JP,-0.127481792178001,0.8958173868931449,2.094013165796585,1.9215621054105811
FRG2C,-0.043776880348671644,0.07924788806779054,5.539002976941319,5.242948685604723
FRMD1,1.1764424569593184,2.137414039110669,1.8520867757582193,2.92169926976174
FRMD4A,0.5323920360892347,1.1104213702404604,1.699667829965658,2.4063536581912497
FRMD5,0.29076472704680434,0.6879058756155165,1.6138118609124101,2.384977873267111
FRMPD2,2.4304724554654564,3.3441587913104063,3.639250369383671,14.789994471369129
FRS3,0.6580069153296318,1.231297240334421,2.0793244556065096,2.7851576180451594
FSCN1,0.7087541002428503,1.1671132411730838,1.9439485010178448,3.848890010376915
FSCN3,0.9850897304428998,3.184759498673975,3.081127476755767,1.6305172189813983
FSD2,0.21406879989032254,1.7148467493364186,2.055625649398842,3.37464746919994
FSIP1,0.03532042166014626,6.685446703681178,5.401040447721824,12.933010508555029
FST,1.4322990168318177,1.8485622409844173,4.126674550706656,11.525818076854314
FSTL1,-0.4604604425351941,2.2140719443673755,2.317356961680541,5.711501795958668
FSTL4,0.23884639211753386,0.9345518044335245,1.341173245252825,2.0286814350856464
FTH1P16,0.12137669213297561,0.7321683017725159,2.0918470615009035,1.9663910458877563
FTH1P4,0.028949396520033144,2.9069476956441997,2.5440656671916515,2.9289932914146943
FTH1P5,,inf,2.3198931450212092,1.2156617167359514
FTLP12,,inf,4.890058329507709,4.388411061002943
FTLP2,-0.8812261791922156,3.1711525453058016,2.602017094573997,1.4596522908730427
FTLP3,-0.3927252105916531,0.7223414713725445,2.0443639031085103,2.152122163415654
FTLP6,inf,inf,2.715834707440164,2.4809855075682288
FURIN,-1.1920293761395362,1.9051861098363323,3.31309884236282,1.7549707476700491
FUT7,-0.9756636171193132,1.8347558302854239,2.4261750115071856,0.7529535109701836
FXYD1,inf,inf,3.111594867094409,2.3882817457519567
FXYD3,0.4416377633417669,0.5832033673093775,1.5308624365821686,2.2882074362946914
FXYD6,-0.22047825968936513,1.2822591282496616,4.499759027211389,4.880292133165271
FYB2,inf,inf,1.3748843484316806,4.35870995091327
FYN,0.44489794108421965,0.9675993375034794,3.0244035168852856,4.536554874539497
G2E3-AS1,-0.343484476504975,1.2445301460531626,3.8536851000111643,3.783676190184304
G6PC,,inf,5.2592487690095435,2.762669397359362
GABARAPL1,0.014335348337442134,0.6177310375772324,4.975293959782549,4.592430787938089
GABBR2,2.4281015251750424,3.3937901838066726,2.8795813390558553,16.345707976083204
GABRA2,,inf,6.803283815480844,6.403283815480844
GABRD,1.317285582977755,2.2497540529186404,1.1261827445415338,3.637331278184387
GABRE,0.35192040433301824,1.5251027779304904,2.113986825643267,2.6671439984323415
GABRP,0.6468081515144525,1.2947942066915878,1.2374450240360026,2.191859011512279
GABRR2,,inf,2.2191681249158703,2.116314443397496
GAD1,0.7333942391184141,1.0728377206003517,1.8849093849118235,3.0283848616548648
GADD45A,1.9218954726435027,2.4881274630757453,5.295678222162455,16.64554919831296
GADD45G,0.6862181947245984,0.8921906289842703,2.321674712776567,3.4465247936518573
GAGE1,inf,inf,5.612787046727821,4.176014283075786
GAL3ST2,,inf,5.082615180643023,4.152966523036128
GALNT11,0.5142619874766108,0.9006848869367017,1.4055289544627017,2.1940323581999706
GALNT18,0.48348802175629235,0.7230976341698353,1.6028672727844624,2.181391877497792
GALNT9,0.906929625726588,1.4398610932264442,1.6852629910024173,3.0907326390265166
GALR2,1.2288176364367531,2.408847534599959,2.5752933282868256,4.606647627567699
GAMT,0.828259687180724,1.164884736544957,1.4161421994836947,2.8790710902704912
GAPDHP14,inf,inf,1.454064243576905,2.1372560570231176
GAPDHP2,-0.9638147328488154,2.0912354093693364,2.8016606021592194,1.8649205976858492
GAPDHP22,,inf,3.838935489161135,2.5575592660305277
GAPDHP25,inf,inf,4.754000815452832,3.6588731461189545
GAPDHP37,inf,inf,0.0,2.8680935414262057
GAPDHP40,0.6125553744429202,1.031028754496625,2.029974642089583,2.6772495195642536
GAPDHP44,0.2772800017405573,1.44493112532709,2.341401581457114,3.586171735550018
GAPDHP47,inf,inf,1.4735275049823513,2.011981655341321
GAPDHP52,-inf,inf,2.4493867895162795,3.9523750233455766
GAPDHP63,-0.3514962290445014,1.3489578861014384,2.1996093213184915,1.6559941692679196
GAPDHP64,0.6059056646331017,2.1820684777935706,1.6270564101385399,2.0699193812525496
GAPDHP68,-1.0584700182910358,1.4608962837792296,2.301327851913734,1.0038362609097105
GAPDHP70,-0.0737916952147201,1.7473127376230235,3.334248262514296,1.9786575173748573
GAPDHP71,-0.34757621406617606,2.9487814680535687,4.362876746450488,5.90608228980322
GAPDHP73,-0.19559254569783385,1.7512674195395772,2.5898733648955057,2.042168423297891
GAPDHP74,,inf,2.5170478092152355,1.362619146290924
GAPDHP76,-0.29967841510248555,1.3430901760118623,3.715424332508076,2.623001665853679
GAREM2,-1.5663524215600462,3.2849903700069722,2.2952295297030174,1.4316329674766517
GAS1RR,-0.029824621684396313,1.757857617050018,2.2006257197164145,1.412947264730774
GAS5-AS1,1.3541809228469748,2.178408039162214,1.620975835940297,3.173371405764862
GAS6,0.7945583951868983,0.878022593024882,2.16123361286109,3.931493503602528
GAS6-AS1,3.186744044733,4.2372856372533665,4.425704170643464,30.923495660666322
GAS6-DT,0.1277124715103684,0.45460774535837845,1.9134359430395402,2.1078550311539326
GAS7,1.5745186018511577,2.6208785124583884,1.2749248346361997,5.046707757065545
GAS8-AS1,inf,inf,0.7733421545304825,6.355147027772695
GATA2-AS1,-0.735386882077141,1.1398399873296245,2.742535842555552,1.4089245043361462
GATA6-AS1,0.6373410103872705,3.682802133023182,6.585218921727408,84.5676237373501
GATD3A,-0.13321282950322902,0.8003842941699695,2.0052748863160845,1.5236178444831268
GATM,0.06947399378241165,1.399030033127191,2.0251056620597416,1.3107873383860902
GBE1,0.9086212760622272,1.4066132045133655,1.2029595267328137,2.8081453338164173
GBP2,-0.02543884624465675,0.7242556926891073,2.359373544480671,2.72647779510338
GBX2,1.2966506054024522,2.0440462384468967,1.2860812887499338,3.292709448359917
GCM1,-0.42090354044868483,1.0082547293679172,2.189188170557049,2.198472323425212
GCNA,0.8413928651617536,1.5854592913290897,1.218415934744561,2.156089710203488
GCNT1P1,inf,inf,2.9537342794913224,4.559808192229325
GCNT3,1.225990610117961,2.0984687008767975,1.8976493633692457,3.2329150894283107
GCNT4,0.46041515547220635,0.8291357567235409,2.071409941569989,2.5435142687780505
GCSAML,0.3975726172340541,2.796893249431474,3.0236141551290956,3.454001176030363
GDF15,1.5339599690679295,1.7682877534279011,4.050518496149275,11.517678828887401
GDF5OS,0.2209610381432445,1.1552262890504927,2.783452054794521,3.0787123287671236
GDF6,-inf,inf,4.681223849372385,0.0
GDF9,0.6093089906505752,1.0372894375654595,2.001886759182522,3.0294949392534076
GDI2P2,-inf,inf,1.6314335927692696,2.553644656456607
GDNF-AS1,inf,inf,9.415336571825122,3.805690492713393
GDPD1,-0.38012857157291485,0.6268789203665128,2.07442087501291,1.3433448522695313
GDPD2,-0.35428973547040454,1.1306200115892127,2.3813612238526365,1.818955786642331
GDPD5,0.1600063664381814,1.4448351002433883,3.9176370523226307,3.4935823730293936
GDPGP1,-0.36770017900184737,0.9167210582547298,2.250287256877641,1.2342752035501234
GEMIN7-AS1,0.5315190886095246,1.0941015798359737,1.7369371066276684,2.320160920602315
GFPT2,-0.8841640861053989,1.1726588939995504,4.143410533783152,2.0621826975234128
GFRAL,inf,inf,4.191275098323328,3.8336783274684327
GGACT,0.7061892587692675,1.474791987718633,3.707413437781092,7.199400526034135
GGT5,0.48983879470315944,0.8969151479573836,1.510167443551041,2.3754095220319162
GGT6,3.203123288716734,3.6496358054431797,4.162672351430686,52.242274779929794
GHDC,-0.029519886197149403,0.7729713330562835,2.4687674617587483,2.6672094363344274
GHRLOS,0.022676314202622644,0.8534313697405156,2.2820529115323755,1.6005770318447863
GIMAP1,-0.21430577590498845,1.6939084749342543,4.510429191280255,4.560850018296827
GINS3,-0.027249105185569816,0.8234893396517995,2.2049642467882915,1.4201031081098079
GIPC2,0.6324674767141789,5.515980141526234,33.36323713927227,35.162832845392444
GJA3,0.3574341326542389,1.1039098587683913,2.75370992936702,3.456193969030155
GJB2,-0.21002759265808724,0.6531988355697712,2.372416489422953,2.589575952882525
GJB3,0.2336794478914012,0.35987308780974786,1.6813044641402926,2.128366173440673
GJC3,-0.3487121353399223,1.6760145710963543,3.291462031765977,1.773424151643081
GJD3,0.6361513071662007,1.0210336109017835,1.6463528536664995,2.84181562995399
GJD4,-inf,inf,2.113468478030142,0.49791976225854384
GK,1.2136459306214895,1.6222185131179645,0.8730783039854386,2.5500449621883217
GK-IT1,0.525889307146152,1.447160990225199,3.34229283057199,4.682483768239283
GLDN,-0.04775615443731842,0.3595346491202256,2.00473401358074,2.1518695304840407
GLI2,1.3866993776978083,2.4371975449924714,117.54170159262362,90.37028499580887
GLIPR1,-1.3413582972813851,2.7898106004658767,4.527530439898688,0.9396224519813738
GLIPR2,1.124432826929793,1.6825420259519992,2.4855402497593224,5.608426479451718
GLIS2-AS1,inf,inf,0.7525709665501806,2.525191081259501
GLMP,-0.0008255926784173639,0.22325873062401094,2.030016627218576,2.043613164629385
GLP2R,-inf,inf,5.8292427633003685,11.970764455352631
GLRA1,inf,inf,3.48834029288949,2.857789801799682
GLRXP3,-0.05898648586504568,1.7190720126625454,2.1635849169605654,1.3142751889674003
GLS2,1.8825248905308753,2.1629900163828957,3.4092955060880477,10.276341013564938
GLT8D2,inf,inf,8.774404304381246,6.965718677940045
GLTP,0.5875006670487439,0.6895074479651372,1.4815738607233144,2.389382789894573
GLTPD2,0.6832577145160248,1.8229757296694555,2.0146048064439204,3.545995071672716
GLTPP1,,inf,2.558557565063961,1.177804734597853
GLYATL1,-0.6012684232446197,5.04083765923952,53.13558169407854,54.10719592977862
GM2A,1.2053339858458114,1.6449992512667564,1.9883280367405682,6.218450102769098
GMCL2,-inf,inf,2.0625564045484626,0.6459448889958486
GMPR,-0.28049077039746845,0.730678248128553,2.062041144418989,1.9458273995382698
GNA15,-0.05456069281331566,1.9818321877401641,30.03360941586748,16.59389712292938
GNAI1,2.257286494269558,4.534883306130856,18.253078230752124,17.489482380604368
GNAL,-0.26553224497568095,2.5115576456176982,4.204650714010035,4.915792428335848
GNAO1,-0.7520891653388215,2.4193681024215126,3.2514181708863243,1.134758910949325
GNAT2,-0.027354734000395647,1.3377953947414885,0.8483258408957343,2.1442688576640387
GNB3,-inf,inf,16.933823529411764,2.4760585393577723
GNB4,1.0558254361765809,2.600993789711529,1.3224787490468843,2.4355386371149543
GNG12-AS1,inf,inf,0.7126994849278054,2.3700920374905006
GNG3,,inf,2.8753161161774847,2.47723963522109
GNG4,0.33870666519040593,2.008196191307621,1.8932180498993034,2.3267788563082132
GNLY,-0.38769551682000886,2.3504701811583697,5.505087501195368,5.751181027063211
GNMT,2.3412393059870027,3.187420124292986,3.9005361236178557,18.984876135868504
GNPDA2,-0.6225743555515079,0.9336042147064547,2.558089313866154,1.6744825548199727
GNRH1,0.6342778337721369,1.241853086414921,1.2660700333462518,2.1558895822495976
GNRH2,,inf,6.626242874187988,8.255766936232268
GNRHR2P1,inf,inf,1.4168487646213945,4.644032962058424
GOLGA2P11,0.6134807480281692,1.6341292296207177,4.718478493727833,4.905750874770893
GOLGA2P2Y,,inf,2.3464356349433406,1.3118306320202007
GOLGA6A,inf,inf,18.179439746300215,17.41587385482735
GOLGA6D,0.9173595791322303,1.9279089733903614,3.494895217624933,5.468461951804241
GOLGA6L4,0.24037280965756957,2.1136927739595426,2.9537883620384147,3.6221013587196427
GOLGA6L5P,0.8933114096126524,1.2948060161089157,2.4858935039395527,2.4267842436142444
GOLGA6L6,inf,inf,0.0,3.4330039868261397
GOLGA6L7,-0.4218773628705769,1.5958004302388669,7.256867283950617,3.5481481481481483
GOLGA7B,0.16592541638201325,0.7526680254942502,3.041016180562713,4.733055755951768
GOLGA8G,-inf,inf,61.83279220779221,23.661641929499073
GOLGA8H,,inf,6.546378803678075,2.125793914115082
GOLGA8IP,0.4848525430524219,1.9495652509368002,6.986983938132065,6.942581796549674
GOLGA8J,inf,inf,2.9991999999999996,6.2655
GOLGA8N,1.0256235187534382,2.097314401886593,13.53940021864251,14.51051121971287
GOLGA8R,0.9865010729098722,1.4823767205224279,3.798364857698426,7.15623121796005
GOLIM4,0.8192999964939549,0.9261692289570941,1.3522270357570623,2.569533793519123
GOT2P3,-inf,inf,3.3304407208767777,1.4125553815916585
GP1BB,0.605719116163002,1.5329529288670987,4.1203048970944085,3.7694493261932274
GP2,-0.5001630280006388,1.5695822242724522,2.461289224664908,1.9142957585637068
GPC3,-0.49070491735277144,2.101609346425492,3.0166881877386036,1.3878705367168203
GPC4,0.5984258015813353,0.7261992295750546,1.2780836689426665,2.11430207735292
GPCPD1,0.3935652360930747,0.7335074354077752,2.177076941097856,2.1001553906314863
GPD1,1.0902755259469403,4.089265459692463,3.116054255867453,3.8003557555720375
GPER1,-0.8812683953645168,1.4696162983358947,2.5907663302796595,0.9354695517815048
GPHA2,-inf,inf,1.5518666810951194,2.753089492479169
GPR1,-0.14971052607968185,1.1944485288388926,2.3871803395508406,1.8201939818249941
GPR12,0.5815769557879414,1.6858327829742545,2.589456690382008,2.6918356792418545
GPR132,1.5286069430907436,3.1819350980442147,1.772701442000328,10.853408472047924
GPR141,-inf,inf,5.022923569487361,5.105738803469714
GPR155,0.8931074713734558,1.8451443593416124,1.791125433757328,4.281180644808901
GPR157,-1.962346029390527,2.395895736367063,5.448875775879028,2.277691710386844
GPR161,-0.08519989953108925,3.288821356885041,4.376809612968647,6.995490460056136
GPR174,-0.19424162854731467,1.9736085678855042,9.519547594142258,6.420698221757322
GPR20,-0.48434630173121135,0.89708775096756,4.675189720593307,2.510434632631942
GPR21,inf,inf,0.854612392331203,2.30719181254052
GPR26,,inf,0.7933299324065807,3.227075628108659
GPR3,1.9477168199066952,2.083286763615879,1.0100637647318167,4.250962390238525
GPR35,1.0523017240771282,1.3106231453558312,1.2241346402146696,2.2195201365264348
GPR39,-0.6055472981124099,1.4345532519741717,5.088710883370387,3.5024474374183785
GPR52,inf,inf,5.252705337557885,3.927272727272728
GPR65,-inf,inf,3.6139579553943015,3.43220574111621
GPR75,1.1556836046515278,1.4939006129487444,2.005765489294006,3.416006051681142
GPR78,inf,inf,2.98095331840441,2.652545709575018
GPR84,inf,inf,1.739052418346421,3.834929725403891
GPR87,2.937551487205383,3.2024448019225247,5.37629951988593,41.890105862738615
GPR89P,-0.05117825447806175,1.331260960089971,3.1334723670490097,2.1687244240762
GPRASP1,0.12879836473444284,0.5912210763481024,2.825995415077367,2.266973402934738
GPT,-0.41869854428267456,1.7314638574373504,2.426685268452201,1.0570058826665718
GRAMD2A,0.3724878849568207,1.4844178078892776,3.3333630226377915,2.7768994186955362
GRAMD2B,0.6051729953937074,0.6302737827127562,1.4743462603851722,2.252031596713333
GRAMD4P3,0.7890379236975731,3.048319855747064,2.129660614270983,2.695409648785814
GRAMD4P7,-0.5548363509300006,1.1759217397299764,3.690142888228041,3.096854524793888
GRAP,1.7939170045923154,4.893044911644351,0.319953044600129,3.081380608770009
GRASP,-0.11038843651102603,4.092660855328836,4.827429557903791,5.027900067898395
GRB10,-0.7983751933077657,1.5605115201919268,2.00613410581973,1.5405100077011997
GRB7,0.0006535844415816935,0.28533025010040863,2.199741390764026,1.862851134947786
GREM2,-0.2619579905772174,1.312864760476068,8.496644295302014,4.976510067114094
GRHL3,0.6457265959301123,0.8485644459847766,3.4817580272909012,5.179010776932575
GRIA1,,inf,3.0667180430567296,3.0845821110724407
GRID1,1.265135523358393,3.0875980336390776,32.25948740512595,67.79270707292928
GRID2IP,-0.38324984727241695,0.9016720390043045,2.0520234869015357,1.5214814814814817
GRIK3,0.6953695551259037,1.783573539461807,1.382665206039092,3.6690525414096182
GRIK4,0.8400761040754917,2.631732664857078,15.784220842861812,34.452466514211046
GRIK5,1.0380460538502607,2.470543375343118,3.1687652030187743,7.5609290213933775
GRIN2C,3.3050015010031015,3.913112772345394,5.509906507337013,40.81615689430999
GRIN2D,0.26419935213774876,0.6881742459701814,2.093526122662939,2.4782893587279404
GRIN3B,1.1230913631186183,2.8873079767661203,2.3584675853466233,2.5802687786106824
GRK1,inf,inf,0.0,10.516703211660003
GRK5,0.7625294479226196,1.0321610911656587,1.4300704501810189,2.782153590118409
GRM2,1.4350283061888318,2.4709995104467617,0.6451008443188387,2.227092804858783
GRTP1-AS1,,inf,4.265516433757514,4.046217503317979
GSAP,-0.2386197154703253,0.4499138373159052,2.4520568353228183,2.034290434998147
GSDMC,0.9552405487229475,1.8489707244367115,5.656492806424031,4.555652626491691
GSN-AS1,0.7170168247675268,1.315306356109917,1.2590988423294318,2.1979888876435076
GSTA1,,inf,3.030142855106143,4.563301064997646
GSTM1,-0.3715834923434563,1.4515906501239384,10.315919115541043,12.748123961734548
GTDC1,-0.38950885079805225,2.833906943410608,4.284430009930298,2.3751753283910215
GTF2IP13,-0.7900826805485975,1.6738433838821676,2.4130944373722545,1.4528435278731773
GTF2IP14,-inf,inf,2.7205900352004067,0.8063292192755276
GTF2IP20,0.22216407614699804,0.5029043233750189,1.9431431833019908,2.073576228609011
GTF2IP23,0.1637252945203695,2.124220857424312,2.7120076457318705,3.1350709085462443
GTF2IP5,inf,inf,1.1433159373745483,2.788927094060356
GTF2IP7,-0.4555911040649123,1.5141228075153486,2.772811240180713,1.4739064787913556
GTF2IP9,inf,inf,5.010424346783745,2.1529213381598162
GTF2IRD1P1,0.4055383213966699,0.7024800081304119,2.596507769794476,3.2696020218174873
GTF2IRD2,0.137740557806162,0.3360538993792947,2.071707793238966,2.4449784482497368
GUCA1B,0.22935332405253905,0.8507488472461718,2.4562833287128387,3.165628414409419
GUCY1A2,-0.40318780285246864,2.1400714691073857,15.511262924667651,6.257754800590842
GUCY1B2,0.958281181613482,1.4134247105969602,1.283107368154882,3.0373168337429814
GUCY2D,-inf,inf,91.46839080459772,1.8338557993730407
GUSBP3,1.1734413155491983,2.20941569762663,7.332011096342796,7.3729429974127925
GUSBP4,inf,inf,0.0,6.626165039891804
GUSBP9,0.13561400823346503,2.091364314218197,3.628694537135265,2.9310793960783386
GVQW2,1.141520373840752,2.221051334857976,1.1395839749295231,2.365021980662432
GXYLT1,0.9596025790909477,1.1602169232275235,1.2918100967668684,2.3010428773253664
GYG1P1,-1.1333400214482612,3.1649740933878387,3.3511143132644983,1.7990850388411572
GYG2P1,-0.33916646341933043,2.8371977153312886,2.8569673557903643,4.2428549828404964
GZMM,,inf,2.8897529880478086,2.5175617529880476
H2AFB1,-0.5764751976849203,3.7562349539390816,9.89538110142966,9.813585991032909
H2AFB2,,inf,4.468030350887267,3.4923422873715033
H2AFVP1,-inf,inf,2.0386770832726926,0.9406546472073289
H2BFM,-0.8847855386828296,2.168572392778791,2.1118964336685444,2.576638040318877
H2BFWT,1.0389878867098858,1.7079808665690954,2.2946302161019148,4.055838371876022
H3F3AP6,,inf,4.874066259493158,1.481440447240157
H3F3BP1,,inf,2.498485381315947,1.2333096624661062
HABP2,3.1362386004569673,4.1324549218847,0.1319239053558799,2.3137497588889606
HADHAP2,0.015406931548732267,0.6950429280918713,2.6761354658614094,2.4409663090995277
HAL,inf,inf,2.022038643971001,1.9373542522645433
HAMP,0.44029573123747945,1.0807532534247257,1.4154282607957056,2.247569055142187
HAP1,0.010355344761223297,1.1876633345663252,3.604303649476917,3.516210959899078
HAPLN3,1.290387909335698,1.6984087757417625,2.225889966098794,4.343493393306295
HAS3,1.7320144306545147,2.3403759429141586,1.9765687531800558,4.944781584091835
HAUS1P2,-0.9706736741764329,1.8319469034967313,5.699174444981592,1.6008143988695105
HAUS6P1,inf,inf,0.7297867645030482,2.450373782792199
HBEGF,1.4334283011512303,2.072280169114511,1.5247834988013382,2.949974026309251
HCAR2,-1.2673196428745572,2.1874959427584675,2.309768051037222,0.7834340276310786
HCAR3,-0.741493715170681,2.3124452951668184,2.5318747290418346,1.532278115767684
HCG17,-inf,inf,4.115762707333698,2.4728143920661867
HCG24,,inf,3.9503650175109755,5.550140581068416
HCG25,0.3880446833099239,0.9451399992206698,2.2213829607634783,1.9567844622977841
HCG4,-0.8406072417982265,1.807886117539532,2.6908822564775337,4.151164316169235
HCG4B,-inf,inf,4.882175718589692,1.4963358032733491
HCK,0.7853671683573363,1.7588979706212284,1.7806533532704742,2.930367271783593
HCLS1,2.336468893477268,4.288602317652639,20.190432652497933,23.721052994755727
HCN1,-0.4262535849067827,1.78116441304344,1.973263004728992,2.0228264823572206
HCN4,2.160088785504264,2.5864553924513802,2.5753592173647206,14.336135738306327
HCP5,2.3110993343257094,2.497461825093173,1.55505904562982,8.604133194087405
HCRTR2,inf,inf,1.9066788292218608,2.5287935274054094
HDAC9,2.0797212988722724,3.8584255030929104,1.255114671801396,3.3484509851115765
HDX,-0.5547830709885426,2.6814148179906283,10.43985791278785,3.564031112199899
HECW1,0.5008913018754231,1.986334699663736,6.981630993798214,4.988960375957426
HELZ2,0.3632999277216473,0.49456809813925257,2.9714781072663294,3.8383771309963324
HEMGN,inf,inf,6.189444587297506,3.5215565269563722
HES2,1.5737271009149016,1.951698355532193,5.781665609958861,13.781127352424843
HES6,1.3223095459841994,1.754069585139823,1.0645583407904542,2.4866342933710994
HEXA-AS1,1.0784105646459723,1.2531873832790437,1.6564854638249005,3.2393251638024747
HFM1,inf,inf,1.2854048377038958,20.005842003347666
HGF,inf,inf,2.8262608914209117,4.366035522788205
HGFAC,0.8960898593048581,1.1889586261794636,3.610741122138331,4.90706181788748
HHAT,1.1619215388234032,2.2967912609547287,3.802914952582284,11.715598542696704
HHIPL1,0.15341492378065497,1.1959265467010771,1.6617960782021686,2.1774745024693885
HHIPL2,-2.407327072761086,3.504608733168406,2.045010916222617,0.47418498371817636
HHLA2,,inf,5.575419966924885,6.313016798676996
HIC1,2.9321027613162975,3.704193299387051,4.1355923031969,24.414677171489792
HIC2,1.0851027448414015,1.1886359905527,1.4344733844211857,3.080355369856619
HIF3A,0.8380038242986557,3.190215544728673,2.379567365281829,2.9524345512974097
HINT1P1,-inf,inf,3.0584108269677848,0.0
HIST1H1PS1,-inf,inf,4.110866858115835,7.0580891509314085
HIST1H2AJ,inf,inf,2.7947917293685665,5.992763842429767
HIST1H2AK,inf,inf,2.264660225479922,1.6544215023549866
HIST1H3D,-inf,inf,3.108782120404468,4.453200341803829
HIST1H3E,0.22314891712978435,0.5664415673842976,2.6820102327228206,2.9122546045225612
HIST1H3PS1,-inf,inf,1.5377292566075056,2.2305535321951186
HIST2H2BE,0.16973594039193776,0.4464745416699436,1.587758206781981,2.1238019989987724
HK3,-inf,inf,10.543840082361015,10.020332875772135
HLA-DMB,inf,inf,2.2822298563397876,0.6034041224234854
HLA-DOA,2.0906029443855876,4.063940181749842,2.079924278277331,4.9024798864174155
HLA-DQB2,1.2861496761683915,2.634258641156615,3.523136695451579,14.281381372266313
HLA-DRA,-inf,inf,2.979006339377856,0.7573443412452701
HLA-DRB9,-inf,inf,2.166712324403529,1.989285828050839
HLA-F,-0.5200437453344676,1.0669053317330812,2.3727467038662517,1.8327913212884164
HLA-K,-1.3430136622781914,2.506339100658523,3.1964514280255996,2.4786894641322
HLF,0.40258870031180416,1.4748197471466615,1.106390109750751,2.418972012169567
HLTF-AS1,,inf,2.5651668707500717,3.87135450590105
HLX,0.879676109481098,2.7957185056539826,0.46733717094625177,3.1667097859129423
HMCN2,5.032760484976033,6.6634799617786395,0.8922413793103449,22.567037205081668
HMGA1P3,0.01823837945502088,1.9473809700542253,2.9136922245805863,6.789699982582872
HMGA1P4,0.5650597669255133,1.145713109286365,2.072051555694472,2.313489536112214
HMGA2,0.38098928594251613,2.290966651546767,3.366508725839745,2.8097203978232312
HMGB1P1,0.3596388892692715,0.9000053124017904,1.6714435444856055,2.237515517751164
HMGB1P13,,inf,1.5974868261045807,2.881674466595423
HMGB1P19,inf,inf,2.8603222915004483,4.58289747150892
HMGB1P21,-inf,inf,2.8442728762226306,4.514671565463482
HMGB1P25,inf,inf,0.0,2.509341708542713
HMGB1P35,,inf,3.374947086214195,2.136962925074079
HMGB1P37,-0.03150082609393312,0.4770897466687152,2.292979275104132,2.77070492541193
HMGB1P48,-1.29757195595435,1.29757195595435,3.415563702846473,1.3894864289256923
HMGB1P9,-inf,inf,2.996203428725701,0.0
HMGB2P1,0.31523304710446753,3.1890245805743014,1.7988883849796315,2.091440386104515
HMGB3P22,0.5674207004653196,1.726547244849675,2.3417821477738876,2.1538362090050804
HMGB3P27,,inf,4.769081099451974,4.384187943413059
HMGCS2,,inf,2.688869238820515,4.025047821850074
HMGN1P10,-inf,inf,5.5703991914010285,2.3942354718457577
HMGN1P15,-inf,inf,3.2303854933237917,1.5326366669914653
HMGN1P30,0.6008000232154038,1.1499197167787656,1.5472042693820591,2.319025193403963
HMGN1P38,-0.8040930407168422,2.1006448641229554,2.615629028201046,1.8809053847181574
HMGN1P9,inf,inf,0.0,2.5790212160876895
HMGN2P19,inf,inf,1.5373530939116438,3.60817198700339
HMGN2P25,inf,inf,3.61463697580437,3.348786852728207
HMGN2P27,-inf,inf,3.205978604324743,1.2979481996783833
HMGN2P28,inf,inf,2.8948735981818374,1.882855869245631
HMGN2P38,,inf,3.3656597745499446,1.5809502026410687
HMGN2P40,inf,inf,0.0,4.041028664949818
HMGN2P7,0.39550815437835146,0.8168633399027493,3.29495999767541,3.324669714462826
HMOX1,0.7871909567840647,1.1876486914960143,1.4919275354781791,2.644342883781198
HNF1A,1.3917031082182902,2.9204324304188853,2.7545951225243615,2.4777972785418974
HNF1B,inf,inf,0.9084006687099471,3.342922819726944
HNF4A,inf,inf,6.449719363891487,11.653414405986902
HNF4G,0.6325875320338525,1.6524229438218525,1.9955198919240051,2.2201173536030083
HNRNPA1P1,-inf,inf,2.4612786864189076,3.285922246960096
HNRNPA1P14,-0.6656940162885864,1.1101954655284796,2.1042631160672616,1.2724587816785033
HNRNPA1P19,inf,inf,2.232905389775619,3.1008250443364953
HNRNPA1P20,,inf,4.994471341238256,5.215351003159234
HNRNPA1P25,inf,inf,1.4991443555064865,3.812917471708529
HNRNPA1P27,inf,inf,1.3125234627224267,2.233923342593288
HNRNPA1P28,-inf,inf,4.596964486867848,1.3505365506610543
HNRNPA1P3,-inf,inf,3.4033439157289576,6.121808225159419
HNRNPA1P33,1.5255815900345886,2.1836653291613533,5.229416634356433,13.364443722558132
HNRNPA1P34,,inf,2.5462530922547812,2.2274290541220005
HNRNPA1P41,-0.7976934553842681,1.350731309897753,2.4135947056605462,1.5218381915906665
HNRNPA1P46,-0.5672803416285468,1.2433096989148806,2.053612062182336,1.6329243136337537
HNRNPA1P47,-0.23444910228735052,1.6947252709535254,2.119301831482129,2.2247666944571445
HNRNPA1P5,inf,inf,1.2463347050187141,5.204946338840753
HNRNPA1P55,-0.5043723584218693,1.4429294181547918,2.0460934478874186,1.3780032617650522
HNRNPA1P56,inf,inf,2.929505300353357,2.6940989399293285
HNRNPA1P57,-inf,inf,5.3755431436754435,4.162202553555973
HNRNPA1P59,-inf,inf,2.3989567510246195,1.9292845337384048
HNRNPA1P63,inf,inf,1.860053066037736,5.927299528301887
HNRNPA1P7,inf,inf,1.6285970509824974,4.7900090898553565
HNRNPA1P71,-0.6495470647416721,1.2289176570281344,2.363157232644691,1.2765195389639983
HNRNPA1P72,inf,inf,0.0,2.4876271086815964
HNRNPA1P74,,inf,1.5721748475985764,4.111852073716481
HNRNPA3P15,-inf,inf,3.407861792689033,1.4599273910866297
HNRNPA3P2,-inf,inf,2.8374124472009834,0.0
HNRNPA3P4,,inf,1.4818705870314153,2.405481461268206
HNRNPABP1,inf,inf,3.8655022007216777,2.6626710020222846
HNRNPCL1,inf,inf,5.895692449026463,2.2183632327047236
HNRNPCP2,-0.8732260841257834,2.3550248529255104,2.9242093657517563,1.5667034178610806
HNRNPCP8,-inf,inf,4.387467331704901,3.828288608373333
HNRNPH1P3,1.0541497737801802,2.842775196998865,0.7831369344572511,4.333949767761913
HNRNPKP1,inf,inf,4.8340784898161955,5.333954297069052
HNRNPKP2,0.382032397311208,2.410350198231449,2.2695968782646103,2.8428839181466232
HNRNPKP4,-0.48646280587810126,1.0789467098617822,2.764109610744144,2.257598654544568
HNRNPLP2,-0.2577226968055703,0.7886978601865208,6.652476168741114,3.850894440250689
HNRNPUP1,-inf,inf,2.3222042583570977,1.6804574262975571
HOGA1,1.1349238307741238,2.5371733670803507,2.7076471875785884,6.259977832214077
HOTAIRM1,-1.0806573991340613,3.0809073781308522,13.988556863146908,6.793681419110476
HOTTIP,,inf,2.5326677693761814,4.01476843100189
HOXA-AS3,1.7704162859354198,2.5546605686781687,5.6329507089804185,22.800135043889266
HOXA1,-1.0620684314372644,1.9576583038839637,6.73111824934752,4.623047580807066
HOXA11-AS,0.6799201664068336,1.323829319254915,2.783867985578257,3.8854210964222986
HOXA3,0.15950345443106023,2.1061905213425116,2.6071206553300637,3.408212085205499
HOXA7,0.7417466540329088,1.7652360169411332,1.7768416230155675,2.435169393704578
HOXA9,inf,inf,0.0,10.939825550753662
HOXB13,0.4930495504732971,1.052607217578626,2.1044491336144,2.4782414478190398
HOXB9,0.4412120559883491,0.6959210494985562,2.102485036639257,2.3317903824280735
HOXC-AS2,,inf,4.035519563822963,1.3966885824246311
HOXC-AS3,-1.2996832911281264,1.9613964747521067,2.3248530621707255,0.9810271783845703
HOXC13,0.5057838163852526,0.5836549879986462,1.5930141020538162,2.3651155890021487
HOXC4,-0.23871749136267328,1.3132742541787386,1.9412950173206391,2.0664066755266997
HOXD1,-0.23663741540053848,1.006460468194224,2.2634560500236636,2.4159364378217907
HP,-0.697726103630348,1.2566315618159647,2.251265072837527,2.142622150972329
HPD,,inf,2.9123266031495283,5.8792269338993925
HPN-AS1,-inf,inf,2.723722609985651,2.937930153943433
HPSE2,inf,inf,2.8754414287155683,50.809151447886194
HPX,2.036247988865951,3.4942678321503973,1.2811911501094881,3.443845996022591
HPYR1,inf,inf,2.2336795252225516,1.6528189910979227
HRAS,0.8305385858256871,1.0846740726993767,1.3466340251017164,2.3320930642077964
HRCT1,1.8824150834371784,2.9560668694353445,15.22543910875522,44.780198553524095
HRH2,-0.7817167235869472,1.4949941446117876,2.2088884510055453,1.535251396423386
HRH3,-1.0196251495748336,2.683935947104855,2.3753059840151,1.3730203202878464
HRK,-1.269715964935846,3.134818909826076,2.9759487591860436,0.7793115772074427
HS1BP3,0.309548426276938,0.4477761130013106,1.6420785741592596,2.072261753893166
HS1BP3-IT1,inf,inf,1.3251051116731543,2.941557444372831
HS3ST1,-1.4186435185428432,2.4933142193964835,17.312112988775134,8.4
HS3ST4,-1.268690080820241,1.9230259380943422,6.307727067329417,1.6633529145955714
HS3ST6,4.062918590693399,4.576754048254281,3.8630764661792365,50.89242833505396
HS6ST1P1,-0.24107770181636962,1.202514987948176,3.536665409279517,2.093625047152018
HSBP1P2,inf,inf,0.0,2.7631965967215693
HSD17B7,1.1395264294160816,1.549417238008737,2.183005011496913,4.422880804473046
HSD17B7P2,1.6430364591148214,1.8077745122040696,2.0487331519911978,6.404714755003684
HSFX2,,inf,2.0473084795397014,2.418594459710973
HSFY1,,inf,2.6760870213972368,2.8439971350980335
HSP90AB4P,-0.5917882210532925,2.364662833208449,5.63185854139789,5.754610305835926
HSP90AB6P,-inf,inf,4.0132986482544,1.3240056403773217
HSP90B3P,-0.07569157255654599,0.5991473091461621,4.180788387647644,3.3591575352212892
HSPA4L,1.2985704045167727,1.5515378863292133,1.4103268142257799,3.6784869028478484
HSPA6,1.822374553015328,2.024553947676374,8.02244945252303,28.077095765019408
HSPA8P11,-inf,inf,3.176786442521184,2.1901989215641855
HSPA8P16,,inf,2.6918133915949105,1.5160005140727413
HSPA8P3,inf,inf,1.3610059312609224,2.5342834824974845
HSPA8P6,inf,inf,2.6767869907076483,1.5754288777698355
HSPA9P1,-inf,inf,3.9290986411183884,2.372299344999511
HSPB8,0.3512514213025754,0.5064118799889632,1.5133786124463036,2.149773762530097
HSPD1P3,-0.10948528279984529,1.0488431629331605,2.5179624145470645,3.0402286125487805
HSPD1P7,0.04681002963807565,1.5147795043441996,2.046752464618164,1.0608757413492884
HSPE1P10,-1.0292695784242203,1.581952045979432,3.0123544290836253,1.762006050822429
HSPE1P21,inf,inf,0.0,2.401974020490255
HSPE1P27,,inf,5.432624535562432,1.213035591059897
HSPE1P5,,inf,1.6567939955898263,3.91601600979383
HSPG2,0.8484196488250322,1.1349680461791687,2.2309051102195236,3.5781634069351114
HTR1D,-0.5642141300367756,1.1818119270318033,2.473176808432933,2.2507767043720572
HTR2C,1.0793639514768225,1.4616625355445294,2.8749101797294356,4.6419686232793405
HTR3E-AS1,,inf,2.7216750430060377,2.5484028738152253
HTRA4,1.385297490077801,1.895070486718507,1.6690684787581975,3.931827964277846
HUNK,-0.7635176835952817,1.8394187171810474,2.3856845756159255,1.6125508246026936
HYAL1,0.5463737715666663,1.3704088077793912,7.833296373695763,6.794411702799411
HYAL4,inf,inf,0.6188732986695213,2.6895645358617526
HYDIN,-1.7946127026418894,4.5158285373950795,6.881172450317765,5.181289720568948
HYI-AS1,-inf,inf,2.9812150313504757,0.0
HYMAI,-inf,inf,3.736589068825911,1.003120782726046
IARS2P1,-0.15355224706292378,0.7782246292930995,2.544895321473425,3.0797434553058665
ICAM1,-0.3007430977835571,0.5149450460277222,2.9949216245508645,2.203742486337976
ICAM2,inf,inf,3.1177253406427523,7.451091778227997
ICAM4,0.5846717698504811,2.580832643267098,3.0794994603345924,3.276229987407807
ICOSLG,0.8551341933692955,1.0020107842730914,1.1455643315244595,2.1786474324558327
ID3,1.8610410640565564,2.2376879091540225,2.895148579801885,11.281691266534263
IDI2-AS1,0.45551181048064876,1.1789338084398242,2.1934194392895017,1.561737804878049
IDUA,0.8205829622749048,1.67419817562501,1.4059079802775831,2.9998469159558674
IER5,0.47506855864946906,0.7878244354673004,2.3193785935336795,2.982408685377007
IFFO2,1.0284318104134667,1.1223929270140716,1.777553951261869,3.869873144874382
IFI27,0.8022484916838963,2.8559784616891895,2.754044898301941,1.371397011393911
IFI27L2,0.13118821157558597,0.4706224427846978,1.513021868241737,2.0372955229489182
IFI44L,inf,inf,2.329157881681756,2.268975567406672
IFIT2,0.1193403282367248,1.320085921962209,1.9482845322178792,2.6163493260798343
IFITM1,0.12750062284115377,1.431936152354732,3.41289760370469,5.171846669244949
IFITM10,1.112607410570432,2.179631953123765,1.2357620525943254,2.3772913148208414
IGBP1-AS1,-0.480548056845021,1.709827895009142,3.4041356072285707,4.708420087840595
IGBP1P3,,inf,2.4221602921391505,3.0090652828496385
IGDCC4,2.4046231960142497,2.9752126212029943,1.2829398225220403,6.128848130401426
IGF2BP2-AS1,0.3297659290147821,1.5169651359805725,1.7598843311997037,3.8682878136126946
IGF2BP3,0.5690778068055621,0.8614398491879955,1.4095827017530704,2.5610012801216917
IGFALS,inf,inf,2.227088675934674,11.173437710892157
IGFBP3,1.2232327107381669,1.6629261368802277,1.8850073201358706,3.5970829403220854
IGFBPL1,-inf,inf,2.17204406177488,1.5542825087333085
IGFL2,1.2076430544477583,3.736143268810378,7.556104500775996,19.961717537506466
IGFL3,inf,inf,0.0,10.440517782679397
IGFLR1,0.49033903662486733,0.954755585926383,1.9708096951185032,2.241984209272949
IGFN1,1.2871687780533194,3.5904925767998703,30.298267773367012,18.979068928184766
IGHA2,inf,inf,0.40946979462060673,3.635000429664003
IGHEP1,0.716448328956039,2.9715248313895226,4.373052609398047,8.231130153824541
IGHEP2,inf,inf,4.219694752247544,4.607861174994773
IGHG1,5.197168635756714,6.0732430743244405,1.0659716517557092,37.192015294310934
IGHG2,3.064750708521121,4.424918872667973,6.375176063852491,43.89495923855052
IGHG3,inf,inf,6.40851315400532,56.22938220514336
IGHG4,inf,inf,9.545941910966341,78.59928067318133
IGIP,0.20681527029731298,0.7990638971558987,2.0081105646484083,2.055475683432797
IGLV1-51,0.15788276664288237,1.1986435316064983,1.6725278770071337,3.132600088083045
IGSF10,0.28996418200666096,2.3923599607051065,5.542612707210852,3.282598591912965
IGSF11,inf,inf,2.046108992124688,1.4884792689954174
IHH,,inf,3.3894044544867654,1.583037443511943
IKBIP,1.612533950995991,2.148783473618411,2.610603601852265,8.254643015748904
IL10,inf,inf,2.3839659911973685,1.8011296210061443
IL11,0.617859177344894,1.0970231657731373,1.5869158414948688,2.853367422397778
IL12RB1,0.10076460692526779,1.0169353243066195,2.0973974320580973,1.9853424234483794
IL13,inf,inf,3.388129737534162,2.343242407054092
IL15,-1.0802006394758834,3.28419341924298,21.520253687386266,2.671259936787664
IL15RA,-0.6497784179815598,1.3468010460961364,2.60427595965566,1.5152309349385926
IL17RE,0.06351184728965219,1.4018534866354786,3.4377025981152673,3.1237313728255702
IL17REL,inf,inf,0.9996126658274427,2.827152125496272
IL18,-0.04994417151386535,0.3227124665925018,2.319298516365995,2.2342505104626946
IL1RAPL2,0.09828708831917621,2.7401753714909187,4.178505530078231,7.535495009441597
IL1RN,0.37360530870838937,1.019046742041572,5.931709016933828,8.375162463033773
IL20RA,-0.042232294073631535,0.5936490206621592,3.1132346608476027,2.125142129990275
IL21R,0.2562239496046611,1.7640343307569868,4.935528791404663,4.458112590978858
IL21R-AS1,0.053630791018128954,1.794978191911859,2.0421087941728167,1.9913879266673058
IL22RA1,-0.5263619600416579,1.554607655864918,5.317063095186327,2.3685045875548982
IL27,inf,inf,6.63554881168728,3.5513082908410816
IL2RA,inf,inf,1.2850835809545267,2.006808996042755
IL2RB,0.2942591320635296,0.8174946969329714,4.125611803371717,3.2554481040991807
IL2RG,-0.14827161282963855,0.7131780584214319,4.068122759626545,3.704419634145089
IL32,-0.041882497340858145,0.17633948518181944,7.172993604885637,6.347708417353229
IL33,inf,inf,1.6457733820538571,3.0936379209951137
IL34,,inf,1.0889506207834911,4.35712530944687
IL37,,inf,4.660426745429547,8.208667311707492
IL6,0.5789592950822148,2.0087102024477366,13.044095343730902,15.661532018923873
IL6STP1,,inf,2.5673389372835587,1.2239774824940122
IL9R,0.5547017334076857,2.817013005913055,3.074524239674644,1.1364528817019621
ILDR2,,inf,15.326625943226734,44.69313690262307
ILF2P1,1.3379943970917652,2.392329692732629,1.5732633395656552,6.341507263051921
IMMTP1,inf,inf,3.041467604272908,7.03411347898438
IMPDH1P10,inf,inf,1.2688007751360217,3.579439020148568
IMPDH1P11,-0.8032211971932209,2.7513660445228965,3.3506456914768723,2.704719417703686
IMPDH1P4,,inf,2.4195968969767274,0.6256434423258175
INAFM2,0.9028694879156005,1.6375966696572095,1.4525744708927257,2.358815089907624
INCA1,0.35228287699999383,1.1002614364822823,1.8221421243989755,2.3063235796981094
INGX,0.006932862515612037,0.8916593818594969,1.758426047859982,2.1299217551673535
INHBA-AS1,-0.23177564838449455,0.6719738422997066,3.758634013060982,2.7304283629614554
INHBC,1.4881810511412548,3.5572338172882474,5.389829313020172,6.388567577310701
INKA2,2.0444795621224303,2.5626847311756924,1.6718142951107215,5.1359366680239305
INKA2-AS1,2.187830742953106,3.3066570540965623,4.219083899317477,13.844059881540144
INMT-MINDY4,-1.6175113328739759,1.6396173276995751,2.0095632046426117,0.6449524147045578
INPP1,1.7147023446434835,1.941751636494976,3.2903522127379334,11.820728523239092
INPP5D,2.7635205808595114,3.4327065217027273,5.730136053085618,37.1255299309552
INSC,inf,inf,3.941360787824531,4.919816278074033
INSL4,inf,inf,2.7535324107793153,2.0450005202372283
INSL6,,inf,1.5739570938020604,2.7697497705096388
INSM1,inf,inf,1.2763629084276786,2.360984452501168
INTS6-AS1,-0.33542285816465417,1.0619104090024727,2.570785012109987,1.4454794130217976
INTS6L,0.453106872371144,0.6500588501689627,1.8526791001795697,2.330588230718727
INTS6L-AS1,0.7186529476485068,1.5851889359937092,1.3861204846324917,2.759679671112171
INTU,0.4374076122388564,1.2943980561950272,3.0790736936816683,3.919959807491231
IP6K2,0.4322303833187362,0.5414821319446855,1.3879671740687696,2.0196783584177695
IP6K3,3.7351936604987,4.747794428841327,1.6694500701043775,31.16287583735784
IPCEF1,1.2713662968071804,2.1549797571535567,1.2260586269042961,2.6294074153945686
IPO7P2,,inf,5.936787104705963,2.822271361245817
IPO8P1,-0.8994834117428822,1.4106113203632105,2.9012183170314567,1.2805203789465593
IPO9-AS1,-0.9338725042393142,2.1957006482567714,2.3435923884415923,1.7940781733916422
IQANK1,0.5404874338125903,0.5989623237337937,1.603697302816991,2.1935987356215754
IQCA1-AS1,0.24699712326762754,0.9207891977139554,1.6337287340707678,2.2837829096319298
IQCB2P,-inf,inf,3.299161927566597,1.4118028534370948
IQCN,1.166921160918186,3.8868384446678492,1.5603795554637399,3.3392257394069724
IQGAP2,-0.7786692578854988,2.1901497611988407,2.946456672898233,1.409118113984513
IRAK1BP1,0.5781424760030048,0.7907841124816404,1.344453537239257,2.277557561653411
IRAK2,0.5923035198699967,0.8412967473866233,2.188330352006328,3.569358550266072
IRF2,-0.4466540510603042,0.7484524967186155,2.0303464515150664,1.3862121862909806
IRF2BPL,0.4644742800534038,0.5567055973091362,1.683401097421287,2.430379629048165
IRF4,inf,inf,2.4325609756097557,2.841463414634146
IRF5,0.396632222546322,0.4430484503294466,1.5476955278883253,2.0674589491880333
IRF6,0.6915853169042578,0.9198548650572901,1.5330350744613508,2.604321933521057
IRF7,-0.0570842329350085,0.8057608609461804,2.1261233268457413,1.6985410078949172
IRF8,,inf,1.497670126452745,4.7526405233535565
IRF9,0.10993697373865266,0.5258996716707748,1.6958657174604825,2.441760347035254
IRGM,-1.8908423468556685,3.8553593962420627,3.1124195687410996,0.675409728703113
IRGQ,0.5569485070101778,0.6685254165780028,1.6905637387195531,2.56166518609474
IRS4,-inf,inf,2.5414181127982647,1.5559924078091107
ISCA1P4,,inf,1.3861224017033142,2.482941509936785
ISCU,1.0385528920266731,1.2698022654756205,1.517435532950166,3.549097551911175
ISG15,0.5170725104499786,0.9296953104570086,2.2601086348518997,3.3312269749130445
ISG20,-0.2279497285939409,1.0842483718588856,2.9798380010874195,3.249142093952048
ISLR2,0.47994131523484923,2.553171006309022,7.462228354605036,4.72464642980338
ISM1,inf,inf,2.0150536457192905,4.926976133128968
ISPD,1.4679665937960307,1.8263150888997597,1.3062669590389544,3.79232142491515
ISY1-RAB43,-0.4326723544132949,1.9765143757854422,3.185629979003273,2.3866713240289017
ITFG2-AS1,-0.2654403050819412,2.073950728186438,2.2151563713088973,3.0343841853541744
ITGA1,-0.2993769574104497,1.4181693497754533,2.346862347346897,1.3563274557952751
ITGA10,0.01801184265698714,0.532104418868799,2.3008290877930238,2.280271650821007
ITGA11,0.23998486389957704,1.7419758641753469,1.4430791053638583,3.877498845417959
ITGA3,1.3275417864775956,1.6198012498934256,1.600912806600963,4.045264936991124
ITGA6,0.1106519285220512,0.5502395860842206,2.102604952942248,2.0436889613398552
ITGAD,0.016240451610001427,1.6913374793425673,10.575470610279915,10.529505030413096
ITGAM,1.3372356631963407,1.7175244373704333,17.136676684484616,45.81266145128359
ITGAX,0.28858368338107726,1.4935205460010845,2.7140273470235576,2.702713930651155
ITGB1-DT,0.8549004931654198,1.1241770464933136,2.643283594346673,5.1948196995951355
ITGB2,-0.24407542499429666,0.9592375349319128,3.675525956200067,2.845210690236727
ITGB2-AS1,-0.1773808970477278,0.9570909337616946,2.5799463387681327,2.3957071014506326
ITGB6,-0.6414753282263916,1.8866791134998897,6.582586658580785,6.66978988680243
ITGB7,0.865242456162414,1.5447840209942094,2.371252210802819,4.395174708818636
ITGBL1,inf,inf,1.5664346246973366,3.354872881355932
ITIH5,0.2236540206406475,1.5843469160652763,1.4604841025891728,2.1053512829757466
ITIH6,1.27479400502347,2.002154313804335,1.7453267128431944,2.667362096303096
ITPK1-AS1,-inf,inf,2.640775977404489,3.4447004608294924
ITPKC,0.09059680846032143,0.18597649500993127,1.7790202071365468,2.0237897154335913
ITPR1-DT,0.6359507736200527,1.029102874221779,4.678562613430128,7.560185117967333
ITPRIPL1,0.7808812536181831,2.4567493065011097,2.2323821124064733,2.7460414129110844
IVL,1.130978506595242,1.499312659717857,4.241822976670507,7.503348214285714
IZUMO1,0.7788140367422552,2.810196709890226,3.425204418802114,3.0378428690924824
IZUMO4,-0.04187864392117742,0.4113512090529063,1.9187634100067148,2.551822607841068
JAG1,1.0812873166677879,1.4276073619070393,1.3989126125309361,2.7184366482232982
JARID2-AS1,0.07867016047530838,0.530529168402247,1.4494268693104737,2.0936375611962013
JAZF1-AS1,0.673184024587453,1.263492607535547,10.653955901426718,9.557587548638132
JCAD,1.152126664822667,1.613803378903908,4.512182780188265,7.459333717237488
KANK3,2.409661470895716,2.975872400999587,5.217129354072069,24.31107765850173
KAT2B,-0.003132106428036366,0.425505864109283,1.8833742555757031,2.0771513516996345
KBTBD11-OT1,-inf,inf,3.2289509028503205,1.4089389643336814
KBTBD3,-1.0303519766791704,1.8417339391373198,3.3416113353002856,1.1978757743706563
KCNB1,1.965223371591552,3.441209905673796,1.6064709218831084,13.441116662442827
KCNC1,-0.1481882689441939,1.1782998093328307,2.173982856452976,2.791838705782929
KCNC2,-inf,inf,5.308270649887705,8.82315068981498
KCND1,0.06259449042254259,1.6701415137949165,4.794445279897741,4.988473250874093
KCNH1,-0.3688352069256547,1.833669213867249,2.24852263403452,1.7068974211624992
KCNH3,-0.2782514188950795,4.903396406162517,7.156740944380056,5.302648378391454
KCNH8,inf,inf,4.482285086514694,9.028014281790716
KCNIP2,-0.47974706815098367,3.2113645866030383,3.318766743013459,2.6695910455733696
KCNIP4-IT1,-2.0603362901319877,2.0603362901319877,4.354564032697548,1.0440508628519527
KCNJ10,0.7083292230015834,1.0022282156008167,2.2760925650848254,4.559221327495895
KCNJ12,0.4210018398717785,0.7818282994114446,3.6406940543145376,4.1811890102782945
KCNJ16,inf,inf,2.8502288128729165,1.1735063041658793
KCNJ18,-0.003163316661636703,2.9185615745498854,12.57677473448854,8.720626048071548
KCNK12,-1.1370229630022974,3.430418881991191,3.02029012547227,1.9944493679742528
KCNK13,0.09731128158811192,0.39862653038371837,1.942594355735477,2.0169669527803418
KCNK2,-0.37352369181238054,0.891795297734885,4.712572503527199,5.386091080106601
KCNK4,,inf,3.7060969284849876,1.7407710482337349
KCNN1,0.9439964718432311,1.2871241114425283,2.3362916836408076,4.37190828144096
KCNN3,1.77805869228968,2.526293246085619,2.113850637106451,4.9100337123592945
KCNN4,1.1154190132642394,1.4985801783335972,2.218420147723843,4.972437459653682
KCNQ1,-1.8901764031853618,3.146667419507235,5.831207450712424,0.7292283552248626
KCNQ2,0.8620209728804386,5.768557867048511,5.456768253838928,5.350989544781556
KCNRG,-0.7498697096107116,2.1348684376361677,3.412649903092949,2.610622930630703
KCNT1,inf,inf,0.5054856567689985,4.112883744338199
KCNU1,-0.039025635716213425,3.1228040432637667,2.3121080522042448,1.707515223045902
KCNV1,0.14437464444842998,1.3169991486382702,2.6232218709868618,2.5088165563568112
KCTD11,1.246436862441648,1.3891989593378002,1.4932794163830383,3.911394632513572
KCTD14,-0.1879712970956005,2.318017687503596,2.9237204073535246,1.555449014680598
KCTD16,-inf,inf,8.766514406184116,0.0
KCTD19,0.6545607135387277,3.1675314905130865,2.3720533354481246,2.8681521551809595
KDELC1P1,inf,inf,1.4084888775249296,3.282204039887497
KDM4B,1.0833236984674879,1.3877552538656355,1.1544213307034144,2.0493655830436834
KDM5D,,inf,4.355529549444119,13.31275599765945
KDM7A,1.10860761313408,1.5589193552240195,1.8500311923155808,4.215096653449101
KDM7A-DT,1.382885722532475,1.8304922924554539,1.1214079680607592,2.7316844297574217
KDR,0.5295304737124656,1.263039728557704,2.868584398740041,2.081603977518374
KEL,inf,inf,3.055187108731022,4.6141966661997476
KF456478.1,-0.8254999745499515,2.3812688876865296,3.7409596862564163,1.5059547840129188
KF459542.1,-inf,inf,2.801386773126018,2.481851132006093
KHDRBS3,-0.6918252654539444,4.046045247857148,2.087694568814201,1.3003452317625785
KHNYN,0.24918727657027587,0.2692965043052504,1.9055984387987805,2.263678565188967
KHSRPP1,inf,inf,1.7368852459016393,5.9176229508196725
KIAA0087,0.32454151987966123,0.7892621566478853,3.052410190304963,2.9967943281658127
KIAA0513,0.21468336234739782,0.4805031612853572,1.6452114415914016,2.001576346932955
KIAA1211L,0.05488757891554158,0.34910093947325044,1.8256522516223412,2.17663063560759
KIAA1217,1.3630307450120476,1.8302493190781648,3.717130306234318,8.177869910902857
KIAA1549L,-0.06217801606261392,1.19013161213829,2.6347248164719175,1.3825854654445944
KIAA1586,0.8252592271255144,1.1102553713769598,1.2927965987990213,2.3336200725498992
KIAA1614,1.1592007225774312,3.6816550145796794,1.5939917473392682,2.8569581232197097
KIAA1614-AS1,0.9116294139196943,1.2023981865926432,1.3409451782448714,2.0247871289978345
KIAA1755,-0.25561078518654323,1.9173603319590318,5.639136033715757,2.695680168578787
KIF17,0.3005225945201596,3.1769276199322625,4.882594600484921,5.338940801482005
KIF19,0.24606244459363547,2.1688786058855656,1.4658896207736833,2.5434434968017063
KIF21B,0.289691949005987,0.722555472479649,2.983233212639892,3.9321305134957205
KIF25,-inf,inf,3.3915434361741568,1.4000906207521522
KIF26B,0.8432715806789701,1.9310625566379684,19.413536269430054,29.22814119170985
KIF28P,inf,inf,0.7559596148452837,3.153407497429186
KIF3C,-0.34951761302576956,0.7281813620697348,2.111291338973922,1.6972408886794417
KIF5A,0.738199911762073,1.9209349494821284,3.7413943058335337,6.5380012784105785
KIF7,-0.7325675547158337,1.535155844767423,2.4792240088566504,1.0798673382803337
KIFC3,0.9815323614992917,1.5302231759634228,2.768944957778356,5.169923172521453
KIRREL3,-0.12329553746338648,1.0152356173983268,2.1376790028360353,2.9787530782068785
KISS1R,0.7016361472306581,2.571776732735349,2.532100941444674,6.081484569595136
KIZ-AS1,-0.1545833725594603,3.4211444123176666,5.991336663823565,10.140709150724991
KL,,inf,2.5277749568396466,2.029653701635016
KLF1,1.8147157137805519,2.8915124365471767,2.0605309608287126,2.7888815590065437
KLF14,0.3709306985073371,1.043084980996422,2.5166608643755906,3.5437658526881184
KLF17,inf,inf,7.936561158798283,26.355418454935624
KLF2P2,-inf,inf,3.6382677974813675,2.302278762957252
KLF3-AS1,0.5210522865887,0.9421320096779644,2.9606408602423877,2.9572204815984646
KLF7-IT1,-inf,inf,1.918565248962012,2.0062217229673123
KLF7P1,0.08029775792862652,2.5877051144288816,2.156434758366099,2.7105728650945484
KLHDC1,0.18395546249349434,0.5187799046951632,2.2831722189173114,2.7791065585960735
KLHDC7A,2.3533323861605755,2.6706985411801725,7.319292945218287,30.48192031150889
KLHDC7B,,inf,1.6648162040510128,391.52430607651917
KLHL12,0.7154834764200114,0.8508173903639515,1.4040855600527034,2.1048268411308175
KLHL14,inf,inf,0.0,5.994484594903005
KLHL30,4.173765702521289,5.155335793153741,2.058618084675433,29.708234340957116
KLHL30-AS1,inf,inf,2.7300755356867583,2.0480961923847696
KLHL32,inf,inf,1.040131180155116,2.1568566499323896
KLHL41,,inf,2.145905964383304,1.0407047960048996
KLHL7-DT,0.3319311996974694,1.0862919505188335,2.1807272548706678,2.5042599162748442
KLK11,-0.2689582501680441,1.9007058288418974,3.572832467881953,3.0063613168150054
KLK2,inf,inf,2.000885003532972,1.1508977973506234
KLK4,-inf,inf,0.9950113427444066,7.130941501542829
KLK7,inf,inf,3.8113567177686964,4.660560019746043
KLLN,1.6988014444816733,1.8096125051453897,2.069345018702051,6.387671662980863
KLRC2,-inf,inf,5.034449797354133,2.1799512290450576
KLRC3,inf,inf,2.9843245986009928,3.8814287267587257
KLRG2,2.207733065326332,2.742460242008066,3.426915954005581,17.004116698081376
KLRK1,0.753762382035572,2.137768794577417,1.7216195251682964,2.196905560018837
KMO,-1.5116739978627265,2.577223986732502,2.556947610491987,1.4047959165196262
KNDC1,-0.944289285465135,1.4671006048888071,3.1190299248189186,1.9970477300607248
KNG1,0.1484669117514137,2.4541853951808914,3.092134334953601,6.440919133893063
KPNA2P2,-inf,inf,2.2688743000579263,0.5761005985711528
KPNA7,-0.36494781770100154,0.5130546119401809,2.2481438820509445,1.6143443252374994
KRBA1,0.5083404717766947,1.0617531649818106,1.5592603511492378,2.0390070870537653
KRT12,-inf,inf,3.2696372509402885,0.0
KRT16,0.820604090877625,1.582248058381477,5.798057197182397,11.769965919641521
KRT16P6,inf,inf,0.0,2.4062453531598518
KRT17,0.28968293711979765,1.209477598709437,8.977064186375596,13.163318175453078
KRT17P7,,inf,1.4451446831173442,2.5387892774720395
KRT18P10,-0.45464603598903286,1.0352393292391175,2.2966173180601226,2.0272802846000557
KRT18P11,0.8723695745176969,2.850362296287675,2.8010123285903648,2.850640476721135
KRT18P12,-0.4050565855488736,2.7680913357075965,2.362057150367046,1.5987740082233446
KRT18P13,inf,inf,2.5226295310260087,2.797562973581815
KRT18P17,-0.13569676802079067,0.447031476201643,2.382512033523982,2.0506110198765497
KRT18P22,-0.8686982531753223,1.1657197858742012,2.430118263800044,1.6995194557992948
KRT18P27,0.3814854091511126,0.9742089858031111,2.028423927724585,2.166431551460216
KRT18P29,0.970668522655485,2.3864781295060515,3.9061370255347,2.023841318509473
KRT18P3,-0.3201862873887668,1.0477738494094004,3.002284283030683,3.2433587977457736
KRT18P35,-inf,inf,8.55281797025195,3.7505818071435804
KRT18P36,-1.3175264819014472,3.6746242296174065,3.7304666056724614,2.7778476669716374
KRT18P37,-0.3188947862705232,1.218233354947102,2.8509265089502565,1.4431126502953435
KRT18P38,-0.5675529512002042,1.7243213849139833,2.2984814778992164,1.5798364030784962
KRT18P4,0.03353062378069052,0.17905177241380815,2.4171529691127573,2.1767149566045965
KRT18P41,0.04862066368931445,2.567085316683781,1.8761389251393996,2.9553387115909358
KRT18P42,-0.34724368290334917,1.2299563429434206,3.3373937638654816,1.798471012953918
KRT18P44,inf,inf,1.4118106378418103,3.9716446703616377
KRT18P45,-0.9227561497404589,2.5001753104655546,3.8613319134370356,1.8859582398356978
KRT18P47,inf,inf,4.6863043185793085,5.820799138974842
KRT18P48,0.39688324948110926,1.5949362059319665,1.9878420083867305,3.1247007210374083
KRT18P51,-0.13463013205344654,1.6448587795238403,2.785190051504514,1.9609897890281207
KRT18P57,inf,inf,2.4211694039340896,1.5107957466381665
KRT18P59,0.21725213538236263,1.5145313380452163,2.1911740069456074,2.2910250431270627
KRT18P6,inf,inf,2.315103886317149,2.4112929271180965
KRT18P63,-inf,inf,3.966512844388454,1.7419482938051163
KRT18P65,-0.2029125719393794,1.0541009754845894,5.4504806644550445,3.406573116691285
KRT18P66,inf,inf,2.5701049122462987,5.072409059711736
KRT18P68,0.012850783302868447,0.7941783367631325,2.4277437502400065,1.9111017242041397
KRT18P7,-0.5162169223486596,1.0101441049336661,3.3732634313467114,2.819566281390008
KRT18P8,-0.13182604125306813,1.0015835822416652,2.73825808944115,2.6377077551406583
KRT19P3,0.2799220863263804,1.342255285517896,8.266540327173464,11.794799787906756
KRT20,0.7282777814986421,1.9915158792612484,2.351941776296326,5.700278101023649
KRT23,-0.47363083109721216,1.5115482957969708,3.655182676441557,4.290692505330731
KRT24,-0.7111661589930708,1.9942230776739638,8.117871730942655,2.3292928757095117
KRT32,0.4402770706703305,0.9682715276971967,1.8205657144855076,2.888739321468946
KRT36,-inf,inf,4.754333828628034,4.331682350998844
KRT4,2.847453486800294,3.810979627169903,1.4018580903252973,9.006750710601114
KRT41P,,inf,1.4416547632128338,4.092352488737501
KRT6A,0.14055737102686428,2.3040376105454796,5.551674448457695,5.745925571678476
KRT7,-0.04977260584986811,0.17270928884007467,2.054448930821469,1.9617412217497252
KRT7-AS,0.010153588568684025,0.5913658946605679,1.7496898574799231,2.151468581041761
KRT78,1.8203540034535084,4.050428688524152,4.338261757145018,8.817760471797975
KRT80,-0.48115874188348473,0.565932368260888,2.273405862434221,1.7727471150090868
KRT81,-0.3660397063256301,0.5653257553623309,2.0693630149740367,1.4377127360090338
KRT83,-0.4241770389489177,1.0893546243696295,2.1072087020648964,1.423595132743363
KRT84,inf,inf,0.0,2.49869533451623
KRT85,-0.5902416625158731,1.600624913243264,2.0051786655001065,1.3280165495485228
KRT86,-0.48669792182985905,0.6868578604594164,2.3584072657255586,1.6559511633181188
KRT8P10,-0.3259007233928374,1.476297616546536,2.462945764158889,1.9018943895150962
KRT8P14,0.2864841309492699,1.1419122847310117,4.529147034930951,4.500649878147847
KRT8P17,-0.38831137447278047,2.497039827280751,1.773669878508588,2.942582507098636
KRT8P2,0.04868109766564646,1.1487358459491694,2.3684678486750017,2.3326612327293157
KRT8P24,0.053113019253548284,0.27416110516294323,2.521994087654152,2.9191321578451355
KRT8P35,0.2839050186353735,0.6003730452266453,1.4995384560764036,2.2329435851311854
KRT8P36,-0.11834791739942235,0.6283529098345497,2.011208039935303,2.2852894522263103
KRT8P38,-1.1337167385957958,1.8075885631886535,4.028392147117296,1.2896371769383697
KRT8P41,0.3405988884895112,0.995275083716917,1.3252511231229418,2.171508700195014
KRT8P44,-inf,inf,1.4117693470971135,3.3596094417778946
KRT8P47,-0.24294801375609548,0.544541515690542,2.139614413824147,1.861744346666426
KRT8P48,-0.30323133196826996,1.4423460008251685,1.7971797313133004,2.3002453544822967
KRT8P49,0.11471831303441818,0.9056154115528688,2.940951529598729,2.9309135379419944
KRT8P8,-0.26694763461388465,0.5447721893254319,2.0494581280788178,2.1345460942997887
KRTAP5-1,,inf,2.1965918090661365,1.3894787709572196
KRTAP5-10,1.61473775382152,2.942705198860892,1.0587218195118708,3.742252443971537
KRTAP5-2,,inf,0.9457548831171446,2.725111448783875
KRTAP5-8,inf,inf,2.106881577602943,0.962409318483703
KRTAP5-9,inf,inf,0.9387277908146162,3.7208766342608115
KSR1,1.0299271813290982,1.2551792618820594,3.2513496429916775,6.603279427985439
KY,,inf,6.318674580594526,7.4255371333267925
L1TD1,-0.29240552899731864,1.0628333323535215,3.134075024960776,2.1296177435458565
L34079.1,inf,inf,0.0,7.729573658027278
L34079.3,inf,inf,1.5791795283932126,2.8025534712962794
L3MBTL4,0.020763136015020833,1.0709189312429608,2.108362135415371,3.2146231693065115
L3MBTL4-AS1,0.39057300212833135,2.583248289234623,2.745447449287104,4.5774847589593595
LACC1,1.7221178569781568,2.0817048799998505,1.9438594138958136,6.789117540081597
LAMA1,inf,inf,1.481900743523116,4.91670740178548
LAMA3,1.8928643220098702,2.0510410655699127,3.793773655280791,13.06480056193661
LAMA4,0.6058754456571205,1.8804653311485402,1.947697031729785,3.7347629627780417
LAMB3,-0.03450232758701999,0.2872387239037995,2.028153897490047,2.0538280103671
LAMC2,-0.22084854431700038,0.5671701782761647,5.170941132665098,3.8497774338675756
LAMC3,1.3962911898079722,2.6491316042198476,1.9938360161455029,8.432244808636872
LAMP3,2.895957315482413,3.7951063070481887,3.586451612903226,34.39953674508853
LAMTOR3P2,-inf,inf,4.611683416957337,0.0
LAMTOR5-AS1,-0.4303322293180861,0.9235309033013808,2.1647311123442816,1.412899912519509
LANCL3,-0.29554584626929403,1.3871867341674176,2.618378812199037,2.333690030319244
LAPTM4BP2,,inf,4.4322733050956495,1.4188715562806544
LAPTM5,1.4022584750169855,2.0032308505654695,4.335327831878367,11.892137872475923
LARP4P,-0.02031665120153414,1.1240463772095786,2.593864818878998,2.7597218454861543
LAT2,0.2982419362748462,0.5665854738153244,1.8692033055610888,2.043798273698651
LATS2,0.5136647611677758,0.6355029579968577,1.4377925411444965,2.168091975753588
LAYN,0.021620190518279903,1.357856645791261,3.5527999512522093,3.950216318323076
LBP,0.8858833923047703,1.9789287481690758,3.3163532943592986,3.4863801548427875
LBX1-AS1,4.199772333320808,4.376078344702351,1.5453465329171197,32.08904019501245
LBX2,0.3500523385207461,0.6020492916531759,2.4908429768261655,2.8545003092412142
LBX2-AS1,0.46733015306268216,0.8319540558940556,2.113058624983918,2.912476234762289
LCA5,0.7687548188324538,0.867946349770977,1.948641823128843,3.4942538670835654
LCAT,1.7904361293819926,1.9022625565335922,2.3823628059713338,7.599904628348117
LCE1E,4.498346747513422,7.087571282148426,5.131382930479343,96.61145186159357
LCE1F,inf,inf,0.0,2.452664019705985
LCMT1-AS2,-0.6567079483150315,3.3640000478245953,2.2154949213304125,3.203004523856944
LCN12,0.6417938855751751,1.5851123639724898,7.188941075024196,7.3521417465129835
LCN15,2.861561901233378,5.073749857703682,4.987583859016721,36.38596842561997
LCOR,0.46558526351723684,1.0664497434070266,2.137418501079255,2.3270814901314405
LDB1,0.7876112047259373,0.9161739759543354,1.2127048265600622,2.2068137310962257
LDB3,-0.4988749293907266,1.5198239023364641,4.206639158283638,1.84794590687308
LDHC,-0.008975286018620868,0.5115583552687707,2.3345401227304814,1.637596618576109
LDLRAD1,1.99350092939199,2.884749013291145,2.14992299229923,8.069741474147415
LDLRAD2,0.7759785018930732,2.4077617451203213,9.222739586860818,17.677954622417868
LEF1-AS1,-0.4029925163252455,2.5962420887025477,3.2895288690060114,1.9971573698681206
LEKR1,0.39502339475170295,2.18414754379052,2.3169598164986116,2.543575129266304
LEP,inf,inf,1.9244654664800425,3.696172595202471
LGALS4,0.20682875358685,0.6473213242939337,1.9733320412969857,2.469568437960904
LGALS8-AS1,0.8584563081905557,1.6891535231485755,1.5507697385832768,2.4880383486527724
LGALS9,1.8633017721086371,4.374410212088876,4.158892507336644,6.729754578437079
LGALS9B,,inf,1.6032718235720018,2.3269279690037767
LGI2,-1.9273622005614959,4.899145218389619,31.32418640127851,2.6908688072061593
LGI3,inf,inf,3.83568324480927,6.696571704490584
LGR6,1.009333717982776,1.6268951107510836,1.9148166564723592,5.1159818878684815
LGSN,0.5222870562554313,1.8199641200490584,2.9174246050741983,2.380576831019627
LHFPL3-AS2,0.308152656191807,0.9145633667213996,1.634817126176499,2.070444386610717
LHFPL6,0.00916988162363059,0.17645730019026862,2.131846154394367,2.2164382536560336
LHX3,1.853395183361994,3.6213214388965733,2.5987394957983194,6.98859543817527
LHX6,1.7368747885995228,2.070179411791665,2.0059361970972307,7.614875462161737
LIF,0.3277438483721755,0.5480983670647923,3.4035949324700807,4.721676528667956
LIF-AS1,-0.33719206392111356,1.3233223024309164,8.433948137760558,6.386910845435316
LIFR-AS1,0.8252594244993524,0.9932376601302382,1.5303046941041922,2.9740369793306924
LILRA2,0.859591182124421,1.4135240382848613,2.057530901877003,3.195559285823287
LILRA5,0.6898523558680709,1.3672371595053823,1.2326420157876417,2.3190383686852245
LILRB2,,inf,4.142215719907174,1.4656442336797497
LILRB5,-0.21269544754922376,0.4909161640741488,6.459478131476856,7.05263857150449
LIMCH1,0.015046607560800604,2.0382856686482773,3.5525682182985556,3.215224311015589
LIMD2,1.010809070306802,1.6337384919384828,2.301774619540392,3.875900275105526
LIMK2,1.07502858039954,1.2408982663381234,1.3311281595559978,2.8924677929610154
LIMS2,-0.7063752861779758,2.143991396134263,2.470935973009424,1.7705380888957976
LIN37,-0.38839686345508795,0.7799902293996804,2.9096543918871154,2.665632868742116
LINC00029,0.4197619332309457,1.6993290380232997,3.138553385455522,3.848603816657217
LINC00106,-0.2976542585487819,1.1344431638081967,4.496718300846525,3.515614072971993
LINC00114,-0.6809277411311759,1.3696039070846617,2.683126550868486,3.0967857348952617
LINC00160,inf,inf,5.190160721810143,3.9783898390106547
LINC00189,inf,inf,1.0306443843331974,26.73539111424019
LINC00211,inf,inf,1.6593654301359793,2.167397749843339
LINC00221,1.8084006997712012,3.7968178897414266,1.2611141288810108,2.1708859854765854
LINC00222,,inf,0.4737678989079773,8.320480893809627
LINC00240,-0.3783199513754975,1.6740795280620537,4.399526581119044,3.4644119902368318
LINC00242,-0.03330883206229551,1.7278292312768182,1.6898158544801258,3.0797496070065122
LINC002481,0.5603141075293562,1.182134831986366,1.9054600710910246,2.311472705829959
LINC00265-3P,0.7421006902811196,1.6276056280107567,1.6639574891046716,2.369982414557688
LINC00266-1,-0.04299782607112329,1.7958316594289132,18.334682848380584,23.92733188720174
LINC00276,1.2221672235972196,1.8874378724474363,0.9798368717764183,2.1238754947822955
LINC00294,1.0414546271492744,1.2146976482773855,1.537295188337347,3.2304748234386755
LINC00299,,inf,1.368967915469118,3.2796230968401474
LINC00313,,inf,37.145640526059424,7.445161552200032
LINC00319,inf,inf,7.281742001015745,23.77164804469274
LINC00320,inf,inf,3.7134161859518153,5.280778121818799
LINC00328-2P,,inf,5.8190811916550915,9.52029703607569
LINC00342,0.39143950930989757,2.1888857788426486,1.56208913163865,3.173135796459386
LINC00345,0.13642510858543747,0.6371649690594898,4.46380211853874,2.8701141254813374
LINC00346,0.5361797848694856,0.8020135823489987,2.20917587904537,2.5729236164859786
LINC00352,0.8054664193527861,1.5945751468520792,1.3273280418689974,2.044429139505117
LINC00355,-0.07974575742649902,0.7326602502107821,2.6723880182423323,2.1854914874167304
LINC00365,-1.4910219137598795,3.8129855986332215,3.23124034549529,1.4758392620150993
LINC00381,1.7331208026779095,3.8365891961166203,2.2184879912781135,5.209350008708984
LINC00395,inf,inf,1.4804431794077457,4.741348776866272
LINC00410,1.0678519574535084,1.841594120143248,1.2396040977903962,2.792674533954165
LINC00449,1.27742336287153,1.523521950689875,1.7706055241899783,3.8809656264811125
LINC00458,1.1401607964759575,2.26880163397546,1.0012462659588637,2.6590844226268624
LINC00470,-1.7636934284620303,3.0187653793480598,5.162676269801523,0.6369949128864756
LINC00475,1.7373413393002066,2.3667470573691753,7.018927492105566,18.051226261898183
LINC00477,-0.318676126598274,2.484461598516336,2.0743204605238077,1.9139186458770157
LINC00483,-0.30668931934100707,0.9241465954636027,2.7483606268257565,3.1459931955992646
LINC00485,-0.9478971286341241,1.8440080006034698,3.0515510948905114,1.7669708029197082
LINC00494,inf,inf,1.781934912552579,5.0614456497675455
LINC00507,-0.817325001354599,2.357838433600373,2.491969112695987,1.8186610272130828
LINC00511,-0.08334147850647888,2.8241964274700933,2.358519068004183,1.279636868473793
LINC00519,-inf,inf,2.622986831875008,3.671845882338422
LINC00528,,inf,2.941482019614966,3.736868870323284
LINC00534,inf,inf,3.1999138576250123,2.7005846384138508
LINC00535,0.7577779131444372,1.5643625404863295,1.5558458062694154,3.7801468511719842
LINC00550,,inf,82.25252610306501,3.7119400471539237
LINC00562,-0.12427961667807945,1.4376739769460678,1.9366329899536654,2.103028070225157
LINC00564,inf,inf,1.3781293649940904,4.414902761362415
LINC00572,inf,inf,3.1618047835027205,2.658371129760628
LINC00574,-0.5580421100275459,1.2397312596647403,2.091141732283464,1.353204541292803
LINC00575,,inf,2.830636300069923,4.4015083408250915
LINC00578,,inf,3.4063243182636307,2.7732787668848147
LINC00581,,inf,2.34604401780154,4.998936768078739
LINC00592,0.034345960549862165,1.2875550708146215,14.301181693761057,16.619871816269985
LINC00596,0.7612688776326173,2.336570665880651,1.9094402259638312,2.731897215802795
LINC00598,0.3662928412046171,1.6862138761232008,4.155116021779145,2.3463889036509538
LINC00612,0.19305972977791097,2.645034522950328,1.9935889048802826,3.0549195342143136
LINC00618,-0.49050794275232645,2.8227223568422097,2.095305883771959,2.966763752859305
LINC00621,-0.1977884051139273,1.4363029005841428,2.878576522359243,2.086219191901623
LINC00629,-inf,inf,3.1885462211878344,1.3508340555647522
LINC00634,0.21684882728287824,3.6827744914400182,34.81884493773453,26.351236306278405
LINC00637,0.808526627269807,1.4154725289750845,1.978486778757129,3.1691652470187393
LINC00639,1.7444055130923524,2.5577057621761825,3.3224284151012227,12.575939266824733
LINC00640,1.0558773818425524,2.900443328293857,0.7704006815928958,3.133193246331932
LINC00642,inf,inf,2.774633981212446,4.348006995966036
LINC00643,inf,inf,1.0561598121311373,2.243858727559249
LINC00649,1.004353029343694,2.142738992689116,1.6916546629709213,2.8611336165476
LINC00658,-inf,inf,3.5230372588157017,2.735429141716567
LINC00659,0.2717709419837053,0.8380930932797056,2.206394339946425,2.748895530795472
LINC00663,1.5540260787000595,2.129200334558541,3.607525199654812,8.006437440503905
LINC00668,0.5839215410781982,2.106413492524618,3.086059370774726,8.415080822553628
LINC00682,inf,inf,1.4362748962110463,3.3801566030795103
LINC00683,0.2697412313870222,1.7644629919526384,2.122114408724489,1.6258735155891424
LINC00689,-0.8836584634756905,1.6372424420122993,3.7638063817513894,1.9805592381569228
LINC00700,0.16371903612324204,0.7872066407518173,1.2261271288517543,2.0139128180889507
LINC00702,0.910470270730954,2.3239037755188994,1.408219719423039,7.05074754659817
LINC00707,0.5085746783513402,1.6340718777609535,4.158763793379177,10.687410043179273
LINC00824,0.16491279940301967,0.5107112531706748,2.2314781480180357,3.1550470195772164
LINC00836,-0.13146151509203263,0.8747216941154881,13.140307090689516,10.147639312208867
LINC00838,inf,inf,1.6039336826464377,4.435207632752014
LINC00842,inf,inf,4.397543294401933,4.9296012887635925
LINC00853,0.27391890285123927,1.5806987955722211,2.0019546283679657,3.183220513407859
LINC00857,-1.5909706931476408,2.358142091118935,4.058770567197526,1.2034988898367964
LINC00867,inf,inf,4.92860113188177,2.9478015373319564
LINC00868,0.916568501349,1.7373108092482978,2.590455319328559,6.3941903167255285
LINC00881,inf,inf,1.3668658042855735,2.2475807247951023
LINC00882,0.4967436669843203,1.746677162685032,3.7075784967147496,2.6557886016917154
LINC00884,-0.739445732059306,2.2908619144695743,10.605539830165792,16.40012131014962
LINC00885,0.7916960476473864,1.058001983728463,1.795057616132517,3.341747218146701
LINC00887,2.2922081433193378,3.1923479902010974,2.1086815457624097,8.687089218875323
LINC00893,0.42746808098331723,0.7759697610861079,1.3922969119499915,2.363281422456878
LINC00895,1.3963291133993871,2.093837323895002,0.9987024924333219,2.1219200065002335
LINC00898,0.37319355292939776,1.356345104989362,1.728524515695534,2.524458913378822
LINC00899,0.013825639096792242,0.7583075688167423,2.945197390619728,2.4320942526150042
LINC00907,0.39894410950387393,0.8942535966010889,1.6406643957988942,2.3483319140409757
LINC00908,1.4019044584524258,3.969231107836,1.2263730449491348,5.866186738923048
LINC00910,0.02930544348649644,0.7528610890776,2.1383691381911762,1.707114003011483
LINC00921,0.7187862992491448,3.619479192948672,1.0192312795789287,5.146826485028086
LINC00926,-0.1288418013141679,1.7283972696682182,2.044646953430982,2.498131057763355
LINC00933,1.4293529024049692,4.112211052711089,1.0974838284262272,2.5207339193239267
LINC00934,inf,inf,2.455990689686342,6.811793817228599
LINC00937,0.3573709918010486,1.5815389268325626,2.6256338124149505,2.3245538379413624
LINC00939,1.4899263473544033,1.9567796110076492,1.7987855894105895,5.152872127872128
LINC00944,-inf,inf,2.0794454433614082,0.0
LINC00951,inf,inf,0.0,4.089741980036411
LINC00958,-0.6044043120632554,1.2704511772003808,10.054736028690595,7.712430279673863
LINC00960,0.5880763912857897,1.107266091765652,2.1086753365684503,3.00729520424754
LINC00964,0.25875809102588265,0.9466662496343531,2.3394578017026495,2.0062710471490046
LINC00967,-0.26182234828521433,2.051485704626141,6.833690086186269,4.469707187119772
LINC00982,-0.2450327374076097,0.8111963766778123,4.998074137319046,7.300516121605157
LINC00989,inf,inf,0.8468188287386011,3.259461810131253
LINC01001,0.6742122750736992,0.9010337291395151,1.7404854236858582,2.757546019186619
LINC01002,0.30137818016584045,0.5780237553551385,1.8514340025815876,2.2546344612790223
LINC01004,0.7413209386533773,0.9856230087526437,1.6568065922139272,2.5249205655247473
LINC01005,inf,inf,1.6034234060967398,18.4353303202231
LINC01010,0.3775585361515843,1.5022151716551688,2.639115887008558,3.9203558329579824
LINC01018,-0.6321281533316567,2.751806752498593,3.002990771334169,2.1481855987239378
LINC01030,-inf,inf,3.2937983562230606,2.4863732498059057
LINC01044,-inf,inf,10.823312223823812,11.298754696472033
LINC01047,inf,inf,0.8447759858412711,2.0487170309092475
LINC01054,inf,inf,2.3096128103452633,1.3766132902280708
LINC01055,,inf,1.2799887498242162,6.9479679369990155
LINC01056,-0.3804645773802294,1.7364393184380138,4.648932649346352,4.111161674664902
LINC01058,-inf,inf,1.6931609133210692,4.164078562926091
LINC01063,-0.15145393005639565,0.6745825335395921,2.0820545896766056,2.0434872534005946
LINC01090,,inf,3.557804888471071,3.64430390564909
LINC01091,-inf,inf,14.451855248306998,7.1734974604966135
LINC01098,,inf,3.6903707655374767,2.053961056281675
LINC01099,inf,inf,4.378779272417443,7.3355677622576225
LINC01105,inf,inf,8.141612742658038,3.5331010452961675
LINC01115,inf,inf,1.63914309484193,3.6474436545152025
LINC01118,1.6161906434288968,2.945371246733155,4.9298191484311955,8.623202164522713
LINC01121,0.01195096559668149,0.7585445972961805,2.189571955621967,1.887044946643217
LINC01122,0.9704598185241071,2.6045989914523573,1.8940787751897408,3.8031012823868093
LINC01136,1.146361296219404,2.033462613444282,12.632033763670352,14.668445250379115
LINC01148,0.7648788349704257,1.4313690499536325,0.8944172147198985,2.383805168490995
LINC01164,2.9539846206422404,3.966144627799163,4.429261080771203,29.029568838065348
LINC01165,inf,inf,8.85243332416827,3.977948858949684
LINC01167,1.624330188769612,2.3470074625895947,1.8362296195329535,4.719966564873171
LINC01169,-0.44320468778231314,1.910069482005307,2.2818042600584714,1.3271706343681844
LINC01170,0.7247301964449662,2.1438726271042734,3.6392475649954146,5.179558353366874
LINC01176,2.8283563080267426,4.438318860173552,10.158809431774255,26.322190181677616
LINC01179,-0.6368885309453595,1.305715132314735,2.563908746328577,1.7623734487039941
LINC01180,-0.19678869964319373,1.3800746504043442,2.609648392750487,2.1369221881700953
LINC01197,0.07054546209493617,1.3233616240048136,2.4142267100812127,2.889451278997578
LINC01204,-0.22861935715538811,0.8232170977065704,2.58383428371552,1.4603320507918947
LINC01214,-0.3447978798689849,2.580574171217782,8.512692469573148,6.394203114587353
LINC01215,inf,inf,1.6655305466237942,4.65935691318328
LINC01219,0.5081388897891569,1.2126922157578524,2.087871901292491,3.2762445582297612
LINC01220,0.27915733464433573,2.202182789938056,1.8266214766216746,2.663080102786236
LINC01226,0.5467746242331766,1.5447656475187628,1.3323085536300108,2.1364097037535026
LINC01227,-inf,inf,3.2593738194182094,0.6830846241027578
LINC01235,1.3541915864913132,2.6901248102097552,1.53132653787132,2.366075874754825
LINC01237,0.20508248287653366,0.8442552078703491,2.291721743911284,1.5522155674613387
LINC01238,1.019000717807339,1.5972129603562064,1.1711791429358063,2.7070480784609856
LINC01239,0.9144892034683407,1.944356610999483,1.1237928453270984,4.325097727545768
LINC01249,0.3031791302508112,1.8715446169751313,9.631342269011556,8.102177853694247
LINC01251,-0.7943429130488482,2.5633464377360275,2.362271041747316,1.8441326582587967
LINC01252,0.47181292550939957,1.0227074614751421,1.270895163624412,2.4043345384619155
LINC01260,-inf,inf,1.9274158820881204,2.6643798077864114
LINC01269,0.7203746014190995,0.985633739694307,3.419158918571903,6.003954111638522
LINC01289,0.4338837883869957,1.3073518082585942,1.6375027812051215,2.0455814235724836
LINC01297,-1.1043131827106913,3.1181970163612696,16.640772946174632,2.551078776960558
LINC01299,0.5381075358008931,1.0300356165813966,1.503183446080382,2.2043415903966044
LINC01303,inf,inf,1.2678641003662434,28.751422114860127
LINC01336,-0.7880550794288448,1.4361510848868133,4.782904067623532,2.787726215464912
LINC01337,-inf,inf,2.7422622022862857,1.3441908094177828
LINC01341,0.08156530985109646,1.751854483336075,7.568638930982227,16.041465766634524
LINC01347,1.4456799407758094,2.27308990422798,0.8227589904252914,2.813638724377393
LINC01355,0.0550369843119614,0.7841484462825818,3.287761554797525,3.9151443817193265
LINC01356,inf,inf,1.3225265193064457,2.4547926790765193
LINC01360,,inf,1.9165136542698802,2.6227465447018763
LINC01376,0.7962383545620777,1.5048818736919802,1.9781593271370916,4.384977754514526
LINC01393,inf,inf,4.6923201032591155,6.380401302472938
LINC01410,1.751686208437956,3.4324356798066313,3.0082659957211653,5.08546626134309
LINC01411,-0.48514246093226515,1.8755892001318402,2.0698713654026526,2.6744740720889726
LINC01425,inf,inf,1.5372204327993975,2.13463972150711
LINC01429,-1.1923625637674442,2.189077750820002,2.066675648461986,0.8830073887084652
LINC01449,inf,inf,3.5694444444444446,3.7609754150702424
LINC01479,-inf,inf,1.6492607532553019,2.1752272171073175
LINC01485,-0.013624216004644973,2.287587001422278,1.570594851188197,2.5985803937513032
LINC01486,0.9611152732254449,2.9860304380580076,1.3561579868992801,2.6660240612231663
LINC01489,-1.040169599979795,3.3149861539995062,8.049655659114691,4.1516377485216465
LINC01496,,inf,1.4646685826376533,3.088727704028101
LINC01497,inf,inf,0.0,2.152443871816662
LINC01503,0.664045293563324,0.8504032291569429,1.3978101027869039,2.477667071117731
LINC01508,0.16396596014372636,0.49972333530397106,1.9378390898337885,2.336291663356035
LINC01516,,inf,4.409667384541756,5.215362526920316
LINC01519,inf,inf,2.588003982080637,1.5579392732702837
LINC01526,inf,inf,1.3794463846850342,2.9147846332945284
LINC01527,,inf,2.0036057447112343,2.119525082111018
LINC01531,0.8389587453281355,1.7425457059115967,2.479056346315144,2.8137187399590227
LINC01535,-0.5608908600502894,3.5695823957430433,7.322484481938715,3.8253995521077955
LINC01544,0.723843736567438,1.1298024997898117,2.319546090376467,3.4934366574087212
LINC01550,0.6136167670096825,2.143286967639298,4.155214186039507,4.290693005029633
LINC01554,-0.6654373093029216,1.0461999145757004,2.65193357472384,1.5312612960342111
LINC01555,,inf,3.0773571596520104,2.6481307312485307
LINC01562,0.33967073367138473,0.6304629044645447,1.8385923187416113,2.148727247038877
LINC01565,,inf,3.5582254553786226,3.82707068392714
LINC01582,-inf,inf,10.215524571578076,3.695318972659487
LINC01585,inf,inf,0.4641471125221473,2.4272183348772787
LINC01587,0.7783933140903199,1.6710892991120456,3.044151353372041,4.3629250826509045
LINC01588,0.6490834525520652,0.8445392087427855,2.1386647230007627,3.709925984987597
LINC01600,,inf,2.0757256116233966,1.2978325223723164
LINC01607,-0.24275502093962614,1.3035670760979559,3.121682202699987,2.4951113564780667
LINC01608,,inf,3.24517765051144,2.5215830412855795
LINC01611,inf,inf,1.5008093554887514,2.6268045323907367
LINC01629,5.579835294018217,7.40487119775334,18.836269173676403,235.27380834570346
LINC01630,1.801564192304975,2.817122267022996,3.8361667204033183,7.878586921476098
LINC01632,-1.0949050115951116,1.5332874888846992,2.742937869182705,1.740135210498162
LINC01633,1.2042784356648257,1.430250583145418,1.7510597938144332,3.5752129602356413
LINC01634,0.2197105751145474,0.8175847038785781,2.267499959575053,2.4085668547774204
LINC01638,0.48722965045941,2.648993764254754,2.0511721989289398,2.5668529268160367
LINC01639,-inf,inf,2.9932363967980544,0.0
LINC01645,inf,inf,0.0,2.0700308791127786
LINC01653,-0.9123734459237507,1.991099541003021,2.2427597819114817,1.1402421423989735
LINC01659,,inf,10.80838072486763,8.471163959852387
LINC01671,0.09470407140281523,1.8744564901342171,1.5633047631767083,2.2438545357415016
LINC01676,inf,inf,1.126749915768194,3.4523816543126684
LINC01686,inf,inf,2.89155010895275,4.426945784366677
LINC01692,-0.5838624398769211,3.6749654203081143,2.6384285751275214,1.021426167111157
LINC01711,0.20511081126946512,1.0194572970289262,1.9771774535502273,2.104904691234292
LINC01715,-0.23823086799010124,0.6978641572930835,2.6531717387979814,2.5547331396237953
LINC01719,0.43654435508432926,0.7285688184410805,2.228590728890238,2.716826461198818
LINC01720,inf,inf,7.643759098141439,4.923812586749721
LINC01725,-0.927985585608505,1.3179733628306645,5.289201116815275,2.571612276962182
LINC01732,1.1917694683806332,2.7469015675658635,6.8468541147322854,8.747621851438359
LINC01749,0.46502408267274276,0.9431501925163417,2.274624958439374,2.8866946240084825
LINC01754,-inf,inf,2.8208673790069136,0.6712104546406872
LINC01759,1.4572138851176888,2.112695486859714,3.3988536986548064,10.765989290539798
LINC01762,-0.23508479925788295,3.254661309201796,2.060085464523546,2.075342725754322
LINC01764,1.885438680976799,2.7033043844607447,0.8942111418243672,4.077931639379119
LINC01772,0.2093380337367364,0.840522741359161,1.7513188864540217,2.2564862159456758
LINC01778,1.054855933220911,1.776482017189528,9.395395524140785,18.391578965027456
LINC01792,,inf,2.0857224103611407,0.6870459891942197
LINC01798,0.23712018717729771,1.6597205149554952,2.6686600310376196,3.297858582615366
LINC01807,-0.005373555099340566,1.0948860788862227,4.2053009227007765,3.8800286742861765
LINC01814,-0.6063824131715093,1.4868707647114126,2.919662828982037,1.9574455438031442
LINC01816,-0.05483959985903203,0.25454437934439456,2.570788897211947,2.284638294476664
LINC01828,inf,inf,2.8079694111790245,1.8810234993684947
LINC01833,-inf,inf,2.5891978521076786,0.7659051662960685
LINC01837,0.37857262352646465,0.8291070727731441,1.96738398269933,2.4871219909951434
LINC01842,-0.1121524321367543,0.8977960552851051,2.437512350295051,1.7681176406771253
LINC01864,0.22385363957172552,1.7046482169258372,2.1815029474414227,3.076716038374532
LINC01869,0.2454828116371583,1.3001889854700626,2.6834080962800875,2.9676367614879644
LINC01877,-inf,inf,3.7500042732364354,2.1348661907230886
LINC01879,0.4461110580048274,2.110063578579853,1.2194230313506282,2.6400184005464404
LINC01886,-inf,inf,2.1855661759349934,2.646685335513164
LINC01901,0.2364443579935986,2.255926972432783,4.715337246223419,4.05358414317329
LINC01903,0.9519791823773542,2.4061732373354805,2.309189709726235,4.751492639977989
LINC01907,-0.38414628900956943,0.9414382170155339,2.019234617547003,1.7008557189277786
LINC01923,inf,inf,2.9776049521960943,3.725985914569371
LINC01924,-inf,inf,11.143897845909873,2.2083718778908414
LINC01934,-0.9986083225834991,3.475899694372869,31.459554761805872,2.8274992731652615
LINC01940,2.1639767164993544,2.9594931323042615,0.671116480006552,2.6963821379578636
LINC01943,,inf,3.7374091249670927,3.778872440817319
LINC01990,inf,inf,5.092783069677066,2.8592096648150886
LINC02008,-inf,inf,2.522413873971061,0.9306008301869094
LINC02009,inf,inf,0.0,2.411923994859556
LINC02012,-0.9820241607824235,1.218628161356883,2.9271187525501836,1.5664327831603875
LINC02014,2.3293730821130336,2.521312433073309,1.680321036018583,8.168644876385294
LINC02015,-1.3040187209178735,2.896940243812796,14.673316970546985,9.686711079943898
LINC02019,-0.26907741288655573,0.7683285737644208,2.616172294921112,1.6270243046811914
LINC02023,0.9242290046486722,2.1721873431963146,2.4415561087017883,4.620788318920167
LINC02035,0.9653100672759926,1.2290917801902999,1.7699828998601947,3.5048267455429873
LINC02036,2.20386118100663,3.649668587040842,13.706444520472132,34.22277342295656
LINC02042,0.4427698406690353,1.7059597436130098,2.895947096471141,3.2437099994128356
LINC02044,inf,inf,0.3288163765199895,2.11829236287289
LINC02046,inf,inf,5.040969044062896,4.6649321355634035
LINC02055,0.8112905421777579,1.092453269145934,2.5773579862086464,4.099397421143721
LINC02057,1.0901249588689579,1.9222901596971331,2.4333851819658254,3.6527140471670054
LINC02058,inf,inf,2.768947355990648,1.2191197657117216
LINC02067,0.7739457927423692,0.9344866496115932,1.2355883180977085,2.3614693093798347
LINC02068,,inf,4.339624505928853,8.246739130434781
LINC02073,0.9809979123338405,2.049916170020916,2.014426406093715,1.7874541560873025
LINC02076,inf,inf,1.6678126008920353,2.7712217053892787
LINC02086,3.321463784137955,4.196028614217912,17.504905911623506,108.76174790622701
LINC02087,-inf,inf,3.2266900376726664,5.765365564392354
LINC02117,-inf,inf,6.699629398455176,6.094831083716938
LINC02119,inf,inf,0.0,3.6611765409218635
LINC02133,-1.330543568175985,3.8438211879221504,9.845953660174613,3.2226326393552718
LINC02137,-0.5633261925139453,1.2358060307521077,2.2022977972958953,1.95343027075625
LINC02145,1.0818060569308705,1.6947452698536376,1.7561883899233297,4.1423001095290255
LINC02156,,inf,2.166134967989199,2.5199849745220155
LINC02172,-0.3756675977903937,2.3242097107861923,2.515731812621429,2.2269554580125206
LINC02175,-0.3491279938095543,1.4056557759722188,2.1474971096908213,1.086312591830929
LINC02181,-0.012568611846539679,1.9363589105631276,2.1808041605216175,1.1207560350849959
LINC02197,-0.04602330923600573,4.721807671316596,2.8714149808332636,5.075799546713674
LINC02199,0.7752403689391559,1.6522254140810329,1.4046410799625562,2.8336946346750755
LINC02210-CRHR1,inf,inf,4.921898695784046,18.256192498230714
LINC02211,0.4767462175265328,2.450901744390904,2.196870596940793,2.107280062441081
LINC02214,0.37492659902356096,0.5905196436861775,2.3499407893110664,3.5385150363690703
LINC02225,-0.5049390670852915,1.1599516867279716,7.0339574738178365,3.1496350364963503
LINC02228,inf,inf,1.4217843670141566,11.007169512838194
LINC02233,,inf,3.8385005501242873,1.4231048496141723
LINC02250,-inf,inf,2.6464328969375397,1.3417728819424422
LINC02256,0.5955654815090301,1.3375749806811743,11.085394563374978,13.898235921903447
LINC02267,0.3713219726252676,1.025825288158654,1.7607346613545818,2.0964621513944226
LINC02269,-inf,inf,4.990147323315217,6.520707820224277
LINC02275,-0.10962117337790567,0.8182624181476781,2.4693725539704583,2.0498043176366623
LINC02278,1.4693957570677845,2.0990586047582207,3.3939273749145564,8.657832555548993
LINC02287,,inf,2.4384439359267733,2.5160711142404506
LINC02293,,inf,5.078527281998981,1.917191228964814
LINC02315,0.7807251555542347,1.9039645506196865,1.3979549569411873,2.008510434552164
LINC02318,inf,inf,1.2717116518985727,3.83091596230944
LINC02322,inf,inf,6.46076225045372,3.9887386569872954
LINC02324,-0.20844220698019425,0.5255635997313982,2.0766260652670963,1.5988875493660364
LINC02327,,inf,3.225831832831485,2.740032380577706
LINC02333,,inf,2.85763510271732,4.445130195838968
LINC02334,0.3587074494528335,2.047134209997258,3.4090909090909087,5.447368421052631
LINC02341,-0.4359167196072632,1.7605372295549877,4.141112618724558,2.5834881536374072
LINC02344,,inf,2.8186893203883496,2.0887160689518525
LINC02361,0.6988419153369714,1.1780239195235958,1.9710867134209276,2.591508637657091
LINC02367,,inf,4.3182943740095086,1.6521394611727416
LINC02374,-0.15581151204668442,2.7510303964901826,4.252080921111228,2.363315061172603
LINC02381,,inf,7.1103392356241235,7.173956872370266
LINC02384,inf,inf,4.801839912336587,7.174103616115798
LINC02388,inf,inf,4.419819750938997,1.899639693022278
LINC02394,-0.34101657528762785,2.6009053101376765,2.7991786458442953,1.1351314377117836
LINC02418,-0.9783276314348907,2.133930020170898,3.4827906976744183,3.0374418604651163
LINC02421,inf,inf,3.386450149833968,2.6721065845954484
LINC02427,1.4435537452138218,2.0915347081298443,3.036095013790325,7.484497505345688
LINC02428,inf,inf,2.7657095184799725,2.14550047552228
LINC02436,,inf,2.0697959787108218,1.4504804849201656
LINC02438,,inf,3.330277092484506,2.3129700944701854
LINC02452,0.1983460858961199,0.822691646499256,2.666471635861313,2.550649024465425
LINC02453,-0.2609686093853929,3.926651520338751,8.137455571848854,4.087651652681302
LINC02471,-inf,inf,2.4301158709722928,1.1545828115906243
LINC02507,0.6303457303170888,2.7084547986530794,1.690119133433342,2.5989474760856437
LINC02523,inf,inf,0.8955843331140997,4.043124759032047
LINC02541,2.451059048270037,3.528126426276839,4.883680679648331,15.950088325692057
LINC02542,0.6725559449299172,1.028286794306717,1.5929661936715738,2.2834043712938907
LINC02552,-inf,inf,2.6451598885742906,2.603148828337625
LINC02556,,inf,0.8408221734717264,3.5108133328967615
LINC02560,1.729318839501881,2.9997833949387,3.6783105294467573,10.78895045466134
LINC02564,,inf,4.466785870220596,3.980892779175417
LINC02571,,inf,3.31408834849991,2.4012005811730517
LINC02572,1.1824547707996325,2.8305271787058093,1.0054348534414221,2.047123785195129
LINC02575,inf,inf,1.5624286122215876,4.848491338282886
LINC02576,-1.026357218168496,1.8311691382277764,4.444869536817794,2.754726884630189
LINC02577,0.5882973105524394,1.5288084460829636,1.6322537928554632,4.173102189276279
LINC02579,0.3534991236122079,1.7902946791919354,2.0960885229027277,3.9768399382398356
LINC02583,0.4287853170780778,1.6499113999367563,3.9303585886654266,5.8318941075907045
LINC02585,0.5984067158716176,1.269710391316845,1.3907523074457133,3.3532868261920417
LINC02588,-0.7896787641640245,1.866333885668868,2.476826556628379,1.719858455667096
LINGO3,,inf,2.3143712574850297,3.778987479586282
LINP1,0.159996106927147,1.1951998084843103,1.2217493692178303,2.2864760302775444
LIPC,0.042036682779565904,1.9861255869977505,3.518129018875752,2.255278987761875
LIPH,-0.8729505868611044,1.4793483041985254,7.406008006029707,5.187671627555318
LIX1L-AS1,0.5918953406256198,0.9903528726303754,2.0461520053399274,3.143148509940937
LKAAEAR1,0.6369704427946087,1.9653310316523902,4.1373797764491815,5.304821939173381
LMAN1L,inf,inf,0.6366254193776232,3.938006818706619
LMNA,0.43537215929248646,0.586044204439796,1.4034321932037173,2.0601739761339934
LMNB1-DT,-inf,inf,3.292448939807456,2.694774765318058
LMO1,0.16525276687082002,0.9465204643696169,5.043070766638585,5.075084245998315
LMO3,-0.06715832992187086,0.7732848750696245,2.1912026746421014,1.7943355859059125
LMO7,0.19925496983156787,0.5872209098346352,2.7327587482190476,2.824582964276474
LMTK3,-0.4850035944967682,0.6922675433142355,2.7795102377109657,1.927957437821517
LNX1-AS2,-0.07020912379271185,0.9315186985398407,2.0248100134108182,1.8783312128193665
LOXL4,2.233800653867373,3.298869439632378,1.2857462315719728,6.2011098227596495
LPA,inf,inf,4.519683399291814,10.302853572172465
LPAL2,,inf,2.3367120225903766,1.6754246505176964
LPAR1,1.7706764899756737,3.085379155867452,1.6953231449088566,4.805938132940526
LPAR5,0.2762737829028301,0.6491738211099646,2.238769427294017,2.5625452416436016
LPAR6,1.0510508342555522,3.157896901502898,2.0537243862242622,6.147992276080606
LPIN3,1.179899035479517,1.4550237194892284,1.5349772646687323,3.0608451042124902
LPXN,1.3483392527397013,1.6817907781861425,2.666684261880768,5.183162979669528
LRAT,1.5157773190730106,2.375444516114049,0.6539092684142745,2.6111849666957467
LRFN2,1.10032638617205,1.5348259434912284,1.3774984479185983,2.5560160287679294
LRG1,0.40940261290268426,0.6537619127171482,1.4373410517591176,2.2613187062225903
LRGUK,1.3417681750015527,4.699830044193546,0.8329058152518333,3.319899206325256
LRP1,2.1496558728610875,2.3980513758212925,4.683180322407538,20.4554020108409
LRP10,0.4329563586703836,0.5862355709938115,1.677629058410964,2.314862242997058
LRRC15,1.2913951767702443,1.8270322573615647,3.668897463935736,7.5384247381923695
LRRC19,-0.5959782983386201,1.8982548464598992,2.669849327937563,1.6496422893481717
LRRC2,0.8495241340815326,1.935014641430154,1.9528796490281897,3.1943361198116533
LRRC25,0.8638624213454593,2.985564796720247,2.372596501373428,2.1491976290299264
LRRC36,0.425227364247732,1.4179593528293344,1.9152857288377303,2.9815727819089335
LRRC37A11P,-0.08820694726328498,1.4859767451187424,2.100662364800042,1.6794036088367874
LRRC37A16P,0.5677362199143801,1.078302815001819,2.0340911928974745,1.489595583468714
LRRC37A17P,-inf,inf,8.150096190842632,3.678337822239323
LRRC37A4P,2.028112821402886,2.816595127194435,3.314175328227571,14.945406523522978
LRRC37A5P,0.08884950694080246,1.0339457195502104,1.240677312216993,2.0521054102378304
LRRC39,0.8347756292408512,1.2456158621161924,2.1589629180384677,4.6529985349947225
LRRC4,-0.11673369822377866,0.3463506714145048,2.2976821247282655,1.9612519899404919
LRRC43,,inf,1.9145368634828197,3.3896442749597737
LRRC75B,-0.3265445135321985,0.6235060996600362,2.1169334585153154,1.3740836390870237
LRRC9,1.5641423556929412,2.0381311688842234,2.1847101831286566,6.91545747595302
LRRD1,0.47666314852850994,0.8947541571279658,3.288694988183886,3.8532433004860205
LRRIQ1,-0.42592463460047925,1.5719426990457332,3.9334813117571246,5.601765000716025
LRRIQ3,-0.03355975089665328,2.3374298706988577,4.818654033369639,6.351954273376579
LRRK1,0.24354951654656676,0.91488674955182,2.4422379622199832,2.3184619515049865
LRRN2,-0.788255299296321,1.0575744588768925,2.03580664793725,1.223868541217504
LRRTM4,0.1176229638408838,0.8363655391453778,2.296414276800622,2.272166821282571
LRTM2,inf,inf,0.6135250680139913,2.342440730664593
LSAMP-AS1,inf,inf,6.187255594001309,4.049506965706293
LSP1,inf,inf,4.545083787131606,51.997873185780726
LST1,inf,inf,21.664905009234612,53.96295750344672
LTA,0.6786964756165397,1.6777511850524303,0.8322488186536525,2.3228238696516645
LTB,-0.7297396902187551,1.036374620911261,6.537206005853587,3.9827264090932624
LTB4R,0.4446326190699377,0.915480661703296,1.3153924356969509,2.0655876228461163
LTBP2,2.8630541748436085,3.694161358491637,3.434150934764708,30.63528355546068
LTK,-0.4329414568111479,2.5443535664550057,2.01928785770026,1.1845922398049893
LVRN,0.04824342621302258,2.0050089639084527,4.604334516415262,3.1607142857142834
LY6D,2.243964000180237,2.6462594793507237,8.617802619941497,52.22434195528492
LY6G6C,-0.48932956578356557,1.1186555109669063,6.002585233824083,5.045843902853467
LY6H,inf,inf,2.7718218404410027,7.570563766106394
LY6K,inf,inf,4.1172914885822385,4.14629380876786
LY75,inf,inf,1.060107005517472,3.9701833584127515
LYG1,-0.28259370476484624,1.2072130595810342,3.1231309411663957,1.8718763381005394
LYNX1,-0.3784420605976664,3.292925640698198,44.645833333333336,47.149702380952384
LYRM9,0.6659707034463065,1.5460804840566689,2.2246941707464454,2.9711916242246366
LYST,0.15291711922960155,0.547435556463108,3.167209295818001,4.424962223496986
LYST-AS1,inf,inf,2.1965051143236294,2.573414911981962
LYZL2,,inf,2.372430244713072,0.7925299525583639
MAB21L3,inf,inf,1.9968951017793992,6.2440756314221275
MADCAM1,0.5067138045726639,1.3683611329323604,2.1396170209330676,3.68738849286758
MAF,2.4162399580655527,3.657845105043191,19.258456111226394,48.20263540153558
MAFA,0.9790820758727583,1.4915208215115063,1.433403427689666,2.589899794066311
MAFB,1.8300253070542558,2.288335215078452,1.8064814062257553,6.774944399701495
MAFTRR,-0.32295563633997415,0.9378893718957089,4.884761917956249,2.595516825757471
MAGED4B,-0.4433916695093758,0.7236234304167046,2.088668600550572,1.628543330249547
MAGEE1,0.8351947415816074,1.4303075726694625,1.5723459182650625,3.1085637209989394
MAGI1-IT1,0.7088300910384626,1.2724164682324053,1.487551425734147,2.3947013760817137
MAGI2-AS3,0.49519734176286634,1.5197346954724065,4.539406622091623,4.983222381823881
MAK,1.578658547874897,2.4379453771516135,1.3945670444070923,3.7299155957996715
MAL,-inf,inf,0.872981717660363,2.387164666708551
MALL,0.25425071450597225,0.49003002285572006,3.767152389513115,4.37665447721121
MAMDC2,inf,inf,0.5087644219247492,3.2066999897291932
MAMDC2-AS1,1.1988624751416124,2.6881091525324643,3.0055039875242953,3.412773264380601
MAMDC4,1.2796826839953528,2.7479241822105567,3.1032154315667353,5.78537574828296
MAML2,-1.8659861104569955,4.019288809551346,21.145368552561127,3.0956630376583973
MAN1C1,-0.13687777623249137,0.4540591057415839,2.073263277023012,1.9667667471099837
MANCR,-0.09121224212541768,0.6738560289452851,2.1094411496139975,1.3222590136415195
MANEA-DT,-inf,inf,8.078143289606459,1.6512411705348133
MANSC4,0.673231625590323,0.673231625590323,1.2983628265318405,2.070422535211268
MAOB,-inf,inf,5.840134280685744,2.497522977641614
MAP1B,-0.28966844240172873,0.5354925086074116,2.0426329038116835,1.6430161570848683
MAP2,-0.8076298845319074,1.3031784802184736,2.689804007525526,1.0899957988565583
MAP2K4P1,0.2855665294201827,1.4457831645367314,6.744464841666564,6.060133215911487
MAP3K10,0.08860042963811543,0.42545178948885076,2.548104088147528,2.4735491745379354
MAP3K12,2.2287500045132074,3.6846221894322038,5.273648157787062,19.34941060876391
MAP3K14,0.25803593261445995,0.3914070191905972,2.5548836818598644,2.948564249542107
MAP3K20-AS1,inf,inf,2.2044332543443916,3.317782385466035
MAP6,0.5197551066964763,1.2491247903665175,4.01917487772028,5.92181186644928
MAP7D2,-0.9033142504733296,2.865241931434317,32.177248677248684,25.28560050065427
MAPK11,0.5700153184275947,0.6926736163647448,1.8881920737143263,2.691938149911751
MAPK4,0.6741214103319044,2.464303535604488,4.177192524340657,4.111724549557951
MAPK6PS4,inf,inf,1.9274015295521858,3.232317315768533
MAPKBP1,0.5422924091585068,1.1881097305066368,1.01504642314738,2.3128239300071036
MAPRE2,-1.010563113392914,1.9201518790655456,3.1485182663989564,1.7822742403981726
MAPRE3,0.40675194979382856,0.6174124901832702,1.7519586932310343,2.6877170208195165
MAPT,-0.6923329673793572,2.977104265401336,3.4250091264011058,2.348266455845303
MAPT-AS1,0.34895918593092934,1.24930920303355,1.2589839823920816,2.769590717675348
MARCH1,-0.01544576785246432,1.1437269060878035,4.726234629289469,7.0929584303448
MARCH10,-0.022095097026671506,1.5736526566115332,1.3272999440083186,3.301536152723976
MARCH8,0.99932772800034,1.261367459295098,2.004016220930175,3.816286410427854
MARVELD1,0.5284042174363364,0.7978775691336829,1.4335652127272263,2.0978596797518927
MASP1,0.42803767124713327,1.010763518146368,2.9675847457627116,5.979615617433414
MASP2,-inf,inf,3.3008189972700093,7.177406075313083
MAST4,0.7185790719806241,0.8989102814535456,2.4329040514996567,4.234899210551678
MATN1,0.25243780899020496,3.044819536255274,2.558118899733807,4.76983475917028
MATN1-AS1,0.3675076178277926,0.9363103677688985,1.7272490140160859,2.0391071493474198
MATN4,0.07345721921443171,1.3005830929316267,2.812667109130558,2.20126102209159
MBOAT4,inf,inf,7.107084135857566,4.384436510546343
MC1R,0.782763223615825,1.138151685193987,1.6038604120953044,2.5830460226816747
MC2R,,inf,2.0778497090879293,3.9691879046136203
MCAM,-1.605819905926315,3.9740610401940386,7.526808724424815,4.216830442377018
MCC,0.730449329440986,1.208227995217498,2.3100912516615826,3.030753543778603
MCF2L2,-0.031637351757105595,1.00335538934115,2.2776048829047033,1.9533004248681272
MCHR2,0.0273544358115963,1.318085045253039,4.602130235060421,2.667646085085251
MCM8-AS1,,inf,5.117284699884688,3.3162994881754364
MCOLN3,0.046173891816636684,0.38349691004916087,1.7030196015797991,2.0156675270250464
MCTP1,inf,inf,3.24895575707612,3.7104012091233862
MCUR1P1,,inf,2.0748735997364722,1.761784535499349
MDFI,inf,inf,6.731565889683822,9.390578121393954
MDFIC,0.23837119247446137,0.7446702083842855,2.1485965404563845,1.8135086941173277
MDGA1,0.19828458057262865,3.2585806161675506,5.066527276183233,4.334061965405818
MDGA2,-0.4949701640338007,1.3816686097032946,2.8822402187027216,1.3273981653484497
MDM2,2.975336903502395,3.2630802362728732,3.085334333926689,20.150999786324164
MDP1,-0.41853463879909436,1.7126267844510645,2.4911780540026265,1.8392071419797005
MDS2,0.993549730084669,1.8079336088916913,1.2459845771257785,4.074753028678333
ME3,1.4696468941072358,2.533615875803675,1.6294258583208976,3.795980646793657
MED14OS,-0.4257204113757721,2.2906430036380367,2.7610517956410483,2.723977175799288
MED23,0.6407139865746364,0.8129893354514872,1.508657133076942,2.3043603526021763
MEF2C-AS1,-0.24726299234511195,1.490444911550502,2.316673403669912,1.8649420504493979
MEF2C-AS2,,inf,1.2384773783608873,5.643035045400169
MEG3,0.48822653269723826,2.37652009072922,1.8836189906623402,2.039708860587449
MEGF10,inf,inf,20.043872446852845,31.03772405168821
MEGF6,0.6671990536062439,1.0501614339720236,1.3476315881127428,2.0246434836021456
MEGF8,-0.02787844395781318,1.3740336451338524,1.595886156937973,2.085146315083443
MEMO1P1,0.6426100657435816,1.6767056248168635,2.343771890513712,2.9963300077881283
MEPE,inf,inf,1.4144506421066285,3.531845894409132
MESP1,-1.543228775550967,1.9303901547671773,2.252638813506694,0.6171733779349776
MESTP1,inf,inf,2.6302238277376397,2.8446427728195687
MESTP3,,inf,2.9642396907216497,3.693770710603829
METTL27,0.6572643855710762,0.9402620639634173,2.191948300400238,3.4939541975113317
MEX3B,0.44712034170346787,0.8208878848560467,1.5789488287077378,2.126551047558779
MFAP1P1,,inf,2.7742791565055227,3.5800745947496773
MFAP3L,0.3416625532888304,0.5674449704484612,1.6641488909874789,2.112536691051404
MFGE8,1.01009419639401,1.2197089635108995,1.911020958696038,3.7822167904699695
MFNG,0.06991376432372753,2.4333575858588015,7.80619774465173,7.21672766223333
MFSD4A,2.4108876545191427,2.7329477781552707,4.016645356092,21.263483431670082
MFSD6L,0.9013786266267035,1.1356812034008068,2.121996929331104,3.9591722247431274
MFSD9,-0.14346013251799408,0.5408661895202114,2.0827801840502094,1.872833666935538
MGARP,0.15722838308042636,1.5163442605605089,4.234972939317017,4.008812682599741
MGAT3,1.937328962034952,3.929825581988283,12.555743763473977,31.604866030181707
MGAT5B,0.9499212523406225,1.9570598783366338,2.1342966170669193,4.67412936060949
MGST2,0.615245057171844,0.8903282514396755,1.4825575961744117,2.2253663094017524
MIA-RAB4B,-0.4214684619290406,2.8551209847273094,10.310603463055033,12.57770444025373
MIAT,-0.7353440091447556,1.286686480964738,3.990771825428394,2.2475776041749533
MIB2,1.0212312176009992,1.1761937145907801,1.3674942900913927,2.541508946025676
MICALL1,1.4058842378607639,1.6218344882402005,1.5235228570483932,3.940724259990659
MICE,inf,inf,13.7171438820767,5.8406763631620136
MID1IP1,1.2174880210658285,1.6371539013207275,0.8545766077859186,2.4138001541370095
MID1IP1-AS1,1.9739249231039326,3.140219672374721,2.0412152408877926,9.187947052801881
MIP,1.6907338975831583,3.7206008799044428,2.216985276156734,2.2676719988340803
MIR1199,-1.9333460515628011,3.4394906229684308,2.4208998162938595,1.1500973297089254
MIR1227,-inf,inf,3.2915402297050282,1.3785894617397274
MIR1236,inf,inf,0.0,2.5719189910499236
MIR1273G,,inf,2.9754179273697314,1.3785788518374544
MIR1282,0.3379866983054768,0.6989543580527338,1.4346820007888412,2.177372521236774
MIR1287,-inf,inf,2.919573540144978,5.070629131813694
MIR1302-2HG,inf,inf,1.2345763507303624,3.333644576546276
MIR137HG,-inf,inf,0.7361952718272595,2.682640607664078
MIR147B,,inf,4.171040937614248,1.0628845640970046
MIR148B,-inf,inf,4.113391725025052,1.4231023345936922
MIR200B,,inf,2.7722444410320684,3.871350872807278
MIR205HG,2.4642992374681105,2.9289015983860303,1.6946637066782153,6.965336988232433
MIR2117HG,0.861600120856973,2.2197623839765686,5.430012430864576,7.057542291963177
MIR222HG,1.578327535712869,2.5968243506292494,1.8419919196412025,4.6140516698172656
MIR2277,,inf,1.3152665989083707,2.254340592592789
MIR22HG,0.9024703328689723,1.0991326423329184,2.031515620092295,3.5823647184839773
MIR27B,inf,inf,0.0,2.600714044797869
MIR29B2CHG,0.326851887122094,0.7044621418111553,1.7926312269422449,2.1093611788310915
MIR29C,,inf,1.369128207357664,2.644856444944288
MIR3189,1.9393955957183362,3.003531748448669,2.1366220370547757,8.23393095407448
MIR3191,1.525336868642249,2.612368429209864,4.559956855350753,4.986063931369888
MIR339,,inf,1.6816455253535083,9.73977369482895
MIR34AHG,1.3157024880840615,1.642771623910452,3.251471258831197,7.246168549799308
MIR3648-1,0.26748267461844066,0.9129029008788808,2.211961253371274,1.8012221104362691
MIR3648-2,0.26748267461844066,0.9129029008788808,2.211961253371274,1.8012221104362691
MIR3661,0.5536086748067421,0.7405359136322844,3.5887421553190024,5.158040714056033
MIR3682,inf,inf,1.5372281701031874,4.80238479869263
MIR3945HG,1.042919313842277,1.8811768381432794,1.515961234177215,4.469659810126583
MIR4258,,inf,1.5637686259969743,2.8677672709795106
MIR429,0.46549816389465354,0.9934038703518485,4.547292771285683,5.302784879803095
MIR4321,inf,inf,3.5422850686151772,2.6495041496155527
MIR4419A,inf,inf,1.3834369204340324,2.5638764171841624
MIR4426,inf,inf,2.894622842999259,2.407843183794845
MIR4500HG,0.3671484863448019,0.9713855196900614,10.12467471808901,12.791939681056915
MIR4653,0.6526098148578887,1.2921685688014557,2.649291088839794,3.5129078626105548
MIR4664,-0.2576407729558265,0.7686229399837543,2.3095812583231567,2.2795708837278905
MIR4688,-inf,inf,2.7774044463440686,0.0
MIR4746,,inf,2.39249481392224,2.21769736734927
MIR4775,-inf,inf,4.65595755030715,1.1056754498026813
MIR4800,0.28833621240160245,1.0001331853086186,11.715885720628036,12.6496264436538
MIR548D1,,inf,2.3368261104642376,0.3239803718125458
MIR555,inf,inf,7.022439949456633,5.850257519602278
MIR5581,-inf,inf,6.2550743707422445,1.2819557641150825
MIR590,inf,inf,1.3272869152075453,2.6741434930397965
MIR600,0.4896283563057888,1.9546288426488476,3.0091803358462177,4.311334579692457
MIR612,inf,inf,2.4824352179022253,4.1080163205480575
MIR614,-0.6181184888641755,1.225151491642492,3.2325730021087264,1.8206365369665065
MIR619,inf,inf,0.0,2.781807856090193
MIR635,inf,inf,2.464302940339112,2.628702340299373
MIR637,0.3462138787375903,1.2226988096855052,4.488297602325102,4.262072955087919
MIR641,inf,inf,4.26763672407177,5.340211517548689
MIR646HG,0.19871214413401792,0.8725969945716269,1.5572506777171384,2.5057382041391505
MIR6506,inf,inf,0.0,2.257596307366676
MIR663B,0.6534744875405429,1.7219218245132897,2.6349909132043856,2.788259674980382
MIR6723,0.5736548643102637,0.8062935918521404,2.0722862552313788,2.785287161715185
MIR6734,,inf,7.424595945888046,1.2200976397009724
MIR6759,,inf,3.0016236076880944,2.688383405106228
MIR6765,,inf,4.296850013479085,1.8013348847534907
MIR6775,inf,inf,6.432102124107057,11.287515572268592
MIR6784,inf,inf,1.9907254187472798,2.5591395122931226
MIR6851,inf,inf,4.091264717385816,1.3003569714190395
MIR6859-1,0.8809081379405472,3.755248640839573,6.358780791305543,5.926525040415931
MIR6859-2,0.8809081379405472,3.755248640839573,6.358780791305543,5.926525040415931
MIR6859-3,0.8809081379405472,3.755248640839573,6.358780791305543,5.926525040415931
MIR6859-4,0.8809081379405472,3.755248640839573,6.358780791305543,5.926525040415931
MIR6892,,inf,2.5416022048571776,1.2915161957680288
MIR6894,inf,inf,1.5637686279986331,5.880687158481395
MIR7-3HG,,inf,6.666129640770462,1.3416963220523905
MIR7110,-inf,inf,4.120946932304835,5.651720103779436
MIR7161,-0.9992381688311308,2.312798280415221,2.0957871826153944,0.8729030119965223
MIR762,-0.16622144021064902,0.8729576248451063,8.798594137638375,7.037876022605709
MIR7851,inf,inf,1.224641663185205,2.2853672339375315
MIR9-3HG,0.8883341820849894,1.3380764492638508,1.3286130796892215,2.2185157366466846
MIR93,-inf,inf,2.044971271201629,0.5293972395902754
MIR935,,inf,1.6261856200336864,2.6007958876937844
MIR937,1.5876758645164424,3.397626429105291,1.0041401031961852,3.29171362423079
MIR940,-inf,inf,5.074325219917069,4.33833684007036
MIR941-1,,inf,1.6540258630798854,2.6726390658522403
MIRLET7D,-0.12430058349543538,2.5851886323045568,2.5252525456666812,2.005244167456072
MIRLET7DHG,,inf,2.6165610488576077,1.979507058092
MIRLET7F1,,inf,3.7786168651711165,1.2819556297070753
MKNK1-AS1,,inf,0.8092149158573652,2.238546222848247
MKNK2,1.0709999669802466,1.2930205700973714,1.7991828952855733,4.408727845091729
MKRN2OS,0.2976814380339194,1.0380782762718317,2.3979860502483197,3.103471004966403
MKX,-inf,inf,3.7612253829321665,0.0
MLANA,0.6426055007074425,1.3292611927689029,1.3170857493309545,2.5739330118198036
MLIP,-0.29766627721223793,2.535560646754123,1.570088894453487,2.7772442719419055
MLLT10P2,inf,inf,1.4700890720842215,5.376767643124375
MLLT11,1.7691989716506313,2.04616198264185,2.3920852294700703,7.216627375358257
MLXIPL,0.8007398540862609,1.2511664632824662,1.4016950883048809,2.506779854235149
MME,0.3983898129430744,1.2347385913257853,2.151942960862431,2.6066951591733702
MMP1,,inf,1.5379969680668981,5.76013496992518
MMP11,-0.29156809571501585,0.6383944459752993,2.105796701263872,1.3851993625595795
MMP23B,0.030266196040360932,1.082836448622503,5.879251222379974,3.8982027710667833
MMP24,0.3678100869846408,0.9037905767984448,5.573097641463652,4.943899834999516
MMP9,0.795811928821253,0.9557072549530305,1.5370860295483408,2.981224805345408
MMRN2,0.8361345951263409,1.693456783657727,2.1100179580684615,2.1942776559762915
MNX1,1.0749349272646023,2.364243825570732,5.439425380320982,6.2394325772037025
MOB3C,0.33991399803653344,0.5126042278002452,2.769471802292504,3.6847970755804536
MOGAT3,0.22014421212826824,0.6308270035024037,2.2755393420969874,2.727609702916326
MON2,1.1392761538763634,1.4171363250824331,1.5638456110640322,3.7567089246212704
MORC2-AS1,0.33960864342685043,1.3979509886807922,0.9762694337469691,2.572733918128655
MORC3,0.46743137101305776,1.2534121496746375,1.5578278271670631,2.1899376805475
MORF4,-0.14558446902642985,2.4808364615997083,4.574706461569014,4.6404392112732
MORF4L1P3,-0.43768365433048895,2.072853623721558,2.145821638233699,1.4727357494219846
MORN3,-0.17082138910680397,0.9050105140789351,2.275898474158006,1.8668168468249278
MOSPD1,0.9226048443395918,1.3318054134684525,1.6849306584043138,2.9876028346913914
MOV10,0.5256783832856644,0.7277390707751534,1.2476240117695883,2.066117489175581
MPEG1,-inf,inf,3.4100884832439213,0.619835574444367
MPIG6B,-0.37776699375064554,0.8239437096984341,2.391333367300147,2.4150252203597082
MPL,1.263184499726772,1.961237806021613,1.80391485389758,3.8797511319073625
MPP1,-inf,inf,6.131554928642549,0.0
MPP3,-0.07943730812041942,0.5977894649288181,2.167764096590296,1.8676133327763902
MPRIP-AS1,,inf,1.4781761496492596,2.4501457810109413
MPZL2,0.41658837124359116,0.7314238284722626,2.203874806885846,2.9094619159727957
MR1,2.0314077135837283,2.3387036506235623,2.087468928506413,9.714177493626307
MRAS,1.2232509193634298,1.9582442512199714,2.2425606386934,5.018699703634268
MRC2,-0.4468523709740204,0.7698011449329282,10.139678927316314,10.157675230227934
MRGPRF,-0.6720981060412534,2.0380368309043986,10.20519877675841,5.6253822629969426
MRGPRX3,-0.8989551228377374,1.594912716328766,5.080303318436816,3.331934011600266
MRI1,0.8660448276297351,0.9384454947637076,1.477346456418318,2.659171923800456
MRO,0.45184299886246226,2.102615233903176,3.684777533186579,3.983123207257688
MROH2A,0.15664497385101595,0.894781858177652,2.315002142431097,3.1396494954254477
MROH7-TTC4,,inf,3.0554030446718246,3.981844272523084
MROH8,-0.8455893903973585,1.9638524242470092,1.8919731694251285,2.193781592824193
MRPL23-AS1,0.3929991879334051,0.7771875464039875,1.8717528477572434,2.394813773219266
MRPL39,0.8090005577662542,1.0605431814986999,1.1944469528164194,2.388556482303884
MRPS30-DT,-0.6610563491382135,2.77985692105856,5.2939569067006405,1.3381203201114467
MRVI1-AS1,inf,inf,2.4467630143046746,4.060573661701813
MS4A10,0.47005034828848175,0.9712312350977199,1.591854354684218,2.3117810662846994
MS4A2,1.1234053787415568,2.8427909396865494,2.0273265971009016,1.5565713678643942
MSANTD1,0.4679866996247747,0.9101248131734927,2.346743692181836,2.2676879458057146
MSH4,,inf,2.9746161719549646,1.297714090754009
MSLN,,inf,1.010337066889982,2.7628035695593005
MSLNL,,inf,2.131729999110083,4.415969564830471
MSMP,0.2729759793129189,1.9893261820256705,4.163213861754316,4.025059354395801
MSR1,inf,inf,3.2188849429873008,14.462975980718845
MST1,0.647056268621481,1.073370663191781,2.0255022286179374,3.0414987972941474
MST1L,0.7462671289986699,1.4263395979284619,3.3687335982604796,4.372205143585515
MST1P2,0.9024672880999152,1.4321141583485093,1.7219553167209394,2.333246848621705
MT-CYB,0.2824626340150757,0.40094225004390593,1.7902739651913373,2.0101908786090394
MT-ND4,0.3354192916447758,0.4726377989063588,1.723194089880729,2.0350954898069795
MT-ND6,0.5074708426754264,0.6946881166400753,1.522859810674137,2.1161462009411247
MT-TA,0.4707874626758123,0.8171346883117481,2.1750194068067104,2.425985487049767
MT-TC,0.699871174454359,1.6959870214527282,1.6979594823245183,2.34915896776533
MT-TD,inf,inf,0.809014211312326,2.363460111456481
MT-TL2,inf,inf,2.7422611500167013,4.16407914812188
MT-TN,0.6378607376549382,0.7616808880900788,1.5440834836789767,2.4994448028927856
MT-TP,0.5625780663876492,0.7504952507311272,1.67748267162571,2.1397751748788894
MT-TS1,0.2917453519257206,0.5627838079281449,2.3338414879294085,2.4264824783311534
MT-TS2,0.7581838353261813,2.6242597284769245,4.4342423820034345,3.0645468650406458
MT1DP,,inf,3.3632907223811093,1.580993315798012
MT1F,-0.03526615890062984,0.7716579738851074,2.788034290943242,2.4866869747393263
MT1P3,,inf,5.3547894664765545,8.863914465469602
MT1XP1,-0.9395067337859385,2.486054042293448,4.194329530564187,1.6804275736333611
MT2A,0.2749453442062135,0.32164112608909906,1.9792084707940887,2.385597367546868
MTA2,1.0005567526457912,1.1948101835738416,0.9739575502550717,2.047988661410269
MTATP6P1,0.2906370205963843,0.393707226901607,1.6758854407018624,2.025516710246053
MTATP6P11,,inf,2.934283300380626,2.766437884871659
MTATP6P2,-inf,inf,3.307116524859478,2.6410058732005437
MTATP6P9,-inf,inf,2.7690299435228924,1.2476467871985224
MTATP8P2,,inf,1.4903436504561964,2.549587502786004
MTCO1P2,0.15633079590558868,0.8636163394128928,2.482786791476832,2.2833160077989776
MTCO1P22,0.04667432358405582,0.620808725364496,1.9580788771778748,2.6538342274084217
MTCO1P25,0.5340868725190693,0.7863918984491549,2.5213177227319283,3.263197603339464
MTCO1P29,inf,inf,4.042355489515491,1.4444013043237107
MTCO1P3,inf,inf,6.85986827942864,3.7649001374667135
MTCO1P40,0.20126555161262605,0.560179140792638,2.9642336761114083,2.699588418541845
MTCO1P53,0.13489026746748978,1.0358785598691496,1.933472330814004,2.500458257319086
MTCO2P11,,inf,1.2690809112333072,2.329080911233307
MTCO2P22,0.09681517520342052,0.4071723867168071,2.3837371776107554,2.342108329665532
MTCO2P29,-inf,inf,2.1617835850862566,0.3679374153737861
MTCO3P11,inf,inf,1.3904702186415343,5.750874059436042
MTCO3P12,0.30229480678414977,0.7117577901872665,2.0804465570166997,2.359631497705611
MTCO3P24,,inf,1.677159959045444,2.4996613373237775
MTCYBP28,inf,inf,2.9404848645426247,4.0945220904815525
MTCYBP35,1.519454856918582,2.171949337215842,1.1773214555337461,2.1428657707987315
MTHFD2P1,-0.37041629428437445,1.2325567485807576,5.317708162562707,3.3533496999901637
MTMR9LP,0.7915759055412462,1.7195042568545036,1.8807510692476945,2.9757225147716873
MTND3P22,,inf,1.5267766057183618,2.107990783930938
MTND4LP30,-0.4623816873845922,1.8262514792081141,2.214075931031671,1.992263485939897
MTND4P12,0.520114395533797,0.8905194438436502,1.67967999544811,2.418204045157425
MTND4P14,,inf,2.2388032053568976,0.9933038777134389
MTND4P24,0.12923123033587977,0.6748681098330658,3.073438824322008,2.8941363398184614
MTND4P35,0.6047641044297057,2.2054908368974617,2.573717536750529,3.324859120152076
MTND5P10,inf,inf,2.774267824207324,2.0457749374434644
MTND5P11,0.6751553583960179,1.0574430936418482,2.166752872097852,3.212084787291134
MTND5P12,inf,inf,3.8402503035763247,2.445013514042853
MTND6P4,-0.8094187093948328,3.0624957844962415,5.819273703976033,5.996709426899447
MTO1,0.5910405293921162,0.860799140610364,1.4217723725195677,2.0894311872438225
MTRNR2L1,0.642680548389866,3.0532909280172653,2.7844993406298038,2.905340478610367
MTRNR2L10,0.7187588061690848,1.1533494466614467,2.639206294388805,5.022327662577518
MTRNR2L2,-0.08852063364104698,0.45030751724073403,3.969557021251644,4.797371854374523
MTRNR2L3,inf,inf,3.5624440331920484,3.2378962450002984
MTRNR2L6,inf,inf,6.732079412004014,7.625911963331616
MTRNR2L8,0.6325481210077528,1.521206293673157,1.754335711536423,2.4575744559790698
MTUS2,2.9201901434353257,5.562448535385742,2.4257450538442273,27.172927623340847
MUC12,0.8970327963626418,1.9162210556680235,24.07132191386335,90.85314319844707
MUC19,0.9056324104385627,2.930391183403446,1.0275267667463905,2.052378726735532
MUC2,0.7936644231000071,0.9734339233737883,2.7451290628487506,5.210590511683311
MUC20,0.18931340414025086,0.7751129136949343,2.172602629244294,2.3078466005323013
MUC21,-0.8026172722922278,2.480305403595173,7.978764981761334,5.258011985409068
MUC3A,-0.44990907994367824,0.5470706287478464,2.816067077464958,2.0870121371060857
MUC4,-0.18622087687155256,2.1817934039871956,3.0590644151657758,3.99010439117642
MUC5AC,0.33698317071969863,0.6853271931383399,2.539791817642796,2.969245189226742
MUC5B,0.359878070755285,0.7104452185704834,1.9586341789592958,2.289266345596187
MUCL3,-inf,inf,2.894952485883487,1.3942294449800303
MUSTN1,inf,inf,0.9151253527021372,5.192528114916769
MVB12B,1.1642930520506871,1.6393225768392037,2.351011885098657,5.643721923895825
MVP,0.5293192419215258,1.4744550662840088,1.4661496688018436,2.0119037440628187
MX1,0.5524864671355547,0.9961623482745157,2.2717230723571307,2.909712720675661
MXD4,0.004740283003995392,0.19544396950937054,3.9703395210697354,4.179439466855163
MXRA8,0.5288259177088446,2.9729332078005006,2.8847691690084303,4.665523885989563
MYBPH,inf,inf,0.75996489210375,2.070382252353137
MYCBPAP,0.49919682359576434,1.2138838962417084,2.301759082859853,3.0481968067748784
MYCNOS,0.14524858059365034,0.778431194167707,4.030759265764973,4.15001097839452
MYEOV,0.10999485098643123,0.3315127181010386,2.3743866791589956,2.800852351815196
MYH11,0.6496203951444687,1.8339903175728378,1.5735605739541079,3.388094690319065
MYH16,1.7858271152947136,2.6234940926181967,4.881082300640924,7.978737538752077
MYH3,0.7195657133322028,2.8360704483379195,1.7711220341621414,2.3176085303573672
MYL10,-0.37427730077852606,2.2448945822758706,3.4880472911523976,3.1997791347278164
MYL12AP1,inf,inf,5.149086674799196,7.268737821010441
MYL12BP1,0.07884540100712392,0.6337298954425734,1.6421392941583532,2.4585465803586875
MYL12BP2,inf,inf,1.6926958290946084,7.067613428280774
MYL6P1,,inf,3.167289645011213,1.128796841318343
MYL6P5,-0.5218733592306911,1.2213044035427942,3.905789592084349,2.225701525673129
MYL8P,inf,inf,2.3803058554394316,1.8079276413719623
MYLK,1.7775163327017562,5.203541367403353,2.7423999249362496,4.65544909428432
MYLK4,-0.5791410345186456,1.0327535014236227,2.158605702554247,1.651229074072052
MYLPF,-1.1387411801672493,4.037067970715699,3.543249366699805,2.640453928442858
MYO15B,0.7694549415859896,1.6035540378366029,2.3149630282976017,2.8591899308651403
MYO1A,3.036021097651803,6.457725734795206,9.748604236784805,24.159220946347283
MYO1G,0.9072670245613517,1.9176039169390935,1.0781745843792925,2.965803059726233
MYO3B,0.3801253546015152,1.4411410323959477,1.7900586308842417,2.5575707502563243
MYO7A,0.5538556308052347,1.2319933522798296,2.62315896856698,3.927811529388192
MYOCOS,inf,inf,1.2018726943772184,2.4023825747785446
MYOM3,-1.161018809769689,3.4560541197199877,14.607898332234047,10.239894469047393
MYOZ2,inf,inf,0.0,2.7409746202699767
MYRF,1.3329277058433266,1.7096672028168047,2.4141825284127316,4.212245797683921
MYRIP,1.4392471600050056,2.1888584534172284,1.2196462854150911,5.560911047763104
MYT1,0.460601756036526,2.4145191071436667,14.84149101711699,7.1388842449105585
MYZAP,0.46199430304749234,0.9660425231792674,1.3052556754336169,2.2165159821076306
N4BP2L1,0.7021168729448866,1.0610033409146675,1.3914255974083083,2.253261416116062
NAALADL1,,inf,0.6554157491873754,2.0656705462933838
NAALADL2,-0.5616037428349174,1.544409779775667,3.3566230072216934,2.4890541967570523
NAB1,-0.4430117084513798,0.9218147185683501,2.092296412807532,1.222938272244879
NACA2,-inf,inf,0.7477875344352617,3.7664428374655645
NACAD,inf,inf,34.12561885272955,7.803188329262658
NACAP1,0.23348246031879863,0.5208791485243514,1.5672324236463648,2.056947503562973
NACAP5,inf,inf,0.0,2.7721946822893195
NACC2,1.162144572670298,1.2688004801812105,1.6423095818073195,3.9573278346273404
NADSYN1,0.8602071514025956,0.9670394441491963,1.4013676640228363,2.6974614558589125
NAGS,0.3953894595349329,0.6947179097865667,2.466682329852881,3.596066006509436
NALT1,1.4344820734073176,1.7451514626911526,2.1348342730673973,6.16391096914889
NANOGNB,inf,inf,2.7424780776676916,2.6188057548494856
NANOGP5,,inf,3.3134324609433867,5.35045461395489
NANOS1,1.732576101270039,2.115307140132324,1.6295071776463117,5.271784986292284
NAP1L3,0.7032827145016409,1.3360114521217272,1.5937083799477918,2.7200735176602207
NAP1L4P1,-0.8969977019598492,1.613600400550236,2.0030295487811225,0.7449931644760794
NAP1L4P3,inf,inf,1.9909655775018607,3.546725493791868
NAP1L5,-0.5298923028613652,0.8417180703718056,3.6677949547404904,2.139637347975081
NAPSA,0.1769157592190986,1.1670128685781656,1.4261604010593985,2.080215334037691
NARF-IT1,0.7463992763705476,1.6303203420831447,2.1508951273502688,3.989681619121595
NAV2-AS2,inf,inf,2.7889229659029406,1.4171627879006554
NBEAP3,,inf,4.137950931783211,1.0462044793981877
NBPF17P,-inf,inf,2.2881415105318283,1.072966367973932
NBPF22P,,inf,2.5632686743753665,0.9692480537686794
NBR1,-0.6884347822947713,2.415264707233314,1.875591180678629,2.7801494086770635
NCALD,0.8350054895820251,1.153456732038158,1.5812530835454506,2.376780079516477
NCBP2-AS1,-0.9063731452715529,1.472567191211909,7.190249897382772,2.5909384101170816
NCCRP1,-0.11457429878115782,1.5100529558785525,2.4514513212162217,3.2645262226616882
NCEH1,0.7700437698461323,0.9388700380447327,1.355926870529773,2.0734645067466073
NCF1,0.2434902693745044,1.0920132450951086,2.401720135877157,2.418341849589941
NCF2,0.016799725159340806,3.449582052621377,7.333893745796905,8.96041619965628
NCF4,-0.05204807971762787,1.4943535503843306,4.648740137439552,7.184469330618477
NCKAP5,0.11542721868380151,3.4067921386065523,4.695834159564486,3.6030615186162653
NCKAP5L,-0.1991735610982125,0.4127845370263863,2.358663443232299,2.3751064639932307
NCMAP,-0.09741238947835097,1.2330644140027724,2.478822548365577,2.1851034022681786
NDE1P2,0.05853707711437206,2.4837259177270625,2.783202006996219,2.587042860676301
NDNF,,inf,5.681247578002982,1.5915074509435512
NDRG4,0.5456787768562739,0.7704311324898915,3.5635327560979433,5.225219268427393
NDST3,-0.09862495692237505,0.5892783183592326,1.9584734678624813,2.8395459641255605
NDUFAF4P2,-inf,inf,2.57284449657803,0.0
NDUFAF8,0.4479499691024216,0.6047228528941594,1.515353319303712,2.3043774802704258
NEBL-AS1,-0.20638156865429247,1.39358413265639,3.051457480824601,2.0293845379734172
NECTIN3-AS1,-inf,inf,3.315169000100724,1.1720621034001468
NECTIN4,1.1551840389620072,1.3614007334343574,2.165721060875853,5.033977034854962
NEDD9,-0.19280565243619105,0.31878154273741777,2.7222513016005947,2.182556060597056
NEGR1,0.6022056996261652,2.322575483633418,3.481664713929051,4.1500323581913765
NEIL1,-0.5952708900369801,1.2118488026802792,2.1202699028789254,1.1962996812762832
NEK8,0.47719627467439374,0.9324679134879131,1.1236691669565226,2.026206549586841
NEK9,0.9046625516877386,1.2864644964773646,1.1091525345192041,2.7055507064991606
NEU4,inf,inf,3.803157045289035,2.961530891412601
NEURL1B,1.2183687959403824,1.375363410462439,1.2787069033026877,2.6104514306487903
NEURL2,-0.04206389947821704,1.6272085562968877,2.803172438625456,1.9653711201596566
NEUROD1,inf,inf,0.7606459938216087,2.0792828373675363
NEUROG2,,inf,2.3775871354928064,2.5770177733323076
NFAM1,-0.7762428827140132,2.313728424328577,7.114272642630106,4.827383054547786
NFASC,-0.08769081413703644,1.3155012810383537,2.7076231060606055,2.868851659982175
NFATC4,0.8204863491871899,1.2799613132576815,2.0385634065632234,3.7576574210115576
NFE2,-2.029802118027063,2.9499441424427455,2.5524838333117157,0.8149956456484275
NFKBIA,0.07286534669717373,0.31078144910664685,2.129981261254261,2.104869366480799
NGEF,-0.7209795285194572,0.854366094269841,2.506487108669351,1.3863588324610703
NGFR,2.374573713216494,3.1771320398785083,7.3779523315810485,34.699711882494206
NHLH2,3.707112219571819,4.318684345900679,8.149828849291403,88.35066700790172
NHLRC4,,inf,9.396531233751764,1.8920002971105991
NHS,0.12045361216048092,0.24103893612249613,1.9143585508054408,2.061235794853198
NHSL2,0.3383940664608386,0.7464988108591954,2.7129941100962114,3.64420771094482
NINJ1,0.9931127023226005,1.1428231884969104,1.7138199579801552,3.614516655985947
NIPAL1,1.1202524361936703,1.6211590314647564,1.1561150971405192,3.031859068896514
NKAIN4,2.9270480651645125,3.9618635322954936,1.8393716374469584,8.757175896435816
NKAPP1,0.35719644407196705,0.8494615059196609,2.3418246984014304,3.223202420580125
NKILA,0.6834680475625923,0.7644617084585652,1.9001779181295588,3.227900741706082
NKPD1,0.5157042209934745,0.9037258184930991,1.7158923863079543,2.4840399467998227
NKX1-2,inf,inf,7.206008583690987,109.64037911301861
NKX2-1,-0.38855662398911356,1.6688004307610196,3.105672948040678,1.412126468501143
NKX2-2,-0.4618412383587479,0.7912292696462313,3.011772866622686,2.0206255578408165
NKX2-8,0.158852948110896,0.8125623611125482,2.6030880554423157,2.7220147870881672
NKX3-2,0.5219581498369865,0.6348146041835101,2.7630947669393984,3.7867117899344955
NLGN1,-1.3719257253562347,3.234846868515822,34.20859512440312,5.928373963307364
NLGN3,0.891879094059336,1.3313291199841226,1.8288270803496138,2.4789388443468834
NLGN4Y,inf,inf,1.4546776539020843,5.918686379059622
NLRC3,1.5943030745701843,2.1065304066460815,1.0290955686757932,2.112327256212289
NLRC5,-0.2131321990557893,2.25716076163825,2.78665322090242,1.3917151457412735
NLRP1,1.9072737649118547,3.0683804018376564,2.010269551522036,8.335222431643903
NLRP3,0.045926409383021866,0.979115897156195,9.795526524148853,9.921615201900238
NLRP8,1.0475725755332825,2.764256312470121,0.4603226743818777,2.080655961390254
NLRX1,1.3795802172644884,1.6791601539135599,2.5152425851847715,6.821256734395162
NMBR,-inf,inf,2.6009327955052943,5.547882302096089
NMD3P1,-inf,inf,2.458394034420603,0.8990345440628162
NME9,,inf,3.4416391968834277,4.509614424133453
NMNAT2,0.12468803180629218,1.5303036736327351,3.1510077708861655,6.327446606984631
NMRAL2P,inf,inf,2.9499142048880027,1.592554375550712
NODAL,inf,inf,5.024804412337759,78.02900092922873
NOG,0.22953450659543623,0.6080860312295878,7.972037238379994,12.151263930415874
NOL4L-DT,inf,inf,1.288484440532284,3.2751859714527347
NONOP2,0.12206987539118719,1.3789975267234553,2.906732739050994,4.788023918941366
NOP14-AS1,1.0928788297186893,1.773307914799506,2.902979451596051,5.553821346764363
NOSTRIN,inf,inf,3.7107261766386257,5.429116018834098
NOTCH1,1.480337719173412,2.0444734309584014,2.293737494868713,5.863871019892021
NOTUM,1.6716336766159952,2.188337901550147,2.415329685616248,7.985625521654456
NOX4,-0.1828143398773079,1.2681841524852915,2.803794428434198,2.779859109830291
NOXRED1,0.35201068855395456,0.972662547951579,2.1965187274900204,2.5389854554028015
NPAP1P2,-0.5339590008373952,1.2757144232157904,2.29403207939915,2.412702727925632
NPAP1P3,inf,inf,2.3659406220213928,4.012832280156741
NPAS1,0.7526392269381339,1.536765929635574,4.785013337715654,7.893088451504416
NPAS3,0.4206039929828702,0.9268383226170106,2.214096592812411,2.983396513513872
NPC1L1,1.052679592960914,1.6103327613042027,4.479928277043302,10.446007065246484
NPHS1,-0.885753264516709,2.1440729858677887,5.5744568475747265,5.351271875981387
NPIPA5,-0.02082600320796485,2.6038295030450107,5.197162527661669,4.979513154659455
NPIPA7,0.3800316517932689,2.980120004298183,3.0904582011997093,2.4717706164272335
NPIPB10P,inf,inf,2.48057101158442,4.5839490407127
NPIPB1P,,inf,1.7254366978630007,3.2897448404109384
NPIPB2,1.1749337483948497,1.860967752057117,2.3116127005715716,4.036425783623209
NPIPB7,0.7522319996651272,1.4890396446114655,1.9845959675762788,3.358592601956168
NPM1P10,,inf,3.849579378199658,2.6415982295221836
NPM1P18,-inf,inf,1.841333849289666,2.123959786056919
NPM1P24,-0.9551225475850614,2.0864248034396247,2.1901304289363988,1.0346669600400942
NPM1P25,1.9872282716863268,3.1651578694989086,2.311914496201311,6.863445128644385
NPM1P26,inf,inf,3.271619512585538,0.9874617558998688
NPM1P36,0.5774712154259923,2.0008410087903155,4.173847439528298,5.231425166751784
NPM1P38,,inf,0.9299679295186664,3.640614776382118
NPM1P4,inf,inf,4.966624306066484,4.204394354892649
NPM1P45,,inf,3.1840477283157407,4.037333639284075
NPM1P46,-0.8905747224124215,1.6505646634718074,2.138034388509822,1.287484795963943
NPM1P48,-1.489840616785221,1.9422465539301637,2.474548562623393,0.8814754177300524
NPR1,inf,inf,6.264441287878788,12.899779040404042
NR2F1-AS1,0.21015872112205553,3.0677647881554937,2.13527246331726,2.233378268609253
NR3C1,0.5846832106857996,0.8538390000231901,1.9024210015384238,2.6192184479198377
NR3C2,inf,inf,7.45969577008198,5.288270315763224
NRAP,inf,inf,2.4406738281250004,3.7578125
NRAV,1.098004021780848,1.2641911208077423,1.3509419859082734,2.7522564609719318
NRG2,1.8042839950137757,2.363738207377903,0.8936515871032241,2.2150176741528904
NRG4,1.5264062956972182,3.550704387537402,1.4946270024056454,2.434739421876158
NRIP2,-0.4348433873391025,1.9380871671341482,10.386307746355174,8.47988758124012
NRN1L,-0.6920075773650938,1.746385414355347,5.237022598398932,4.371299616410941
NRP2,0.20406504326328034,2.436328763583721,1.6083548111440988,2.2668617415161503
NRROS,inf,inf,0.898977211555715,6.974914767629643
NRSN1,-0.4451446068317622,2.5367749484071958,1.427686271462979,2.065124254969644
NRXN1,-0.01840336298263623,4.57314244792233,2.084901615131736,2.299204345133165
NRXN3,0.5496627841078547,2.084741552469669,3.278073241148761,3.291683851781098
NSFP1,inf,inf,0.0,4.377009564138132
NSG1,2.6996545005908716,8.898158057616431,1.3534007930310203,2.2186114720230417
NSG2,0.43498975536407375,2.0183735028934198,5.550998043052837,8.64133072407045
NTAN1P2,0.07324878766720225,0.39635282900495267,2.249639059371114,1.9332379171945462
NTF4,2.4907830496386127,3.266819560194895,7.553303127888904,39.516139764519444
NTN1,0.9111383579892338,1.1355197929533007,1.3282895229738971,2.2171287079374458
NTN3,inf,inf,1.4138517719312806,9.598804880073034
NTN4,1.2230413199537176,1.4886691585775436,9.832863143803797,19.23610783013211
NTNG1,-inf,inf,8.277188155136269,2.613644304682041
NTNG2,-0.4726298169479302,4.023019894968443,11.921837827882062,4.3619633785090475
NTPCR,0.49739669512135254,0.6659594279235471,1.660300813136065,2.627757235999526
NTRK1,1.5569639322459694,2.9438262098813093,3.4951262056228196,6.736994664477734
NTRK3,0.3464765289057262,1.670650269653386,4.989312625765293,1.7708288735710898
NTSR1,1.9145415251523241,2.2180468856365927,4.219720970726802,18.367355590771364
NUAK1,1.0095437680157722,1.855487697202948,1.9094956655519455,2.8264595430785833
NUAK2,1.0338143512411693,1.2162311418371325,1.4215650184258728,2.963462297905781
NUCB1-AS1,inf,inf,2.0473384962258603,2.0770757768846186
NUDT11,-0.10464412129812747,0.5056492407064956,5.0788781515657915,5.4903727385017795
NUDT18,0.5878534098591286,0.8584432621327819,1.3466232995425929,2.0378936976683755
NUDT19P5,2.256582876428668,3.146562592153121,6.391105541254571,23.491310035902995
NUDT7,0.0943633345489723,0.24084536439329282,1.9813072176626847,2.1981363830473004
NUP62CL,0.36071926416559885,1.091429496322371,2.3373556645564117,2.4301954481087877
NUPR1,4.716415250495992,5.487621063262703,3.082346421479055,133.45843560741554
NUS1P1,0.19904185066158864,0.9428345236650715,1.2851296876908669,2.4704065428443456
NUTM2A,-0.06940035809014355,2.992814355890228,2.506632758265173,2.0889064540518247
NXN,0.9895434578876217,1.2683683992368544,2.2405794221359603,5.244969581794267
NYNRIN,1.6495545285321098,1.8962689356396771,7.219908592455584,23.23114884105678
OAS1,-0.32034771616389834,2.0440182608621926,6.964667848828092,5.157549146149733
OAS2,-0.6473326158708711,2.7916123330246587,2.1006170493415905,0.9750422917272166
OASL,0.03857306055688105,0.9089939515557843,3.5305804005645482,3.375327491939456
OBSCN-AS1,-0.3477065835842405,1.178771215199706,2.4128238665321446,1.4717335115401016
OCLM,-0.6663507236237736,1.4290465441809692,2.004773724121017,1.5962379578541843
ODF2L,-0.10392546251223223,1.006890316825623,2.125844180102738,1.557205499150672
OFCC1,0.8057861479678996,1.932472639051459,2.1975073690693505,3.2197705051939054
OGDHL,-0.5348872720067375,0.9598594950805914,2.085890513917491,1.3167948310773427
OGFR-AS1,inf,inf,2.6496150092734996,2.561608734972077
OLFM2,0.43647960972679645,0.7328240136286475,1.6253121693656114,2.5707916371015873
OLFML1,,inf,0.42411283801994437,2.3589255233132698
OLFML2B,1.8847746474941884,4.297790738369005,2.400493231511501,5.23081237227455
OLIG1,0.7957512442733792,0.7957512442733792,1.5968057366362451,2.7720245855839076
OLR1,-inf,inf,3.2913872811970637,4.10344173489554
OOEP-AS1,inf,inf,1.7632775757248604,2.028896566150026
OPHN1,1.8552459451094987,3.130533916780623,0.39953138187053927,2.716936829738641
OR10A3,0.07498522543948066,0.37590163027295626,2.103502406487154,1.7334253441608962
OR10H4,inf,inf,0.0,3.295035078251484
OR10T2,-inf,inf,2.174540772425146,0.9065894324657995
OR11A1,inf,inf,0.5328195929125787,2.2032416898521014
OR11G2,2.0464566099958095,3.358953637707691,3.833335794338703,10.22413360305952
OR13I1P,-0.1563391067019692,1.7070354269567412,4.936925522728925,2.912941727123801
OR13K1P,inf,inf,1.800204712399149,3.7987396138562195
OR1AB1P,,inf,1.8760101171507617,4.2096615137375935
OR1D2,0.3967533631402846,1.1506198841428732,1.885569508702357,3.035569508702357
OR1J1,inf,inf,4.40155824882513,6.949830983593041
OR1L8,inf,inf,0.0,2.0455731569097764
OR2A1,inf,inf,1.985541691424044,3.4423648247177656
OR2A12,0.8615034831158451,2.0790645656314077,1.9039229981913268,3.779496095228748
OR2A5,-0.34349585656293724,1.3990671423612417,2.240423342524781,1.3145136438059561
OR2A7,0.7005256064853937,1.0505186621890088,1.8739088100993821,3.881379264034381
OR2A9P,inf,inf,2.6547727073662086,2.792698607339932
OR2B6,-inf,inf,2.2249828986312132,0.45975590759165313
OR2F1,,inf,112.833245590945,55.48973414056331
OR2H2,,inf,9.538767579570688,4.454616950407106
OR2L2,0.673209721377409,0.9067828991045638,1.3491813950521632,2.128075982898126
OR2S1P,,inf,6.022515785975407,6.448321701561981
OR2V1,inf,inf,2.2059226552984166,1.3861449451887944
OR4E2,,inf,1.6900837611456365,4.8954674412321
OR4F13P,,inf,2.9550447421997066,4.235878983002699
OR4F15,-inf,inf,2.6758177570093458,1.8939328524989838
OR4K17,0.33483075823969133,1.3596595890029584,1.9487476530979109,2.178074941077777
OR4Q3,inf,inf,2.2951102866090274,1.0988324596636938
OR51B5,inf,inf,3.1123394301421996,1.8158468573240998
OR51E2,inf,inf,3.410955900776748,4.006472897352376
OR51L1,,inf,2.0611996036887428,2.346429388003963
OR52A1,0.5607822228092767,1.2138623744852208,1.1221981677535182,2.144233307812129
OR55B1P,,inf,2.0238679326964704,0.6299315997575687
OR56A1,-0.15068328682307064,0.8517835986255398,2.261973316608701,2.5421489252522953
OR5A2,-0.1025338254056799,2.0866053701755347,2.350973587815693,2.166345350555877
OR5AN1,-1.1221611711354618,2.4647415274691604,6.813297221736851,3.8232570330246376
OR5BA1P,0.06311032801461655,0.5357660973372145,1.9438392985712227,2.0682069086894606
OR6C6,0.01982987402845915,1.8462354815433257,3.511332657899959,1.9479585548511087
OR6C75,1.2450313624283063,2.9586301575825824,2.5089034596230193,3.4523514107974376
OR6U2P,0.5584537029855099,1.9304048754419576,3.577252479511727,3.2934806684222186
OR7D2,0.10278567362909002,0.27746261915595166,1.9145268631783154,2.0427938244328288
OR7D4,0.3554177842722964,1.1817355043828484,2.064904836949933,2.993126439568432
OR7E100P,,inf,2.0434025618704146,1.5025908883638024
OR7E104P,,inf,2.11761971976452,1.2554308534444176
OR7E108P,,inf,2.5144944234491664,2.0738201677573973
OR7E117P,,inf,1.633310354336137,3.035323314490556
OR7E122P,0.3996679788359243,1.162274776335886,1.6499316262233543,2.806486124145328
OR7E12P,inf,inf,0.0,2.461431742508324
OR7E136P,inf,inf,1.9393286527857294,5.703905143580317
OR7E29P,inf,inf,0.39162182313278004,3.8091691519709543
OR7E31P,inf,inf,0.0,5.709219269102991
OR7E37P,inf,inf,0.0,4.019276746216948
OR7E39P,-inf,inf,5.707800965725993,4.548811374563724
OR7E47P,-1.9983199359975414,5.782043346906427,2.672373927028444,2.218234748524697
OR7E66P,,inf,3.089205242239329,1.092965529469127
OR7E91P,-0.02176115143757107,0.7562942287744536,3.7075595324764716,4.294776761486228
OR7E94P,inf,inf,0.9703362096288697,2.2355455365532086
OR7M1P,inf,inf,0.0,2.5652317537021134
OR8A1,-0.4016836094840873,0.5942848693148067,2.311772013301595,1.5594951694073471
OR8D1,,inf,12.216823308270676,1.4805451127819547
OR8H1,0.5629591375950238,2.930820991109566,2.469885882049455,2.224489294532411
OR8H2,,inf,2.1386888809297386,0.5228667761735973
OR8Q1P,,inf,4.100041746183205,1.3928614026717556
OR8R1P,inf,inf,0.0,3.141702444241231
OR9H1P,0.488556885943514,1.2109279556135617,1.1711038961038962,2.1877183161665923
OR9K1P,-0.7296452951145123,2.6266721717671615,3.9902605552487573,2.585948089763542
OR9M1P,,inf,5.814187530682376,7.087137947962689
ORAI3,1.1715233274566854,1.25974401685684,2.6758724754905434,5.823001001232705
OSBPL3,0.8125520805113341,2.8876744878960796,2.861964538290564,6.549823196605375
OSCAR,0.5004266565576871,1.9389852244507315,1.6410997563280123,2.4775535829727984
OSCP1,-0.11628640171715135,0.38046027446169695,2.332897045725576,2.0052239524129454
OSTCP1,-inf,inf,5.753080240258741,2.844948405975666
OSTCP5,-inf,inf,5.3280137458833945,0.8128294911680095
OSTN-AS1,inf,inf,2.6715244944663596,3.739508927660859
OTOG,0.5050312058270485,1.5260883221794028,2.4952576888206988,3.094148824883186
OTOGL,0.44230338028775606,1.550556077723488,1.8143928495187531,2.4181184507290627
OTP,0.6098523962445359,2.8506198369690128,2.4655540561316003,2.3867887463487127
OTUD6A,0.16596543107932915,0.7577429139298918,2.5838766773066277,2.2518266947037198
OTUD7A,0.6628070177333596,1.4767839512331502,2.32128901161882,4.535338404626687
OTULINL,0.7029977605860686,1.0443774601630147,2.4374307684200596,3.804130335460676
OVOL1,0.6234631163285311,0.8864644244280697,1.7277348593096338,2.5976847743632656
OVOL1-AS1,1.6877572529558313,2.574484421948977,4.226296827962984,8.730781023525477
OXCT2P1,inf,inf,0.7656003647208556,3.160185906324994
OXTR,-0.3209989225956489,0.47771284243186096,3.2906994956097906,2.5594787737023332
P2RX3,,inf,3.203004929124698,4.722706120074703
P2RX6,-inf,inf,0.11260913288723255,3.3066151319337878
P2RX7,0.3886054959959858,1.1859137536195645,1.8497572032330911,2.164598106421325
P2RY4,,inf,3.1548950868691032,1.1495334330051037
P2RY6,0.1747963852954811,0.6140102856858777,1.830723528586181,2.2365478935892855
P2RY8,inf,inf,0.6401688221172461,2.6978626190660573
P3H2,2.175411721847408,3.1406723720378817,1.5142801428395392,9.290149483534197
P4HA2,0.6657660680280776,0.9571480786471003,1.2543595638634282,2.2495915978061407
P4HA3,1.635284034227255,2.401587686730804,0.8371463211269575,3.1890941400206154
P4HA3-AS1,0.23762813910625327,1.9419336501020206,2.885116784356329,2.980016581377398
PA2G4P1,0.3564823550166242,1.0697884448678603,4.675221028111599,5.912568161363756
PA2G4P6,0.021765996524701316,1.8311258478062609,2.714090194327425,2.6529382073731824
PABPC1L2A,0.26696936646408564,3.3569271566290335,4.510389584810525,3.7111203025289528
PABPC1P2,,inf,2.05892810964572,0.8643435910697354
PACRG-AS1,,inf,4.216928371692838,9.90169929016993
PADI1,0.5664702515153293,0.8884189420504307,1.8256274695308585,3.3795035895152763
PADI3,1.2856940737776053,1.499565070719801,1.4340624711777912,3.756640637009254
PADI4,2.767050134714029,3.8342757411430477,2.6668277065140185,10.542732576359002
PAEP,-0.6101808611643323,2.5208810490729303,3.251654142696667,3.1527640671273445
PAG1,-0.6541216211380552,2.117797550908094,5.780670178302964,1.3388347326933092
PAICSP1,-0.05765173260643104,0.8660378768227868,9.504055708601163,7.008379247015609
PAICSP3,,inf,2.6578099932572252,0.6514392336487712
PAIP1P1,1.2634003800609865,1.7413897928546085,1.6998076171581449,3.8446997024077914
PAK6,-0.1326062033062114,2.0639292521345625,2.761690534316563,1.8788916014396095
PALLD,0.930883633870553,1.1779242691099223,1.963819111974376,2.8465899177634935
PALM2,1.1482545086454192,2.1017342777242884,2.600884494628119,5.009825264840566
PALM3,-0.6309722945154616,0.9711769369453339,2.1614008105664277,1.394575905832203
PAMR1,inf,inf,2.520374540062606,5.146932835411058
PANK1,1.5394761265544195,1.8799585100417915,1.3550453924842878,4.02872296029211
PANO1,0.6423018822736181,0.9838391290898625,1.5991391540735722,2.133602738597567
PAPLN,0.920658218679774,1.642115203886346,1.8254967727531055,3.42685211496306
PAPPA2,-2.464426149226739,4.801543947351378,10.938552721562269,1.020693498138345
PAQR6,0.5332495154657362,0.680480696965942,2.2329363512617038,2.9686901026303767
PAQR7,0.6793242391434913,0.9335299045415899,3.2509007600454587,5.607669411729018
PAQR8,-1.0528589370411527,1.5607580473717682,2.0275019145454096,1.203248810525869
PAQR9-AS1,-0.2139445515773677,0.6849046989076322,2.3130349919603996,1.745461492251593
PARD3-AS1,inf,inf,1.6931582724174448,7.889815499644874
PARD6G,0.9728502070449527,1.231106122486707,2.0713809533330907,4.0189478686029565
PARD6G-AS1,0.6023285312973881,1.28505683454378,5.316357976653697,6.828326848249027
PARM1,0.37896558497962296,0.5268533237049006,2.7517763543584484,2.9008812148020677
PARP10,0.8011455849058051,1.8134923773842917,2.475494901174301,2.715125972502914
PARP12,-0.27456617750894996,1.4839438311503519,4.583418446960025,4.18168922177774
PARP14,0.024679653098727397,0.4628447547857532,2.148072246837787,1.6941038398953752
PARP15,0.6733639974786111,0.8136731078955606,1.1656576853892038,2.048854149011203
PARP3,-0.23745957275062,1.2282411945373612,2.9047940333614086,1.8931042518334396
PARP4P2,-inf,inf,11.557867257337236,4.532038604540779
PARVB,0.24719407923645942,2.90127630154534,11.07626912486284,7.934732847146024
PATE4,inf,inf,4.457320674147093,3.7493072275473587
PATL2,0.5317049750504008,3.1610412196542708,2.0408214256482275,2.834015413577561
PAX5,1.8638575519432443,5.5549939729635085,1.389693017766816,2.3668716029407144
PAXBP1-AS1,0.3148460406727679,1.2683310409589281,1.3249865495630426,2.726457373020605
PBX4,-0.21562717084233898,0.7083107525501952,2.038246236162105,1.6568208893874057
PBXIP1,0.1377255204506456,0.43369556355942895,1.8764809273548717,2.1298844542245674
PCAT5,-inf,inf,5.705611351699991,5.556482078687921
PCAT6,0.20046556464936255,0.639250096102371,2.2207424246966974,3.113510062486001
PCBP1-AS1,-0.012701713175716528,0.5778502380787695,2.2638703578694805,2.5626354208710294
PCBP2-OT1,-0.3729931069140219,0.901898904073813,2.100457277438366,1.2999005380301027
PCBP3,-0.5506152048244175,1.1033696087584375,2.120976739049127,1.7599447852313388
PCBP4,0.8715152531619661,1.2005014576016046,1.3768075850760835,2.9758260113583663
PCDH8,-2.553121898230211,5.4847486502255425,2.8801599819738626,1.8237269040108157
PCDHA10,-0.4160435569304213,1.5641666987899356,2.0925738309108604,0.8644638384096238
PCDHA12,-0.06320830328940431,0.25986921843211974,2.5332547065826017,2.534373484414267
PCDHA13,-0.2550987840422972,0.9064238802194625,3.1325981426762346,3.8329991557619247
PCDHA8,0.27736995971790357,1.6124549914908657,4.288420460933108,7.429960652051713
PCDHAC1,-0.6660738214203743,1.3905973681221546,5.468637702879915,2.9434916634024217
PCDHB10,0.06624550066518527,0.9291165138434903,4.377052139037433,4.976911764705882
PCDHB11,0.5486124840437795,1.0988123302454207,2.233666484693235,2.9606307479108054
PCDHB13,-0.17478281635479176,0.5447517996070703,2.035563246068864,1.8133383348559744
PCDHB14,0.16503654217896543,0.4598568214519755,2.05699412790954,2.3536932026931416
PCDHB15,-1.6438144821899918,2.6480501886786,37.52299270072993,11.008576642335766
PCDHB18P,0.28663197306820537,1.7152734501750904,4.7685825410544505,6.8834269662921335
PCDHB4,0.4330071299987073,0.9293169149115665,1.8005473131897958,2.594072281527049
PCDHB6,0.6663530777682941,1.768874879785294,2.5457506007335273,4.099848235740483
PCDHB9,0.33889648267429934,1.3596026375563397,4.029560745495321,3.87802084138891
PCDHGA10,0.9657854256517956,2.106980679643543,2.749607464896146,6.501256112332332
PCDHGA11,0.6846947616244767,1.9919617985444684,4.566704480998299,6.182586500283609
PCDHGA12,inf,inf,2.5694436301811576,3.215747200562819
PCDHGA2,-0.7084413243282797,1.5466256566656171,3.879091547963348,2.428494202232613
PCDHGA7,0.5531218408185751,1.1221396471255685,6.375900037114932,5.344216256340468
PCDHGA8,0.3704834891125286,0.5014776113929003,1.9117996195554345,2.1910055509878426
PCDHGA9,-0.421400943756543,0.9168151353004333,2.075564174894217,1.3355892223140895
PCDHGB3,0.4161126398480901,1.249077909164031,2.784057989841385,4.331661881811923
PCDHGB4,inf,inf,5.160017769880054,5.386139493558419
PCDHGB7,0.0032941595071269147,2.264546627183595,6.636912146159918,8.1382654787414
PCDHGB8P,0.3455479043073993,1.1194953968908754,1.3929243392972248,2.9689900872807096
PCDHGB9P,0.6738289464722877,1.3441839580104917,7.554870695430792,7.886406270936621
PCDHGC4,inf,inf,3.416259774587907,23.1153860273872
PCDHGC5,inf,inf,2.808204926881931,1.5870939248208853
PCGEM1,,inf,1.510348410334557,2.4464639468033527
PCLO,0.1543461019648868,0.7590316049656373,5.079711792262567,8.596671926857402
PCMTD1P3,-inf,inf,2.141908999515955,1.5953072445420808
PCNPP3,0.5404355519442119,1.340736525337909,2.5192424824940707,1.562749197599927
PCOLCE-AS1,-0.8035239981058977,2.2299443404313632,2.1233965772636996,1.8809685146080874
PCOLCE2,-0.3290465500501747,0.4928669165802582,2.1829994859131956,1.5512646918290427
PCP2,0.9583901585182708,1.6704736243331146,1.361066419536057,2.067224939809684
PCSK2,-inf,inf,0.9821509396831664,2.2992817081570447
PCSK4,0.2566802913031053,1.091661068531179,2.4635093992644053,2.2178361258684105
PCSK5,1.1399645062557182,1.627801011441435,0.9766411125239801,2.1812408582075844
PCSK6-AS1,inf,inf,4.725261426702311,3.419301463856364
PCSK9,1.090601519327797,2.18805686591592,5.3222459342114945,16.014754580911028
PCYT1B,0.8597587267069446,1.9703903748531282,4.434535192153477,7.064369872308926
PDCD4-AS1,0.13002724631862717,0.383040564556743,2.3172134062468546,2.3313812191767034
PDCD6IPP1,,inf,1.4469978392138292,2.2648406050201277
PDCL3P6,0.02010700718108141,0.4898220702086104,3.497072041399973,3.918425711562032
PDE1A,inf,inf,0.4281063319885247,3.8230756090576126
PDE1C,1.6708163613196874,3.8968911777721744,1.3337499519286236,3.9313348459793045
PDE2A,1.1265785021901369,2.881141435001809,2.9251331011568786,8.137209279052078
PDE4A,1.1678979669501246,1.4935114407076977,1.2371162852834212,2.062776902298371
PDE4C,3.069083725960829,3.475123894961692,1.158230474652901,12.879871158887113
PDE4D,0.520439155898377,1.6388956982780665,1.9005920321180354,2.1053206307561187
PDE6G,2.2313292931786575,3.6662954824560363,0.9452249614960295,2.778652961801877
PDE7B,1.7624653872146636,2.6481425643384844,9.432807167235493,35.375853242320815
PDGFA,0.10795895390564934,0.28846438012843784,2.291972420329569,2.765600986371222
PDGFC,1.3790040847152298,2.273853206592037,1.5629935126634122,4.778275613512008
PDPN,-inf,inf,10.284330143540668,38.08050239234449
PDZD2,0.3631444598898143,1.8994694539757637,1.8830960541348096,3.7369276737850425
PDZD7,-0.0898906301459082,1.4825930987767726,1.9231170125985688,2.3314714946070887
PEAR1,2.121214607729995,2.842029083039576,18.16285304735613,58.29788702484605
PEBP1P2,0.851080495025698,3.073748056948275,1.4836500793213976,5.1932366367727525
PECAM1,0.03913837511011607,0.8651573001375616,1.7498307862206548,2.007124790709273
PEG13,-0.29499009130368287,1.108776553578577,2.0523825091949326,1.9092112791172866
PELI1,-0.10657868723017876,0.7251974970604851,2.219692820573878,2.657546533317458
PERM1,0.35043258996341775,1.1914183311428583,4.311366294259623,5.779753166289283
PERP,0.6110746416543467,0.9161212782366968,1.4323543759665662,2.264597641520178
PEX11G,0.11986809683040475,0.7746994903191494,2.6644431015357815,2.30222220214727
PEX5L,0.43869152868085515,1.61004340492677,2.2071494749845586,3.2725351297096976
PFKFB1,0.40924448876520636,0.9699554660144855,2.6483487039320806,3.0790312427602955
PFN1P1,-inf,inf,9.825447601669387,12.10226694364121
PGAM1P5,-2.1580574733389812,5.13178992741774,21.235133880204305,2.77319300417892
PGAM1P7,-0.21482789395224358,0.7561971087306809,2.339351665676745,2.1407946520663006
PGAM1P8,0.040226518583810544,0.723496533063573,1.9962156470785712,2.658955538939669
PGAP1,1.3165187053554739,1.503300696889507,0.8904521320584937,2.393514865457481
PGBD5,-0.834749085457354,1.8755687283975429,2.9463207977360817,0.802929815855474
PGF,4.10425268095341,4.627980762902121,4.020438910818994,59.76876700647684
PGK1P2,-0.06282683189658375,1.2156443979589207,1.306067192810982,2.11898495966389
PGK2,1.2506889978623315,1.8578595744575035,4.921332186888929,11.914190023160026
PGLYRP2,inf,inf,3.9456571685499853,2.6102939359951782
PGM5,0.005023170992807413,0.9335422794622645,2.0056469127586416,1.3802591515229579
PGM5P3-AS1,0.4282884664410035,0.957656983046885,4.446012802459449,6.830740951746229
PGM5P4-AS1,0.579330969430045,0.9964520183211564,4.446012802459449,6.830740951746229
PGPEP1,0.24963753548354195,0.5625231708775082,2.4835648586266483,2.957831706892787
PGR-AS1,-0.19636440701205105,1.9720149216418963,2.4382637992856173,2.460019998591165
PHACTR3,-0.3187472026867392,0.70273692549793,4.091259119156985,3.428026209132667
PHBP11,-0.1677369843772739,2.186048218484519,2.5326619391243494,1.3778787568138566
PHBP20,0.2834208477806893,1.7877153906733911,6.203535101715197,3.6348224970083765
PHBP4,,inf,2.6301927473467037,1.2912864073158492
PHBP8,,inf,3.0201085810668356,1.5167615433270083
PHF21B,0.5549551924534383,2.479225741615229,2.0114010865708907,1.733845700094466
PHF24,-inf,inf,8.720100372987234,1.2800436667980715
PHF7,0.7784664824920648,1.398038735864233,1.257835412100294,2.205081042892079
PHKA2-AS1,1.473698865633646,2.6624961192465078,9.92395358831113,14.285337344220027
PHLDA1,-0.025604815998449708,0.1620668825480641,2.3718166178890443,2.119796226036174
PHLDA3,0.7888339108262286,1.1093595372946528,2.5692518297687545,4.207458200397469
PHLDB1,0.8602630222373808,1.1153959546863386,1.3673935877398902,2.4216054207939224
PHLDB3,0.954806832477241,1.0385613965281877,1.6884261979075534,2.8041612863179646
PHOSPHO1,1.1522585969109527,1.990756340846608,1.2309574681064526,2.021370571408859
PHPT1,0.51421214700437,0.5995986459218701,1.3773677919717153,2.0871184686659
PHYH,0.486248767517471,0.8477287627922288,1.578848634775746,2.7324524510328065
PHYHIP,3.070687218354948,4.447927127111481,2.8578301412442286,10.52070667824656
PI4K2A,1.1406011925363118,1.2353631006931762,1.9689894075352403,4.635800400212854
PI4KAP1,1.233198798163651,1.5004973727381936,1.6322242187184035,3.358851130395595
PI4KAP2,1.1598240633526287,2.19159091939918,1.1586430118546236,4.788443112756786
PID1,1.4823910936564826,1.779008144495559,5.32317347441472,15.635412427442331
PIDD1,1.8300414996576757,2.0949137543868077,2.4110836503139907,6.570448520756161
PIEZO2,-0.3971371604734665,1.2837045857542004,4.113803783335187,2.6616687057776707
PIFO,1.3275232861108277,1.6613488411779311,4.426900957787203,10.741333673501929
PIGCP1,1.3334626648408419,1.8043890388337653,2.5797593750935266,6.538393240156028
PIGPP3,,inf,1.6931604691704891,2.4011983142359057
PIGR,0.5418105785841111,3.0060949348536092,1.049732799703882,7.494603942071902
PIH1D3,-inf,inf,5.767774999999999,4.40685
PIK3AP1,-0.634233457001481,1.892470993837051,2.7847529773514763,1.0291941072534936
PIK3C2B,-0.027287682400500182,0.23907270426204322,2.039177365270545,1.9300030406418258
PIK3CD,0.720368760607112,1.025307224241925,1.9901123172660355,3.352636790064827
PIK3CG,inf,inf,6.078597172165234,5.3240227335736074
PIK3IP1,0.552583433777246,0.8137499835264668,3.2533932677567705,5.040001252898865
PIK3IP1-AS1,1.3105704453922824,2.744474066627508,1.491673482522358,3.2854323934156597
PIK3R3,0.4036160095809791,0.633780002069152,2.1413319309105607,2.933791065515182
PILRA,-0.10161374559389477,1.7965724252922326,4.588873737393083,4.756005163425481
PIP4P2,0.8080158376367961,1.584011976495503,0.8468819469036756,2.0406646077057866
PIP5K1B,-0.5369452235678607,1.2514908489381793,3.2311186946784693,2.1121325228395724
PIP5K1P1,,inf,3.4122914375125877,1.2610574912082295
PIPSL,0.7825437284271592,1.3462290434848512,2.127068629836943,3.493587247505476
PITPNM1,0.6347954565587889,0.8751515655736042,1.371305710282679,2.2025181856886835
PITPNM2,-0.052580489856662166,0.40390467322883267,1.9910066397716693,2.085196590942994
PITPNM3,0.3437589449080392,1.0765985818830726,2.6331087621374616,3.2078308518354075
PITRM1-AS1,-0.5270726748949284,1.3101792751536556,2.7182717459935644,1.2090110947412729
PIWIL2,-0.4929609410116054,0.8241056577073536,2.44769209056079,1.810992044777815
PKHD1L1,-inf,inf,7.074000845042956,2.927694657811771
PKMP1,-0.09348175299113327,1.6823464917899467,1.1455877959698948,2.450182617159267
PKMP5,-inf,inf,3.521296054350666,1.3650378886856547
PKN2-AS1,-0.8895227561388264,2.115653539700782,2.382181566139339,1.5037245508069859
PKNOX2,-0.12141813042523295,0.8249864435792786,7.074721123767927,7.319394440181786
PKP1,0.17752395816107766,0.411545532179952,1.9295124052564867,2.307479012743082
PKP4-AS1,2.43879129066024,2.6805324721962336,2.195260645834887,14.07365078181321
PKP4P1,,inf,1.4973550461570377,2.754952805725547
PLA2G12AP1,1.1688480608691623,2.2141126193066585,4.704563278692421,8.781214537374264
PLA2G2A,inf,inf,3.318701874972811,3.345608387349372
PLA2G2D,0.3903653794323621,1.2359388487765204,1.5009874718704868,2.1893964330097737
PLA2G4B,0.35172045020887177,1.7304792797402662,2.4035925528072655,1.7726432489337824
PLA2G4C,-0.08932088581890356,0.22657800895300986,2.1327908239478846,2.3451627965120863
PLA2G4D,2.412426648093502,3.6813198614560907,1.5674894588896697,12.377292691496836
PLA2G4E,0.48658307332539824,2.3890507088275417,7.4344491783323186,5.6195982958003645
PLA2G5,inf,inf,1.4143535767511175,4.067203800298063
PLAC1,-0.25246804038432924,1.6967357223911739,5.147713029560925,6.442936616594999
PLAC4,1.7184206932346437,3.05753638284861,9.397670834046927,21.53356739167666
PLAG1,-0.07267111653555797,2.396869473750707,7.579849479142766,3.6818525996971196
PLAU,inf,inf,0.5875979049541108,4.937953486137139
PLAUR,-0.12283344149817872,0.4814877796354348,2.3613841533298974,1.9085705462366713
PLB1,1.616939069469381,3.4831010320519016,24.724000800360166,37.23543094392477
PLBD1-AS1,-0.9750707928953282,1.9838878585810722,2.6935747085040287,1.5710038415942615
PLCB1,-0.3789411285420358,1.0644603158954167,2.0005415297812266,1.508974284319352
PLCD1,-0.47905959951752713,0.707772899205523,2.795349239483266,1.9343242919396852
PLCE1,1.4836354166064702,3.4381448307647555,2.126510249238092,2.6234862717265766
PLCG2,-0.3235809658472406,1.0005870267026162,2.3878482920910207,1.6733354707710941
PLCH2,0.6844728017752789,1.568764349918178,8.25098759080167,10.083655263226742
PLCXD2,2.891251904207035,3.5751906857101297,5.640977203109829,34.906313737591155
PLCXD3,0.011208873100502871,1.7285596115525836,1.4600386864201873,2.186002549786785
PLCZ1,inf,inf,0.7150251849100003,2.0539415520386046
PLD1,-0.33910275138291857,1.5627234659760683,3.6159617911797537,2.7743919575583162
PLD4,1.206854980447429,2.2525648116912853,2.5652282054470836,7.511627906976744
PLD5,inf,inf,1.7255649091714667,2.3785999113867966
PLEKHA4,-0.2221992462295212,0.6121135868056731,2.4486455358129815,2.1055009395848714
PLEKHF1,1.3416995649028247,2.0975693826716677,3.7982198628111457,7.173581408097173
PLEKHG1,2.266235842421518,2.6892989880990505,5.315850727362454,19.24515341443776
PLEKHG4,0.3112323728670654,1.187980173799199,2.3428698710818248,2.237656159894613
PLEKHG4B,0.26890575469471134,1.515902327879796,4.546286480756334,4.742985094000822
PLEKHG5,0.2880825036990149,0.8730272729986048,1.198213350032589,2.1945301417306733
PLEKHM3,0.5891163258739754,1.6938711786215883,3.362975161932984,3.430639122208095
PLG,-0.54445320097227,2.9201227627868245,5.112264626546851,2.13051500205294
PLGLA,-2.483821475515308,2.483821475515308,4.72878361925844,0.845365799667958
PLGLB2,1.1683791064226563,1.905384641955872,4.160834931138141,8.817774646013149
PLK3,1.1699229578378787,1.537255580414145,3.2377529785888983,6.529911414950998
PLK5,0.5102930188903179,0.6885816070023215,1.7546631743855872,2.42482620189954
PLPP3,-0.27076299927747294,0.6807500160782217,2.0875233813397682,1.3138092602561091
PLPPR3,0.5760567908751689,1.9325938904534858,1.6463610615825457,3.5068017385356587
PLS3-AS1,-0.26005501189987396,0.882912140809536,2.352733506018589,2.0084305957641324
PLSCR4,-inf,inf,8.07925816860374,3.023213558472479
PLTP,-0.07419078840251922,0.2398860943503569,2.5707127470899613,2.365254853461808
PLXDC1,-0.313711332411613,2.195041901411379,2.8450381781290064,3.9109688701409677
PLXNA2,0.078449140595801,0.6624466400098346,3.43107342669493,3.1770435628695015
PLXNA4,1.1366128449621993,2.48718755456468,5.456235992488945,8.330880125991884
PLXNB2,0.4037710580742963,0.5072473509672512,1.5909165354832993,2.2109676598139
PLXNB3,2.078086374085359,2.3135457552736343,2.345626964022603,10.075567825531373
PLXNC1,0.10619001853427434,2.173924476988452,2.9302315916340254,1.8571418676253113
PMAIP1,1.4703872685617343,1.8002628137035799,0.8354465701990527,2.198476893167853
PMCHL1,0.7044258399493388,1.6689955059550368,1.4934612165416874,2.1976103035375707
PMEL,-0.17835560423237826,0.7223964241153596,2.526847470355562,2.425702228613122
PMEPA1,0.310522229473519,0.46923694177402836,1.8777585172500861,2.5995258178892477
PML,1.6285310818610579,1.848200740372884,2.3756757221763047,7.367009553172105
PMS2,-0.09490948538532992,1.6437166634943208,2.2012147453142608,2.0208755319598097
PMS2P2,-0.8261904049450876,2.066434313080368,2.6186985275767407,1.61601572248565
PNCK,-0.020617822071020475,3.0082334958652392,4.103262884251722,2.648690341562299
PNMA8C,-0.2071571386813596,0.510822415537078,2.100886566523166,1.9370609348317362
PNOC,-inf,inf,5.963101360423581,6.346109999239987
PNPLA3,0.7497668460702431,2.0279194924672193,4.373414933450803,5.134122982285012
PNRC1,0.18164658100822612,0.5594690667365608,3.769450468732371,5.0430822150025385
PODN,0.5877971661760589,3.363000399074252,1.9526531492666093,7.030816142442545
PODXL,0.8995559262240207,1.1598543455888315,1.3154953428609106,2.570049972880953
POLH,1.5656438880517387,1.7503650436304632,2.222830997499914,5.611657964164086
POLR2J2,-0.0824703343900719,1.9494315692999487,2.5341667890163655,3.773058310277565
POLR2J4,0.03942727765650028,0.4717362096950092,1.6705126271034487,2.0666499259871007
POLR3DP1,inf,inf,1.7091159657002857,4.227337688852593
POM121L7P,,inf,6.321257459863831,1.9164495250903588
POMZP3,0.9580949643868832,1.17709575220697,1.218374410962669,2.1138335315850854
POPDC2,0.6955944325060849,3.5251448462124615,4.763410192348213,7.4882077601517105
PORCN,0.28521235905945697,0.4913452822063735,1.4780322350439197,2.077751354252723
POTEB3,,inf,6.840314700387987,6.072747521195574
POTEC,0.7021786760026028,1.098487911788772,1.381081000860764,2.0830934077350034
POTED,inf,inf,0.0,2.543809372180651
POTEH,,inf,3.373511003432263,4.085160508782557
POU2AF1,0.7657168678699858,1.7152353310299393,1.5495343485052644,2.1280253435248007
POU2F2,3.1770312885922456,5.879581658516005,2.5204851296005186,37.921517140258985
POU3F1,3.813175246555353,4.478020886546018,6.768318305173773,77.13496892234966
POU3F2,1.9768190469272224,3.2769840281930027,6.518673336531214,14.935756869732066
POU4F3,-0.43921143687563263,1.0856859084101895,3.6917304865784795,3.1069080219695215
POU5F1,0.6458078718478312,1.6546847408632483,2.544847089321047,3.21888639588376
POU5F1B,1.4155612508975064,2.4365032779032716,1.6719470236651155,3.1828973776493683
POU5F1P5,-inf,inf,2.957117062894975,1.2732730083949901
POU6F2,1.5887255659537178,2.0816514476483223,1.4784737620103474,3.7382483370288244
PPEF1,2.0044964200047892,3.915229149840752,3.9206164089644377,6.1050234631303555
PPEF2,-0.7185242792524278,8.104463451262097,2.7355864923935176,1.9903717508187495
PPFIA2,-inf,inf,0.7874548690043922,3.5337029531871993
PPIAL4D,,inf,2.2715030011273267,2.268303829865025
PPIAL4E,inf,inf,3.306064004485921,3.846707654103416
PPIAL4G,0.40074241977869474,1.0296081393822762,2.329563283391666,2.3060378269340185
PPIAP14,inf,inf,5.293477197103151,3.2812112611730933
PPIAP15,0.17578891706680314,1.6463347405157012,1.4383756361764874,2.077368455449265
PPIAP26,0.5271464302309143,1.3558172924671188,2.1848094129053335,2.107194043692236
PPIAP29,,inf,3.6295744218926234,3.1402125507680743
PPIAP31,-inf,inf,16.455084282104057,4.370724018445666
PPIAP34,-0.16849391874936287,0.9494015170267592,1.6845560748449702,2.030107570297543
PPIAP35,0.21286271863833084,0.9058733024123785,3.2522579072144087,2.012118256755565
PPIAP36,inf,inf,9.47919784692136,5.359577261388998
PPIAP43,,inf,2.9015750559571423,1.3829853594099732
PPIAP49,inf,inf,1.6553125502654011,4.089532732829339
PPIAP54,1.0911862628689837,1.6216338175972584,1.0791134065500874,2.500670906899349
PPIAP55,0.41687256395874966,1.2870429582893568,1.3861679057782141,2.236427216865723
PPIAP6,0.2238055405322789,1.6807147963200482,6.390416584466355,6.043766129714105
PPIAP60,-0.050140490397629404,0.8966089933049475,2.5602321201622407,2.370364622437723
PPIAP65,inf,inf,13.227411484470757,6.104692305913369
PPIAP66,inf,inf,3.2113830148393596,1.868429395904236
PPIAP68,-inf,inf,1.8985654328598869,2.523114314845992
PPIAP70,-inf,inf,2.6343825141346966,1.775935272837554
PPIAP73,inf,inf,2.7585187842115935,2.757177611777365
PPIAP8,-inf,inf,3.064666238767651,1.7267196191698757
PPIAP80,-inf,inf,2.391821054317596,2.4597362507219858
PPIAP81,,inf,3.1796565335604545,2.9599104890752446
PPIEL,0.08065100301011047,1.6471030370338677,2.69418269717892,2.3647164686072153
PPIHP1,,inf,2.551925734282061,1.759002912966638
PPM1AP1,inf,inf,1.5143313183454459,2.3617469265774638
PPM1D,1.2839147841758267,1.6501060357706119,2.586345970073837,4.894522582959172
PPM1J,0.8036300617713914,1.032675982658527,1.1737200492124784,2.24985991497448
PPP1R13L,0.5052372219912571,0.7621467782519682,1.3668982447191824,2.3182764696121736
PPP1R14BP2,-inf,inf,2.8756712309177357,1.9851095777769832
PPP1R14C,1.4152406421422734,1.9505407226712714,2.1805160941170683,6.344788015202391
PPP1R1C,1.086078523166135,2.998215276694965,2.1821689583514456,2.4876058320877004
PPP1R27,0.6316213885888311,1.9040085780915712,2.0408921063466123,3.6218170249398027
PPP1R3G,0.2309346742617009,0.664576161794814,2.0182185145317546,2.0395721205597415
PPP1R42,-inf,inf,5.130050286110629,4.343563955840703
PPP2R2B,0.050426397198406414,3.4349907593739983,74.8658552985476,146.31596288327057
PPP2R3A,0.5941898526409206,0.8499240921809641,1.507308462867195,2.3311603847502145
PPP2R5B,-0.21259595587695435,0.3474812967220177,2.9701962098281975,2.4754105406031965
PPP4R1-AS1,,inf,1.350604015604609,2.1435644946298096
PPP5D1,-0.3245109423814678,0.5384596413007129,3.0848696791463683,2.6836543164533944
PRAL,0.9449917713360202,2.1624763041176314,1.5497929989164554,3.686166314879654
PRAM1,0.3400186431505806,1.5284623170386864,2.916586112695506,2.7526943051844732
PRAP1,inf,inf,1.0377431906614785,3.772334630350194
PRDM1,2.695195467082364,3.313533605349754,3.568931127537252,24.656080931336124
PRDX1P1,-0.09301677224915392,1.0707999688652046,2.1497320204412316,2.248473918733641
PRDX2P1,inf,inf,1.4384275225609537,5.706106778500102
PRDX2P4,inf,inf,3.5253725279477868,2.4786574577670604
PRDX3P3,,inf,2.7668747523179116,0.8318429901554953
PRELID1P4,-inf,inf,3.442495550093236,2.060426025597559
PRELP,0.018314646119940332,0.36554718692386456,1.9138822779828726,2.060528830837847
PRH2,,inf,3.551086601166612,2.110157096890755
PRICKLE1,0.013332818606505925,1.0741289392299167,5.418548316571929,5.5692173152601665
PRICKLE2,1.6857951824186181,1.8658730400320171,3.1054947696501767,8.258406642910767
PRICKLE2-AS3,-0.26184936211272325,1.032902983658476,1.644066153814761,2.127770862665878
PRICKLE4,1.2143981906475632,1.8052272669382354,7.5502572137135955,17.405936861154867
PRKAA2,0.10073322022343956,1.1979471052244983,3.4683451254249746,3.0279105026187634
PRKAB1,1.4021215709358097,1.4893236452278633,1.257148104056665,3.529535344163389
PRKCG,0.9368463668989992,1.9199471799925756,2.164091043082888,3.054092561658642
PRKCQ-AS1,,inf,4.761304888423532,0.7378182056148158
PRKCZ,-0.03192718534162734,0.21586877784978822,1.8840517618944883,2.1659548002724516
PRKD2,0.7686944259100106,0.8834519696403655,1.5096134135000525,2.7249705772097754
PRKG2,inf,inf,7.30787607891492,15.279169235511715
PRKN,0.7868066139654797,2.150695693169963,2.982031861301354,13.241469804735237
PRKX,0.9196761874068128,1.1850255694363052,1.5821575460483877,3.1104900904369073
PRMT1P1,inf,inf,2.114674384949349,0.6447674178209635
PROCA1,-0.2491882972643947,0.6601320583145556,2.049372256560177,1.4581872520414858
PROCR,2.197135988640418,2.7161906967322107,3.298869491655772,17.1942818379705
PRODH,2.6765867802012266,2.9160060929886034,3.398918118133562,20.65098233168203
PROM2,1.1880617965513447,1.6999692416253993,2.693649117371956,5.311738178493515
PRORY,0.4984827957376115,1.1565065394685095,1.64638125,3.2262124999999995
PROSER2-AS1,-inf,inf,5.930175683769215,1.1990916350568974
PROX1-AS1,0.5588825509974061,0.9419450397419328,2.55500020111681,3.0290325232115034
PRR23D1,-inf,inf,4.47538503850385,5.734873487348736
PRR23D2,-inf,inf,4.47538503850385,5.734873487348736
PRR27,0.7630835204097199,1.3068332923511672,1.5457412283387424,2.4038485089706696
PRR29,-0.21676310006578103,1.2455588828097222,6.838058247653931,3.9792464309638085
PRR34,0.5147495171713837,1.0949647846184283,1.4075193648094881,2.5330965950124007
PRR5L,-0.2403849146090305,1.0110857914076856,2.5727315145194054,1.462422462534995
PRRG1,1.227864471608284,1.4375041141987563,1.0644555152782629,2.4172800659792717
PRRG2,0.8079448148517592,1.2070616044577123,1.9414824252164598,3.9236956917722736
PRRT1,0.6620602889799807,0.8217473707133751,1.3544861967324107,2.3941160108416506
PRRT2,0.08036549127305072,4.497212274229047,11.098083268373244,24.170718540389576
PRRT3-AS1,0.24035969680133767,0.541121153603402,2.0569983768260705,2.229516793607192
PRRX2,0.26159613728292075,0.7703508318220192,2.703567582334914,3.4171820435054596
PRSS29P,,inf,4.303596187175043,6.352642980935875
PRSS30P,inf,inf,8.228936170212764,4.949446808510637
PRSS36,-0.6014458581822006,0.8619770293594967,2.220634855029035,1.9677530017152658
PRSS55,-inf,inf,2.3124763500729766,2.069868641548192
PRSS56,inf,inf,0.0,5.2128725481871445
PRSS57,0.8066263558300406,0.9252715414450533,4.002556655485559,6.708306062341488
PRX,-0.023926163511721013,0.29613821071178686,2.0179309830889154,1.6434625956209339
PSAPL1,0.6347646772950414,1.2579059645243733,20.583380762663634,25.25184974388162
PSCA,-0.6333663817392302,0.744978474405777,3.329743329936872,1.9867805087161508
PSD2,1.9479073143041887,2.558709832781305,1.5202029113365683,5.291839435377151
PSG1,-0.7922818401759123,2.6835949752808443,3.63756445822118,2.0755918202465797
PSG3,inf,inf,6.757584899155319,6.967376314428548
PSG4,-0.2924618487078339,0.8755333793424224,1.7347517581756917,2.034762244313018
PSG5,0.32945415231360714,1.1055779630816167,2.02947964099127,2.501611759216703
PSG6,-0.015985780613403423,1.0001359045774534,1.7309470124013526,2.992108229988726
PSG7,-0.41353284009808416,2.632346081760414,23.32873106959486,11.15250032359667
PSG8,-0.0537835221476813,0.4780035422509303,4.199914760619406,4.550156646054688
PSMB8-AS1,0.3705926932447128,2.6690461184491046,2.2819994039158145,2.8805653629235635
PSMB9,-0.8795727138757402,1.4115829319162316,5.418551759062199,4.238161829616297
PSMC1P1,-1.066999381385325,3.9041192268276976,2.2751096365331893,0.7726655679676495
PSMC1P10,-inf,inf,5.411724078390745,7.780339002561224
PSMC1P4,-0.12928165274969036,2.2915921463138993,2.9815694591728525,1.933308589607635
PSMC1P7,-0.11084624490069547,0.42040346887924035,2.111105806481909,1.958601717134561
PSMC1P8,inf,inf,1.3377090768657112,2.4647665530282854
PSMD10P2,0.43731227579825677,2.2695433048338516,2.397110123384345,1.5633489109536576
PSMD6-AS2,0.8676229925027283,1.2850133940775577,1.3758100259819654,2.1554963319578175
PSORS1C1,0.06854195010854465,0.8690607147284611,2.209860140136927,2.094023184878482
PSPC1P1,-inf,inf,0.8678333062021814,2.212476712427877
PSTK,-0.015896368802548876,0.2976624256429554,2.2476717081123607,1.828637242029297
PSTPIP2,2.0966307653059895,2.8278166340188298,4.4865768260753045,16.920530247325058
PTAFR,2.019889124559193,2.2564405674479135,5.52449488238752,22.07784260355347
PTCH2,-0.7470562604347137,2.2863522128221967,4.05734678808762,2.5453790302731973
PTCHD4,1.5023056735773048,2.933646917322083,2.003999309471746,4.493094717458856
PTCSC3,0.8162756150306376,1.5144295525591853,2.464134383287588,2.8303884400504327
PTGER4P2,1.495318476580786,2.9990651243313713,0.5982117497112819,2.82589610760356
PTGES,0.9055128212489196,1.2352445395135203,3.333238365386982,7.038940791587616
PTGES3L-AARSD1,inf,inf,7.7042865178549595,4.100208578625757
PTGES3P3,-1.1696281958376518,3.30056535572572,2.30728749595581,1.4983215939858998
PTGS1,1.3513559691325288,1.8885774133908273,1.3129734664542947,3.15295151703508
PTH1R,0.6463949804282616,2.897631507293406,4.672900204858063,5.463505999414688
PTK2B,0.26830059666635864,0.9237616040584923,3.291008508679428,3.3884718378760255
PTK6,-0.5194605865355661,0.7159979308683745,2.0038330545553045,1.2491284048307516
PTK7,0.800449021845605,1.0968073927787378,1.7716429209043552,3.284984242580182
PTMAP1,-inf,inf,3.028598654332672,4.110902793716781
PTMAP2,-0.39155859673606597,0.5519574105149907,2.0267605645982196,1.444517393633565
PTPRD-AS1,0.18543101411155763,0.7428479527025937,6.471631516639628,6.488139606261236
PTPRE,0.9452647631733233,1.6804093714188952,2.659805200586333,4.758536845256163
PTPRM,-1.3055599530605055,4.737850171706897,3.8719535247120502,2.0962438356394553
PTPRQ,2.781882595150359,4.893196008807681,9.211962224554041,52.99816369359916
PTPRT,-1.361282086244184,2.6220409904634714,2.646657676748218,0.632363706414949
PTPRU,0.7768784252651272,1.0852821213163237,1.7605922122861541,2.855709812863753
PTPRVP,1.92635736424928,4.910036785331063,1.202373978052726,2.938197875224062
PURPL,1.9569787771371057,3.4966024885641165,2.4926208336281936,9.112683108060294
PVALB,1.0812432374560186,1.5508283437081523,3.0438039607331726,8.158215195272254
PVT1,0.9451689779783559,1.1965328983301338,1.5297859154035285,3.112333946736402
PXDNL,0.38896455113052014,1.2103604048143015,4.073472080609369,4.027994362142386
PXT1,2.242034615119509,3.164979508617445,1.1369486096957344,6.306653079050808
PYCARD,0.28814536504770033,0.5017725884183618,1.8844745964300487,2.4419483923318626
PYCARD-AS1,1.0457200660181698,1.65768077350541,5.0219811968484676,8.387979850852805
PYROXD2,0.2516485119996232,1.0160698860158819,1.8651508219550168,2.5543559168982926
PYY,0.8887972002900382,1.8861056881631495,1.3257535909366782,3.0903398745700987
PYY2,0.5147030205779932,2.6764119732333063,4.472746350282075,2.4463875287298893
QPCT,0.47043344756047545,1.2283377740721608,2.112746289691759,2.8957159517867637
QRICH2,-0.33187187433256266,1.8906038682842985,2.193877993964811,1.4845528569128117
RAB11B-AS1,-0.5790942383760155,1.388551519925046,2.4681994638646567,1.9772680407749754
RAB39B,0.9463855562892971,1.3953249246083075,1.2173056785187302,2.2346390237517255
RAB40A,0.7099435456156091,1.6180585121044455,1.8731211111370043,2.957842977325161
RAB40B,-0.07166889906132008,0.4015056708464,2.7146924590381447,3.2073691833270845
RAB43P1,-0.6558308812164394,1.305432214510926,2.0504368792555336,1.3256592204105877
RAB44,2.969434111369056,3.9456939673696008,4.685811384876804,31.85760407816483
RAB4B-EGLN2,-0.22591616069722253,1.090202073512436,4.396783788623386,2.9068039832076558
RAB6C-AS1,-0.8041752455476431,4.289638798105487,14.707653029542886,3.815269491473636
RAB7B,1.4848496501676238,3.0768918192165278,12.011719610521215,22.933427325197165
RAB8B,-0.2843847717044348,0.9013277039335047,2.4399589814617517,1.9742898998508418
RABGAP1L-IT1,0.9547129810657138,1.362841142660162,2.305708404989376,3.3062182837005043
RABGGTA,0.7844121687026651,1.0943048800789112,1.8663861419570966,3.271591808154352
RAC1P5,,inf,5.151777084614708,2.7975243827431684
RAD23BP1,0.7186882902341538,2.09684691354309,3.2837699226763455,7.350520751144075
RAD51C,1.016181253306567,1.2817239664894007,0.9545846499859632,2.052202659481162
RAD9B,-0.4665500662974778,1.4681515163250687,2.376320927620108,0.9040838108435468
RAET1E-AS1,-0.4926881754161575,1.4435458153890146,2.8431505746364287,2.112208706760182
RAET1G,0.6401746817132523,1.4096716860098408,3.692402511552005,5.100824239356665
RAET1L,0.4073659618837578,1.1017914041854324,6.884073959690988,6.131034394333504
RAG1,inf,inf,0.08703335854605092,5.235711811569103
RALGAPA1P1,-0.2801876802687355,1.4653221562276395,2.6755390624456066,1.6704600045951723
RALGDS,1.559429318573199,1.8449618238225356,1.566619181777595,4.726759955724475
RAMP1,0.5696725199819054,0.9247603375155987,1.270572649803821,2.0913192776719987
RAMP2,inf,inf,5.96088368663016,8.295882823654935
RANBP17,0.13466355936293198,0.6754590363131565,2.2201133843874445,2.003317549575132
RANBP20P,,inf,6.543072824156305,1.4191829484902312
RAP2B,1.5114202975913027,1.713331512798878,1.6694246623959883,4.457329917019053
RAP2C-AS1,0.36870952143142277,0.7863772580835128,1.7060280295194858,2.6486477798933956
RAPGEF4,-0.03381762332065302,1.408561864819941,2.2551958212163354,2.2551928578202043
RASA4,0.9557127977272901,1.5374922094376835,1.8651403204098405,2.64670904109808
RASA4B,0.07152320835546677,0.8632166698389437,4.6859721800719685,4.99643922263016
RASA4CP,0.48953818748109085,0.9252173990009446,1.588318788413868,2.4487554755679315
RASA4DP,inf,inf,3.1573614031844337,3.698530261363899
RASAL1,1.367325812684621,1.7672842493499243,1.7168483495451317,5.330270714513268
RASAL2-AS1,-1.1286583963701071,3.016070624475213,6.00362903773867,0.8053247029791939
RASD2,-0.9597332074760916,2.271671646951041,2.3363806669164475,1.5971150243536902
RASGEF1A,-0.07170528531041358,0.6022980533223334,2.6597904323747996,3.6128447067185827
RASGEF1B,0.5047025669312489,1.5275219297203633,2.77665172808671,3.383012051118712
RASGEF1C,-0.11222372557518205,0.6185575538580904,3.004517939363627,2.878810000147104
RASGRF1,1.25115241503594,3.3561076435022814,3.2498530089465905,12.874163740088036
RASGRF2,-0.05949696660323438,0.46533335917669805,2.4157260209207494,2.1465043437149105
RASGRP2,-1.3878805355832635,2.8776535299438857,3.634253450439146,2.826594045853769
RASGRP4,0.04852698670326068,0.961435623518912,1.9521702564713235,2.1437646060642144
RASIP1,0.5679187957760857,0.5994127059454913,1.5186889617890948,2.2972357338982534
RASL10A,-0.18738293123144117,0.5152723800000324,3.4165214470590555,2.9682354335842565
RASL10B,-0.17342840201132848,2.2703597387694407,2.7470724711188184,1.5591031840410694
RASL11A,1.4611697144784914,1.6755893054518205,1.3189704313421782,3.364920124838955
RASSF1-AS1,-0.21979922402969648,1.0685776009240746,3.446231127574788,2.164505809058764
RASSF10,1.5818991909898465,2.7398949435485065,0.8823694101078315,2.7124052974064425
RASSF2,-0.10000309626882502,0.4512531074400556,3.3241454025033272,3.271637277280959
RAX2,-1.318631844175216,1.8171277701676696,11.662829134845548,5.138265131653939
RBAK-RBAKDN,inf,inf,6.514675003280902,7.02840791915859
RBBP4P2,,inf,1.5903780149513376,2.001381118059147
RBBP8NL,-0.5584792197749378,0.8233587249418576,2.103040034403721,1.5310096296065394
RBFOX1,-0.1621617909698605,0.7212529018851996,2.5496533647657302,2.306427098034958
RBKS,-0.21830044313083583,0.5418108406674886,2.225872248748484,1.9769279681142058
RBL2,0.8964441912778855,1.0207187477578803,1.1985890581369165,2.138088093202213
RBM12B-AS1,,inf,2.8634706367463867,2.9931420634576154
RBM20,0.8290977397603512,2.998081226848454,3.7863542243270376,4.498329130532832
RBM38,1.0340595955466128,1.1035369820001406,1.1550215954239462,2.4335569144044777
RBM44,-0.3997428862615514,2.090252894498505,2.7525228263890558,0.7863086271912818
RBMS1,0.393292643062762,0.5888130306252554,1.6709302681990261,2.1882441999102653
RBMS3-AS2,0.18507686014954125,0.5585506761751612,1.9552014292997661,2.4401176725678755
RBMXP4,inf,inf,0.0,6.389552649269694
RBP1,1.0450842807918825,1.883432294510261,2.4404216056414936,2.687919557869564
RBP5,-inf,inf,7.681969542864308,8.697769356164574
RC3H1-IT1,-0.14536270052232506,1.5558957451264568,3.708692006189713,4.173462532778607
RCAN2,inf,inf,4.017043069431618,5.290487784400973
RCBTB2,-0.2397409858424009,0.8553691693198872,2.3608423567562786,2.018728292708953
RCOR2,0.691169510852061,2.015562234030517,3.4983199494055657,6.8848502716766795
RCSD1,0.528911663288049,2.46762751665497,2.585889151283667,2.2149981396125837
RD3,2.0862391772735362,3.2716967569460706,2.809605032240254,7.092471358428805
REEP2,1.1158145870003224,1.8585090206144548,3.859584957508107,7.484954982687223
REG4,,inf,0.7204821500469736,2.1190192591598445
RELB,-0.031991555477664954,0.5495190704595365,3.8914055427616616,3.918421845886317
REM2,0.847292284456953,1.4226171213450562,1.2613027845777234,2.172423245614035
REN,0.21966398491963082,1.0753548216795228,4.853137602839168,4.324931440554929
REP15,0.06481727812110372,1.5106208693575718,2.596057284832613,2.1276116070817115
RERG-AS1,,inf,2.582373674455349,1.2819574002613108
RERGL,,inf,1.6725063643887568,3.9254135543146886
RETREG1,1.349034930405825,1.7173358859732613,1.6895843559205632,3.623142632932938
RETSAT,1.3809909007064298,1.5428928393465686,1.6976443617631214,4.828635740849481
REV3L-IT1,0.8137197386440274,1.9832852694367236,0.8473278025671725,2.2626336921980448
RF00004,-0.3521412708905725,1.6713368009639853,3.357570400207377,1.0541504964006103
RF00012,0.4293300028077109,2.551807026601753,2.200545168764681,2.763427009937878
RF00024,-0.36896707806086193,2.5979503298970745,4.839061764328211,4.476035825878525
RF00092,-inf,inf,4.4750917954818386,1.8101514895639186
RF00156,inf,inf,1.8765224173052526,2.062344245795578
RF00272,inf,inf,1.6816454148896138,2.0243474824410073
RF00322,,inf,3.2689063626005264,2.8588101001344675
RF00334,inf,inf,0.0,2.127372089959142
RF00410,inf,inf,4.503342376065895,2.6585820982288952
RF00416,-inf,inf,2.7653060199529853,3.102232288453504
RF00493,0.08538639107518353,2.3932225694217473,4.218511691605918,3.910190525926874
RF00561,inf,inf,0.628631790110038,2.2608958391296636
RF00569,,inf,2.3455523917497234,0.3992876587858694
RF00618,inf,inf,0.0,2.6726391450183455
RF01210,-inf,inf,0.8108529875443186,2.057118859981614
RF01909,-inf,inf,4.705126677591392,4.235757893227337
RF01956,0.9578569902565746,1.3696608230218825,1.230991597346074,2.0885487079141853
RF01957,0.9400218764003877,1.4207959158076209,1.1688252001611026,2.1721290773336146
RF01972,0.2903282425967224,0.9530939097843419,1.3221253514002766,2.000581358102729
RF01976,1.4169313473445584,2.3065589675548823,6.882657162160152,9.647370842461887
RF01979,-0.41894402573671025,1.112676127496662,3.041427889196643,1.9138571682233159
RF02124,-inf,inf,3.95134518470076,2.6198726398709113
RF02157,,inf,3.3871704425253406,2.856229317263252
RF02201,-inf,inf,2.9349925050093257,0.6649994362409749
RFK,1.2681691141100675,1.7320272497959992,0.9873639532110464,2.5409563312348618
RFNG,0.6048849885541644,0.9685095417965008,1.3499937686272303,2.0369925358165846
RFPL1S,0.6350536877047165,2.6963591056953806,2.1195403804199855,5.058408839474347
RFPL2,1.3735655554670394,2.5935723235392873,1.56124919939988,4.2727831053633665
RFTN1,-0.2761341649242368,1.0113973307166193,2.422598699644748,1.7788364862565547
RFTN1P1,-inf,inf,5.278078627188973,4.533968633518531
RFX3-AS1,-0.6371111364807802,3.2538942002670113,5.943627788826969,8.269391331744876
RFX4,0.4240081759206298,2.0654712822732235,4.233927879022878,8.757037611477319
RFX5,-0.16907552734359949,0.5273704432555838,2.3466381729030483,1.990618366706843
RGCC,-0.2796426487686968,1.9867282348927926,53.16328875688593,15.975769907653076
RGL1,2.0719822805704307,2.341031777653898,2.380314955683838,10.401895136214877
RGL4,0.6666200062754075,2.099268424832464,2.73022279625444,4.761906683887633
RGMA,3.6749072706737884,3.9705557256526482,2.3286020011267365,29.48095977767658
RGMB-AS1,-0.42769890338661154,1.6441992022832113,3.1137690106976734,2.986444640026642
RGPD2,0.9143523087646828,3.282518893354655,2.678526122869065,2.18506496096871
RGPD3,,inf,6.187156421789106,3.093890554722639
RGR,1.274073693273334,3.4151349119422134,2.9741023518666516,3.5086282680671315
RGS11,1.0036398678887868,2.096826117313035,2.2895266024298286,2.811412695962781
RGS12,1.470007634441961,2.0263063939207115,1.4701405474849056,3.6613060425026984
RGS16,0.9156982539167635,1.242733877126731,1.2376627521436683,2.324448242269239
RGS20,1.811709582622338,2.2953049805149455,4.313425321093207,15.383345884017668
RGS22,1.4507213706955326,2.511777725749844,2.5854704924053125,5.599412814664052
RGS6,-0.13304108882772797,0.9270791210834657,3.294441374022579,2.6939121678868436
RGS8,inf,inf,2.5667914090465342,6.576472502440611
RHBDF2,1.2487623965921442,1.5168434080058806,1.3597875188467121,3.2308821051766237
RHBDL1,0.6698575586032554,1.239163154857127,1.4011064657427228,2.172717786358278
RHCE,1.861087999184595,2.733526695918053,2.3350757083306,7.315034917075674
RHCG,0.6399053402982392,1.0126978163718943,2.8463076794805025,5.393863834918902
RHEX,0.8552411167725381,2.3719739979684333,1.122033284826817,2.341516653493577
RHOA-IT1,-0.060149367935632636,1.1109374801667455,6.984004100129478,4.460900410012948
RHOD,0.5898968072200479,0.817759528400964,1.3271178332916909,2.3392661279550526
RHOT1P2,0.18719172951298174,1.3344828042985206,2.8635877896325397,2.565183084134068
RHOXF1P1,inf,inf,1.9945318336515314,3.0674856810824274
RHOXF1P3,0.059665293922525654,1.1570103122192936,2.352870320474213,3.060338542492155
RIBC1,-0.25292050056202486,0.6655545353658175,5.136245480667178,4.04406439384134
RIC1,1.1816870108276951,1.344414315778824,1.297419414811729,2.5565080924812147
RIC3,0.9410228120301678,1.2667172117683965,1.5794482821463913,2.4797831114964484
RILP,0.3997901253164732,0.8352507998805166,1.6406681111995365,2.357203865990516
RIMBP2,0.824426444763088,2.9887321813317005,0.9454675928583731,2.5831103966932663
RIMBP3,-0.12238158167480298,0.8075584261814434,2.1919641288029044,2.1263400231977787
RIMBP3B,-inf,inf,4.76054606085869,7.68288870362651
RIMBP3C,inf,inf,1.9347215861641658,2.448708278333019
RIN1,1.3380441906800509,1.6129284296121802,3.363714791092306,8.210658652639754
RIN3,0.5186297724643082,1.5454359775452844,4.862726177526698,4.31245248371288
RINL,0.8749725073728971,2.470079411956871,3.3503746430208605,2.9878060905360146
RIPK4,0.647144009582193,0.8551870705601669,1.5833327030667397,2.5122876202118936
RIPOR2,0.27171044151703605,1.322426898454295,3.9660834266517355,3.428396789846958
RIT1,0.36033815257426693,0.5528291091651067,1.612676849832638,2.199743059513091
RMDN2-AS1,inf,inf,5.097706497345229,4.098048606929772
RN7SKP106,-inf,inf,3.3140713550463,1.3003573757745162
RN7SKP160,,inf,1.585879156213971,4.106439343464483
RN7SKP176,-inf,inf,2.528841620239911,2.189840622058084
RN7SKP178,,inf,2.7722412511551284,3.683924123106593
RN7SKP185,-inf,inf,2.872542007977645,4.013347686212634
RN7SKP187,,inf,3.01506699159302,8.04794131751764
RN7SKP224,,inf,1.2951843858704999,2.542023445605197
RN7SKP23,0.5027753649408284,2.5650450830953484,1.5079663384779136,2.50279403938265
RN7SKP255,-inf,inf,2.5656882277844404,1.4532573793957215
RN7SKP26,inf,inf,0.0,3.4464734626570417
RN7SKP3,inf,inf,0.0,5.535503798480608
RN7SKP79,0.9206299473819313,2.033264504238379,1.2836870519060561,2.1312518210346822
RN7SKP80,inf,inf,6.0477354295639145,4.427452308712353
RN7SL113P,,inf,1.6851589354016756,4.139546593752791
RN7SL118P,inf,inf,3.017221077421254,2.725401787876868
RN7SL126P,-0.33268350153963117,2.4689125637159206,2.6721476328423064,3.865809111746567
RN7SL130P,,inf,2.5309426118391323,3.8796041572525977
RN7SL132P,-inf,inf,3.12231297520461,1.7266917687700776
RN7SL154P,1.5206463992186638,3.382147282229162,1.2533008595035826,4.464554205250121
RN7SL162P,,inf,3.0771388981927132,7.571963422971218
RN7SL176P,-inf,inf,2.3969526547986524,5.2000873891778365
RN7SL18P,-0.11486066277356204,0.852872569145017,2.9179559911833906,4.215961261734543
RN7SL190P,0.31288956384199057,3.113853765252349,1.946258719570091,4.208611285108796
RN7SL198P,-0.42544022132194304,1.220058831950114,10.076634170313115,6.977867501808357
RN7SL200P,inf,inf,0.6476168078886364,3.1971202708721123
RN7SL203P,inf,inf,1.526775688896162,2.6089458069972764
RN7SL219P,-0.02366866674988173,0.6542336909031361,4.7048181762806855,4.27263152017218
RN7SL220P,inf,inf,3.3632802009446925,2.583023964866274
RN7SL22P,-inf,inf,1.1238869237601263,2.110847087996824
RN7SL230P,inf,inf,5.28248642141502,8.150945468077364
RN7SL237P,0.014348041876101725,0.5995380995454035,3.6333810694959423,3.3757176273230742
RN7SL23P,,inf,2.079183760353971,1.935675511619391
RN7SL275P,0.044423033091265995,0.2408307941033146,2.519453296645559,2.15498178295115
RN7SL278P,-inf,inf,7.6828536407137635,4.7903998617102355
RN7SL288P,-inf,inf,1.38350790173382,2.0882727903449565
RN7SL296P,-0.2528004872535485,1.5755603196324788,1.4882163192950795,2.085074200226776
RN7SL300P,-inf,inf,3.1988860038529188,1.3639996370438618
RN7SL308P,,inf,2.4148513475608033,2.2582689768934436
RN7SL313P,inf,inf,6.5588742310693355,7.263972309423143
RN7SL329P,,inf,1.5492745030684572,2.463318888353074
RN7SL32P,0.7987915475991372,1.4233773997891401,1.176805114048483,2.113521981801045
RN7SL333P,-inf,inf,2.4617703925379324,2.6883827357250984
RN7SL337P,inf,inf,3.4279761361328536,2.045866397372142
RN7SL339P,0.6993961578816094,1.591138210578903,1.313237162940312,2.372597997971323
RN7SL33P,inf,inf,3.651511499388581,3.66363700498542
RN7SL342P,,inf,2.3705995707684275,1.8225336908114798
RN7SL344P,,inf,1.9401439297858776,2.561565396470694
RN7SL36P,inf,inf,1.479296800073389,3.1119536481832055
RN7SL376P,-0.908648470139409,1.80206674105696,2.803582983608776,1.6643665298759753
RN7SL377P,0.6419054365351772,1.715017909717552,1.292209949768438,2.1036994040080104
RN7SL378P,0.08352240719423618,1.9176773066091939,2.619211569347097,2.9962981203613337
RN7SL385P,,inf,2.0228986474134185,3.0135602918377082
RN7SL387P,,inf,2.9117643470395276,1.5576160731442885
RN7SL388P,inf,inf,3.7372996439464825,3.578176835862974
RN7SL38P,inf,inf,6.32655549903489,4.328579790532865
RN7SL390P,,inf,6.628145192823864,1.313403892927914
RN7SL398P,inf,inf,0.9006960179368245,2.4403451449062907
RN7SL403P,0.5621725738570508,1.2121790571903084,1.758706565351611,2.3377047543507268
RN7SL441P,0.024785199684789982,1.6239078884757379,4.4006318769301656,5.068721961061162
RN7SL444P,0.42506145941288104,2.1083066622347144,9.084496513111619,5.584823464125521
RN7SL460P,0.6410649936011441,1.981709944033527,2.779812121534032,2.569883356387044
RN7SL472P,-0.35486831625291687,1.6122199480258264,1.9797311532644597,2.545585811995395
RN7SL481P,inf,inf,2.9812163655707398,2.670106287378761
RN7SL498P,0.5168045431160602,1.747000127601327,5.5670895551846264,6.843807096293958
RN7SL49P,inf,inf,2.7668725810552486,3.321804010936063
RN7SL521P,0.9756249569946576,1.4276755036169544,2.430742559630955,2.9365074438863634
RN7SL538P,,inf,2.2224848273960967,1.0551740499893802
RN7SL546P,,inf,1.3637008888914692,5.546863478811172
RN7SL553P,,inf,1.5304069006431686,5.127821513659092
RN7SL555P,inf,inf,3.7468790345135425,1.4574845258307745
RN7SL558P,-inf,inf,3.2301756368634615,3.8315927956472975
RN7SL559P,inf,inf,1.0448069904682922,2.5744574395926985
RN7SL560P,0.41001631616441314,1.0927008412930201,1.3643800466870732,2.3750028267182457
RN7SL561P,0.0625428648397438,0.7320902384221705,3.2876269601869375,3.7508456953971936
RN7SL563P,inf,inf,1.4168306762215965,3.7191622799996233
RN7SL571P,inf,inf,0.0,2.8311984185659846
RN7SL606P,inf,inf,4.628028044838155,2.7102626011990085
RN7SL608P,inf,inf,2.6631385519477893,0.8848041856563386
RN7SL60P,,inf,7.627836371296687,4.135858770585539
RN7SL615P,-inf,inf,10.28067473537722,4.331333024079618
RN7SL621P,,inf,4.852217162884297,3.6927396863749737
RN7SL636P,-inf,inf,6.2287883469212835,1.451783542966492
RN7SL648P,,inf,1.1962478289513088,2.557001257710966
RN7SL650P,,inf,3.000834556906125,2.4917143714900196
RN7SL657P,0.21448856130599017,1.6114564298198215,3.8882293221132294,3.297095503220849
RN7SL665P,,inf,2.665851510143295,3.2654219865240366
RN7SL66P,0.08083627813700234,3.151422001486895,6.102762537110525,9.337841300361257
RN7SL689P,0.0082355280698172,1.7945974084123029,2.3522697988237127,1.7032909722656235
RN7SL693P,1.241541164137229,3.1365048528977266,2.6703016697772983,2.9188239274778414
RN7SL716P,1.2397044180670704,3.1683465927722003,1.9723929245075844,2.3114194670705857
RN7SL731P,0.4913827166689171,1.1371075686444776,1.6032575077623523,2.2141079471516907
RN7SL735P,inf,inf,2.61299558702937,3.883772988295334
RN7SL737P,-0.6986166679555518,1.393345836204798,4.16293586206682,2.763573112547353
RN7SL73P,0.3370112896713693,0.9817467550090575,1.7989655241496318,2.018162880004386
RN7SL753P,,inf,2.9835256944097632,1.3143507526849791
RN7SL754P,inf,inf,2.3598595973802,2.458404516210026
RN7SL75P,0.046100891823954715,2.2186715476938486,6.460770900347827,5.614773661826953
RN7SL764P,,inf,2.83951286149612,1.5772066440076993
RN7SL767P,inf,inf,1.2757457421982092,3.8513519537632037
RN7SL769P,inf,inf,0.0,3.636325981380507
RN7SL783P,,inf,2.740096347687601,2.35548747642202
RN7SL784P,0.32947016977705246,0.7155730617105683,1.8943521106199306,2.419273810168442
RN7SL785P,-0.43443205249849437,0.961031177374689,3.540325481689767,2.6034250226271864
RN7SL789P,0.5044324437008262,1.8165136834314326,5.399608684779651,4.908846087259996
RN7SL792P,-0.3006842078516788,1.4165126923769835,4.083464321180309,4.078232373386296
RN7SL797P,,inf,2.7959747001134097,1.0302309663817266
RN7SL800P,0.30092582889274233,2.841314081295143,2.1929390890145872,2.592855969038404
RN7SL806P,,inf,0.7710150856488458,3.0019697233493883
RN7SL807P,inf,inf,0.0,3.764007684250517
RN7SL809P,-inf,inf,1.6744375856230314,2.125499952940013
RN7SL812P,-0.892914561652454,1.777863571177332,3.7434722151650086,1.2903356934032473
RN7SL827P,-0.535636655148876,1.2967343074818145,6.884785411938179,2.955427799065295
RN7SL828P,-inf,inf,6.641973673501099,6.782978046452433
RN7SL835P,0.9228961780004694,2.808064003419547,2.5724945208177754,2.091929800393204
RN7SL840P,inf,inf,2.688128702659542,2.468486852106379
RN7SL842P,,inf,1.667842631375539,6.691190448833783
RN7SL856P,inf,inf,0.0,2.8167375978974287
RNA5SP199,-0.6715820081704345,1.6811934815032061,4.285485162824522,1.789509294517535
RNA5SP29,,inf,2.3675994128968663,0.5139898769874326
RNA5SP383,0.5394918962792821,2.251985839963184,1.9525250259825746,2.482941666883777
RNASEH1P2,,inf,1.5456645664566457,2.9040204020402043
RNASEH2B-AS1,0.19672973547430056,0.37500643422771396,1.8790247648665048,2.0419055639066634
RNASEK-C17orf49,0.9289778289366336,2.0857269984788,2.301320381757939,4.716900285363706
RNASEL,0.4315234741575007,0.649039236203533,2.7017334156575967,3.1428050539409105
RND1,0.34323540814502296,0.5707081916995603,2.996367384732342,3.7143458343358904
RNF112,-0.5956803241677324,2.69089712838577,6.958400979094334,9.664735120013985
RNF144B,0.640089292393188,0.7535080587971235,1.5969610446669251,2.2898041446133552
RNF150,1.2175621492542432,2.5482008973707306,3.4122715384791342,4.414116767950956
RNF157-AS1,3.0930653345833594,4.489972457711655,5.756941992400566,54.73955341473826
RNF180,0.24681285600154237,1.5666969471076142,2.3018545039059877,2.459608832546621
RNF182,-inf,inf,1.7359189241863187,2.8931232478299327
RNF185-AS1,,inf,3.8526617097431233,2.434747572623544
RNF19B,1.5755555482039196,1.7373064147688408,2.2539720810433375,5.581122468456107
RNF212,-inf,inf,2.958435751918089,5.701479572010808
RNF212B,inf,inf,3.7257799152059734,3.942004682655192
RNF217,0.17700625800024183,1.7405755049585057,2.473871229778879,1.0712765175790577
RNF217-AS1,0.3520196509683796,2.596514856703198,2.922207446808511,3.4899119589141594
RNF219-AS1,,inf,5.406283351120598,1.3420757737459978
RNF222,0.12287349744114581,0.4263624130326614,2.0395180098471104,2.5960611557398283
RNF224,0.08647963211935907,0.4228908727430048,3.1516265906807055,3.2101338533395793
RNF225,0.6628730452997866,1.5118246298854172,3.15814894589126,7.124143332680633
RNF39,1.4561326709021085,1.7432152008590773,1.6019633385303662,5.306156651862587
RNF7P1,,inf,1.494980843700474,2.677217088066052
RNFT1-DT,-0.18168472779400033,1.5496996978118165,6.089553203274048,4.500609268262662
RNPC3,-0.3334560532820366,0.796041513122556,2.7264138443083183,2.141846779830339
RNU1-103P,-0.8915727737394636,1.5143244944995826,3.974867497943204,1.9438822713128645
RNU1-106P,1.996630373081702,2.667691791520035,1.1827414198072346,3.5855509773307173
RNU1-91P,,inf,2.7967594085332963,2.5639117696691005
RNU2-11P,,inf,5.349869717158368,5.935413385066607
RNU2-18P,,inf,2.096810345718034,1.3785840015408721
RNU2-22P,,inf,2.9713017735134515,2.9403433221507562
RNU2-30P,-0.05728213915746161,1.0844532501066295,5.080086662110213,5.024753028789602
RNU2-52P,0.5807776281297978,0.74883842818064,1.3277163654775124,2.1714341792067104
RNU2-58P,,inf,2.6678562580070535,1.5300812348385417
RNU2-68P,inf,inf,0.0,2.826689930077446
RNU4-23P,inf,inf,1.4979042165979317,2.600714007388346
RNU4-32P,inf,inf,2.22944941076182,4.741527422383794
RNU4-46P,-inf,inf,4.765512206083043,0.0
RNU4-86P,inf,inf,2.0009966760557663,2.484425985601877
RNU4ATAC18P,0.7475006092563814,1.4755090743465593,3.3632911136033945,3.577301093426026
RNU6-1016P,,inf,4.937310243290954,12.25938687266361
RNU6-1156P,inf,inf,0.0,2.1689574438886288
RNU6-118P,,inf,2.9287875625159105,1.3142751136374693
RNU6-1201P,,inf,2.795922280498511,2.600606214177913
RNU6-125P,inf,inf,1.4979043184864926,2.7924119077614646
RNU6-146P,1.3372778604161355,2.6961024650898824,4.22368097653385,7.47206994406383
RNU6-244P,inf,inf,3.7160983312632374,10.96056752561387
RNU6-312P,inf,inf,2.031555071600787,3.687869190332442
RNU6-531P,,inf,3.3632908481738393,3.3604334426022326
RNU6-548P,-inf,inf,1.5304078499606941,2.628702175272614
RNU6-611P,inf,inf,1.1962473974265087,3.868530778403717
RNU6-761P,-1.0655241111699882,1.0655241111699882,2.8372694695442613,1.3556446556454853
RNU6-762P,,inf,2.4622681024539896,0.5545599629153101
RNU6-817P,-0.2593467475042912,1.4267913875958949,1.822608343556593,3.313877631643615
RNU6-941P,-inf,inf,3.6420111513249473,0.0
RNU6ATAC,,inf,3.3863139695806326,6.288629850567712
RNU6ATAC24P,,inf,4.653348759610832,1.3785894576414506
RNU6ATAC2P,,inf,3.3863139695806326,3.183631645060251
RNVU1-19,-inf,inf,3.0744558253464276,1.0350166938752012
RNY3,inf,inf,1.9500053609032806,2.711221600556853
RNY3P15,,inf,2.38401619964695,1.6123331342566427
RNY4,-inf,inf,1.6570358168426969,3.5189380113028546
RNY4P19,,inf,0.7659923580996792,2.1846366032867417
ROBO2,-inf,inf,4.679226804123711,3.3547422680412367
ROCK1P1,1.5422536357667946,3.2315185560151303,3.1029173880643834,4.787219578318728
ROPN1B,inf,inf,5.23881817307384,12.845346115617685
ROR1,-0.24768292041704612,1.0720993051398515,3.7280983482673,4.018973334772752
RORA-AS1,-0.26507378709179885,0.6618715060438061,2.161990849404815,1.3665032687363219
RORB,0.28621233541835805,0.7317281939696555,3.242093134138589,4.317387158296249
RORC,-1.0446104770930917,1.939044838680624,2.420689655172414,1.0018419121906013
RP1,inf,inf,2.643633125556545,2.096260017809439
RPA4,inf,inf,2.1930346517325865,1.3017150857542876
RPEP4,-0.6938641731835542,2.177565303625155,2.601640251384029,2.2612052212174105
RPH3A,-1.2810108519102021,3.0685612978350165,1.726312673104566,2.5767931782680007
RPL10AP1,0.40503619124029877,2.0169484110866547,3.6523065912946984,2.737658912359984
RPL10AP3,inf,inf,2.5942390981904477,1.6645624443785225
RPL10AP6,0.3212789156776905,0.6359829454755024,1.5802703602244894,2.340224623125638
RPL10P14,inf,inf,4.063209941383713,1.2172674612515288
RPL10P16,-0.07727172027267601,0.5208003108556105,2.3869151446580488,2.4248971538135224
RPL10P17,-inf,inf,3.465555275348084,0.0
RPL10P19,,inf,10.700119069426636,12.266092690969039
RPL10P2,,inf,3.9095771213212878,2.200243861885496
RPL10P3,-0.29341465196251565,0.7071612035296074,2.0924847320393347,1.900903994251628
RPL10P5,0.6098254294462588,1.62983335603828,4.621415201083996,6.605577828376661
RPL10P8,inf,inf,3.516286050231145,2.730439394713972
RPL11P3,0.9903870059104246,1.9099136155208525,2.737804361762607,3.2944879222962755
RPL12P11,0.08363738086171632,1.4069400764596631,2.2264496819002946,1.8538354296870614
RPL12P14,1.6709455477068245,3.5532136370116403,0.8562150307340819,3.3237592885643137
RPL12P15,0.6067962812151321,1.1272519671965748,2.0229195827058857,2.029358715229267
RPL12P17,-inf,inf,4.867460806907073,3.760579700736798
RPL12P19,0.2491846189647459,0.8929278921756385,1.4344978505022552,2.154789956304134
RPL12P25,0.5769884328690896,1.0022644758563743,2.6068528544698877,3.2773665074628213
RPL12P26,,inf,4.974992746669046,2.8812685517887826
RPL12P27,-inf,inf,4.668454094722688,4.028543851109993
RPL12P32,inf,inf,2.5632863498081426,3.8430357879932124
RPL12P35,-0.058209439483521586,1.4048789888007702,2.2217170455368613,1.9517090182292318
RPL12P4,-inf,inf,5.028262517878582,10.417224325209231
RPL12P42,0.6256593717722532,1.112689878273297,4.229974759587032,9.147255399954393
RPL12P43,-inf,inf,2.3838138720105615,1.0350185332498352
RPL12P8,-0.10442625709422992,2.426013748088476,3.7635489353767593,3.0428144206427183
RPL13AP2,0.8389401169483718,1.5162140369357309,1.4512554923165688,2.5261803064918706
RPL13AP20,-0.3558948261706251,1.1140020627978298,2.363271765068374,1.7687574909819583
RPL13AP23,0.9804534670607473,2.466673586929891,0.862469417776905,2.0633645453020115
RPL13AP25,-inf,inf,4.856721547806366,7.395082673323898
RPL13AP5,0.08286888723394048,2.636991873003303,1.3408152614122943,2.678854028512263
RPL13P,-inf,inf,2.9301303894787245,5.161620997493594
RPL13P2,0.5803952859792426,1.2393040452361093,2.000940214019851,3.245529621588089
RPL13P6,-0.5773051376826996,1.7232720616260218,2.3165592436428475,1.6509612348384937
RPL14P3,-inf,inf,2.135103744884229,1.601975145976215
RPL15P14,-0.6458610459462407,0.9789290553087872,5.877709162163766,2.982092314391465
RPL15P18,1.5602243454045364,2.900470946528764,1.8942107588233101,6.147530644071044
RPL15P2,-1.1297334615762418,1.87547715682429,4.402374183319209,1.3021445559170062
RPL17-C18orf32,0.18610591555348643,1.0190448460642685,2.0103835441646676,2.2278252233633125
RPL17P26,0.42802667785172116,1.3393465678666139,3.802753809360556,3.5426557511121395
RPL17P33,inf,inf,1.4142896007617494,3.2342991226280353
RPL17P34,0.8857921695444353,3.6746211162759845,0.614837612889119,2.0613692748498047
RPL17P36,inf,inf,3.065565022102912,5.138646733371844
RPL17P50,-0.39843081840223793,2.244373937017331,3.0514022050215894,2.3253943737464953
RPL18AP8,-1.6044429833576133,2.497837719000497,3.441973793949587,0.6871437335005963
RPL18P11,inf,inf,1.3258281557240588,7.939637138064693
RPL19P21,-inf,inf,4.235241971781374,1.4107082053188784
RPL21P1,inf,inf,2.207813613684961,4.1869264522451894
RPL21P10,1.096998484747325,3.087996689718035,1.599810747783809,2.0654147513788095
RPL21P103,-inf,inf,2.9311776318552845,1.2013357041849264
RPL21P104,,inf,1.6457712821223247,2.7571863960656646
RPL21P106,inf,inf,2.28028685790527,1.8569490771625525
RPL21P111,,inf,7.999155405405405,3.7032811921510547
RPL21P119,,inf,0.7950048901934832,4.22122005138061
RPL21P120,,inf,2.4686938033402552,1.6106173808506625
RPL21P123,-0.42019007353364,1.8085614434428934,6.046052710572132,2.611046406916011
RPL21P18,-0.29280783294478396,1.574011822601119,2.12898149378187,2.024494425653236
RPL21P2,inf,inf,5.867861876525986,5.433986745727241
RPL21P3,inf,inf,2.9609186511225296,1.4364882037681639
RPL21P33,-0.4926530906428478,1.5755986644434703,5.024204295210851,2.3024938772150074
RPL21P39,-inf,inf,3.1736642616240824,6.378246024370635
RPL21P4,-0.09561466455874443,0.939635787082526,3.4889454456727282,4.554218827309019
RPL21P41,-inf,inf,2.764150051161217,0.0
RPL21P42,inf,inf,2.0563678799424143,2.204634853927029
RPL21P44,0.20447423502974324,1.4953119840674267,2.2361654917422187,1.2536530914442485
RPL21P65,,inf,2.9845565666352734,1.311436644148875
RPL21P67,-inf,inf,1.6066001950796576,4.751793649073371
RPL21P7,inf,inf,2.172523950232169,1.1616595954753914
RPL21P71,inf,inf,5.350156972027232,3.1624078450739
RPL21P90,inf,inf,1.537303189341946,6.9480162953719695
RPL22P16,,inf,3.528606885175194,4.110617577287019
RPL22P2,-0.35539763690450105,1.55734152414933,4.929586381324162,8.065169474997447
RPL22P7,-0.7352172982545252,2.079335046818733,3.0990829826785613,2.4192593082313776
RPL23AP15,inf,inf,0.0,2.608971102833277
RPL23AP18,-inf,inf,2.7219332923927233,2.64727105242957
RPL23AP32,-inf,inf,1.4879625808226717,2.31435389483264
RPL23AP34,inf,inf,1.4978988148002232,6.852523063790669
RPL23AP37,-inf,inf,6.596519108037327,4.1863425631637385
RPL23AP38,-inf,inf,1.1707074681679683,2.9294373146074215
RPL23AP49,1.6056247079473143,1.869562790224095,4.229092208720515,9.570352449551878
RPL23AP53,0.8694341303127364,1.5255864227624596,2.3055582888643027,3.166793350337282
RPL23AP55,inf,inf,5.485226143826922,2.401043103924058
RPL23AP69,-0.2474316593420583,1.2298855873210341,2.012351760715954,2.5142108792323388
RPL23AP7,0.543090420915966,0.8310799701628393,2.1900920834837425,3.2285460450435384
RPL23AP78,,inf,2.4854955141800086,2.437867546212978
RPL23AP8,-1.0229185331829005,3.0717535807940597,5.01294758307985,2.7497522129942924
RPL23AP81,-inf,inf,2.0406685715513357,2.688282810922294
RPL23AP82,0.7791781234478455,1.0960739537321755,1.579776019978123,2.4694076463697905
RPL23AP87,0.24698291857632074,0.9800238831325804,1.533393184720808,2.2682221013575594
RPL23AP96,,inf,3.003667002907494,2.8193912063134157
RPL23P2,0.16931542256706644,2.0387762090780672,2.6170157824924907,2.241596170356458
RPL26P19,inf,inf,1.3276835092537402,2.0379112878279173
RPL26P30,0.5448073059752297,1.033385328734816,4.229490129197305,7.21075410680096
RPL26P35,-inf,inf,2.486536675951718,1.36221371092541
RPL26P6,-0.9181558288358495,2.2576275722562067,12.005083626760564,10.155869592555332
RPL27AP,inf,inf,3.028228712307984,2.7685757633225863
RPL29P11,inf,inf,13.541818452951578,8.485630898361773
RPL29P12,-inf,inf,4.64553032659409,4.110919129082426
RPL29P14,-inf,inf,4.72660303342553,5.350272068261114
RPL29P23,-0.3384088491262376,1.1611894491539565,3.5614970771852814,2.150396900543585
RPL29P24,-0.7568318513567658,1.7403429507094164,2.3729976616873096,1.601454490273125
RPL30P11,0.9472694920972308,2.659113865153795,14.528781413565099,18.871468807040024
RPL31P11,-inf,inf,4.971097130196684,0.0
RPL31P35,inf,inf,2.565157298404918,1.6142251597091084
RPL31P49,0.9795232418372846,2.498033255548892,3.0435536910317476,3.2172566514334533
RPL31P52,,inf,1.3618102661945297,3.093568392835093
RPL31P63,,inf,3.3980059448949733,2.212793458045162
RPL31P7,,inf,4.122889194781511,1.3884166549765027
RPL32P26,-inf,inf,5.00048945307566,0.0
RPL32P33,,inf,2.796037847427558,1.4231002365464223
RPL34-AS1,1.1311748738941396,2.851402850300176,3.86336675305076,3.290757726634546
RPL34P6,0.31449191801149096,1.7875602123356824,3.291023521357806,4.400877045686459
RPL35AP32,-inf,inf,4.033456672057521,1.58120327857361
RPL35AP33,,inf,2.7960367808919626,3.1149475095187746
RPL35P3,-0.0944739439345168,1.7055537286553268,5.4954460706220125,2.600184257978677
RPL36A-HNRNPH2,-1.3345991912291433,3.7827632026045364,2.2053420839487354,1.228432154938301
RPL36AP10,,inf,0.7633877418257893,2.7734267000805777
RPL36AP13,0.7915023216388826,1.4233637031327413,4.209773851370268,5.107595317344283
RPL36AP21,,inf,1.3040478622501097,9.699890850722312
RPL36AP26,-0.25927024614983296,2.2608920959174537,2.619158324621631,3.1271098929223964
RPL36AP39,inf,inf,2.373300842906357,3.7389806531050658
RPL36AP45,-0.4868828034223128,1.92112081861171,2.063715884494377,1.1277193308531852
RPL36AP53,inf,inf,2.7235916329119934,2.8268537930753728
RPL37AP1,-0.39955672869612446,2.2788383917442228,2.2567529528999932,2.433100217534794
RPL37AP8,-inf,inf,1.7959234492800649,2.2134958107337495
RPL37P1,,inf,2.9818135076572774,3.327365431464003
RPL37P15,inf,inf,1.3711302137692418,2.688383012166216
RPL37P6,0.3639389210084281,1.1409897099971622,2.010809582569544,2.176261064851759
RPL39P18,inf,inf,1.4697837092849177,2.5194496768325063
RPL39P34,0.4029531300657789,0.848321465382785,1.7651540633539178,3.1779921771056356
RPL3L,0.12240580190435024,1.9665013413695154,1.9247532918789592,2.174201964305561
RPL3P3,,inf,6.229423525491503,6.874858380539821
RPL3P5,inf,inf,0.6504698657296217,2.893518593143023
RPL4P1,-inf,inf,5.694819886871092,2.2072194105388507
RPL4P2,-0.18590112969936223,1.3768155187967888,1.8407556172581578,2.0937192516612524
RPL4P4,-0.4965062618643557,0.781065293707272,2.2591804911186424,1.8586367765160583
RPL4P6,-0.7265406671729043,1.640965248342783,2.7243798930612373,1.9766588530894273
RPL5P22,,inf,2.5850201939587416,2.460361798350625
RPL5P30,inf,inf,3.1428707951070334,4.084496049949031
RPL5P32,inf,inf,1.4232110002905005,2.40558729543914
RPL5P34,-0.8712722470372969,3.2214900542357334,13.50797460635154,6.853728519381421
RPL5P5,,inf,2.9174995049178163,5.646722555944287
RPL5P9,0.948729971997128,1.9151562985518789,5.237933695383137,8.577297147765822
RPL6P12,,inf,2.787273838630807,1.3184841075794622
RPL6P24,inf,inf,5.593645096916912,2.128521262936435
RPL7AP14,-inf,inf,2.4613200086275078,1.5698348790950705
RPL7AP15,,inf,1.7142405230136553,2.8821637581061843
RPL7AP30,-0.4427276544607205,2.1671358442575377,3.1766896538519225,1.9273374648570507
RPL7AP34,1.0867311325878044,1.5704443843448717,1.0390944772855328,2.071164038849044
RPL7AP4,-inf,inf,2.438350050054518,2.9400397885595133
RPL7AP50,inf,inf,1.9871947019867553,2.9151523178807954
RPL7AP52,inf,inf,0.0,4.0569993722536095
RPL7AP53,0.2714996350697466,0.8612931404162607,3.125484781155935,2.459583959241257
RPL7AP57,-inf,inf,1.3794940279695098,3.1111277834463724
RPL7AP58,-inf,inf,6.159128739240026,6.5805630855566655
RPL7AP71,,inf,1.3989779705415037,2.4165986745108134
RPL7AP73,inf,inf,2.7097461775158553,3.0134630542286445
RPL7L1P13,,inf,3.229369302569023,2.0774087320626333
RPL7L1P3,0.16479667119441932,2.6202220492701906,4.2776614676018,2.177349392860881
RPL7P1,0.3554815667210077,1.5067184601247938,1.7810480075338626,2.2847268401769596
RPL7P13,0.3434454603810678,2.787310129426209,2.065054450178861,3.277463513387892
RPL7P15,0.08032313789776697,1.3123000399798044,3.059321976427186,2.8866931600862618
RPL7P20,inf,inf,2.282339426062626,4.349537642602852
RPL7P22,-inf,inf,4.575369863995127,0.9755095704920773
RPL7P23,0.8089565543608116,1.6490066206016298,4.5171061798877945,8.72091074999789
RPL7P24,-0.6411719786638852,1.413729089540908,9.629285224545766,10.173289124100103
RPL7P26,,inf,2.7162039831019915,2.298709437816257
RPL7P33,0.9125759547040676,1.0945583412106807,1.8917574935739692,4.039804565551186
RPL7P44,1.3297423468101657,3.3902958913498233,1.123580006199606,2.1604036504314195
RPL7P50,-0.28413329113641206,1.959471720975671,2.4645110628922793,1.328279605098864
RPL7P53,,inf,3.0570140045149494,1.8283093455366355
RPL7P59,inf,inf,0.0,2.179767800600796
RPL7P60,inf,inf,2.0845719748917717,2.08669715079618
RPL7P7,inf,inf,3.3370851852185752,5.137239346213139
RPL8P2,0.5568828773491835,1.0723421556915833,2.1339482183278453,3.396886533039939
RPL9P18,0.7703211336440332,1.3044789557189864,1.0321465417243536,2.252067374768139
RPL9P2,inf,inf,2.0119365639894977,2.0256753913290093
RPL9P21,,inf,2.835531658340921,3.7683761104412232
RPL9P5,,inf,6.015139986124478,2.749737036456818
RPLP0P2,0.762483510042322,1.1884311731614545,1.5324616181723976,2.3345249280456932
RPLP0P7,inf,inf,1.5114946777054998,2.6787219101123596
RPLP1P6,inf,inf,4.3358146286454655,9.077259258370624
RPRML,inf,inf,2.5707740640544547,2.8317916048520813
RPS10P16,-0.1410261091537897,2.522647075383883,2.214850070630538,1.322492615898292
RPS10P27,inf,inf,2.695203547740844,1.6150681734191743
RPS10P3,-inf,inf,2.3800632864913203,0.5869756792527037
RPS10P5,0.07291888903202787,0.31831412999034836,1.9950448163232968,2.1833381948870856
RPS11P7,inf,inf,0.0,2.217448074820843
RPS12P16,inf,inf,0.7659924596559483,2.031249080201111
RPS12P23,0.3578471401789667,0.7393738617001699,2.6200539998088503,4.34341449233808
RPS12P26,0.8561380178756428,3.075751654210388,1.4241961089890873,3.134901850833658
RPS14P8,inf,inf,3.096316889126794,2.6253604544748157
RPS15AP1,-0.2296874893013944,0.8207823156993455,3.375023263862814,3.0736362478736017
RPS15AP10,0.10210829716186559,1.168724248747794,2.162179230481984,1.313486227332903
RPS15AP11,-inf,inf,3.200187944623637,1.306590026471776
RPS15AP12,inf,inf,1.5291711890386772,2.0551743242140144
RPS15AP24,1.0726743183944702,2.6686779656678015,1.8859082946189105,3.151264656789537
RPS15AP38,-0.8029352262408869,1.6197337996472068,3.756662986036996,1.5990107846142294
RPS15AP6,inf,inf,2.995812302401686,1.2006004215430697
RPS18P13,-inf,inf,2.106654087435679,1.2312824425759359
RPS18P6,0.5060240270911274,3.0574547337899336,3.078527714065201,3.2777667866033284
RPS20P10,0.16863976908761197,0.723199067099192,2.9819472665719275,3.2841295696560406
RPS20P2,,inf,4.758192797393086,4.4755286894883595
RPS20P22,-0.08563640790439714,1.6694873865248017,4.5327056319331565,3.1155509614970818
RPS20P24,-0.5644904958095096,2.357607636247323,1.508457938374783,2.7716368808854344
RPS21P1,inf,inf,3.7825135503494787,1.958297296246717
RPS21P4,inf,inf,2.9755929415634763,1.9823896238163488
RPS23P6,,inf,2.7770190570975712,2.0559548822293485
RPS24P18,-inf,inf,6.111070146121391,3.3265544759220393
RPS24P6,inf,inf,2.978007457284239,1.4951135946688352
RPS26P15,-1.2202082594806527,3.0034577730884586,4.17890119148838,2.641053064898991
RPS26P2,inf,inf,6.190136650685365,2.702490126090354
RPS26P28,0.5486532461040434,3.671935295829303,3.1240182117648194,4.967029760512398
RPS26P31,0.07840925022739703,1.1911028580715073,2.1903963315125035,3.0094161793811782
RPS26P34,-inf,inf,1.2015198375711278,2.1381007978047335
RPS27AP3,,inf,2.559055363753587,4.191880537415249
RPS27AP6,,inf,5.954242015352732,1.2619906902273212
RPS27AP7,-inf,inf,2.777030814263274,0.0
RPS27L,0.6058834514664447,0.7584461891253999,1.927982885465471,3.2615063425160127
RPS27P21,-inf,inf,2.250666407715362,1.7172651938698178
RPS2P1,0.031105264183913184,1.2271877297683098,2.9325824494773363,3.7482821619335183
RPS2P2,-0.3256273365348419,0.8153227120458596,2.9508508827908955,2.0294777706870875
RPS2P32,0.06268011065679613,2.4983176487757652,2.033161075438657,1.9055299934759466
RPS2P35,-0.5415613490036822,1.470310292675693,5.0847461171681125,2.7242213423305355
RPS2P45,0.0898820123539138,2.7201158741656934,1.9008728526157783,2.3304330905654087
RPS2P6,1.262272586738948,2.7696095434861747,2.218775418267365,4.083578391500756
RPS3AP12,0.1451159686955253,1.4596800686791263,2.318565190268247,1.8557330006238304
RPS3AP29,-inf,inf,6.0562131706812785,6.5494158999276335
RPS3AP33,inf,inf,4.606402741636934,8.637786034283875
RPS3AP37,0.8946111155159829,1.624902776194236,1.5157407523080189,2.5352449186103163
RPS3AP4,,inf,2.7943362993801037,3.0148226090536863
RPS3AP49,-0.3566328868032395,1.0387526437347019,2.112588391829331,1.8004989975199623
RPS3AP6,-0.7492275937372472,1.544422728093911,3.133519875779622,4.513164923874753
RPS3P1,1.0950374570959358,2.4069676638653204,1.3335341940825924,3.9144654105600076
RPS4XP1,-0.04539113161343636,1.428653892255331,2.3074935321868812,1.9104124182011872
RPS4XP13,-1.1307568864048037,2.662795765088149,3.112828895883693,1.815157470045041
RPS4XP17,-0.7662786837846871,1.4259878103341912,4.110353957956031,1.5297276541115519
RPS4XP19,,inf,1.4727719948666762,2.0548837872522454
RPS4XP4,,inf,3.1801554180457625,0.9534033673909917
RPS4XP7,0.36126083231411266,1.9955576776901562,6.464304691651299,5.518722845622481
RPS4XP8,inf,inf,5.059031662767549,9.021730917333874
RPS4XP9,inf,inf,0.0,2.588163601253601
RPS5P2,-inf,inf,2.899388515428849,0.0
RPS5P3,-inf,inf,2.8622949736178276,1.4238607197541335
RPS6KA2-IT1,-inf,inf,1.692841263549727,2.1554793458217727
RPS6P12,0.6812675855831064,2.187116645515846,2.486214725916315,6.3072202400259485
RPS6P20,0.21072387309481763,1.2633158168956007,2.555218082984323,2.9410871396134977
RPS7P15,-inf,inf,4.303811430695266,4.097515796036304
RPS7P7,,inf,3.002731450703818,1.2960640683131075
RPS8P10,0.36254761949919556,1.0550275478630018,2.0357976664150215,1.94044065692862
RPS8P3,0.8740138042533112,1.9021248023864936,1.154512761898693,2.1017606601380328
RPS8P4,inf,inf,1.340418307350462,2.651593225589306
RPSAP1,-inf,inf,5.534295141094739,6.279453654937803
RPSAP11,-0.1909682225701671,1.0512712847443395,2.521557348126144,2.6735625015386386
RPSAP12,0.4846964431820279,2.4441260922388626,1.716096239282379,4.437770593395399
RPSAP17,-0.6160092425561545,1.7807018734681515,2.1668044640945086,1.2613940401031176
RPSAP20,inf,inf,1.3662243255110507,2.5134897789920476
RPSAP24,0.956433423335532,1.0619471949098669,1.441594124047878,3.00968443960827
RPSAP25,,inf,1.6805748063595596,2.725407664084794
RPSAP3,-1.019400620887131,1.8434407977356766,2.595915999440435,2.4422907597738703
RPSAP31,0.330704572873599,0.8699921931796021,2.151658428254173,1.887907443226592
RPSAP41,,inf,3.793307728356324,2.768042339900976
RPSAP47,1.4084512928390642,2.91803309609498,0.9127229714744367,2.373987453399094
RPSAP52,,inf,5.084203474895263,1.6918901388682133
RPSAP54,1.2183299331697979,3.0261076104928843,8.080157675919057,13.559577000707298
RPSAP7,,inf,2.6138115479265394,1.571996583213
RPSAP74,inf,inf,1.9652343326765573,4.821793601046561
RRM2B,1.6591755715310383,2.3950440586640256,1.9572541858102364,6.022466075868904
RRS1-AS1,1.2604202277358953,3.53064040861395,1.7914429119399329,2.3330123235126092
RSAD2,0.6193512872283763,1.9438582328321876,2.844708735798476,5.719756606101866
RSF1-IT1,inf,inf,0.8169268254692317,2.5526051112025905
RSPH10B,-0.23101713262760348,0.755542956562798,3.4124360669138687,3.6994141538370897
RSPH3,0.28655946519210035,0.8064080147884626,1.5005977265643613,2.2590837625605453
RSPO1,inf,inf,2.414096579168899,3.3379888268156424
RSRP1,0.04793402761933664,0.2526242936862419,1.888333858352332,2.138294850669847
RSU1P2,,inf,7.373608543073846,2.0742802158409117
RTBDN,-0.7909348090258941,2.480441264818716,4.5699891067538125,1.3629115226337447
RTCA-AS1,0.991093901418464,3.049068578020887,0.7385462817803831,3.8467239792788495
RTL10,0.4550271503701916,0.48996384258492565,1.5611886496226175,2.167489595202495
RTL4,-inf,inf,3.142182318713633,0.9547644372145403
RTL5,1.5405689234243702,2.073114518766189,4.348644301991075,14.47694928307699
RTL9,0.9474445210942892,2.623428187725653,2.76014893553581,2.0611694197626576
RTN1,1.9472785367861525,2.4837562511732827,0.7575068445165511,4.237129082512145
RUBCNL,-0.525558323580198,0.7883136192044977,2.3610045366744052,1.5001646611966661
RUNDC3A,0.0692943784486916,1.252388193082254,1.9374280521281562,2.4858385576055753
RUNDC3A-AS1,-0.09322172732506985,0.4406841655439202,2.0306663230332167,1.5416003839215093
RUNX3,,inf,1.3225554688371057,2.0238042145166686
RUSC2,0.4887209700185432,0.7029023213381022,1.5329025940637464,2.0741488836491837
RXYLT1-AS1,0.49246498392835886,1.316243515031746,3.5071955759726543,4.143535956108075
RYR1,,inf,70.38440616500452,95.77274100936837
S100A11,0.16710773684094035,0.3572441404900779,1.671852410324327,2.141603844084419
S100A2,1.5205075526764085,2.6754715963028324,5.161095336554798,14.065840374288943
S100A3,1.5323370975173838,2.484280754976237,26.43754633061527,66.67720533728688
S100A4,0.7155768955384416,1.2208823463854068,2.9631363880057724,3.5147262223169995
S100A6,0.5223926924824138,0.8290657827495511,2.3711867517596596,4.1819893198879745
S100A9,0.4528199921162666,2.3483221425330374,2.877843602390568,3.6746870836657046
SAMD13,0.3979889056579035,1.049620080668583,1.9048069180526372,2.062572009614106
SAMD14,-0.09459277961515189,2.7631684855256697,3.041143484091186,3.356988296964525
SAMD7,,inf,1.5191193511008112,2.6395951196237477
SAMD9,0.6569782172878194,1.9771178786598362,1.7629624476023165,4.043135686083523
SAP25,0.8852884384342696,1.6422883109554607,2.9024761647607034,3.7539476920961676
SAPCD1-AS1,0.3731771523982177,0.7454367406095456,4.653082304980167,6.534641499559276
SAT1,1.2143671104563856,1.6938682105078817,1.7450115647597704,5.267031148574127
SAT2,0.6880657693533849,0.7887615126873211,1.7341126087147825,2.7848234998409453
SATB2-AS1,-inf,inf,2.276297798377752,0.0
SAXO1,inf,inf,23.846966292134834,3.701123595505618
SAXO2,-1.0663592815335576,3.2455136353616507,2.484485769623494,0.8241761414285483
SBK1,0.3979458545046035,0.4722704275031593,1.6021351992401045,2.0769932225689507
SCARA5,-1.4878097742820433,2.1415738648354923,2.721235251733765,1.035863055030172
SCARF1,0.8542052243356639,1.1565265104467954,1.388869289116245,2.528014200035279
SCARNA10,,inf,8.228849613657864,3.8745481738293535
SCARNA12,-0.5989546722765104,2.3145842346617225,3.468934711550904,2.7236684941734834
SCARNA13,-0.5775871687896392,1.7204925304287346,2.7885331104520463,1.540156593717083
SCARNA16,-inf,inf,3.088298633296642,1.3241185412871797
SCARNA7,0.381602239190974,0.684020279160073,1.5307619902645693,2.1511076299531204
SCD5,0.7872299918619865,1.1313437331648075,1.40756493202774,2.808349703814385
SCG2,-0.1561252808758188,0.72636238018524,4.178717306903379,3.5791650068671115
SCHIP1,-0.3084887692636844,1.1200728174329373,2.1212036790542834,1.8221123421995937
SCML2P2,-0.1403254682412235,1.6494423923765522,2.5657961882564133,2.7226288797845855
SCN1A,0.4982436413580482,1.4178248270010194,1.9446165057387514,3.607542357442159
SCN2A,2.0909853050186205,2.975837854533858,1.749683919399447,4.205077044646385
SCN4B,0.8173506661910787,2.7102805264084986,1.8153314471940696,2.5484904917093436
SCN5A,1.39400271958483,2.6528718179591153,2.7398222368321243,3.043694844109541
SCN7A,inf,inf,1.7064315720346492,2.081249413653279
SCN8A,-0.20456241873387707,0.6754370758302449,2.4335885068742664,1.5237731813754745
SCN9A,0.21934457243790048,0.8257140881519376,2.741062308478039,2.5288187351038474
SCOC-AS1,0.4417989583162559,1.7348077884914552,2.6226166989073443,3.026735393337867
SCRIB,0.5449795581288598,0.7580518940718115,1.4784417296295504,2.320117805720867
SCUBE1,0.29980230384511114,2.0209706324125634,1.1777619067391938,2.047234979030852
SCUBE3,-0.4963624510504422,0.6942252542201006,3.5077986792885985,2.623070586487691
SCX,0.3061828386149794,0.5395116733357851,2.069507760896774,2.3793940279839108
SCYGR4,0.2951964804144816,1.8441139778116673,8.44786186429246,5.1607985970592205
SDC1,0.7914906371875364,0.8727680070449229,1.5281137026214635,2.7694442236266146
SDC3,0.21755245088217207,0.461061063238811,2.03265091781359,2.430928637563304
SDC4,0.7085254121593639,0.9604579438802692,1.3149210084187608,2.0728303400368
SDCBP2,0.3770478512603606,0.9386894417338826,2.1481124944276107,4.117472428786479
SDCBPP3,-inf,inf,2.335648971887426,0.7582659013197592
SDR16C5,-0.2967394961613764,0.46178149255278444,4.098652733342661,3.1499064745558427
SDR42E2,-inf,inf,1.5595752339812818,2.833693304535638
SEC14L2,0.3319539945199296,0.6674490243553006,2.104028814659181,3.0329884729362164
SEC14L3,-0.4527442402347281,2.087528496923776,2.881431026272745,1.4785615204654148
SEC14L4,0.3554261322193191,1.1682653458500316,1.486536345153047,2.1066684076029167
SEC16B,-inf,inf,2.4128421184686473,1.3011060697932129
SEC23A-AS1,0.03619795114941356,1.1911579203451115,2.7762150396874867,1.8368267672360052
SEC31B,-0.3321015141170164,1.550260480663476,2.420136960596819,2.4323697822390953
SEC62-AS1,0.25437668705531524,2.73048539759887,2.10058524482643,2.39269917960863
SECTM1,0.7775568992514202,1.5611745894490772,3.1024579431918147,4.397095984106594
SELENOKP1,,inf,1.5436211179862243,4.606043351174885
SELENOP,-inf,inf,1.9153771499433867,3.2179850514908064
SELP,inf,inf,0.0,4.391648704195698
SELPLG,1.2114849447024947,3.1331690516082245,10.385483197039335,13.122694442786367
SEM1P1,,inf,0.6261870504417505,2.026585354311269
SEMA3B,0.6844768699220969,1.004277161459655,1.4124093421232973,2.469375591645668
SEMA3B-AS1,0.005081286507872488,0.60794690447851,2.839540651220181,3.406692190762797
SEMA3E,-0.06236457270365467,0.5461163213312298,2.476642040384886,2.0540425459694225
SEMA3F-AS1,0.8411589055917154,2.3453517312560446,1.902944988098387,2.6883126157101307
SEMA5B,-0.27256206840474667,1.7721391551583163,2.1609570792581296,2.541004176908405
SEMA6A-AS1,0.8131231607876317,1.561176376656108,1.1139448788002095,2.1788452595477534
SEMA6C,0.24153852707575516,0.9727992189866901,1.5886184009066449,2.1911303813558907
SEMA7A,0.307249389226697,0.5762448789821971,2.278983141990978,2.2133328323756434
SEPHS1P1,,inf,2.2178535116923506,1.0445814477382827
SEPHS1P6,0.8321789348545893,1.9417851010643674,3.2066066713369614,5.004957697903756
SEPT14P19,0.574522750213785,2.31895338628483,3.0711410742957237,4.4059408658725765
SEPT14P21,inf,inf,2.3855031684963857,8.02145138650533
SEPT2P1,inf,inf,3.403199759138412,4.625803536989545
SEPT4,1.9557111569823473,3.025804957027446,3.579024787510075,11.17510927001109
SEPT5,-0.13887268496423638,0.2998942874098217,2.0454076417836835,2.116354686949818
SEPT7-AS1,0.4578843975633744,1.4659891321663734,3.4332961274749683,3.201917842866647
SEPT7P6,-inf,inf,3.176828474147394,1.03581595251828
SERBP1P1,-0.34488215525344945,1.8323748028865539,2.985909315902109,1.5838725996884508
SERBP1P3,inf,inf,1.562430230528482,3.0129999553475377
SERBP1P5,-1.1621303893320554,3.0669776280521934,5.6226886259587365,2.67857779891789
SERHL,-0.6162789172173669,1.1281394631321933,3.2930488580361406,1.5114063907583066
SERHL2,-0.1903620052262159,1.2051646263416358,2.2929604702838735,1.7173077785106396
SERINC4,-0.006549046326884149,0.6428336057453906,2.789511549449245,3.5408054928859305
SERINC5,0.8672679319390348,1.0624641700584194,1.643329279404949,2.8519826222682023
SERPINA11,-0.18004343107330734,1.6143361018265492,2.6660644687018875,2.166466704578554
SERPINA13P,inf,inf,0.0,2.4906174334140436
SERPINA4,-0.46922290780958437,1.2263426712263283,2.1882198571220295,2.3331972590756673
SERPINB10,0.638180893970841,1.077478397856249,1.6057478950727984,2.130855041186662
SERPINB5,3.9107022947870096,5.143222455535039,16.266494427730468,211.59061382784043
SERPINB8,0.1696551530173199,0.6221982088699449,4.119740332774459,3.680902816764708
SERPINE1,4.026649466230511,4.852215830840976,5.724907727870653,78.49607603989732
SERPINE2,-0.15458676477580602,0.6184903342109334,2.113519091584378,1.6534869538547443
SERPINF1,2.7372657422534328,2.9836397465866598,4.523633862425228,32.486365286707354
SERPINF2,1.6512085977352058,2.9933577143781127,0.8637825802097546,2.329792264986527
SERPINI1,0.18305207975527787,1.1365910922948077,3.325023455603911,4.635562086700956
SERTAD1,1.1540455527973248,1.4754794601611994,2.1526588535419653,5.33515591511896
SESN1,1.8199607907019837,2.0271983985231046,4.014454246581202,12.023259271024632
SESN2,1.4900917022503997,1.8167201654432006,3.154629321271965,7.665034667234178
SESN3,0.30088103605535976,1.330251972193991,7.064896082559239,9.666711436228363
SETP12,inf,inf,2.412064892557279,1.3541795929984346
SETP17,inf,inf,2.7289914233877623,1.7524877673319041
SETP2,-1.6349140535857833,2.634239759224617,2.856666415638347,1.3336273950791275
SETP22,inf,inf,0.4756175768256186,2.7975995578681743
SETP4,inf,inf,2.221147071257457,1.3657052938137064
SETP7,-inf,inf,5.33235325972694,0.0
SETP8,-inf,inf,2.669975581855779,0.0
SETSIP,-inf,inf,7.201181533350949,7.234507316950411
SF3A3P1,0.4153772746276868,1.92618204535119,1.9057064128256511,2.3983466933867734
SF3A3P2,,inf,3.270644709419522,1.6588711606136186
SFMBT2,-0.25574091490510853,0.3673949233100001,2.608520185064515,2.092018458093913
SFN,1.2154683113046276,1.5369933420652087,1.8553617960660476,5.079778954983757
SFRP4,inf,inf,1.2810945016293385,7.017576165106292
SFTPA2,-inf,inf,2.058900338791643,3.086180124223602
SGCG,inf,inf,1.3552233385788648,4.85824960658516
SGK2,inf,inf,1.3980526154215773,2.370483576033422
SGO1-AS1,-0.13208300353684166,0.8628714667707463,1.6487339042873626,2.0513647081413833
SH2D4B,1.7798222782066824,2.3262509094144685,2.5018447090390743,6.049639443233272
SH3BGR,0.039168172622049975,0.175024405861244,2.3645118542586236,2.4439696911373505
SH3BP5-AS1,0.4048517952705868,1.1259598643071105,2.1617658391090124,2.7250595699480384
SH3GL1P1,-0.062280632505163844,1.3181810866028534,2.1581856620266997,2.8649009454130834
SH3RF2,-1.0501523725266924,1.767500702920594,2.523927770679139,1.6751167257327002
SH3TC1,-0.5818656914002165,2.7238925730365207,2.3738362557345356,2.163860474820866
SH3TC2,-0.7070627121164137,1.872148602825336,2.289710478792369,1.6923550657529172
SHANK2-AS1,0.47804572365769044,2.5116481541344586,2.223269242422931,2.6786205881589082
SHANK2-AS3,0.16583887284423587,0.5859130936066874,2.028205477585502,1.6634216993939026
SHBG,0.8141232933776947,1.8775632439133794,1.6029791169741519,2.329718152168622
SHC2,0.15048304111622002,0.6408717253705769,2.122330213991826,2.1641471111444326
SHC3,0.8263387494257473,2.8113429618888808,12.553625170998629,9.338227694178448
SHC4,1.4046570426113365,1.7628774636312157,2.3967134876702807,5.482254359269965
SHISAL1,1.4188076200382767,1.7385044246597063,8.138574439846982,24.38621281911156
SHLD1,0.6541388315660522,1.0510171344776675,2.1699318293025067,2.72000399994536
SHOX,0.08943788541595873,0.5815899665456284,2.6388694425119987,2.0831272261224703
SHQ1P1,-inf,inf,2.12667326181717,1.9552354159582033
SI,inf,inf,0.0,157.95670871559633
SIAH3,-inf,inf,2.2211879432624113,1.0470843183609142
SIDT1-AS1,-0.07257121487448581,2.8713356723890846,1.5749059797153284,3.350285150722524
SIGLEC1,,inf,1.7413744343891404,2.883342760180996
SIGLEC11,0.3011750130965147,1.3335629147476225,1.6872483754767622,2.1893584898997034
SIGLEC14,1.4619060880509371,2.2120814873459227,2.0800240490258313,3.91881317447141
SIGLEC8,0.462347445534057,2.644127092984776,1.5469074859873309,2.622624533417632
SIK1,0.8316815601439705,0.9647396814759986,1.683578910469213,2.941195086885311
SIK1B,0.8847146815344816,1.1697661544476226,1.3269659150740887,2.2150110222006214
SINHCAFP3,,inf,2.39248775817691,6.328787117835395
SIRPB1,inf,inf,10.259626910398561,21.398430476475877
SIRT4,0.2553704462460383,1.7927489456295573,2.1436375876249434,1.900051221261214
SKINT1L,1.640309009553477,2.408954771744935,0.9134909040950164,2.17505820043132
SKP1P1,1.2278187733489385,1.7920994084764248,3.365680884269003,5.317776119296135
SLA2,0.6201360415113224,1.7177956259904406,2.1842685076380732,3.522638807285547
SLAMF7,inf,inf,1.1152355656187407,2.575401317890214
SLC12A1,-inf,inf,7.781539479488311,6.573003970004412
SLC12A4,1.234463391989948,1.4800187461336536,2.5126274826745942,6.174746391870036
SLC12A5,0.43830078042451137,1.2353417141166438,2.361948968147852,3.1212073524021364
SLC12A6,0.5026914257935649,0.7378261868009321,2.106733412123855,2.6157345364275595
SLC12A9-AS1,-0.26521404558653794,1.778321506921357,2.9155286099739,3.154965488363014
SLC13A4,inf,inf,5.804481234998909,4.745581496836134
SLC15A3,0.24003153679616607,0.5346889258040597,2.1255144490853284,2.556005888797209
SLC16A5,-0.2627372370632472,0.4971176993617937,3.322138212221304,3.1561596820809252
SLC16A8,,inf,3.075711852032125,1.2839944836537682
SLC18A1,inf,inf,3.823002914930524,3.829789516979917
SLC18B1,,inf,4.424723381099219,5.259658987846907
SLC19A3,1.3427450728472405,1.9340098702008177,0.9326014338396256,2.878795612602297
SLC1A2,0.4130564474680224,1.7795486918130126,0.7427409205253258,2.487953172839149
SLC22A1,-inf,inf,3.4279687500000002,4.852917877906977
SLC22A11,-0.35502946962176196,1.1647162004460276,2.0656137527351692,1.6046584689665053
SLC22A13,0.331031377946861,0.8209039627211315,1.3347374693701421,2.1633001649003663
SLC22A14,inf,inf,21.50458577203886,10.106196826163035
SLC22A15,0.8740486600173778,1.0310758060308975,1.0316098026991807,2.1041694133048368
SLC22A16,1.0697672048728448,1.616254614055887,2.5068588862752406,4.218777899403002
SLC22A20P,0.9258238517848263,1.197691364428433,1.4568161568560096,2.5839295586411963
SLC22A31,0.187759455017663,1.1413338703993188,1.8511767275326445,2.386119512630959
SLC22A9,0.642940884021644,2.3512459430544697,3.8860749051311663,5.660534565253259
SLC24A1,0.26632842193590606,0.47205542023302516,2.4530609002670474,2.3624617215131267
SLC24A5,,inf,0.9992626414452227,2.7240861007912427
SLC25A18,-0.46077533008173055,1.4742597839126081,2.8755061689338817,2.094293736159443
SLC25A1P1,0.47773750900018186,1.4159512634508244,2.7343282499501327,2.4356809980597314
SLC25A1P3,-inf,inf,1.4029448523668175,2.291321668489298
SLC25A2,inf,inf,1.4060752049052119,2.158881311393355
SLC25A21,0.25433829645819744,0.7996287415344451,1.8496477917007592,2.8420763403909475
SLC25A34,0.893451933139556,2.2505166790139732,4.052590392232017,5.754870959499169
SLC25A45,1.3115852423215189,1.7020820945336699,2.2149015685718028,5.35004147928219
SLC25A5P2,,inf,1.6955894407548058,2.3867206450641554
SLC25A5P3,-inf,inf,6.381753228909041,5.185985160758451
SLC25A5P5,0.8172132418153393,1.1110426570626621,1.4117374777098348,2.2429308917127253
SLC25A5P8,,inf,4.752320878476079,2.76679100567908
SLC25A6P5,-inf,inf,2.0858834384130405,1.4001345532831002
SLC26A1,-0.4587562361956935,1.8867647007870765,7.382479175522792,3.079118767614903
SLC26A4-AS1,-0.3281192657301111,1.6491024019532081,2.5359518480628482,1.167287387292891
SLC26A7,-0.22902793562300128,1.9085461769772043,1.7524695635983738,2.3336212335922712
SLC26A8,-0.13633215393741294,0.8308673013253662,2.00134468183135,1.4378217725018239
SLC2A12,1.4027236591884997,1.7934087479365615,2.271522487738704,6.082333298549516
SLC2A3,1.563930973890496,3.928261935276844,2.113794558110104,3.167522088635778
SLC2A8,0.6077415601928406,0.8867700984634298,1.3863837145559472,2.1672117185035535
SLC30A1,1.1758555034712062,1.4612624115690607,1.819898635142823,3.5523459716508916
SLC30A8,-0.37887079506176147,1.097129401408617,2.1070615991964305,1.575617276740872
SLC31A2,0.9930020947803784,1.253106368177429,1.8490264837765944,4.407230209111277
SLC34A1,0.7000307745798867,1.1561384277255682,1.9147893598065415,3.547409952908234
SLC34A2,-inf,inf,31.96976117103236,53.05315870570109
SLC34A3,0.2457983421576599,0.3701327133724699,2.7192134351211124,2.8835680547965956
SLC35D1,1.366618535543263,1.580317867138496,1.5416319349153038,3.6441751617924485
SLC35F1,0.2631588783776034,2.1885868367256203,2.6429329128440364,2.6941800458715597
SLC36A2,-0.6746438319928885,1.4378664292810797,3.3441549398115615,2.2203962506357935
SLC36A3,-0.0001714281154682612,1.0587727666436835,1.6818077078172682,2.2244440924016358
SLC37A2,0.08057303747104988,0.6570205781655479,2.3206124811139883,2.183718711068308
SLC38A3,-1.4676834788649082,3.593848402388141,6.037207678483535,3.321596593445588
SLC43A2,0.3624146033405149,0.790210043902025,2.1146057570347723,3.0711823908722815
SLC43A3,inf,inf,2.16763570147871,1.0456271638560664
SLC44A3,0.009953511514646893,0.8929339720400788,2.203970945118325,2.5009135469116144
SLC44A3-AS1,1.1458889212525007,2.1437358658527246,1.997132181223728,2.5115553479682395
SLC44A5,1.4515598671295051,1.7402504838658144,2.0549930498704807,5.566353330660515
SLC45A1,-0.2374986590715672,0.9077413749993531,4.865529711147818,6.157261484887718
SLC47A1,1.2087893158523229,1.8389448589448083,2.159935219074124,4.043020410668974
SLC47A2,3.020129132195529,4.23911995218552,14.129896416240026,70.98666507917609
SLC4A11,1.659518239158623,1.9752709022366803,2.2727933514245815,7.632423115658966
SLC4A1APP1,0.2192211752398815,1.073385825179383,2.009444191866081,1.7306680398853518
SLC4A8,-0.6684208738043641,1.5403688425894488,2.72692542401399,2.127798062314115
SLC51A,0.8871041981047019,1.4622116164614951,5.210393685389462,5.295672927351756
SLC52A1,3.0063450750566454,3.433227544563981,6.699835398201063,60.62136922868787
SLC5A10,0.033028143723216496,1.2424782533812972,2.118911780518742,1.7502048763173417
SLC5A11,-0.40404245518418486,2.561263127375616,3.642422192151556,7.294375478025534
SLC5A2,-0.06237348283070365,2.141521762032584,5.202164558805741,3.547940978248258
SLC5A5,0.4292847002226221,0.8043490619315117,2.1545195452137214,2.5492025406646404
SLC5A8,inf,inf,0.0,3.1585086916742906
SLC6A10P,1.792440599169407,2.970546071875533,1.5266807188817395,11.706623030840916
SLC6A11,,inf,1.3173450720329294,2.4887091241710495
SLC6A16,-0.23224731503766957,0.4441753780536419,2.000838977079017,1.8710155667868635
SLC6A20,0.7534521687392116,1.4250406095413457,1.914584579994871,5.14108193383433
SLC6A3,1.9118079193754087,3.6115236983464554,0.8521961913314492,2.4266131375293827
SLC6A4,2.635253561055007,3.3979479531345125,1.7444825103646882,11.413805516248356
SLC7A11,0.548741264755557,0.9351460965839002,2.777813146050478,3.5323082441424756
SLC7A11-AS1,0.41884034330686015,1.9910869740444148,7.428468328429468,4.50149891744851
SLC7A5P2,inf,inf,2.2071916481619174,2.3534330795491245
SLC7A8,1.3668387914704094,1.8778563416064236,1.9156529648864646,6.808107852491439
SLC8A1,0.022764025425728945,0.9522468685516322,3.0349625818521986,2.3673214842531967
SLC9B1,0.7841814412007073,2.409762530847819,5.420255574301218,6.82309858191601
SLCO1A2,0.3103310265493351,2.072271403218427,1.8217210777268267,3.285264526726439
SLCO2A1,-1.4943220125789405,4.186032791186163,20.44299794274402,11.274299258723026
SLCO2B1,2.532716787893168,3.869033873200297,3.102125100240577,17.845429029671198
SLFN13,-0.20986055933163333,3.7382185078282277,8.40798484717612,1.8635196999049861
SLFNL1,0.5554142031417293,1.8868129166765581,3.086521987435751,4.047187321530553
SLIT3,-0.21305577798526565,3.0547135855543845,2.2052847925335666,0.8005652049394364
SLURP2,1.0076037082310174,2.9987335501168277,12.492187157731793,31.519561312557503
SMAD1-AS1,inf,inf,2.5589994818408783,1.3880305242828208
SMAD3,1.0163122142092254,1.2313471838807684,1.5583484640755383,3.131170506316874
SMAD5-AS1,inf,inf,4.219034976336141,6.326676670899226
SMARCA1,-0.15045328707762085,0.49242261022899736,2.06186971220577,1.618374599005938
SMARCA5-AS1,-0.952804174698853,3.713292525885031,2.4662982483742395,1.17073762324313
SMCO1,-inf,inf,2.579915543471973,0.9888548234704305
SMCO2,,inf,5.620219136072049,1.846365362654995
SMCR5,,inf,6.550553436889591,6.847456050599943
SMG1P6,-0.0647588872948255,0.6594849227784536,2.100780298737779,1.5236304837912453
SMG6,0.9014468079591074,1.1582023412040003,1.238009107522182,2.043335430385598
SMG7-AS1,0.4750057761036828,1.9648926304213294,2.433028044842313,2.5189215655752326
SMIM10L2A,2.3727239462516776,2.975267759040838,21.951796418617082,119.65482417624376
SMIM10L2B,0.4050538639600464,1.938890040627889,2.0671818508573483,2.440810199378396
SMIM11B,-0.4748810278671676,1.269562922671121,2.527677943114232,2.323233527560099
SMIM19,0.3974446061057274,0.772666103247159,1.6082353184561222,2.061914784195723
SMIM2-AS1,1.3901218515140923,2.6679241058973084,1.0139372204518162,3.112750115838149
SMIM25,inf,inf,2.2508522881004347,2.831761034650697
SMIM3,1.1600150967089748,1.223270905914704,1.560770115247021,3.6440151706143467
SMIM33,,inf,1.5119994782835526,2.6903612886396244
SMIM36,1.2047108044002137,4.0682661442184935,3.6472143994654003,4.31094192742121
SMIM5,0.0518091691385694,0.3025775344772016,3.574348446652713,3.8073307903315454
SMIM6,,inf,1.4251902926536384,2.736495516259611
SMOC1,0.8921719820150156,2.9474393840762607,2.516738475231102,3.914001658676699
SMOC2,0.10803606481891787,3.316314101111976,6.727664324455829,3.666753724401448
SMOX,0.40494777897456224,0.8997894732922049,3.4207129326412185,4.315129841011967
SMPD1,-0.21960812865952062,0.3980802730763229,2.302229350685118,1.7470868041558072
SMPD4P1,1.3577776534995916,2.4504346535321755,1.5510292621626476,2.7172521093890256
SMTN,0.9060316445416695,1.0642852492642727,1.1537372598672626,2.4126187703309636
SMYD3-IT1,inf,inf,1.3888010138647944,3.5114383862008482
SNAI2,0.21504435808247752,0.7392628865011831,2.4613868429799806,2.5532241301774623
SNAI3,2.0354245117723253,2.198938750005356,0.887103247222841,3.665143452616334
SNCAIP,0.6247643727234052,1.4773778658762533,3.111080113069914,5.718406272180125
SNCB,-0.4292571680232007,2.535183213123612,3.014576455414865,2.3414009458067335
SNCG,0.8426378388303504,1.2156312661300155,2.051848744642082,4.137026610152163
SND1-IT1,1.3998756099837402,1.7828755348529965,0.6867063060825287,2.363034433508244
SNED1,0.30217169137308947,0.8233819153959557,1.548464152426354,2.7400835796973766
SNHG22,0.3804431365694485,1.0189016146845995,2.150495939237826,3.364973118031384
SNN,0.45111950501533754,0.579920693656814,1.4481343835771312,2.1432959632927755
SNORA11,,inf,2.7770289394602994,3.874548667458234
SNORA18,inf,inf,2.4158580937606757,1.4759736938642265
SNORA21B,,inf,2.3337516033174355,1.2459491560785405
SNORA22,inf,inf,2.5823699403821156,3.8713512570983206
SNORA24B,-inf,inf,3.074466074835424,0.0
SNORA25,-1.1238789050791809,2.4732215790709193,2.7177758255908198,1.1635616579243029
SNORA2A,inf,inf,2.063074344675219,3.205930508440142
SNORA31,-0.9453728393128068,2.1918530619610688,2.7523464317364366,1.710763704389547
SNORA3A,,inf,2.1959606289265006,2.1373063473898872
SNORA3B,-0.731242723122786,1.0196389091026647,2.2816058281791367,1.3075399664466412
SNORA4,-0.024885075396510775,0.353020459627106,2.196106299799222,1.9022427609676646
SNORA40,-inf,inf,3.483074487466072,1.453376401550464
SNORA48,inf,inf,2.3968993829577667,1.6023148072281108
SNORA53,inf,inf,2.6800175034650096,1.4086807420567697
SNORA55,inf,inf,1.899526577246641,2.024596183237496
SNORA59A,0.2635776068199928,0.9867276134964618,2.284994337324733,4.528138869201889
SNORA59B,0.25036617663894184,0.9872451499935527,2.1562654150204144,4.274571840083319
SNORA60,,inf,7.221683202657235,4.163173644356793
SNORA65,0.4909484017792332,0.7635437119806331,2.1696751905698344,2.4135272590759773
SNORA68,inf,inf,2.032528958360396,1.9180645737221287
SNORA69,,inf,4.908310408407286,1.0327754360349204
SNORA71A,-inf,inf,4.33127354793428,1.3143511701496866
SNORA75,,inf,4.063449342653235,2.8266903292936405
SNORA80E,-1.0727562573709104,1.1182538699480542,4.4631614923657645,2.0559599186829267
SNORA9,-inf,inf,2.7383454508874534,1.9443257334868753
SNORA9B,-inf,inf,2.462268138285367,1.9178101039752893
SNORD101,-inf,inf,2.6203737878858573,1.4141037669511252
SNORD110,,inf,5.473166529513929,1.236135620991325
SNORD118,-0.6178184135349953,1.5249266624639175,2.2254948458864376,1.5318152414248896
SNORD12,,inf,1.3442975687779597,3.2331708749150017
SNORD13,-inf,inf,2.3924946446550823,0.0
SNORD22,-0.6535040200063262,1.1975325163085218,2.5339679521840464,1.4449655865178925
SNORD27,inf,inf,4.184958411926658,3.476944585251616
SNORD28,-inf,inf,22.520198324921058,9.739647532888984
SNORD33,,inf,5.081503294230149,3.8658806666819405
SNORD35A,-inf,inf,3.6575938663868306,1.4880164649504872
SNORD35B,-0.024502579414168446,2.1342678539091526,2.1665017957410106,1.7477591444733778
SNORD36B,-inf,inf,1.9162514859424948,3.2418306351888115
SNORD37,inf,inf,1.1817230804869816,4.410516234834799
SNORD38A,0.6259822687436835,2.099827760683195,2.235912122278182,3.2723269268043125
SNORD3A,0.19372675544494972,1.746562055440949,2.1513482622764424,1.5504366442566564
SNORD3B-1,0.4656232557552771,5.71710687699606,100.7973269560351,87.97514952257704
SNORD3B-2,-0.02615264772795456,6.576388083769062,6.758945466396693,6.389712629251165
SNORD3C,,inf,2.6224699666458147,1.3257114460803552
SNORD43,,inf,2.599693318689202,1.426652062176941
SNORD45A,inf,inf,3.3014780031482633,5.712120233878813
SNORD48,-inf,inf,2.3402229677335535,2.664766875839884
SNORD58B,inf,inf,1.070597463946178,2.5281688391035795
SNORD58C,,inf,3.3762546738989707,2.1914020428199743
SNORD62A,inf,inf,11.467924685742771,5.422385505969733
SNORD62B,inf,inf,11.467924685742771,5.422385505969733
SNORD63B,-inf,inf,1.8205487062256263,6.170099559010997
SNORD67,inf,inf,1.6931569075514274,5.614773891931595
SNORD7,,inf,1.6816455253535083,2.649333247279237
SNORD73B,-inf,inf,1.5267767576182343,6.350727387729285
SNORD84,-inf,inf,3.581018920316028,1.3086461292316403
SNORD91B,inf,inf,5.082248194018869,9.556116709043922
SNORD93,,inf,5.554056911413817,1.3363195329261202
SNORD94,-inf,inf,7.997997594768647,5.464435831863555
SNORD97,,inf,1.6457702210396534,3.5079479928539534
SNORD99,-1.120265485564948,2.004885106016573,3.3440934125155812,1.7504391959451164
SNPH,-inf,inf,3.463764786953026,4.11151946709544
SNRK-AS1,0.27558123590072303,1.0570140779852444,2.876428742163648,2.5481100403089996
SNRPCP3,inf,inf,3.110329145916645,4.065405176212369
SNRPCP8,inf,inf,0.7219865368065006,3.5886591418544818
SNRPN,,inf,4.486236761994597,1.1325729966127858
SNTB1,0.6388490928968266,1.1741606359954972,2.4173618070525817,2.9939510169357115
SNTN,inf,inf,9.075507498171179,9.601796817849305
SNX18P12,1.418549039567345,1.6350847942996962,3.8123813806466114,9.933262354598298
SNX18P13,1.1114757074865413,2.3969735644981283,3.819219029908872,7.151315084897579
SNX18P2,-inf,inf,2.8821343979752396,3.0235260850332324
SNX18P23,inf,inf,2.4242238805970144,5.424492537313433
SNX18P26,1.2681994021792022,2.2233011514128185,3.672137508067954,6.783124715282233
SNX18P3,0.7937975508368571,1.20290517083684,1.3995927555991443,2.4656046720229665
SNX18P7,0.5690034185329108,0.994970299123884,1.9821944078119118,2.8595985476066414
SNX21,0.6512402639982161,0.7753325914795152,1.9439066192522383,2.9461095277341762
SNX31,inf,inf,2.5839467409173715,1.85207867415098
SOAT2,,inf,2.5130525005187803,0.47714256069724015
SOCS1,0.6374729688872981,1.0565148363103027,2.9695458294669557,3.9950948551397047
SOCS5P4,inf,inf,0.8312904208851117,2.7732705786747034
SORBS1,3.073259717958427,4.136448980894961,1.0796639541717676,10.58379541764136
SORBS2,0.4057936048434758,1.345546485710671,1.553382851001254,3.9475565405396416
SORCS1,1.6858027770897124,2.90829155472695,1.1858731312496316,2.5553012592578037
SOWAHB,0.30689888053633224,0.4645074055400389,1.8689353922771224,2.2210904276975043
SOX21,-0.32719516096350876,1.026106496862152,2.1098901559207874,2.275847287827232
SOX21-AS1,0.19343525575625892,0.8576986701796319,3.332136804806656,2.775165613926976
SOX30,inf,inf,5.367915610363942,6.2839771408928815
SOX6,1.192336988112353,1.854726858261889,1.548290300069786,5.599906955105847
SP140,-0.8879363306794268,3.79698781911092,4.403603053815401,5.090593202396224
SP4,-0.4182309911161779,1.890365500308963,2.3569390607451233,0.7560500742456189
SP5,-inf,inf,111.70353006067292,2.716951645523074
SP6,0.14002253240730167,0.44875339856379365,2.0201431800135734,2.4605348374018
SP9,inf,inf,2.649899091826438,3.7926841574167507
SPAAR,0.5783479677089942,2.478599389918377,2.5224140524653147,3.3547657343871125
SPACA4,-1.4559440877855094,1.8978470657050064,9.919862969840558,4.210723890632004
SPACA6,0.09328905751792423,0.36367289559506893,2.092792703087638,2.0833507430498006
SPACA6P-AS,0.06156201375846086,0.6991415504640349,2.2463608397818087,1.9722821260941266
SPACA9,0.20144854366604592,0.4745765914911601,1.7583704807268985,2.320557748791109
SPAG17,inf,inf,4.636114670485667,5.10432736195908
SPAG8,0.8286539646111346,1.8190204871958555,2.143187569418204,2.534752041038324
SPANXA2-OT1,-0.6793581419358234,1.4766648549865273,10.010217600770837,6.055203147583106
SPARC,,inf,4.131700474751835,2.841260250323695
SPARCL1,0.9383404307624348,1.4184923836818966,1.7782640002544055,2.855636218261774
SPART-AS1,-inf,inf,2.088755070595264,0.0
SPATA12,0.05595224066684068,1.1554029113020983,1.8322077317186771,2.1142582673497903
SPATA17,0.6142791133215338,0.8464916688514763,1.4356401293492735,2.3657108067012755
SPATA18,1.1027543767543755,1.3235831010383783,4.907437620576033,10.913076150700833
SPATA22,inf,inf,3.7775623216865584,1.7017427322961898
SPATA25,0.241647797096802,0.8315535100698846,1.6623254082846433,2.150324682611525
SPATA32,-0.10082392047827182,1.5899925190818809,2.8721898010339966,3.3217433025223255
SPATA45,inf,inf,1.9156674401098421,2.6761744729919847
SPATA6,-0.1295492842622195,1.123533641338606,3.1238127870497134,2.708850081838017
SPATA7,1.2010046690293226,1.4393862438744662,2.159294924539151,5.678725984929219
SPATA9,inf,inf,1.6304447268106734,3.347944091486658
SPDYA,0.9580123954179269,3.1741191897488474,3.4962914808771304,3.5213697960750787
SPDYE11,,inf,4.0644314868804665,12.99416909620991
SPDYE16,-0.643290103770656,2.528648935228103,2.238391376451078,2.366987081055627
SPDYE3,,inf,5.43352372335011,5.6080981733868684
SPDYE8P,,inf,4.0644314868804665,12.99416909620991
SPDYE9P,,inf,4.0644314868804665,12.99416909620991
SPEF2,0.09108700535529897,0.8482299990080663,2.4799585389510033,3.0126549460153695
SPERT,1.1511966723153058,1.238076620036456,0.9216562908917879,2.0272364090566635
SPI1,-0.3791886017624548,1.4324052359973505,3.8702257883126436,7.635472987585969
SPINK2,-0.1586321138448808,2.665326317180656,6.4607813069064,8.116806277035533
SPINK5,0.2982167625778112,0.5636594254714705,2.5164056920208466,2.7494419471859293
SPNS2,0.5960415210124499,0.9353444733577796,2.9834229771488587,5.162418934594925
SPNS3,,inf,2.8757704476533505,2.486495954807703
SPOCD1,-0.3173039992789408,0.9925308453751511,4.931340440192939,2.5807770256576545
SPOCK1,-0.6733525166740153,1.5421775233744306,2.9088356564560556,2.706755696519489
SPOCK2,0.8270292938444634,3.188564295589491,11.253364319299575,20.68273484608674
SPON1-AS1,-inf,inf,1.6457698518449657,5.653706974614291
SPON2,0.7805293300590912,2.067020259445871,1.2576414711270687,5.269773505516886
SPRED3,-0.1342404111545855,0.5697432665113581,2.014348814085278,1.6266327255717414
SPRN,0.6917792785116391,0.9242937921456156,2.605364238410596,3.8660044150110378
SPRR1A,-inf,inf,2.6455380475962205,2.1967488286505126
SPRR1B,1.1504693271486746,1.8791510290172768,6.42610013149179,20.420321413388436
SPRY1,1.0656186579266116,1.2427987758677097,1.309336110805721,2.7761166041897924
SPRY3,0.5706614086857493,0.6705143331174745,3.323942458339268,5.076285429426007
SPRY4-AS1,1.0577115259514875,2.62258347330758,1.7031674660368736,7.670166397730262
SPTB,-0.2840062084184524,1.1129236063297332,2.8803727374737766,2.9691662194467483
SPTBN4,0.3589186933214727,1.6798843493927653,3.2998467277981507,3.982873960223737
SPTBN5,0.7191602042921554,1.503789497116517,3.279400818756978,7.7350669892072945
SRA1,0.6240466703380422,0.721055055167756,1.3494513094358493,2.2244180945979277
SRC,0.5572413589452458,0.7400042179004455,1.2821026801107582,2.029751726127913
SRGAP3,2.3516697512457005,3.2370639608701697,1.3309651393670028,6.752313405561095
SRL,0.9330163558537307,2.324274255820797,1.285379333444984,2.0100113511602373
SRMS,-0.38461935848844736,1.7387881994301773,4.996120119205171,3.359457864018509
SRP14P2,-inf,inf,2.7951657986755913,1.828624034686629
SRPK2P,inf,inf,2.1506639680110577,2.565705681986474
SRPK3,2.6159268182614652,3.656230971312992,5.514713285707437,23.418127007719228
SRPX2,0.9042203965705001,3.0710639739399674,4.233231628484254,2.630501111858096
SRRM1P3,-0.2119464741535393,0.2775007944886267,2.7963015546248315,2.526478313338539
SRRM4,-0.12995192151778334,2.069267044644691,1.704172280229033,2.0348391714381946
SRSF12,-0.2727130353659545,1.2140301817773957,2.205478854636529,2.7442931193460764
SSC5D,-2.1385986495260743,2.5731485529845917,16.148335407591784,2.713518979464841
SSR4P1,0.8899135264260871,1.6377975716728492,1.4451520806165943,2.8688158707837834
SSTR5,1.606757194984255,2.89251719707422,4.071536042508201,8.801061349526933
SSTR5-AS1,1.5220573421673214,2.3257166865014036,3.340108560388102,7.864790853776213
SSUH2,1.7762427988158431,3.32954359376702,1.2368762340274932,2.9532804176135308
SSX4,,inf,5.894762307971453,1.5589089149631061
SSX4B,,inf,5.894762307971453,1.5589089149631061
ST13P13,inf,inf,0.0,2.3771702347865524
ST13P15,-0.43950673233412724,2.1536099391459484,2.0199835175601377,2.4969772588434633
ST13P6,inf,inf,2.1882648601398604,1.084183177933178
ST18,0.5215922783350889,2.0581378606080554,2.513735482310283,2.7904322144510987
ST20-MTHFS,0.0856430538068978,2.084746571423112,36.8734849910605,25.995407923214454
ST3GAL5,-0.4209764561419918,0.8724142445617369,2.36776970280697,1.8459130760850744
ST6GAL1,-0.5078898758615751,0.6544990024053293,4.890938227708641,3.1461576983749397
ST6GALNAC1,inf,inf,3.791686170754045,7.613198331128524
ST6GALNAC2,0.7361277444375075,0.8414416019100797,1.3966122201744977,2.4699555623305494
ST8SIA1,-0.2988234690268878,0.9131471079051549,3.09554353371312,3.261223535413656
ST8SIA5,0.3618776943261365,3.6050410897038883,2.9843450901009914,2.67451429074347
STAB1,-0.2105473385623285,0.9449553371465989,2.162367686271693,1.5785039009543644
STAMBPL1,-1.7563353355508147,2.1967727408678854,2.3112522825821267,1.006503690131645
STARD4-AS1,0.437066619504754,2.672844868171253,3.665498416121858,2.581990968524635
STARD5,0.2870234764355995,0.9374730269006043,1.6580782714637363,2.0539460306175044
STARD9,0.9158544228457806,1.3173604839419346,1.2744499177390471,2.9255580781709236
STAT3,1.0427059261193634,1.2455881301873746,1.1868686720440205,2.0071386363064736
STAT4,1.5697543568357433,2.3314936736672003,11.701912971421644,29.307601358179394
STAT5A,-0.24645998901866262,0.4813748217764303,4.111122076807552,2.9810498462418655
STAT6,0.974856404332151,1.7721145018894984,1.2509688908190513,2.181575708792494
STAU2-AS1,0.601605340446047,1.3894461175751305,1.4738372583539103,3.3016435027644824
STEAP3,1.0287725792728801,1.2032457995832688,1.7392232673260746,3.6572744484695616
STEAP3-AS1,1.7592406733548183,3.8692046197056875,8.402039949001274,22.01535274118147
STK17A,1.0136819598434168,1.299029172315961,1.0329203286450706,2.018543119697231
STK31,0.39054037240242245,0.7321728905387914,1.7156622163926718,2.595959178023076
STK32A,-1.0250497159484362,6.965219330912932,32.96718305701012,2.9937535932377184
STKLD1,0.15873736988950043,1.9500576965246006,3.627125201852188,7.161440695889306
STMN4,-0.20463657274321947,1.0951098955664114,2.3717232668031256,2.0489655224891377
STOM,0.24830367563953926,0.36846257938452387,2.3498092366858505,2.820984393759254
STOML1,-0.5189956423560145,0.7047752256005009,2.0607221695026863,1.4162481577156447
STON1,-0.9631453637184153,2.356841277914165,3.233987382054639,1.5025337531248413
STON2,1.5750524911415962,2.074615940560672,1.3340990847996663,3.3331655232056603
STOX2,1.22386420935509,1.8979821508750503,2.5608763867750794,5.451157442544292
STPG2,-0.3687648157887248,2.2033084997306824,2.912312467666839,2.0891798320665367
STPG4,-0.3889800160340684,1.971470956626059,2.439084589217899,1.3113344318639895
STRA6,0.4914070043891907,1.5681450761893716,1.8361206592500046,2.1691692421733495
STRA6LP,0.5788975229672266,1.528647647689491,1.7643751582857308,2.209179165376931
STRC,0.21094391477430025,1.6927515557947141,7.482926553032448,10.019182852936177
STUM,2.598244301075601,3.8298200757525085,9.9019788661817,75.7394626233219
STX11,-1.0653737413450513,1.358774419350317,3.832424603850742,1.8371832631502085
STX16-NPEPL1,0.8492325499659421,1.2547237282376766,1.6799774130778906,2.17622283260442
STX17-AS1,0.49674769555359055,2.0540422506621727,2.170206514031492,2.396048452116137
STX19,inf,inf,0.8403472244129678,2.266296518291849
STX1B,0.48082847355356223,1.7361095347123756,2.622110554509515,5.00706772089016
STX6,0.882867636302572,1.0507752214895538,1.2976990874223038,2.386411695399196
STXBP5-AS1,-0.14336437768567806,0.9589552205168763,2.292289380568499,1.7958710652412562
STYK1,-0.24908627409113598,3.4421770811912227,2.8180969453709834,1.849789743281083
SUCLG2P4,inf,inf,0.0,2.54843544869078
SUGCT,2.5698740785685876,3.6462893918395425,2.571299623015521,20.019163377639327
SUGT1P1,0.154730442334773,0.9110429642026263,9.281892018297343,6.684724456155961
SUGT1P2,,inf,5.344587461426018,1.678171187266526
SULF2,1.0716560793509018,1.2842521687389732,2.1950284018979564,5.117334939511909
SULT1A1,0.23041061263259827,0.39385777722765375,1.5771945547294008,2.0437185283839057
SULT1C2P1,,inf,1.5293016651607074,3.336259197108558
SULT1E1,-inf,inf,2.084787649499634,1.5979680253844275
SUMO2P17,-0.23795587490304043,1.1655599241761259,1.9006296597450347,2.015304294956768
SUMO4,-0.4849840737197845,1.8479897606674733,1.8019477844552567,2.425304033797299
SUSD3,-0.5957270063698726,1.4609698191720208,2.598853522837941,1.3965080331784439
SUSD5,-0.6907374900809278,3.11297411361989,3.8320633953063097,4.122295032002438
SUSD6,1.9468488374253616,2.0264875184331377,1.5540749905677467,5.722524755216215
SV2A,0.40133418150165584,1.6747550542085252,1.8084382892325972,2.786145821297106
SV2B,0.3169949149850176,0.943763166293037,3.505506607929516,6.7429790748898695
SVEP1,0.27324151088259635,0.7429929848691048,2.509802796616205,2.3930258690955704
SVOPL,-0.24424555923959468,0.9099546247999517,1.7822276669628303,2.3719045352799286
SYCE1L,0.058161774487765217,1.4919375751304385,4.2776023537461985,5.15494203107131
SYCP2L,-0.7944791143772546,3.1465091588930805,2.4803119966924405,0.6303986967226772
SYCP3,0.5759032256715085,0.9247199170046589,1.9097793037228858,3.286032267919752
SYK,0.9980076183179059,1.2430646070697955,1.9384093147401058,3.644405945333254
SYN1,-0.3653552324604227,0.6949293822001608,2.140067077592459,1.6212128353879627
SYN3,-inf,inf,1.6579715271023079,3.3396570711983213
SYNC,2.8318894098100507,3.6103105131955266,5.1088154117294975,26.186943702406424
SYNGR3,-0.4765846873630071,0.7164409797715644,2.0187056795696816,1.4639041539823718
SYNGR4,-0.3689402978806334,2.200280012397223,4.151518185823469,3.751613948593962
SYNM,0.5093136212982349,0.5839968321448363,1.8650006936416186,2.7232672061657026
SYNPO2L,0.5011946640234873,1.084722476153288,2.060407777206689,2.8795874175428136
SYPL2,0.37813772691989544,2.188885956431308,2.500173995571022,2.7206422018348624
SYT1,0.818158769725293,1.0517325070654784,1.7624743157557128,2.764664708668199
SYT11,0.12743304425255958,0.884356125012425,2.667425926266096,2.9822278146181964
SYT16,-0.1884005260598368,1.3120761384273316,2.7481352166322806,5.533169338200286
SYT2,-0.2725093323094244,1.4178525148858978,1.9671523646263989,3.0345870727034385
SYT3,-1.0508340512862362,1.6707189423427549,2.3439861699903686,1.5234631917271952
SYT5,-0.3452994517050143,1.4587188405648828,5.377468120280884,2.6068256597498616
SYT8,1.9261946207100276,3.2803177896270097,1.9890502542245936,6.247416772887983
SYTL1,0.7297568446445845,0.9473882970521718,2.3554862479609464,3.8943013293350153
SYTL3,-0.11056477798487842,1.0697128186710227,3.492169178200054,2.5113965436711814
SYTL4,-0.2606514499726811,1.0856594408141407,2.030762472210414,1.1392721313760579
TAB3,1.1597129063279163,1.2865701079231517,1.0727487561008033,2.5762713646808595
TAB3-AS1,inf,inf,2.2798751172547798,2.6457279634458866
TAB3-AS2,inf,inf,1.5498986012660625,4.1928850308934456
TAC4,0.17179360447913677,1.144725497459125,2.6976379128224037,3.480390582412935
TACR2,0.09139851036492436,1.3709629558057952,1.8281584978191763,2.049774525024026
TAF9BP1,1.301577876382908,2.5165766516848374,1.5110045045583262,7.6548875055261485
TAL1,-inf,inf,3.589249492900608,0.0
TANC1,1.2165584794123359,1.673493562006386,1.0762157887191177,2.2358374772186855
TAP1,1.0092172680506843,1.2924121553234438,3.182993977207865,7.343358506209775
TAPBPL,0.11325199899375321,0.49799128741717474,3.1498679451110987,3.372210579701824
TARID,inf,inf,1.6670163115217802,4.513789364510655
TARM1,0.23370923038667551,1.3553434680551122,5.695933442988897,5.908726428949069
TAS1R1,inf,inf,2.6419028512890557,12.050740566843093
TAS2R20,0.7639669017645451,1.531467671635767,3.1074085608498567,4.107875705041697
TAS2R30,inf,inf,1.7173089786467712,2.2114175456650376
TAS2R31,-inf,inf,3.0038641120592495,2.2855216551279987
TAS2R38,inf,inf,4.422993373112988,7.583056067313774
TAS2R4,0.48195285455760783,0.9081795114236471,1.801147919366587,2.1645020007000086
TAS2R43,-inf,inf,2.951494319154495,2.678137980123798
TAS2R64P,0.6069541040874239,1.6778364551466958,2.806897751489584,3.0577186535032403
TAS2R6P,inf,inf,2.986394254758001,1.888071138356262
TATDN1P1,,inf,5.120145963949843,2.930495689655172
TAX1BP3,0.33232456484004164,0.49744343666075247,1.63059591611068,2.301928054466112
TBC1D2,0.3490718430085775,0.7184102357133306,1.938612028033003,2.27277305417856
TBC1D22A-AS1,0.20022195771395668,2.1169584829275885,1.3933182568161626,2.195773575326818
TBC1D26,1.4186464980892919,1.72765395438851,9.040992188129179,19.88946605460256
TBC1D27P,1.2151963417896137,2.9881361008846037,2.4904730213285804,2.7372126521923454
TBC1D29,0.9225942081550494,1.329923958055858,1.6784487229353038,3.487893815635939
TBC1D2B,-0.28298556901356675,0.9002269617855446,2.0003278971334932,1.454193461446937
TBC1D32,0.031072080859379757,0.5566154937676614,1.8350139673410932,2.0419900074057944
TBC1D3B,0.5578578018733605,1.2846999276382203,2.1104244361078934,2.6944740094048827
TBC1D3L,0.6136466773418255,0.9373005329012695,1.4913223032627765,2.1032653021377543
TBC1D3P1-DHX40P1,-inf,inf,10.119607680159588,16.705067464605325
TBC1D3P2,,inf,2.770486257928118,3.557336152219873
TBC1D3P5,inf,inf,2.5758682246024014,7.1554690035702695
TBC1D8-AS1,0.49362979876975,0.831520658097329,1.8846096963454269,2.8589238114460302
TBCAP1,,inf,6.504681051528061,3.1156163329219586
TBX1,1.2924006367708025,1.4245934070289348,2.164016699497251,5.8090612412900935
TBX21,inf,inf,0.0,2.8110186453176027
TBX4,1.8516898605830008,3.83727264568353,2.1853674830774064,5.504627309970821
TBXAS1,0.8620956265531396,3.490119466024766,1.120973904983998,2.1085279928063594
TCAF2,0.6046174174701517,1.0008883694020576,2.743356345538848,3.9638164771200164
TCAF2P1,2.299704037402448,3.4223638054788506,1.5064129351634576,4.509948889388922
TCAM1P,0.10003328848581325,0.4430518754484402,2.4521069583305377,1.9657954774206539
TCAP,-0.7996707795412663,1.452888134963046,6.864458564551466,2.507514071807203
TCEA3,1.1104509135184946,1.2466113182386263,2.1894758411906037,4.737257178723685
TCEAL2,inf,inf,3.8446414306697245,2.1510681062694874
TCEAL6,inf,inf,1.9947883167492717,3.464946464378949
TCEANC,0.42934327572822245,0.5875516767047625,1.5947802264811195,2.15836441865835
TCERG1L-AS1,1.706261085034904,2.176544229862444,13.951722600066898,43.18218655925968
TCF3P1,-inf,inf,7.923530966434676,9.85565148445071
TCF4,-0.19527044256734893,0.939695508817582,3.5544197946367544,4.389403796255947
TCF7,0.22266261079038754,0.35185270972392463,2.381760581246362,2.6607115066057507
TCF7L2,-0.9202327263341338,1.6957182076571198,2.248476173542653,1.5551688369628558
TCIM,-1.6239807665140673,1.964577927218607,4.611177523759583,1.599659156435095
TCL6,1.1433033131975106,2.8054972251126467,2.377554632937466,2.925521386501883
TCP10L,-1.8167995574163465,5.281376897104169,3.110395783118961,3.196253913905345
TCP11L1,0.8833687914289157,1.0392531510850245,1.9241565842769748,3.2701045282829275
TCP11L2,0.2500107723165187,2.55249651402109,11.43940082494398,8.01190566686277
TCP1P3,,inf,3.5497672581938278,1.4474865081549377
TCTE1,0.9702806196396557,1.3002240888416903,2.4929070929070933,6.139210789210789
TDGF1,0.9137695890405154,1.978896786008195,1.775255049539882,2.0614421936710476
TDRP,inf,inf,0.399145136260924,41.81467969834745
TEAD3,0.6480053753401331,0.7866514025082174,1.574990901833057,2.4764475585922923
TEC,-1.2225559793606053,1.6296827678830241,2.060250710169239,0.9173785983109747
TECTA,-0.1595569715423483,1.5891717067800613,4.157544701264719,7.611927605756652
TEKT2,inf,inf,1.0807795625239844,2.281015295214078
TEKT4,0.3686486814042635,0.8883820988408319,2.1123249376490265,2.6996135609943277
TEKT5,0.4831946338142518,0.6508158702685669,1.3875306725311571,2.045276486533379
TEN1-CDK3,1.0153389618464241,1.7585668445251985,1.4047492264703525,2.2571478792233943
TENM2,,inf,2.780393053016453,2.643053016453382
TENT5C,0.8669737465117081,1.0382687918496893,1.3450158040373803,2.497929739339874
TEP1,0.7624026818084385,1.2510323231815146,2.0024181640875476,3.206176287238251
TEPP,-0.23063512058917202,3.990909429963502,5.274385456302471,3.182460590686719
TEPSIN,0.7154844825737787,1.399297285514092,1.4416437240553384,2.522593805031738
TERB1,0.3948117639412143,1.3991744695470794,1.6530823136931825,2.396176730845513
TERB2,0.4901112730488817,2.914796177043167,2.535320539495264,1.670315521503929
TESPA1,0.325045703753208,1.684456159920751,2.295612060408395,2.412866030913216
TET2-AS1,inf,inf,5.322510027874091,3.844850091780543
TEX11,0.017773931161395695,1.1727704255608256,2.0625613346418064,3.8516792061934364
TEX12,inf,inf,0.0,2.1915348747776764
TEX13C,-inf,inf,2.814551690347869,4.331455169034787
TEX15,inf,inf,2.2403665283834453,0.5949249916138375
TEX22,-0.5507951866127658,1.5819569434631275,2.190903990794741,2.2786805377846897
TEX29,-inf,inf,3.9518247098170374,4.224399960653158
TEX37,inf,inf,1.0398065252658775,3.4176981313465116
TEX41,0.06400578828172276,1.4956603167148175,2.2742975052214067,3.6832737741669703
TEX45,-0.20184004545544865,1.5759016560500343,4.548787633698668,3.5979487158325645
TFAMP1,inf,inf,1.8101714900395107,2.151310481785648
TFAP2A-AS1,0.5359228614418394,0.9600395775335548,1.291604632903137,2.1321126089791993
TFAP2B,,inf,1.3410110069302896,10.492662046473706
TFAP2E,,inf,2.3758705410747605,1.2534960190641569
TFEB,1.3140775102495452,1.9063241373514377,2.603500756947638,5.095182892647705
TFF2,0.569251310720162,1.783194300590453,12.489011301039243,9.569225963995684
TG,inf,inf,0.0,3.20684565865913
TGFA,0.7823025337478722,1.652102003872949,2.0484711682576933,6.029470609335939
TGFBR1,0.8895406409877371,1.1348490482667313,1.255432112156708,2.0466067295693904
TGFBR3,1.5569594262080253,2.535847012875123,0.9606868904622334,2.5374711150157623
TGM1,0.7319012040584449,1.2833884011808943,2.1433809672263315,3.918776376025176
TGM5,1.2599159419304269,3.220821191263346,5.58774834437086,16.34030988379358
TH2LCRR,inf,inf,2.035374802141172,1.954053784335957
THAP12P1,inf,inf,2.757379895813236,1.3582545501318413
THAP12P7,inf,inf,2.990111896149555,2.477958824921402
THAP6,-0.09774568048265142,0.6052492030022824,2.2985716596872647,1.5109840599539504
THBS4,1.0706346695140563,3.469648205197126,2.4805418763533416,3.434478787406203
THEG,0.24304968319293735,0.6903964462748869,3.238342736689418,3.681587270955559
THEMIS,inf,inf,2.805415372670808,5.128202639751553
THEMIS2,0.4920294787875051,0.9845073975493241,5.93256477756744,5.780900970184572
THNSL2,0.14180152039674127,0.47041856275223315,2.3156455986469275,2.5210261485318344
THPO,0.5028427046580237,3.4867734594666118,104.63559643466716,71.56194291674568
THRAP3P1,-inf,inf,3.4658549497088407,1.46784012705135
THRB-AS1,-inf,inf,13.089358448283694,14.008997925593931
THRB-IT1,0.2460641960246902,1.208379769785786,2.3179723502304146,2.984388390330665
THSD1,2.6754897278000467,4.032600787037614,1.7471753139025201,6.790589036550652
THSD7B,inf,inf,3.9363369245837414,25.32680378713678
THUMPD2,0.551529844245643,1.575994214307522,2.4090644977405926,2.9289082184048367
TICAM2,inf,inf,2.9540505532733796,0.9960947041190185
TIGAR,1.623911101098373,1.889669024427456,2.2579060293639834,6.881785164643291
TIMP3,0.367228462569573,0.4958774039838362,1.8162438485292456,2.123689574874622
TIMP4,-0.1562044287231603,0.9740216499436399,2.7706379549208715,2.2901735759577986
TINAGL1,0.06155480083877063,1.3148663452597347,2.928500331785003,2.679889681486397
TK2,-0.17192924996848483,0.6809735884558324,2.2343279204537767,1.6538738018237253
TKTL2,-inf,inf,1.5111987949834638,2.752938865057795
TLE1P1,-0.8433294228421115,2.130293137093136,3.2617201955939654,1.4934414252127914
TLK2P2,0.5194891372440876,1.0920338777852006,1.5899565427329792,3.0365765330758085
TLL2,0.3578752227011555,1.1018844228043854,2.121740088903922,2.0550485589350864
TLR10,-1.201131756900206,2.4258391034392877,2.1230296055564106,1.1891902843851558
TLR2,0.39414095436184293,0.5002219214064255,1.711319528347727,2.180113898655245
TLR3,1.5634281875883735,2.0882443397511574,0.8805639947028124,2.0033808522240406
TLR4,-inf,inf,2.436796222302942,0.0
TLR5,-0.3031224552698581,1.1606835533787554,3.7444402921426447,3.7329653988835667
TLR6,-0.292472592296411,1.1106872343351841,3.4564350475903836,2.68759640344607
TLR7,0.47607628769494936,1.0136021755128595,2.019920900517189,1.9853970185579557
TLX1NB,-0.42647848453833037,0.7858492019826502,13.269700718035356,8.011826464731792
TM4SF1,-1.255754634859223,2.540001266951197,8.896048451151708,5.422735613924571
TM4SF18,-0.8306621704579472,3.8574577710019122,6.371200698067535,3.933124984026958
TM4SF19,1.500870198190006,3.349100704313897,1.2023252262227484,2.6090641823527165
TM4SF19-AS1,0.4478437624958433,0.7762890901774816,1.7369437930968772,2.610520878343267
TM4SF20,-0.2685920709324732,0.9815706142486897,3.579262412681986,1.9875343980055036
TM4SF4,-1.8661051486315448,4.646849152925062,32.1798346841286,17.216386667382316
TM6SF1,inf,inf,2.431999810287178,5.8001612558988835
TMBIM1,0.1960983659760053,0.793945644666072,2.774944404412459,3.5454138653260774
TMC7,0.8847226038874487,1.0251581673117232,1.565401333123649,2.9730347737381706
TMC8,-0.8418110324131988,1.388279164160679,2.558312865914608,1.8106768527773809
TMCC3,-0.10563779562308542,1.0277773789679447,5.190709227085137,3.909420695980027
TMCO2,inf,inf,2.44329875310049,1.6647155929476436
TMED10P1,inf,inf,5.033711781106753,6.074092670478711
TMEM105,-0.03695808125943775,1.288401644246639,1.6153260751878924,2.0601949239616113
TMEM108,0.3234856451788969,1.630998000294485,4.577290177156341,4.380023245166063
TMEM117,1.3646389036027298,2.367763136269582,1.064032542828312,2.9518693070621906
TMEM121B,-0.3436153041375838,1.2132023692746823,2.636368466452476,2.2681801702691553
TMEM130,2.6002950863549668,4.154994971261507,2.326788863273073,11.837402844271987
TMEM131,0.7611372653995103,0.9313728620115974,1.4367515698602547,2.2424580274699646
TMEM132E,inf,inf,7.1052342030807925,0.711490097453631
TMEM134,0.3960823883017368,0.6018837085747439,1.7439502136986327,2.3848792458240786
TMEM139,-0.3028812345722825,0.9710626307742954,3.5845670348446923,4.512210898883262
TMEM144,1.2043079865775006,2.0126102195454965,2.14976880094899,4.919134537558205
TMEM151A,0.8305884613122615,1.3223033886402795,1.7863637273279123,2.9044920585155
TMEM154,-0.05317415027509925,0.5475823188755756,3.7430929988932227,2.9461990778828
TMEM156,0.058457504011193664,0.6389418224458797,2.2102068206910985,2.870635777346881
TMEM163,0.2623324317281216,1.1082723500698313,8.767708275823994,15.548639098989677
TMEM171,-1.0291269805719057,1.7157904536968864,2.1512753768406374,1.286719090354622
TMEM173,0.777520831341129,1.6416498629546035,5.634150338036033,5.120244534982986
TMEM176A,inf,inf,0.0,2.7518257179512484
TMEM178A,0.6786025454002833,1.7326224821527274,3.539683031655509,2.518648235391355
TMEM198,0.30035405317457853,0.7437000227511174,2.374451266288828,3.0482411015981588
TMEM198B,0.21115063777406357,0.4639618590583974,1.767548693384081,2.009300974209361
TMEM200B,-0.6836521797173474,1.971436210493396,2.6693182738239813,1.3420775645696703
TMEM210,0.5106987379987278,2.2637961280538836,5.712765230074982,5.287570936937348
TMEM212-AS1,,inf,1.3883250158149993,2.851497153300063
TMEM217,0.3596830240299419,1.3770694023450611,7.2673152474857465,6.232586261613719
TMEM221,-0.632929460013419,1.2564262661292576,3.3450164955347272,2.56799221749131
TMEM229B,1.3493368427100458,1.6682629645772045,1.9671443352445623,4.355158168770683
TMEM232,-0.4295047048052579,2.850228065731743,2.2512325471760457,1.0521293656843005
TMEM239,-0.9319720779381949,2.6668621983437437,3.761282740094023,1.4670836131631968
TMEM249,4.0352206278311655,4.680347803431854,4.4098563652426686,88.79045427341902
TMEM25,0.4699849630847403,1.7431120424922792,1.5364810084246823,3.4350090436072946
TMEM253,1.5949762078413339,2.3288488350591017,2.4583171332130207,6.78590380538443
TMEM256-PLSCR3,inf,inf,22.437414066631412,10.223796932839766
TMEM262,0.4763674931614795,1.8018060741147852,1.475239299259527,3.5665342243091924
TMEM265,-0.09929503227017045,0.4028473508916112,5.531313403811175,5.571673310713579
TMEM270,2.421771746976519,4.1561180906606445,1.5986415350345737,4.946810536855776
TMEM40,2.6305396805001884,3.188186106548925,8.093629897131537,53.89545212475011
TMEM45B,-0.4036971392148415,0.7538688480139162,2.0199935953653787,1.3935886175611374
TMEM51-AS1,-0.35518092456524974,0.5705413465554044,3.5070414052697614,2.361515683814303
TMEM52,0.8984611641839921,1.3933340646320562,1.125463930038392,2.175510527104019
TMEM52B,0.8858192828195796,2.942046746933323,1.221172110396107,4.494623453227812
TMEM53,-0.12936881772787606,0.8620755273701939,2.1352364130709263,2.240475574300778
TMEM56,-0.9823652401276929,1.6663286264914237,2.1213647715826003,0.6683446151026812
TMEM56-RWDD3,0.030163157134168617,1.6760819496880566,2.9815681398233225,3.993312366584825
TMEM59L,-0.3848211172645583,1.889252500644036,6.885799017377152,7.384117606225847
TMEM61,-0.6388670855643359,1.269538191067343,14.787442256260638,13.193897398492584
TMEM63B,1.0995861108238802,1.3942433180893652,1.3151355760705363,3.1247258084314646
TMEM63C,-0.44038234861020176,1.3430772192735658,3.573593651997314,2.7884699934051436
TMEM68,1.1801529969052844,1.315531967397997,1.0616651097509469,2.295578781316669
TMEM79,-0.29368125036361714,0.5133447120856294,2.0164101814746678,1.7436915036123337
TMEM86A,-1.0930067736758478,1.576990784716854,4.638831955074284,3.1732607871478336
TMEM88,0.5357426026413908,0.9663875787294527,5.4451381790387785,8.656698068900738
TMEM89,inf,inf,2.3285778554496224,1.4255878739639751
TMEM8B,0.7938806940875205,1.075792692370798,3.111810029387735,4.815024742033992
TMEM92,1.7479495202795716,4.002620382504461,6.218220089338318,17.514327338168027
TMIE,1.6437028136585217,2.7466251057806303,4.555308634755402,10.183455656598145
TMIGD2,inf,inf,1.838348954155008,2.1118046451562407
TMLHE-AS1,inf,inf,3.331161470598573,60.5467294646937
TMOD4,-0.08523291570569075,1.8263878428052402,2.317755857372006,3.03376918492028
TMPRSS11A,0.35776321947346046,1.5570389808779403,2.5966619048480144,3.769705791938661
TMPRSS11B,1.330856092015244,2.9978900063416956,1.7516811787525932,3.085377569189914
TMPRSS11BNL,0.9832530023473988,2.723853200936138,15.962155963302752,28.784085117227317
TMPRSS2,-1.3657818079745618,2.8113298202599806,2.3952490259197856,1.079904689543111
TMPRSS4,0.9639924780713653,1.1983866775870298,1.917558764031969,3.4931008200196683
TMPRSS7,1.6808938875635906,3.1699520116639857,3.085264900662252,9.103379431242697
TMSB15B-AS1,-inf,inf,0.11317788663049258,2.5470586880212918
TMSB4XP1,inf,inf,1.1248644708652848,3.5566118245199343
TMSB4XP2,inf,inf,2.618175795436659,4.6552358975519805
TMSB4XP8,1.0121054691492999,2.636274825094031,9.87407489175608,14.758087555736664
TMSB4Y,-inf,inf,4.162059510134509,4.457757438766813
TMX2P1,inf,inf,0.8659119098514237,2.4742894465996352
TNC,1.524613982149467,2.194683506474409,1.598404650471733,4.192277691107643
TNF,,inf,1.8957071643389776,2.0037284225270877
TNFAIP2,-0.19466977333877244,0.46277001106097654,4.15755495759685,4.011807197903047
TNFAIP3,0.41387940138102364,0.8897934481457208,4.518383619393396,4.2200511791434066
TNFAIP8,1.5569957671139463,1.8036654752436443,1.3359727081896227,3.790019304021404
TNFRSF10A,1.375017461930069,1.6046756127865263,1.2689627710048328,3.3477165921594403
TNFRSF10B,1.4655403329497672,1.693676685066697,2.113685854099142,5.345100242240991
TNFRSF10C,1.3919992377637112,1.5482038036994994,4.946058958709593,11.687816746299012
TNFRSF10D,inf,inf,2.093632958801498,1.609238451935081
TNFRSF11B,-0.13432907663369684,0.3227280442469509,3.3791379339503744,3.694414502607875
TNFRSF14,3.158541477415012,5.715833996495252,8.462828460399704,47.05649750185049
TNFRSF14-AS1,,inf,4.1022584594136475,1.4837678134220604
TNFRSF21,-0.3951638042944823,0.5168547775301588,2.1436084028709743,1.70698633504987
TNFSF10,1.7151071964547426,4.039907309657803,6.161816409649459,7.982177045984614
TNFSF9,1.1323665909381342,1.6977641668422763,1.7950690158900513,3.7482552392509922
TNIK,-0.7977695976787382,1.6122664588838644,3.5244901635680037,1.1528046980903166
TNIP1,0.40607861993252936,0.6505155175091109,1.65670175114619,2.1595311170690477
TNIP3,0.1765960909930965,1.483172273802992,1.7013369488116508,3.0433543138821797
TNKS2-AS1,0.338901963891567,0.8379568088438036,2.0204643104026956,3.2840103091179453
TNN,-inf,inf,2.6189226732520448,0.0
TNNC2,inf,inf,2.145367179625269,1.8954044779866888
TNNI2,3.1880463408470607,3.531571119777402,0.6023819536985898,3.9189120913085866
TNNI3K,inf,inf,0.9308892396508273,3.9919770473790224
TNPO1P1,,inf,4.383151237508361,1.3698031743457726
TNRC18P1,0.17706807809117878,0.8598305159307872,3.036204734752366,3.055169119622653
TNS1,-0.1262548286390106,2.0526331132772286,7.940874893823565,7.3426364114387415
TNS3,-0.9254205696701594,1.7957895453707655,2.3058255957285017,1.1351564725538923
TNS4,1.5547859855639048,2.0508387410612325,2.9353503179194256,7.873122507724862
TNXB,0.6615737959466544,1.3892720511319494,1.8980231456038485,4.971804735848606
TOB1-AS1,0.7715808361293217,1.1018717960122935,1.1764493016768998,2.1407735974495803
TOM1L2,0.012011309947759155,0.4772776819283878,2.0714497114792993,2.120163122721625
TOMM20L,0.31544224674762156,1.3867853077475074,1.9726346350086954,2.7865113471405785
TONSL-AS1,0.014443637458135483,0.8702005305900372,2.3153475152872276,3.0048185579073357
TP53AIP1,inf,inf,19.703432990663007,51.46331227011223
TP53I3,3.3256470477304827,3.9201880027478024,3.6274065716120947,54.914927291921664
TP53INP1,1.5419869121411183,1.71100585405095,8.365467450772892,21.373620884027662
TP53INP2,0.46008433521685554,0.7151042838566771,2.4992353965505827,4.102749513001017
TP53TG1,1.2536520756285745,1.6593840086581961,2.1773324977226545,5.705847892968661
TP53TG5,-inf,inf,2.6608374562132098,1.4060344516268821
TPH1,0.05435244693488447,0.41994684025725,1.8419926337014731,2.286029007758011
TPI1P1,-0.4236949247629356,1.7341110834784008,3.026996553300787,1.1312206703512628
TPI1P3,-inf,inf,2.2976328832678172,0.0
TPI1P4,inf,inf,3.0650976710294,1.2714855245088426
TPM3P7,inf,inf,1.5483724925705795,2.486760540490342
TPM3P8,-inf,inf,5.595123325403781,1.0702078377363216
TPO,-inf,inf,6.891288160833954,13.456161578555472
TPP1,-0.08649728664272786,0.33668112534323485,2.0278840448759903,1.656300458239357
TPPP,0.014815646724419762,0.5421692411265796,2.2208868987433195,2.4551928354759496
TPPP3,-0.06163423293319947,0.7653196992826684,1.9355025872752099,2.052172775116751
TPRG1-AS1,0.5808978645348004,1.7397088182368918,3.928581507934785,5.765397390530361
TPRKBP2,-inf,inf,3.8592537177403425,1.1924262907660292
TPRXL,inf,inf,0.9937909998746504,2.2429198178247614
TPSB2,-0.9752852669658838,2.1139664892700014,2.160597389361452,1.6602690996040923
TPSG1,-0.7175435976569894,2.309290872849891,3.2076993942101004,4.731833282152928
TPSP2,0.81151651457119,1.1009321454834795,1.6956918136814538,2.8673713182591407
TPT1P10,,inf,2.7668643439584875,2.9403377501853223
TPT1P14,inf,inf,1.2708081924741983,2.5830344559869705
TPT1P3,inf,inf,3.2084194803331676,4.354429151300855
TPTE2P2,1.8443261106285989,2.6015223685119073,1.4729854386829895,4.309449312996747
TPTE2P5,,inf,1.1714154633698748,2.826442748828898
TPTEP1,-0.5715895387654981,3.4274051950592908,6.624072615019966,1.121059859896035
TRABD2B,0.8006207771501601,1.7306701962652373,1.326992287917737,3.1984136400588836
TRAF1,0.08842204370095338,0.6481491349953682,1.6108905998437832,2.0601012757772366
TRAF4,1.2253592000590932,1.493518723915097,1.5512745368651748,3.427688330550578
TRAK1,0.7029679035920203,0.8470715257999294,1.3740011750596497,2.4716162499503116
TRANK1,0.584059997772731,1.162078871854085,2.397198432079043,3.2903169621179598
TRAPPC3L,0.16715761943377194,0.2764608257419025,1.6856743727402212,2.0417223622219787
TRBV20OR9-2,inf,inf,3.8510558414681046,11.583817146206112
TRDMT1,0.228198848502494,1.890460350878885,6.782257133649809,5.4622048309249385
TREH,3.082653446021109,4.694177492239711,13.485052993930609,33.10741462088957
TREX1,0.5304076903312788,0.8733304995469086,2.0263559149612154,2.9097569821595104
TREX2,0.3311163380306397,0.759226557159594,1.5930060364616452,2.296265624551988
TRGV7,,inf,4.591221443821288,2.401970449782258
TRHDE,inf,inf,2.6493552168815944,3.3570926143024624
TRIAP1,1.127747814289325,1.2710421927530065,1.6453156191359188,3.4376268923652495
TRIB2,-0.7304873441435202,1.7484734331499274,3.2827362661866197,1.8803291438019047
TRIL,-0.45315374721988655,1.432393211460919,1.9307859754422303,2.56658283492191
TRIM2,0.06442303199372462,0.5527013146421206,3.3127599660364786,2.8646277805841867
TRIM21,0.41172725148431333,0.7271015209478541,2.554162784528041,3.155341645885286
TRIM26,0.6557777795632738,0.9404912254574187,1.2977773823233378,2.148171009651569
TRIM29,0.38068014579216963,0.8443713572929685,5.249847975186616,7.068874442326893
TRIM3,0.7415856435654565,1.1080757473132457,1.3235352927862025,2.177272708070114
TRIM31,-0.29919954500296164,2.790007706305545,9.583499236075745,4.784179823139961
TRIM31-AS1,inf,inf,5.7863886807422755,1.4401375236919822
TRIM32,0.7574722416726288,0.855099528808558,1.4379351422499376,2.3409086379108124
TRIM35,0.7561110804816435,1.2295388537092238,1.3131955873449932,2.1191505671913182
TRIM54,0.09306216179821762,1.9060824931834768,1.2285943652728295,2.98848560847553
TRIM55,1.7050095114864372,2.9284645721950024,21.66436114829689,59.58418860627696
TRIM60P17,inf,inf,0.0,2.4636269646608517
TRIM61,-0.09791114148858904,2.905084899699585,1.8073578893136326,2.4034976688568177
TRIM66,0.32235414103894533,0.7617053860582982,2.1729339412300916,2.045957743165298
TRIM67,1.788582970659078,2.662713978261923,1.618980850893358,4.604198381539941
TRIM68,0.6754396364294456,1.4119636727898701,2.0305468006290455,4.054016841757923
TRIM74,0.19749725588812686,0.8573774373782715,4.881934366368616,4.173727821731192
TRIM9,1.0759479947405368,1.4580036278096198,1.9749782383760082,3.6651830439995403
TRMT9B,0.08369980244048905,0.5804537219857346,1.6864433255297828,2.521771500675541
TRO,-0.5992027720379536,1.6278519047676132,5.404145019706198,3.6502149767108563
TRPC1,-0.5730383498991112,0.9068010190175049,2.386965983014669,1.3139198262968295
TRPM2,2.513790533468984,4.089505427590623,9.703479689366786,49.506123058542414
TRPM8,1.4132439133529373,2.748395543145576,5.099678456591639,7.020510098960446
TRPV2,inf,inf,2.19530674213614,2.282155596827924
TRPV4,0.8479105573265904,1.1081627461995716,2.140385014196726,4.24900405291577
TRPV6,1.7488020454195847,3.816146851064086,3.7549222924341863,29.04581940615317
TRUB1,0.7325004606818312,1.119904839889801,1.2427025867073642,2.013206539509077
TSHZ2,0.26095425941991085,0.7076419332320768,2.0794011010028774,2.327650639479768
TSNARE1,-0.01597014628018309,1.1551069601849386,2.0218595390042666,2.225848702272381
TSNAX-DISC1,,inf,3.3917580947283836,5.083302113995184
TSNAXIP1,-0.4246112302665512,1.0968372535015425,2.1539348232308226,2.639255964457494
TSPAN1,0.330079290299768,0.4215896010480862,1.5689807511426275,2.0433742886277915
TSPAN12,-0.8098699004649383,1.2519237036510444,2.0439484983688354,1.2602054414806287
TSPAN5,0.8047926851397732,1.400113935214104,2.5215744558958124,3.365476463668077
TSPEAR,3.2498364240220816,4.3555947005808475,6.970664160684766,55.33003102284822
TSPEAR-AS2,0.9424560491139932,1.4187582230259426,1.7573813201873114,4.0196899772882455
TSPYL2,0.6294891035783553,0.8978808218389306,2.477600800977031,4.293593123937906
TSSK1B,inf,inf,1.377632506067486,5.510412589055038
TSSK3,-0.37996888895044634,2.894431044513051,10.181813174274676,12.31795665756486
TTBK1,0.21118569206545984,0.5298810869418511,1.9816303759250447,2.1477692269825903
TTC21A,1.0385120998858626,1.5175515461810734,1.3883701298321758,2.8326376497445356
TTC23L,inf,inf,1.313634834513633,8.181047347128896
TTC36,inf,inf,0.8136188649969992,3.5159330766866224
TTC9B,-inf,inf,30.11146748248298,10.021415178130859
TTLL6,1.571079637071687,2.4068015638729823,2.0200611348407858,4.437855017308042
TTLL7,-0.43414882181373965,3.320274424316542,4.2580191333708495,4.867282974955604
TTLL7-IT1,-0.4910325413035046,1.6813586758723704,2.630870674103718,1.8162232774172147
TTLL9,-0.03959544603591092,0.8932881044026878,1.6799301705920184,2.119901381274692
TTPA,inf,inf,5.943212458643656,0.6415297838539009
TTTY15,-0.19115186214428756,1.1328758103359766,2.2595737050205225,1.2947182459387294
TTYH1,1.0851400285205242,2.0304920200145244,3.8235829637236933,8.242472520326665
TTYH3,1.153208685726928,1.388220993262776,1.627864338282349,4.108778765449363
TUBA3D,,inf,20.787338949454906,15.786124876114966
TUBA4B,-0.32657588276613264,1.3752838042014566,3.041804519710649,2.544215779734201
TUBAL3,inf,inf,3.236871138570167,3.116688731979994
TUBAP,inf,inf,1.3946008583690985,2.02256652360515
TUBB1,,inf,5.0140625000000005,2.1300000000000003
TUBB2A,0.05573673341551728,0.20044966494865982,2.0572335470105125,2.1687607231484316
TUBB2BP1,0.18426484348993688,0.9142730144891053,2.067302699969253,2.0120852709598727
TUBB6,0.509249286415792,0.6201067028068769,1.4320379313312,2.091716335927753
TUBB8,1.4956607484347584,1.8980204998347543,1.9156379912220987,5.368964468328578
TUBB8P12,1.3786364422591235,1.6636490595280835,0.8934078567986803,2.830466613666307
TUBB8P7,1.016829503662884,1.4312006608503425,2.2412994989856423,3.925834183301763
TUBB8P8,inf,inf,1.4284682361782348,2.9703805439303435
TUBBP10,-0.5591325121136641,1.4685704763921668,3.543087078397685,2.5337043893756457
TUBBP2,inf,inf,5.313514873199967,4.359608384455952
TUBBP5,1.6956669181002433,1.8699966899433529,1.297880855986119,4.054536831589464
TUFMP1,-inf,inf,3.0429951816304532,1.285063054404717
TULP2,inf,inf,10.37137474309203,2.583466544873259
TUSC2,0.8475328018462395,0.9816606084814243,1.2716490005120504,2.4740650625715817
TVP23A,-0.0976765955750292,1.0553353936619227,1.5507688187289288,2.1023805022528914
TVP23C-CDRT4,-0.4743818399246898,0.8891184191864643,9.66862898794324,7.79947756731422
TWF1P1,,inf,3.059160563228021,3.5794167725196617
TXK,-0.25191042596750235,2.2854211834560423,3.9603417285899036,2.3156842974361225
TXLNB,-0.5539657224647596,0.9965921039627095,2.0004597467492715,1.2214096221409623
TXNDC2,-0.11771476353752765,0.7522617490011025,2.130963222188976,2.3208398922814735
TXNP4,,inf,3.4152370531725875,4.869320109617644
TXNP5,0.5497128415213366,1.9753022416508408,5.624272476819076,6.147356652978736
TXNP6,-0.16751026267185165,1.8848656537715105,3.96645784628872,4.659254456458211
TYMSOS,0.8843490862937784,1.1344367535793345,2.3423922220467817,4.170104879476455
TYR,,inf,1.2728062844726726,3.3508942002339963
TYRO3P,-inf,inf,2.27883753230542,2.003120659645915
TYRP1,0.5112207754937451,1.474047658984591,1.9268100054075472,3.791393646225801
U47924.1,-1.0234625966861244,1.980793482620501,3.6657237063958936,2.2105736445726705
U52112.1,-0.00023381615534544264,1.5512775398701169,3.8924836337185806,5.8667420997332895
U62317.4,,inf,3.0212762607404744,2.3081132754509874
U73166.1,0.2934727538296339,0.9898802942455278,2.9238506199475887,3.247068791495745
UBA52P5,inf,inf,1.7516011537012277,2.405866098845496
UBA52P6,-0.39945864972523115,1.215925736170986,2.0478368992795626,0.8815871373457859
UBA7,,inf,4.366873929998098,2.9091746718660834
UBAP1L,-0.15260031650714861,0.8837396845589308,1.7154564155804204,2.200945899180989
UBASH3B,1.9030908344027193,2.5155806933666582,3.707653799035298,8.951137210559157
UBBP1,0.8914483666604365,2.2182941292824765,2.591490027895326,2.7078344118260995
UBBP2,,inf,7.595497428828032,5.4069175810848655
UBE2D3P2,,inf,1.4360891600813577,2.5189223433696775
UBE2E1-AS1,,inf,3.412599416375808,0.3941815592556566
UBE2HP1,-0.1518288253439644,2.878797822582491,3.145953448960363,1.2324248493431538
UBE2L5,-0.9838321617340462,3.08448487664989,2.112839893317187,2.2424526202469157
UBE2NL,-0.34568416871556973,2.2143971740428356,1.6814533155333389,2.1214465765577484
UBE2NP1,,inf,2.958874136349021,6.204394130702449
UBE2Q2P1,0.2990109767495041,1.4519496944714707,2.975895013812433,3.2889976222210233
UBE2SP1,,inf,2.7283728164698213,0.775896346155426
UBE2V1P2,,inf,8.318111207779271,4.792514618791823
UBQLN4P1,inf,inf,6.063052964490172,4.189659313823611
UBR5-AS1,1.4919583347806042,1.7593770791370167,1.0571157127252675,3.262584055938564
UBTD1,0.43084235377298497,0.6137303019934092,1.6504211423900106,2.5254920666137335
UCA1,-0.25502297674694724,1.0370235141756305,9.5343465261959,4.646390945330296
UCHL1-AS1,,inf,1.5061713481013095,3.4992734514679382
UCN,0.39262958094197425,1.2038075661293326,1.9189564143822437,2.061148693121619
UCN2,-0.7153359516014168,0.910655425081512,4.5850942679994935,2.8050740225230926
UCP3,0.3223183144302657,1.2437370226589366,2.572667578224371,1.9383983083184941
UGT1A1,0.25901999125532593,0.40530211507351677,1.9666611206213398,2.052428996325888
UGT1A10,inf,inf,2.854842881158671,0.9602030259924998
UGT1A2P,0.05296873730391333,1.3408055872408682,1.9882804132544611,2.4118868328692185
UGT1A3,1.4402849430833373,2.2233647408277686,1.7806031119910553,5.888593605555038
UGT1A5,,inf,4.177490504351171,11.157994374729554
UGT1A6,0.27944470147947,0.5002293887754423,1.9009227025691982,2.592821937834223
UGT1A7,-0.30260394894327736,2.281518352678443,6.0534900476566635,3.6653443172249762
UGT2A1,2.0864069952574087,2.933274945911111,9.383840277452308,41.43309743637813
UGT2B26P,,inf,2.5277899935726125,1.5315111126145935
UGT2B28,-inf,inf,4.405910061337219,1.467620048120912
UGT2B4,inf,inf,2.8236849732886244,1.5276221423879892
ULBP2,0.5878891408157778,0.9249162436892815,2.261534979449903,3.800925474349039
UMODL1,1.915784905991369,3.5909272973819495,0.821003065554678,2.666992409740164
UNC13A,2.570556327589068,3.3683277727210146,2.5559327521793276,12.453018679950187
UNC5A,-0.17966034882435722,0.30189450083706315,2.3512794114695432,1.907326051870681
UNC5B,2.2353723762602877,2.6200624291620085,4.8087392738957595,18.7072507386365
UNC5B-AS1,2.552399538525285,3.3322148967836105,14.265792830935478,112.29815537405129
UNC79,0.040653252599660024,0.4210866927115833,1.838262016338899,2.4613146622237214
UNC93B3,-0.0036927103821508753,0.6276581042840648,2.5889349460980036,2.6061234240234548
UNGP3,-0.10836304579304441,0.10836304579304441,3.271242716614376,3.0345356325635158
UOX,-inf,inf,0.5746382142216893,2.287781191466739
UPF3AP3,0.3685489188477157,1.4190636037482747,3.2206842490691363,4.869759058512887
UPK1A,0.3011809018869278,0.9927462521706089,2.350020740795981,1.997925920401952
UPK1A-AS1,-inf,inf,2.0286957191253467,1.4011626116415152
UPK3BL1,0.37702078993096616,0.46364956128227575,1.7436467139027747,2.2684933435646593
UQCRHL,0.643286981817985,1.7489705408055911,2.016565981809017,2.3565071507564523
URGCP-MRPS24,,inf,2.417959515013574,0.8345536516818999
USH1C,inf,inf,3.603984211175527,21.87475329961761
USH1G,2.051662388710923,2.671074951956948,3.3039867944764714,14.209201970773561
USP17L16P,inf,inf,0.0,3.713427536913383
USP2-AS1,0.3548283498236927,1.162811970883827,0.9089059758012374,2.0349804501092947
USP30,-0.0186988545025841,0.792897904766053,2.0293823915004676,2.091301771026132
USP32P2,0.07098040105577838,1.0901960764514793,3.2382382221446524,2.0206804814065404
USP32P3,0.7254118695788175,2.104296761885306,2.3026664747398082,2.290169419072295
USP40,0.2806988829672485,0.7022213940584194,1.6998953810654907,2.470162387013314
USP49,0.04365326852481308,0.8219748148863503,2.18401049418977,1.5286591640865508
USP8P1,,inf,3.188323742342677,5.106831260441805
USP9Y,1.1228573031229474,3.103988039051093,1.6904498331407516,2.477520463488934
USP9YP4,inf,inf,1.5013789933348656,8.59625045145615
VAMP5,0.907922172980425,1.194925840891261,1.4364671740061958,3.288548313807404
VANGL2,2.9555885559490784,5.632533476004475,5.492908026968578,47.95096043760336
VASH1,-0.4646963153349155,1.039666315552535,2.4413790715212826,2.1737683471765483
VCX,1.1105314418017858,1.957339179286707,2.3024352762475138,4.088727884693256
VCX3A,inf,inf,1.7981475235451314,13.782755623589237
VDAC1P4,inf,inf,3.053883405872617,4.662891558879421
VDAC1P6,,inf,3.037048765041165,0.6504375024233887
VDAC3P1,-inf,inf,3.0813117195072275,1.2203289834103583
VEGFD,inf,inf,2.8706662442292026,5.894496243323981
VENTXP4,inf,inf,1.277399242200893,2.5317860691628176
VEZF1P1,inf,inf,4.439600498447002,3.487603920620455
VGLL1,-1.2183376231966754,1.8245410479957003,2.7568055770122046,0.8944697203769504
VIL1,0.3243629817522709,1.0443383609563315,2.485864577759054,2.4796137949879884
VIM,0.3530544073020108,2.4728361855059244,1.4851131971927907,3.91399655631985
VIPR1-AS1,-inf,inf,2.953390127772237,3.6187360644687034
VIPR2,-0.09098400743615018,0.571853254343559,3.3451097630166284,4.3129446165932
VIT,inf,inf,0.0,6.210494278061845
VMO1,0.3044349657566211,0.7328114764433715,1.857700014005482,2.49491372337172
VN1R1,0.20179643638043915,0.8329554545509941,1.3445192374997084,2.230383350054831
VN1R108P,,inf,1.746273008221734,6.372164667923575
VN1R42P,-inf,inf,1.927494677729876,2.201905590929591
VN1R84P,-0.6054458818605647,1.1240635183090482,3.1080700987312957,2.181132356605129
VNN3,-0.5668846309503716,2.6979610119134048,9.036564273488874,5.899342401585444
VPS13C,0.6460246960836306,0.7491167005148789,1.8856859782185396,2.6779809982054164
VPS25P1,0.3324178971233741,0.8274535127008248,1.5426043084808199,2.2733865442282193
VPS37D,1.1212521543161444,1.316066449457598,1.9422328115945395,4.390521269194851
VRTN,-inf,inf,4.0945301027900145,2.533223201174743
VSIG1,1.0369458623875136,1.2668598546034286,2.263187247577665,3.5536598557324
VSIR,0.5058916586285213,0.8517424196437771,4.421788452095369,5.539780564165278
VSNL1,-1.1353819750965009,1.1353819750965009,4.20225801830896,1.9129282616905183
VSTM2A,-inf,inf,6.817945432619836,4.010400964727162
VTCN1,-inf,inf,4.484162219662936,0.6485182026778729
VWA2,-0.032400048533104464,2.782911405984223,3.4625151148730344,6.731559854897219
VWA3B,inf,inf,103.83312908496733,21.45113357843137
VWA5A,-inf,inf,2.6645548790521634,1.0353096796243084
VWA5B2,-0.4321953067315011,0.9418205871844348,2.9043094971973136,2.0507971057121006
VWA7,0.17517790313130494,1.00132024559409,2.947856263481602,3.0325731045577515
VWA8-AS1,inf,inf,1.3253976909773615,5.590312076406525
VWA8P1,-0.07881639781744024,0.4979881388770434,2.2798725030158384,1.6143629929530123
VWC2,1.760378299158567,2.5368505744374343,1.5484888304862023,8.986202365308806
VWCE,2.0639465783674416,2.2968240162999396,2.491622835772938,9.72132645434413
VWF,-0.3069128461799137,1.5069422278399527,2.372059923286614,2.5134489662991824
WAS,0.36697918284888487,2.4937778086129496,2.676051770711018,2.4359365720477597
WASF3-AS1,0.004868312017272454,1.5653682879313815,2.4946656235512292,3.120601529902643
WASF4P,-0.06259862904806149,1.6621816441538697,1.9791189593710896,2.933921952831748
WASF5P,inf,inf,2.8984430437867847,2.826877321868347
WASHC5-AS1,0.22405150881454974,1.6029677238116584,2.810226622621662,4.161422481406979
WASIR1,inf,inf,1.101360603495494,2.621234377334064
WBP11P1,-inf,inf,4.301312773494478,1.999374869764534
WBP1LP2,-0.8362879750518328,1.1799257476698246,3.5696735696735695,2.337260282714828
WDFY4,0.980371264600937,4.554409333847394,18.112756937940553,10.2104549711638
WDR11-AS1,-2.8530127872232525,5.896117304419322,2.63700713007748,0.8993719959668249
WDR63,3.1652686016211735,4.319336409309667,8.327969207169843,82.41806806238104
WDR66,0.9809141529849572,1.5272778980588557,1.3741352389616732,3.1094318417254363
WDR7-OT1,,inf,1.7797516657347374,2.2252238408862293
WDR78,-2.5732725657377444,4.319785580138939,2.94542807370513,0.7154530019383173
WDR81,0.612834028656972,1.230827509368099,2.1199174206627216,3.4086174668713767
WDR86-AS1,,inf,0.7884958210821197,2.271409719167458
WDR87,-0.04941228376197391,1.473318774000436,4.443009684628756,3.5091879811273894
WDR91,-0.29389613678651577,0.7229666329890488,2.061885056269622,1.587114848759498
WDR93,-0.08489518010254991,0.26378300148455236,1.8914957044270222,2.046046707154167
WEE2-AS1,0.5763330739019767,1.3805465145850646,2.2003056928747355,2.9971020315475045
WFDC10A,inf,inf,0.0,2.174035967238917
WFDC11,,inf,2.4853687135173717,1.591827891208483
WFDC2,1.4372542129587076,2.0206421948350624,2.5841447580156434,7.68746861132217
WFDC3,inf,inf,4.150295277601814,3.640973768995511
WHRN,1.1809372938452927,1.801486652382186,1.569589712762657,3.8034787651077693
WIPF1,-0.6366894304503322,2.9837103614751124,5.945601281419419,3.5632513339190437
WIPF3,0.7783348533485177,1.5849447850298048,1.6148263871390414,2.051995665977927
WISP3,inf,inf,3.039177813653136,3.9037515375153746
WNT3A,-1.069583562441855,2.5436151193480585,4.004513642357237,1.7053453697129528
WNT4,1.2820169842322826,1.8236528778996959,5.734999786169439,12.05367535855497
WNT5A,-1.4100716837040197,2.722668057098054,4.601354817227912,1.586405032306834
WNT7A,,inf,4.290488431876606,2.6486718080548415
WNT9A,1.7548521658633485,2.003162192085553,1.9048468085568546,6.042965285294853
WNT9B,0.38006599377155037,1.9036196683733821,1.9841071392850709,3.2916224920485684
WRAP73,1.303116394914847,1.5063092429628626,1.237813059387446,2.8035268353321423
WSCD1,-0.31936284060293657,0.8465133016945772,2.5546354228432997,2.1900442567254976
WT1-AS,-0.33878942997564765,2.5214241713682286,3.264943498821013,4.740519785076472
WTAPP1,0.6860318185582992,1.642495546680493,4.049233554005645,2.172725661700485
WWTR1-AS1,0.29197110492088785,0.5960595026583639,2.053790266816864,2.7668444580069402
WWTR1-IT1,0.6951597840678823,1.7197810082687517,2.2757454107514326,3.2373937082588222
XAF1,0.7540256990942936,0.9868641225006617,1.4892761609073004,2.301949759768043
XBP1P1,0.38044186898342375,0.781122838752604,3.2983943748574376,3.4045451389921952
XCL1,0.5867288660013226,1.708065689676638,3.064806044532525,2.8281723595243644
XG,2.8998412881625004,5.5128161332854635,45.761983917551476,175.21126394747228
XIAPP3,1.2662920699557962,1.9075594889964247,3.3544390515779936,5.334229349062957
XIST,-0.11476675637608835,3.2346183759817024,22.420909420728012,32.408725359777485
XKR4,0.5979711405562836,1.4918500981137286,1.4558557093747098,2.2485018117625195
XKR6,0.72726058695632,1.2179302614502485,2.0458400276358675,3.61351514537866
XKR8,-0.128489847288143,0.6121888709044812,2.616869056056996,2.8085731743002693
XKRX,-0.2456903012657759,0.5254242344379713,3.0261861965380543,2.2819220446655013
XPC,1.1762953383284906,1.4591132100083022,1.8470860324924672,3.6834813385517395
XRCC6P1,,inf,3.9600785340314135,1.109350939328611
XRCC6P3,inf,inf,1.3955211985973859,4.166420943576665
XRCC6P4,0.08855438551152067,1.3601631135023613,2.836548062085867,6.593083416538078
XYLT1,0.5149372063350448,1.3187769807490066,2.655147245801781,2.001299598764653
YBX1P6,-inf,inf,6.110562860848996,6.525574179108274
YBX2P1,0.3292831234734275,1.7572703508912788,6.2176391075932615,9.110547511879712
YES1P1,-inf,inf,2.8188378441166217,6.338628179811825
YPEL2,0.09808613441946842,0.414706071835168,3.9167550637037265,4.842823398149255
YPEL3,0.8775407136624772,1.0333246176325457,2.5353884954342614,4.90769775603492
YPEL5,0.012094951687283334,0.24112970923928856,1.8748864760100952,2.049205733043945
YTHDF2P1,-1.1643041018953177,2.212620719243562,2.1510372239858597,0.8604650140260471
YWHAEP5,-0.38612628013965367,1.1921059912166387,2.453540676484212,1.5260052756772213
YWHAQP5,0.4366867474560008,1.2072813467933747,2.73032553153847,3.050918072481415
YWHAZP2,-0.4473279137876077,1.2294253655073535,2.558330515676373,1.4233754493619386
YWHAZP4,0.355306038446919,1.5891924293325386,2.0452005847988697,2.029079791073931
Z69706.1,-0.6974807319882165,1.368118093478607,2.3088464759744713,1.692473667466688
Z69720.2,0.2492371865968805,1.0846923859256092,1.7511360148762722,2.2436951695926552
Z69890.1,inf,inf,0.0,2.7552969733913146
Z73429.1,,inf,2.2358631158997717,0.8802418396847876
Z82180.1,-0.5347055557182534,1.1925428697959988,3.3957219251336896,2.4825544637917862
Z82186.1,-inf,inf,7.383333333333334,2.059122085048011
Z82206.1,,inf,2.422951546734671,2.452888346823373
Z82244.1,,inf,1.8984093684441246,6.735792341171682
Z82246.1,inf,inf,0.0,4.775439349383012
Z83838.1,,inf,3.0883857673245343,0.8066189401879452
Z83844.2,1.3099864602611289,2.62847014225879,5.635855087906234,8.116995205114545
Z83847.1,-0.7004758885198901,3.159356545775538,2.172868206576831,3.176017408463649
Z84484.1,inf,inf,1.5372275381006533,8.460971513130035
Z84485.1,0.27008890247007333,0.629017575787992,2.5937210311756353,3.1378943304534457
Z84492.1,0.24244409583244564,0.7796149151856077,5.363779623716122,5.311936009395405
Z86062.1,-0.495218266915542,1.7020299988923435,2.009541110238282,1.7832684166884871
Z92544.1,-inf,inf,2.8626518731705723,2.4437149444835082
Z92544.2,2.744522900742312,3.548679845743035,2.584402044149441,12.306162965117743
Z97192.1,-1.0870701788735602,2.0590390115527453,5.338492167837421,3.735885203410841
Z97353.1,0.14309964915536533,0.5666065514787348,2.113967142465654,2.021789483036288
Z97653.2,1.4808981225668827,2.073199252715567,1.1010149101799434,3.118626685969397
Z97989.1,0.2338540282915105,0.6405181161440319,2.7929566919308013,2.6173107488604868
Z98749.1,0.13345982542227716,0.8695957258668432,3.0718345901310316,3.1990285247338606
Z98752.4,,inf,1.8035890478539718,2.6795515969198433
Z98755.1,-0.022792930582253845,0.4690043933067687,1.8672176425784086,2.006237920037804
Z98885.3,1.5175034735144253,2.0449915698719527,3.681428950745674,8.713590299597291
Z99714.1,,inf,2.139681256082899,0.37707713116161906
Z99756.1,0.3608573426590145,0.7996849576021664,2.946190549376851,3.859892835186945
Z99774.1,1.0566764638907333,2.482495863501658,6.272653209016021,8.699986421652937
Z99916.2,,inf,3.3090993867932412,2.8329103219431335
Z99943.2,,inf,2.865204043377994,1.3559852977275249
ZACN,0.9407317947992402,1.615761118265037,2.192544227073375,4.998097866259299
ZAN,inf,inf,1.169298245614035,2.492982456140351
ZAP70,inf,inf,3.849024531152786,8.852524220069327
ZAR1L,-1.574724572967435,3.240347989600435,3.48686616527007,2.9405717829260145
ZBED9,0.43561622300836766,1.547726151743606,2.7210064984777107,3.5037622605161816
ZBP1,0.5826014132859434,1.7902040631412406,2.6013536937950525,3.642214707152108
ZBTB18,-0.16379012777017135,0.9372802621582208,2.4211569025245905,2.055519749225485
ZBTB20,-1.0236117484590495,2.7297940556754776,5.173858858925097,0.9347475086134259
ZBTB38,0.8193330867181939,0.9435953643412819,1.1941194462057096,2.0459684531356293
ZBTB40-IT1,,inf,3.0075781833706907,0.7611082857734832
ZBTB43,0.1911030702934306,0.733659743440248,2.2926130530667024,1.938158778498466
ZBTB45P1,0.5307494461306924,4.040455304884211,4.231939589216625,4.890567657340482
ZBTB45P2,,inf,3.5210130929383987,2.4244473062889034
ZBTB46-AS1,-0.07179088575629991,1.2082768950780207,3.4958823602039684,2.311940538071191
ZBTB7C,0.5962890597609625,1.7540832835519684,8.986428053687922,4.437689019970507
ZC3H12B,-0.10603831644556835,1.1569069956800007,3.9957402346889563,3.590312382789477
ZC3H12C,0.4389153097889664,1.6068253461797086,1.5465133633357826,3.2243352773695815
ZC3H12D,0.7221430461710399,1.4499553759138664,1.9930801634005146,2.8451756237010377
ZC3H6,0.7457644868457941,1.1089591311816391,1.4335596605593441,2.4428143196717333
ZC4H2,-inf,inf,3.4658008401869713,4.228191625742066
ZCCHC12,-0.4969381147841344,1.425908201892848,3.0635102443841027,1.8893409034806221
ZCCHC18,inf,inf,527.2524855600795,410.66920746141466
ZDBF2,-0.31235119928863564,0.9229165693263361,5.7979207770526635,3.5731522234026407
ZDHHC1,0.7508835835701728,0.9055175234136935,1.9241710410764439,3.6043886241845255
ZDHHC11,0.8399410755936072,1.1186177489688365,1.7797958637264528,2.597800343647931
ZDHHC11B,-0.3234155892151809,1.10852515193245,3.2188115790712035,3.3061895238375336
ZDHHC20-IT1,inf,inf,2.901999298610034,3.4917991327043305
ZDHHC22,inf,inf,2.1963897905331247,1.3865679658127643
ZEB1,-0.7305535860823892,1.3033439913103724,3.5944317213871475,2.067378364455235
ZEB2P1,inf,inf,3.793713748236401,2.85226524533626
ZFHX2,1.2340426094900547,2.72402966995352,5.686383268329711,9.287891003324345
ZFP36L1,0.9889539886408532,1.0636244834209398,1.1568862486112577,2.2924255469648362
ZFP42,-0.05927985595612886,1.1416338586691233,2.3415595472078867,1.781271349442418
ZFP90,0.8514040663507134,1.2532757809184827,1.677664302217411,3.402099760182678
ZFPM1,1.6332861976381543,2.020930443338384,3.231457693156936,7.96069700259444
ZFR2,-1.524081246728012,3.6553581232445844,2.6241307160035077,1.5773565084519148
ZFYVE1,1.1877465125247086,1.3140701068895875,2.130935793600466,5.279935116957316
ZGLP1,0.7635740995083679,1.5041500378230077,1.9145416628689602,2.9788309440947702
ZHX3,-0.414590465779706,0.7148648182102886,2.3073571572575537,1.8519798621376766
ZIC3,-1.055311811681562,3.607103271367277,3.146030879808332,1.7519046985225608
ZIM3,1.2947199945164154,1.8434900356098824,1.1115920234813985,2.075828899330746
ZMAT3,1.77821991141274,2.0107486603493667,2.3467062647243013,8.03224487743064
ZMIZ1-AS1,0.2683806268758929,2.1903180296788705,7.944754388352156,5.9185603483467135
ZMYM4-AS1,,inf,2.5589990197610493,2.688369251750934
ZMYND10,0.11124082076770325,1.2588257725533034,2.1231261038256686,1.2553001015171952
ZMYND12,0.909999733037723,2.0271791654551587,1.4108962945026897,2.4605256645052718
ZMYND15,0.3823451858770639,0.9597148311187002,3.0933073045534982,3.2733168661460903
ZNF112,-0.5866460496003236,1.4510277985997868,4.454533289391323,2.3550123752795225
ZNF132,inf,inf,6.7668302945301555,1.6254382889200563
ZNF135,-0.0998763866848481,1.677683480698546,5.344486782567277,3.2239989113054124
ZNF137P,0.28486668736396803,1.285745893649174,2.1551632325463315,1.8065424650789876
ZNF157,0.3407625145223189,0.6521961350098742,1.6735906821465198,2.0495210577400513
ZNF175,0.5541961633033312,1.1937690895590023,3.9439571934341804,9.021785484390087
ZNF181,-0.11588842807240354,0.5688106186504708,2.208314764009833,1.751929153720953
ZNF185,0.4346791778216704,0.6072533509279153,1.616781396354962,2.462934015940556
ZNF192P1,0.6253353228926136,1.9514438136797903,2.4278736250437025,2.116380469569427
ZNF195,1.1626548341719434,1.3727981608001825,1.2113291738080008,2.5127385316169737
ZNF208,1.0485303919324334,1.7052150565400568,2.057613186199868,1.980359016980205
ZNF209P,,inf,3.4190347838813544,2.608937457312909
ZNF215,0.3632414946503588,1.137934732167952,1.536048839876844,2.144512305556115
ZNF219,1.4188370155852,1.4582712023562059,1.8760250451697027,4.933468256276253
ZNF222,-0.33584016497390784,0.9786326833749436,2.134902557536994,2.2459108104155683
ZNF223,-0.19090370832871406,1.1868141540958832,4.184957123765685,3.6859315836364983
ZNF225,0.5552408164642519,1.6490622208674304,2.1505707980387117,4.349080749670215
ZNF235,0.04656217911093302,0.3113730069987935,1.7480066476553793,2.126970217748484
ZNF236,-1.2227399961422798,3.60932647385585,2.8858466364562707,1.2883979535465335
ZNF236-DT,0.936477587215955,1.9882436785509894,1.3575196123514919,3.0990706868269515
ZNF280A,-0.5493821780476932,2.099746311051543,2.9284889215583325,2.7625485666281633
ZNF283,-0.048630597849193886,0.2410261761211341,2.4747052602832054,2.481874742157221
ZNF296,0.3845669334039421,0.6580518173719216,1.5842277170267764,2.0614820899684227
ZNF300,inf,inf,1.6817737088545672,2.81969389894472
ZNF319,0.3291463575553049,0.740550053508371,2.1071436748013146,2.2674787577783846
ZNF320,0.2001607369407994,1.4513406899980088,2.1734510131129747,2.435268266839165
ZNF333,0.2535281229828495,0.4283109286590007,1.762171542843006,2.371278810868758
ZNF334,inf,inf,3.0943713834823776,2.5628090478695422
ZNF337,1.5946190543565157,1.6648250863888612,1.7590138550771328,5.34421346693331
ZNF341-AS1,-inf,inf,3.3146319510572515,5.906236547918759
ZNF350,0.12448011741360387,2.136747024090836,2.2367600242807057,2.931845199503123
ZNF365,-0.5591604596406009,0.7777884212655989,2.0070153819984795,1.1706122267608454
ZNF37A,1.044634559881564,1.27672969706603,1.5297570759876575,2.8953879886538783
ZNF383,0.7815186161731376,1.0883420250403655,1.5663473479403363,2.6091099248091694
ZNF385A,1.341510636403951,1.5334043467995353,1.5655307260445799,4.531711978133533
ZNF385C,0.7131095948298414,1.0778854428303315,2.0147926352984933,2.9849358378277846
ZNF415P1,,inf,1.4185584330437633,3.7117378298639565
ZNF420,0.33133938326461676,0.6512422481819956,2.083531788910689,2.4690779241103034
ZNF423,1.2339551427544044,1.5707486970433937,13.200398439189119,23.59646449567071
ZNF426-DT,-0.7104749957756746,1.4506465169116847,2.81195788554907,1.4831487643881949
ZNF436,0.44000726942885104,0.579273602856025,1.5375046451208623,2.0900708163349573
ZNF436-AS1,2.0832889803283097,2.3188097929396787,1.4032815958595168,5.82000795389858
ZNF439,0.40666317260829765,0.7524734155366245,1.9504673892780102,2.787573570534502
ZNF440,1.04179615289963,1.383163216655177,1.5862786623671592,2.9534144101221553
ZNF441,0.9734791147175835,1.0928943551550199,1.1042857297442692,2.129737467363126
ZNF461,-0.28503881907742207,1.8319128675627148,2.3070517611961567,1.3253749864756814
ZNF469,1.2225847722044745,1.3683423492457163,3.2244089921353623,7.211397925962588
ZNF474,,inf,0.47304164726367154,3.188603861702199
ZNF479,-0.337064568734972,2.6452066397133085,4.857697214543907,2.88892196470338
ZNF488,1.3597504112175498,1.563981099466618,6.91169329998609,15.6639511941701
ZNF501,inf,inf,1.5018698333552027,4.128788872851332
ZNF506,1.0015124103759994,1.2696850532231794,1.426441102184547,2.543932066288403
ZNF511-PRAP1,-inf,inf,2.5528837096643966,2.337769464703824
ZNF528,0.24213777815905183,1.4622325167161452,2.3256664763908614,2.1163088380752897
ZNF532,0.7873884607681375,1.1452075691890122,1.5870120676248662,2.6998506036299883
ZNF534,,inf,2.4080912968848254,0.8123332370286025
ZNF540,2.3520430217039903,3.605919443622487,8.576415612974161,64.84956019791093
ZNF541,-0.30896244139168705,2.445149826133033,2.5638089212274595,3.56539069914584
ZNF542P,0.8026421732403419,2.339987816706178,1.2743024974249506,2.256269686067862
ZNF546,0.9660836832310228,1.4590907952287946,1.864884976248736,2.4380545018934017
ZNF547,0.3433529657274757,0.44328236244209146,2.126682206531589,2.503915658271586
ZNF555,-0.6808145089681698,1.7283581641033376,2.179119511127334,1.0499480321248171
ZNF559-ZNF177,inf,inf,2.92646159611819,7.363278630320724
ZNF561,1.4408464758554997,1.8115963347345023,1.1706785837671054,2.9321489599100756
ZNF561-AS1,0.9765105527742399,1.4273212409634088,2.7551157215392186,6.0268066222069585
ZNF563,1.4881128372020687,1.649439789064865,1.4923602196528962,4.287734717350884
ZNF564,0.8522168630595662,1.2802166763662974,1.2902306059076019,2.3266784257568105
ZNF571,1.3963645869207326,2.4647153184768094,1.4513398317497195,6.481542316197219
ZNF571-AS1,0.5229928902745162,1.1464555889267125,1.5775240384615385,2.3878764765530494
ZNF577,0.19776150011598048,2.038188738447288,2.581136515926586,1.3849292605727794
ZNF582-AS1,inf,inf,3.0069617759096277,5.496650466307631
ZNF585B,0.1978368140440383,0.9122044134163815,1.4791690124025454,2.028206834194858
ZNF596,1.0085447080429477,1.215716816997023,1.4163546557539026,3.1108640416904927
ZNF610,0.2636710007146856,1.9390602605208762,3.8198153497191263,2.379101247541245
ZNF625,inf,inf,4.786172438742985,3.6312454778340535
ZNF654,0.8625856998395236,1.3783367276798886,1.593675602907778,2.4681695857982002
ZNF655,1.6564827888799951,3.826889361543257,3.041149142846173,7.740588585360235
ZNF658,1.3061023456839953,1.363329832438703,1.4668462421171284,3.662275446061356
ZNF658B,1.5296882833623477,1.7549845073550523,1.7959853079600112,5.750187824374854
ZNF662,1.677413333352361,5.741035877976597,2.132727534056245,37.19119408467349
ZNF667,-0.2620454294786213,1.0602850361314793,2.182697801444373,1.603845758296005
ZNF676,,inf,4.103732100575036,1.3263614838200473
ZNF682,0.41390720193115066,1.3757863069456893,1.738449148284917,3.0956276122456385
ZNF688,-0.2682522221046002,0.9140318874526866,2.524837129396455,2.0729757110719325
ZNF69,0.8802163535810761,2.983086535488184,0.9067095375627028,2.8608028709841578
ZNF697,0.09759274383149505,0.39927048100138085,2.0144282514650387,1.8108207283772593
ZNF709,-0.48723983862371933,1.0812565842072868,3.8679879518914273,2.463273011258412
ZNF71,0.17513166093375776,2.2121645286618197,2.0353402339682733,1.9757150731916455
ZNF713,0.4856556712246707,0.7527477627226896,1.3659171959453538,2.047101682843359
ZNF727,0.543741325805905,1.1564038105898349,1.7988492355520294,2.5808624760533925
ZNF746,1.0337771478178979,1.1317172108748987,1.3189758810604342,2.5425503640588305
ZNF750,2.245993568446966,2.634638467272117,4.427056104419308,20.818458947772886
ZNF763,0.2085723496006035,0.6899998046458969,1.8748019495707022,2.0564852398987994
ZNF767P,1.0538564940699386,1.312097368710091,2.1243632498992198,4.251638696678971
ZNF774,0.7725393611982739,1.6483220542082586,4.2599512490728655,7.380718660181491
ZNF780A,0.28051785102444815,0.5331527660835661,3.0618347377640576,3.968093861251444
ZNF788P,0.37167848467641496,1.3070721934553735,1.7371991793297428,2.1285773202861793
ZNF79,1.3291836003611277,1.5171222863271094,2.7643953449476273,6.411004893094826
ZNF790,0.1367462108776277,1.0201469854565066,2.390907920983206,2.034148381700019
ZNF793-AS1,-0.07749991363956832,1.0133435936125366,2.8599360475589983,2.789262295081967
ZNF80,1.5886036904040308,3.0288217242014155,2.073170201290906,3.2408183858452646
ZNF807,inf,inf,1.4273432355308406,2.9957744933050416
ZNF835,0.8529785556662803,1.1647079264000428,1.4248611590474103,2.179583320259798
ZNF880,0.6881581888728157,1.063896469789757,1.259213054476591,2.5348893465850186
ZNFX1,0.8926612254679193,1.063107256050659,1.3194341440805932,2.4001411889512605
ZNRF2P2,-1.6604044474069326,3.241850236666937,2.068915943256405,0.910741054414567
ZPLD1,0.9581015381965108,2.03580521584333,1.1026609632798177,2.181795455808011
ZRANB2-AS2,0.37913424495259407,1.4537607214258537,2.7343719004733402,2.4463356537502556
ZSCAN10,,inf,0.5523530253182664,6.048884279788299
ZSCAN18,0.294824559831805,2.4793014349673963,2.288574002596408,4.223004135848831
ZSCAN4,inf,inf,3.5187575194137586,5.640790768894235
ZSCAN5B,0.12297639743068871,1.3185676502171402,1.2895596810998111,3.216398568893146
ZSWIM4,0.161848729806925,0.32682187803192597,2.4419642467539497,2.666173439199061
ZSWIM8-AS1,-inf,inf,1.5171716722942952,2.087019059889817
ZSWIM9,-0.3304832504498664,1.7231924733723176,2.001911993728469,1.253960626808497
