doi,receptor,ligand,Measured process,Pathway level,Cell line,Primary effector subtype,em,pEC50u,tc,logRA,dev_entry,grp,q,repair_move,repair_per_param,p_broken
10.1002/pep2.24070,OPRD_MOUSE,"4,5-déhydroleucine (4)",Recruitment ,Transducer,HEK-293,Arrestin-3 (β-arrestin-2),90.0,7.214670164989233,7.09,9.168912674428558,0.0979141704904922,10.1002/pep2.24070|OPRD_MOUSE|Recruitment |Transducer|HEK-293|Arrestin-3 (β-arrestin-2),2.078912674428558,0.08110255755581997,0.04055127877790998,0.07479700558324151
10.1002/pep2.24070,OPRD_MOUSE,"4,5-déhydroleucine (4)",Accumulation,Downstream,HEK-293,,89.0,8.767003889607846,8.91,10.71639389625276,-0.023485647288556,10.1002/pep2.24070|OPRD_MOUSE|Accumulation|Downstream|HEK-293|nan,1.806393896252759,-0.05740514595828561,-0.028702572979142804,0.043821370563736604
10.1002/pep2.24070,OPRD_MOUSE,Aza-β-homoleucine (6),Recruitment ,Transducer,HEK-293,Arrestin-3 (β-arrestin-2),64.0,6.089375595110798,5.69,7.895555569094686,0.2245570651566195,10.1002/pep2.24070|OPRD_MOUSE|Recruitment |Transducer|HEK-293|Arrestin-3 (β-arrestin-2),2.2055555690946855,0.2077454522219473,0.10387272611097365,0.5125272533223334
10.1002/pep2.24070,OPRD_MOUSE,Aza-β-homoleucine (6),Accumulation,Downstream,HEK-293,,90.0,8.397940008672037,8.27,10.352182518111364,0.252302974570048,10.1002/pep2.24070|OPRD_MOUSE|Accumulation|Downstream|HEK-293|nan,2.082182518111365,0.21838347590032026,0.10919173795016013,0.7070797209978285
10.1002/pep2.24070,OPRD_MOUSE,Cyclohexylalanine (3),Recruitment ,Transducer,HEK-293,Arrestin-3 (β-arrestin-2),73.0,8.318758762624412,8.4,10.182081622744867,-0.1989168811931989,10.1002/pep2.24070|OPRD_MOUSE|Recruitment |Transducer|HEK-293|Arrestin-3 (β-arrestin-2),1.782081622744867,-0.2157284941278712,-0.1078642470639356,0.3470703517604968
10.1002/pep2.24070,OPRD_MOUSE,Cyclohexylalanine (3),Accumulation,Downstream,HEK-293,,95.0,9.853871964321762,9.83,11.83159556961061,0.1717160260692942,10.1002/pep2.24070|OPRD_MOUSE|Accumulation|Downstream|HEK-293|nan,2.0015955696106094,0.13779652739956472,0.06889826369978236,0.22007468382713108
10.1002/pep2.24070,OPRD_MOUSE,Cycloleucine (10),Recruitment ,Transducer,HEK-293,Arrestin-3 (β-arrestin-2),85.0,7.021363051615525,7.02,8.950781977329818,-0.0502165266082474,10.1002/pep2.24070|OPRD_MOUSE|Recruitment |Transducer|HEK-293|Arrestin-3 (β-arrestin-2),1.9307819773298185,-0.06702813954291975,-0.033514069771459876,0.0493097576465017
10.1002/pep2.24070,OPRD_MOUSE,Cycloleucine (10),Accumulation,Downstream,HEK-293,,103.0,9.244125144327509,9.19,11.25696236903268,0.2370828254913668,10.1002/pep2.24070|OPRD_MOUSE|Accumulation|Downstream|HEK-293|nan,2.06696236903268,0.20316332682163551,0.10158166341081776,0.6018910241007661
10.1002/pep2.24070,OPRD_MOUSE,Cyclopropylalanine (2),Recruitment ,Transducer,HEK-293,Arrestin-3 (β-arrestin-2),77.0,7.555955204081924,7.46,9.442445929254406,0.0014474253163401,10.1002/pep2.24070|OPRD_MOUSE|Recruitment |Transducer|HEK-293|Arrestin-3 (β-arrestin-2),1.982445929254406,-0.015364187618332137,-0.007682093809166068,0.04239764749725586
10.1002/pep2.24070,OPRD_MOUSE,Cyclopropylalanine (2),Accumulation,Downstream,HEK-293,,96.0,9.207608310501746,9.36,11.189879543541316,0.0,10.1002/pep2.24070|OPRD_MOUSE|Accumulation|Downstream|HEK-293|nan,1.8298795435413169,-0.033919498669727766,-0.016959749334863883,0.04239230469906874
10.1002/pep2.24070,OPRD_MOUSE,D-allo-isoleucine (9),Recruitment ,Transducer,HEK-293,Arrestin-3 (β-arrestin-2),79.0,7.380906669373258,7.11,9.2785337606637,0.1875352567256323,10.1002/pep2.24070|OPRD_MOUSE|Recruitment |Transducer|HEK-293|Arrestin-3 (β-arrestin-2),2.1685337606637,0.17072364379096183,0.08536182189548092,0.2873604255146612
10.1002/pep2.24070,OPRD_MOUSE,D-allo-isoleucine (9),Accumulation,Downstream,HEK-293,,95.0,8.958607314841775,9.13,10.936330920130622,-0.0235486234106936,10.1002/pep2.24070|OPRD_MOUSE|Accumulation|Downstream|HEK-293|nan,1.8063309201306215,-0.05746812208042318,-0.02873406104021159,0.04382916756873141
10.1002/pep2.24070,OPRD_MOUSE,D-isoleucine (8),Recruitment ,Transducer,HEK-293,Arrestin-3 (β-arrestin-2),82.0,7.653647025549361,7.33,9.567460877933078,0.2564623739950118,10.1002/pep2.24070|OPRD_MOUSE|Recruitment |Transducer|HEK-293|Arrestin-3 (β-arrestin-2),2.237460877933078,0.23965076106033956,0.11982538053016978,0.7338360508421699
10.1002/pep2.24070,OPRD_MOUSE,D-isoleucine (8),Accumulation,Downstream,HEK-293,,98.0,9.3767507096021,9.34,11.367976785294594,0.1980972417532793,10.1002/pep2.24070|OPRD_MOUSE|Accumulation|Downstream|HEK-293|nan,2.0279767852945945,0.16417774308354982,0.08208887154177491,0.3424527363732118
10.1002/pep2.24070,OPRD_MOUSE,Homocycloleucine (11),Recruitment ,Transducer,HEK-293,Arrestin-3 (β-arrestin-2),78.0,7.312471038785365,7.23,9.204565641475844,-0.0064328624622209,10.1002/pep2.24070|OPRD_MOUSE|Recruitment |Transducer|HEK-293|Arrestin-3 (β-arrestin-2),1.9745656414758432,-0.023244475396895004,-0.011622237698447502,0.04249795615593296
10.1002/pep2.24070,OPRD_MOUSE,Homocycloleucine (11),Accumulation,Downstream,HEK-293,,89.0,8.872895201635192,9.19,10.822285208280103,-0.1975943352612095,10.1002/pep2.24070|OPRD_MOUSE|Accumulation|Downstream|HEK-293|nan,1.6322852082801038,-0.23151383393094083,-0.11575691696547041,0.33964350701422197
10.1002/pep2.24070,OPRD_MOUSE,Homoleucine (1),Recruitment ,Transducer,HEK-293,Arrestin-3 (β-arrestin-2),92.0,8.086186147616283,8.13,10.04997397496184,-0.0610245289762279,10.1002/pep2.24070|OPRD_MOUSE|Recruitment |Transducer|HEK-293|Arrestin-3 (β-arrestin-2),1.9199739749618399,-0.07783614191089838,-0.03891807095544919,0.052973158173044
10.1002/pep2.24070,OPRD_MOUSE,Homoleucine (1),Accumulation,Downstream,HEK-293,,98.0,8.812479279163536,9.92,10.803705354856032,-0.9461741886852836,10.1002/pep2.24070|OPRD_MOUSE|Accumulation|Downstream|HEK-293|nan,0.8837053548560316,-0.980093687355013,-0.4900468436775065,1.0
10.1002/pep2.24070,OPRD_MOUSE,Homoproline (12),Accumulation,Downstream,HEK-293,,69.0,6.559090917934782,5.8,8.397940008672037,0.7680604651307226,10.1002/pep2.24070|OPRD_MOUSE|Accumulation|Downstream|HEK-293|nan,2.5979400086720377,0.734140966460993,0.3670704832304965,0.9999999999999982
10.1002/pep2.24070,OPRD_MOUSE,Isoleucine (7),Recruitment ,Transducer,HEK-293,Arrestin-3 (β-arrestin-2),90.0,7.815308569182402,7.79,9.769551078621726,-0.0014474253163401,10.1002/pep2.24070|OPRD_MOUSE|Recruitment |Transducer|HEK-293|Arrestin-3 (β-arrestin-2),1.9795510786217259,-0.018259038251012383,-0.009129519125506191,0.04239764749725586
10.1002/pep2.24070,OPRD_MOUSE,Isoleucine (7),Accumulation,Downstream,HEK-293,,86.0,9.292429823902063,9.58,11.226928275145632,-0.1829512683956835,10.1002/pep2.24070|OPRD_MOUSE|Accumulation|Downstream|HEK-293|nan,1.6469282751456316,-0.21687076706541308,-0.10843538353270654,0.26601798234061214
10.1002/pep2.24070,OPRD_MOUSE,Leu-enkephalin,Recruitment ,Transducer,HEK-293,Arrestin-3 (β-arrestin-2),100.0,7.87942606879415,8.15,9.87942606879415,-0.2515724351439168,10.1002/pep2.24070|OPRD_MOUSE|Recruitment |Transducer|HEK-293|Arrestin-3 (β-arrestin-2),1.7294260687941492,-0.26838404807858907,-0.13419202403929453,0.7022677239390899
10.1002/pep2.24070,OPRD_MOUSE,Leu-enkephalin,Accumulation,Downstream,HEK-293,,100.0,9.619788758288394,10.02,11.619788758288394,-0.230090785252921,10.1002/pep2.24070|OPRD_MOUSE|Accumulation|Downstream|HEK-293|nan,1.599788758288394,-0.2640102839226506,-0.1320051419613253,0.5518528618660956
10.1002/pep2.24070,OPRD_MOUSE,Neopentylglycine (5),Recruitment ,Transducer,HEK-293,Arrestin-3 (β-arrestin-2),95.0,7.296708621881338,7.29,9.274432227170186,0.0034337232321197,10.1002/pep2.24070|OPRD_MOUSE|Recruitment |Transducer|HEK-293|Arrestin-3 (β-arrestin-2),1.9844322271701857,-0.013377889702552492,-0.006688944851276246,0.042422381251778885
10.1002/pep2.24070,OPRD_MOUSE,Neopentylglycine (5),Accumulation,Downstream,HEK-293,,93.0,9.4089353929735,9.13,11.377418341527436,0.4175387979861202,10.1002/pep2.24070|OPRD_MOUSE|Accumulation|Downstream|HEK-293|nan,2.2474183415274354,0.3836192993163907,0.19180964965819536,0.9996040870292054
10.1002/pep2.24070,OPRM_HUMAN,"4,5-déhydroleucine (4)",Recruitment ,Transducer,HEK-293,Arrestin-3 (β-arrestin-2),84.0,6.0,5.76,7.924279286061882,0.1219068845762016,10.1002/pep2.24070|OPRM_HUMAN|Recruitment |Transducer|HEK-293|Arrestin-3 (β-arrestin-2),2.1642792860618822,0.10529857876624638,0.05264928938312319,0.10120260613919911
10.1002/pep2.24070,OPRM_HUMAN,"4,5-déhydroleucine (4)",Accumulation,Downstream,HEK-293,,95.0,8.431798275933005,7.99,10.409521881221853,0.4300125570425006,10.1002/pep2.24070|OPRM_HUMAN|Accumulation|Downstream|HEK-293|nan,2.4195218812218524,0.4354262933936026,0.2177131466968013,0.9997961716717961
10.1002/pep2.24070,OPRM_HUMAN,Aza-β-homoleucine (6),Recruitment ,Transducer,HEK-293,Arrestin-3 (β-arrestin-2),81.0,4.82102305270683,4.59,6.72950807158548,0.0971356700997994,10.1002/pep2.24070|OPRM_HUMAN|Recruitment |Transducer|HEK-293|Arrestin-3 (β-arrestin-2),2.13950807158548,0.08052736428984408,0.04026368214492204,0.07413958972052381
10.1002/pep2.24070,OPRM_HUMAN,Aza-β-homoleucine (6),Accumulation,Downstream,HEK-293,,95.0,7.404503778174426,7.44,9.382227383463274,-0.0472819407160782,10.1002/pep2.24070|OPRM_HUMAN|Accumulation|Downstream|HEK-293|nan,1.9422273834632735,-0.04186820436497629,-0.020934102182488146,0.048474006789490404
10.1002/pep2.24070,OPRM_HUMAN,Cyclohexylalanine (3),Recruitment ,Transducer,HEK-293,Arrestin-3 (β-arrestin-2),95.0,6.096910013008056,6.0,8.074633618296904,0.0322612168112232,10.1002/pep2.24070|OPRM_HUMAN|Recruitment |Transducer|HEK-293|Arrestin-3 (β-arrestin-2),2.074633618296904,0.015652911001267977,0.007826455500633989,0.04512721972234596
10.1002/pep2.24070,OPRM_HUMAN,Cyclohexylalanine (3),Accumulation,Downstream,HEK-293,,96.0,8.721246399047171,8.77,10.70351763208674,-0.0559916920926113,10.1002/pep2.24070|OPRM_HUMAN|Accumulation|Downstream|HEK-293|nan,1.9335176320867404,-0.05057795574150936,-0.02528897787075468,0.05114766332556008
10.1002/pep2.24070,OPRM_HUMAN,Cycloleucine (10),Recruitment ,Transducer,HEK-293,Arrestin-3 (β-arrestin-2),84.0,5.431798275933005,5.33,7.356077561994887,-0.0162948394907935,10.1002/pep2.24070|OPRM_HUMAN|Recruitment |Transducer|HEK-293|Arrestin-3 (β-arrestin-2),2.026077561994887,-0.03290314530074889,-0.016451572650374446,0.04307459280393602
10.1002/pep2.24070,OPRM_HUMAN,Cycloleucine (10),Accumulation,Downstream,HEK-293,,93.0,8.00436480540245,7.92,9.972847753956383,0.0633384297770334,10.1002/pep2.24070|OPRM_HUMAN|Accumulation|Downstream|HEK-293|nan,2.0528477539563834,0.06875216612813362,0.03437608306406681,0.053887358290674356
10.1002/pep2.24070,OPRM_HUMAN,Cyclopropylalanine (2),Recruitment ,Transducer,HEK-293,Arrestin-3 (β-arrestin-2),102.0,6.096910013008056,6.12,8.105510184769974,-0.0568622167157064,10.1002/pep2.24070|OPRM_HUMAN|Recruitment |Transducer|HEK-293|Arrestin-3 (β-arrestin-2),1.985510184769974,-0.07347052252566177,-0.03673526126283089,0.051447994905313654
10.1002/pep2.24070,OPRM_HUMAN,Cyclopropylalanine (2),Accumulation,Downstream,HEK-293,,98.0,8.795880017344075,8.64,10.78710609303657,0.1575967688572177,10.1002/pep2.24070|OPRM_HUMAN|Accumulation|Downstream|HEK-293|nan,2.1471060930365695,0.16301050520831972,0.08150525260415986,0.17403336443070383
10.1002/pep2.24070,OPRM_HUMAN,D-allo-isoleucine (9),Recruitment ,Transducer,HEK-293,Arrestin-3 (β-arrestin-2),84.0,5.481486060122113,5.42,7.405765346183994,-0.0566070553016864,10.1002/pep2.24070|OPRM_HUMAN|Recruitment |Transducer|HEK-293|Arrestin-3 (β-arrestin-2),1.9857653461839941,-0.07321536111164173,-0.036607680555820865,0.05135931111860036
10.1002/pep2.24070,OPRM_HUMAN,D-allo-isoleucine (9),Accumulation,Downstream,HEK-293,,92.0,7.87942606879415,7.78,9.843213896139703,0.073704571960353,10.1002/pep2.24070|OPRM_HUMAN|Accumulation|Downstream|HEK-293|nan,2.063213896139703,0.07911830831145328,0.03955915415572664,0.05862238341359675
10.1002/pep2.24070,OPRM_HUMAN,D-isoleucine (8),Recruitment ,Transducer,HEK-293,Arrestin-3 (β-arrestin-2),101.0,5.187086643357144,5.29,7.191408017139787,-0.1409643843458932,10.1002/pep2.24070|OPRM_HUMAN|Recruitment |Transducer|HEK-293|Arrestin-3 (β-arrestin-2),1.9014080171397874,-0.15757269015584852,-0.07878634507792426,0.13362946818627988
10.1002/pep2.24070,OPRM_HUMAN,D-isoleucine (8),Accumulation,Downstream,HEK-293,,95.0,7.712198270069774,7.99,9.689921875358625,-0.289587448820729,10.1002/pep2.24070|OPRM_HUMAN|Accumulation|Downstream|HEK-293|nan,1.6999218753586245,-0.2841737124696253,-0.14208685623481265,0.8957060833587197
10.1002/pep2.24070,OPRM_HUMAN,Homocycloleucine (11),Recruitment ,Transducer,HEK-293,Arrestin-3 (β-arrestin-2),97.0,5.468521082957745,5.34,7.45529281722399,0.0729204157383094,10.1002/pep2.24070|OPRM_HUMAN|Recruitment |Transducer|HEK-293|Arrestin-3 (β-arrestin-2),2.11529281722399,0.056312109928354115,0.028156054964177057,0.05822507349169396
10.1002/pep2.24070,OPRM_HUMAN,Homocycloleucine (11),Accumulation,Downstream,HEK-293,,96.0,8.00436480540245,8.17,9.986636038442018,-0.1728732857373334,10.1002/pep2.24070|OPRM_HUMAN|Accumulation|Downstream|HEK-293|nan,1.8166360384420184,-0.16745954938623142,-0.08372977469311571,0.2244044510259254
10.1002/pep2.24070,OPRM_HUMAN,Homoleucine (1),Recruitment ,Transducer,HEK-293,Arrestin-3 (β-arrestin-2),93.0,6.096910013008056,6.2,8.065392961561992,-0.1769794399236888,10.1002/pep2.24070|OPRM_HUMAN|Recruitment |Transducer|HEK-293|Arrestin-3 (β-arrestin-2),1.8653929615619917,-0.19358774573364412,-0.09679387286682206,0.24049971607540285
10.1002/pep2.24070,OPRM_HUMAN,Homoleucine (1),Accumulation,Downstream,HEK-293,,95.0,8.853871964321762,8.8,10.83159556961061,0.0420862454312569,10.1002/pep2.24070|OPRM_HUMAN|Accumulation|Downstream|HEK-293|nan,2.0315955696106087,0.047499981782358924,0.023749990891179462,0.04714624818895432
10.1002/pep2.24070,OPRM_HUMAN,Homoproline (12),Accumulation,Downstream,HEK-293,,86.0,6.489454989793388,6.29,8.423953441036955,0.1444441168576036,10.1002/pep2.24070|OPRM_HUMAN|Accumulation|Downstream|HEK-293|nan,2.1339534410369554,0.1498578532087056,0.0749289266043528,0.14101857294518136
10.1002/pep2.24070,OPRM_HUMAN,Isoleucine (7),Recruitment ,Transducer,HEK-293,Arrestin-3 (β-arrestin-2),88.0,6.221848749616356,5.72,8.166331421766525,0.4039590202808449,10.1002/pep2.24070|OPRM_HUMAN|Recruitment |Transducer|HEK-293|Arrestin-3 (β-arrestin-2),2.4463314217665255,0.38735071447088965,0.19367535723544482,0.9992024366692538
10.1002/pep2.24070,OPRM_HUMAN,Isoleucine (7),Accumulation,Downstream,HEK-293,,88.0,8.585026652029182,8.54,10.529509324179353,0.0,10.1002/pep2.24070|OPRM_HUMAN|Accumulation|Downstream|HEK-293|nan,1.9895093241793536,0.0054137363511037595,0.0027068681755518798,0.04239230469906874
10.1002/pep2.24070,OPRM_HUMAN,Leu-enkephalin,Recruitment ,Transducer,HEK-293,Arrestin-3 (β-arrestin-2),100.0,6.154901959985743,6.21,8.154901959985743,-0.0974704414999374,10.1002/pep2.24070|OPRM_HUMAN|Recruitment |Transducer|HEK-293|Arrestin-3 (β-arrestin-2),1.9449019599857431,-0.11407874730989276,-0.05703937365494638,0.07442099554957857
10.1002/pep2.24070,OPRM_HUMAN,Leu-enkephalin,Accumulation,Downstream,HEK-293,,100.0,8.920818753952375,9.0,10.920818753952377,-0.0686905702269768,10.1002/pep2.24070|OPRM_HUMAN|Accumulation|Downstream|HEK-293|nan,1.9208187539523767,-0.06327683387587313,-0.031638416937936564,0.05619578352127608
10.1002/pep2.24070,OPRM_HUMAN,Neopentylglycine (5),Recruitment ,Transducer,HEK-293,Arrestin-3 (β-arrestin-2),87.0,5.229147988357856,5.11,7.1686672409764745,0.0162948394907935,10.1002/pep2.24070|OPRM_HUMAN|Recruitment |Transducer|HEK-293|Arrestin-3 (β-arrestin-2),2.058667240976474,-0.00031346631916173706,-0.00015673315958086853,0.04307459280393602
10.1002/pep2.24070,OPRM_HUMAN,Neopentylglycine (5),Accumulation,Downstream,HEK-293,,98.0,7.701146923590294,8.05,9.692372999282789,-0.3471363248965637,10.1002/pep2.24070|OPRM_HUMAN|Accumulation|Downstream|HEK-293|nan,1.642372999282788,-0.3417225885454618,-0.1708612942727309,0.9884810716241998
10.1007/s00018-013-1461-7,OPRD_HUMAN,DPDPE,Internalization ,Transducer,HEK-293,,54.9,6.9,6.85,8.639572344450093,0.2846048274779247,10.1007/s00018-013-1461-7|OPRD_HUMAN|Internalization |Transducer|HEK-293|nan,1.789572344450093,0.32144164358231686,0.16072082179115843,0.8776843036627698
10.1007/s00018-013-1461-7,OPRD_HUMAN,DPDPE,Accumulation,Downstream,HEK-293,,68.82,8.22,8.0,10.057714668284913,0.0,10.1007/s00018-013-1461-7|OPRD_HUMAN|Accumulation|Downstream|HEK-293|nan,2.0577146682849126,-0.08586299650071672,-0.04293149825035836,0.04239230469906874
10.1007/s00018-013-1461-7,OPRD_HUMAN,Morphine,Accumulation,Downstream,HEK-293,,45.86,6.04,5.46,7.70143405039392,0.1837193821090075,10.1007/s00018-013-1461-7|OPRD_HUMAN|Accumulation|Downstream|HEK-293|nan,2.24143405039392,0.0978563856082908,0.0489281928041454,0.26948665950807243
10.1007/s00018-013-1461-7,OPRD_HUMAN,SNC-80,Internalization ,Transducer,HEK-293,,62.0,5.51,5.51,7.302391689498254,0.287424172526086,10.1007/s00018-013-1461-7|OPRD_HUMAN|Internalization |Transducer|HEK-293|nan,1.7923916894982543,0.32426098863047814,0.16213049431523907,0.888150715363648
10.1007/s00018-013-1461-7,OPRD_HUMAN,SNC-80,Accumulation,Downstream,HEK-293,,69.42,8.43,8.35,10.271484609335392,-0.1362300589495202,10.1007/s00018-013-1461-7|OPRD_HUMAN|Accumulation|Downstream|HEK-293|nan,1.9214846093353923,-0.22209305545023694,-0.11104652772511847,0.1243704903331176
10.1007/s00018-013-1461-7,OPRD_HUMAN,TIPP,Internalization ,Transducer,HEK-293,,4.9,7.21,6.83,7.900196080028514,-0.4347714369436546,10.1007/s00018-013-1461-7|OPRD_HUMAN|Internalization |Transducer|HEK-293|nan,1.0701960800285137,-0.39793462083926245,-0.19896731041963123,0.9998425971892473
10.1007/s00018-013-1461-7,OPRD_HUMAN,TIPP,Accumulation,Downstream,HEK-293,,17.23,10.1,8.8,11.336285277448027,0.4785706091631141,10.1007/s00018-013-1461-7|OPRD_HUMAN|Accumulation|Downstream|HEK-293|nan,2.5362852774480267,0.3927076126623974,0.1963538063311987,0.9999872433317625
10.1007/s00018-013-1461-7,OPRD_HUMAN,UFP-512,Internalization ,Transducer,HEK-293,,5.5,6.38,5.9,7.120362689494244,-0.2846048274779247,10.1007/s00018-013-1461-7|OPRD_HUMAN|Internalization |Transducer|HEK-293|nan,1.2203626894942436,-0.24776801137353255,-0.12388400568676627,0.8776843036627698
10.1007/s00018-013-1461-7,OPRD_HUMAN,UFP-512,Accumulation,Downstream,HEK-293,,47.97,9.44,9.16,11.120969718465895,-0.0967449498190156,10.1007/s00018-013-1461-7|OPRD_HUMAN|Accumulation|Downstream|HEK-293|nan,1.9609697184658952,-0.1826079463197341,-0.09130397315986705,0.07381360919222635
10.1007/s00210-014-1054-5,ADRB2_HUMAN,"(R,R’)-4′-Methoxy-1-naphthyl-fenoterol",Recruitment ,Transducer,HEK-293,Arrestin-3 (β-arrestin-2),37.0,6.769551078621726,6.1,8.33775280268872,-3.5493800309538415e-05,10.1007/s00210-014-1054-5|ADRB2_HUMAN|Recruitment |Transducer|HEK-293|Arrestin-3 (β-arrestin-2),2.2377528026887212,0.009702697714905284,0.004851348857452642,0.04239230791165875
10.1007/s00210-014-1054-5,ADRB2_HUMAN,"(R,R’)-4′-Methoxy-1-naphthyl-fenoterol",Activation,Downstream,Sf9,Gi2,79.0,6.328641996556509,5.97,8.22626908784695,-0.0932310365969915,10.1007/s00210-014-1054-5|ADRB2_HUMAN|Activation|Downstream|Sf9|Gi2,2.25626908784695,-0.12329493425798432,-0.06164746712899216,0.07099753127335218
10.1007/s00210-014-1054-5,ADRB2_HUMAN,"(R,R’)-4′-Methoxy-1-naphthyl-fenoterol",Activation,Downstream,Sf9,Gs,96.0,7.705754283861881,7.54,9.68802551690145,0.0130033684234249,10.1007/s00210-014-1054-5|ADRB2_HUMAN|Activation|Downstream|Sf9|Gs,2.1480255169014493,0.012265789449146247,0.006132894724573124,0.04282558999642739
10.1007/s00210-014-1054-5,ADRB2_HUMAN,"(R,R’)-4′-Methoxy-1-naphthyl-fenoterol",Accumulation,Downstream,Human neutrophils,,79.0,7.9044819576768495,7.66,9.80210904896729,0.0356273916857259,10.1007/s00210-014-1054-5|ADRB2_HUMAN|Accumulation|Downstream|Human neutrophils|nan,2.1421090489672903,0.024842622526771496,0.012421311263385748,0.04574985101927256
10.1007/s00210-014-1054-5,ADRB2_HUMAN,"(R,R’)-4′-Methoxy-1-naphthyl-fenoterol",Accumulation,Downstream,Sf9,,82.0,8.75448733218585,8.47,10.668301184569566,0.0170898975335518,10.1007/s00210-014-1054-5|ADRB2_HUMAN|Accumulation|Downstream|Sf9|nan,2.1983011845695657,-0.01258249240698106,-0.00629124620349053,0.04314337128547927
10.1007/s00210-014-1054-5,ADRB2_HUMAN,"(R,R’)-4′-Methoxy-fenoterol",Recruitment ,Transducer,HEK-293,Arrestin-3 (β-arrestin-2),61.0,7.105351696206482,6.74,8.89068153121725,-0.0871067652717805,10.1007/s00210-014-1054-5|ADRB2_HUMAN|Recruitment |Transducer|HEK-293|Arrestin-3 (β-arrestin-2),2.1506815312172503,-0.0773685737565657,-0.03868428687828285,0.06655561317395203
10.1007/s00210-014-1054-5,ADRB2_HUMAN,"(R,R’)-4′-Methoxy-fenoterol",Activation,Downstream,Sf9,Gi2,74.0,7.270268404712964,6.79,9.13950012444394,0.0,10.1007/s00210-014-1054-5|ADRB2_HUMAN|Activation|Downstream|Sf9|Gi2,2.3495001244439395,-0.0300638976609946,-0.0150319488304973,0.04239230469906874
10.1007/s00210-014-1054-5,ADRB2_HUMAN,"(R,R’)-4′-Methoxy-fenoterol",Activation,Downstream,Sf9,Gs,96.0,8.071604147743287,7.92,10.053875380782856,-0.0011467676951686,10.1007/s00210-014-1054-5|ADRB2_HUMAN|Activation|Downstream|Sf9|Gs,2.1338753807828557,-0.0018843466694473676,-0.0009421733347236838,0.042395658348052576
10.1007/s00210-014-1054-5,ADRB2_HUMAN,"(R,R’)-4′-Methoxy-fenoterol",Accumulation,Downstream,Human neutrophils,,85.0,8.058488567365597,7.88,9.98790749307989,0.0014258357983254,10.1007/s00210-014-1054-5|ADRB2_HUMAN|Accumulation|Downstream|Human neutrophils|nan,2.10790749307989,-0.009358933360628985,-0.004679466680314492,0.042397489292380526
10.1007/s00210-014-1054-5,ADRB2_HUMAN,"(R,R’)-4′-Methoxy-fenoterol",Accumulation,Downstream,Sf9,,88.0,8.939302159646388,8.82,10.883784831796556,-0.1174264552394568,10.1007/s00210-014-1054-5|ADRB2_HUMAN|Accumulation|Downstream|Sf9|nan,2.0637848317965553,-0.1470988451799915,-0.07354942258999575,0.09523802865545614
10.1007/s00210-014-1054-5,ADRB2_HUMAN,"(R,R’)-Fenoterol ",Recruitment ,Transducer,HEK-293,Arrestin-3 (β-arrestin-2),65.0,7.209714835966758,6.88,9.022628192609613,-0.0951601038794178,10.1007/s00210-014-1054-5|ADRB2_HUMAN|Recruitment |Transducer|HEK-293|Arrestin-3 (β-arrestin-2),2.142628192609613,-0.08542191236420305,-0.04271095618210152,0.07251807470745308
10.1007/s00210-014-1054-5,ADRB2_HUMAN,"(R,R’)-Fenoterol ",Activation,Downstream,Sf9,Gi2,76.0,7.780939667551139,7.51,9.66175325983193,-0.1977468646120117,10.1007/s00210-014-1054-5|ADRB2_HUMAN|Activation|Downstream|Sf9|Gi2,2.1517532598319296,-0.22781076227300456,-0.11390538113650228,0.3404935996553772
10.1007/s00210-014-1054-5,ADRB2_HUMAN,"(R,R’)-Fenoterol ",Activation,Downstream,Sf9,Gs,95.0,8.033389013318066,7.93,10.011112618606914,-0.05390952987111,10.1007/s00210-014-1054-5|ADRB2_HUMAN|Activation|Downstream|Sf9|Gs,2.081112618606914,-0.054647108845388814,-0.027323554422694407,0.050454530231669105
10.1007/s00210-014-1054-5,ADRB2_HUMAN,"(R,R’)-Fenoterol ",Accumulation,Downstream,Human neutrophils,,79.0,7.962573502059376,7.81,9.860200593349818,-0.0562810639317459,10.1007/s00210-014-1054-5|ADRB2_HUMAN|Accumulation|Downstream|Human neutrophils|nan,2.0502005933498184,-0.06706583309070036,-0.03353291654535018,0.05124679868069952
10.1007/s00210-014-1054-5,ADRB2_HUMAN,"(R,R’)-Fenoterol ",Accumulation,Downstream,Sf9,,100.0,8.010995384301463,7.93,10.010995384301465,-0.1002159027345506,10.1007/s00210-014-1054-5|ADRB2_HUMAN|Accumulation|Downstream|Sf9|nan,2.080995384301465,-0.12988829267508173,-0.06494414633754086,0.07680376154564089
10.1007/s00210-014-1054-5,ADRB2_HUMAN,"(R,S’)-4′-Methoxy-1-naphthyl-fenoterol",Activation,Downstream,Sf9,Gi2,32.0,5.093718844227847,3.93,6.598868822547753,0.3193686981038115,10.1007/s00210-014-1054-5|ADRB2_HUMAN|Activation|Downstream|Sf9|Gi2,2.668868822547753,0.2893048004428187,0.14465240022140935,0.9640706933032195
10.1007/s00210-014-1054-5,ADRB2_HUMAN,"(R,S’)-4′-Methoxy-1-naphthyl-fenoterol",Activation,Downstream,Sf9,Gs,85.0,6.7667499904589,6.56,8.696168916173193,0.0011467676951686,10.1007/s00210-014-1054-5|ADRB2_HUMAN|Activation|Downstream|Sf9|Gs,2.136168916173193,0.0004091887208899081,0.00020459436044495405,0.042395658348052576
10.1007/s00210-014-1054-5,ADRB2_HUMAN,"(R,S’)-4′-Methoxy-1-naphthyl-fenoterol",Accumulation,Downstream,Human neutrophils,,30.0,7.452840878672583,6.68,8.929962133392245,0.1434804761106805,10.1007/s00210-014-1054-5|ADRB2_HUMAN|Accumulation|Downstream|Human neutrophils|nan,2.249962133392245,0.13269570695172606,0.06634785347586303,0.1389205513665401
10.1007/s00210-014-1054-5,ADRB2_HUMAN,"(R,S’)-4′-Methoxy-1-naphthyl-fenoterol",Accumulation,Downstream,Sf9,,82.0,7.519705539996993,7.23,9.43351939238071,0.0223081053446954,10.1007/s00210-014-1054-5|ADRB2_HUMAN|Accumulation|Downstream|Sf9|nan,2.2035193923807093,-0.007364284595837489,-0.0036821422979187446,0.043679656726301405
10.1007/s00210-014-1054-5,ADRB2_HUMAN,"(R,S’)-4′-Methoxy-fenoterol",Recruitment ,Transducer,HEK-293,Arrestin-3 (β-arrestin-2),42.0,5.915423722065669,5.33,7.53867301246357,-0.0291152840254609,10.1007/s00210-014-1054-5|ADRB2_HUMAN|Recruitment |Transducer|HEK-293|Arrestin-3 (β-arrestin-2),2.20867301246357,-0.019377092510246108,-0.009688546255123054,0.044607443394660766
10.1007/s00210-014-1054-5,ADRB2_HUMAN,"(R,S’)-4′-Methoxy-fenoterol",Activation,Downstream,Sf9,Gi2,48.0,6.312292720375181,5.59,7.993533957750769,0.0540338333068275,10.1007/s00210-014-1054-5|ADRB2_HUMAN|Activation|Downstream|Sf9|Gi2,2.403533957750769,0.023969935645834717,0.011984967822917358,0.050494925937687445
10.1007/s00210-014-1054-5,ADRB2_HUMAN,"(R,S’)-4′-Methoxy-fenoterol",Activation,Downstream,Sf9,Gs,91.0,7.402853512166304,7.19,9.361894904487398,0.0368727560093735,10.1007/s00210-014-1054-5|ADRB2_HUMAN|Activation|Downstream|Sf9|Gs,2.171894904487398,0.036135177035094834,0.018067588517547417,0.04599809689231236
10.1007/s00210-014-1054-5,ADRB2_HUMAN,"(R,S’)-4′-Methoxy-fenoterol",Accumulation,Downstream,Human neutrophils,,70.0,6.896538377905295,6.62,8.741636417919551,0.0151547606379867,10.1007/s00210-014-1054-5|ADRB2_HUMAN|Accumulation|Downstream|Human neutrophils|nan,2.121636417919551,0.004369991479032276,0.002184995739516138,0.042981850471195716
10.1007/s00210-014-1054-5,ADRB2_HUMAN,"(R,S’)-4′-Methoxy-fenoterol",Accumulation,Downstream,Sf9,,91.0,7.451610581867082,7.29,9.410651974188175,-0.0605593128478387,10.1007/s00210-014-1054-5|ADRB2_HUMAN|Accumulation|Downstream|Sf9|nan,2.120651974188175,-0.09023170278837167,-0.045115851394185835,0.05279519313181657
10.1007/s00210-014-1054-5,ADRB2_HUMAN,"(R,S’)-Fenoterol",Recruitment ,Transducer,HEK-293,Arrestin-3 (β-arrestin-2),29.0,5.855425792390384,5.08,7.31782379028934,3.5493800309538415e-05,10.1007/s00210-014-1054-5|ADRB2_HUMAN|Recruitment |Transducer|HEK-293|Arrestin-3 (β-arrestin-2),2.2378237902893403,0.00977368531552436,0.00488684265776218,0.04239230791165875
10.1007/s00210-014-1054-5,ADRB2_HUMAN,"(R,S’)-Fenoterol",Activation,Downstream,Sf9,Gi2,70.0,6.619788758288394,5.9,8.46488679830265,0.2153866738587089,10.1007/s00210-014-1054-5|ADRB2_HUMAN|Activation|Downstream|Sf9|Gi2,2.56488679830265,0.1853227761977161,0.09266138809885804,0.44934635776795584
10.1007/s00210-014-1054-5,ADRB2_HUMAN,"(R,S’)-Fenoterol",Activation,Downstream,Sf9,Gs,92.0,7.077378328476801,6.9,9.041166155822356,0.0061440073443317,10.1007/s00210-014-1054-5|ADRB2_HUMAN|Activation|Downstream|Sf9|Gs,2.141166155822356,0.005406428370053007,0.0027032141850265035,0.04248867096850485
10.1007/s00210-014-1054-5,ADRB2_HUMAN,"(R,S’)-Fenoterol",Accumulation,Downstream,Human neutrophils,,62.0,6.684449465578095,6.36,8.476841155076348,0.0103594977947838,10.1007/s00210-014-1054-5|ADRB2_HUMAN|Accumulation|Downstream|Human neutrophils|nan,2.116841155076348,-0.0004252713641705874,-0.0002126356820852937,0.042666820838876775
10.1007/s00210-014-1054-5,ADRB2_HUMAN,"(R,S’)-Fenoterol",Accumulation,Downstream,Sf9,,91.0,7.32358076828164,7.12,9.282622160602733,-0.0185891264332811,10.1007/s00210-014-1054-5|ADRB2_HUMAN|Accumulation|Downstream|Sf9|nan,2.1626221606027327,-0.04826151637381404,-0.02413075818690702,0.04328229752428887
10.1007/s00210-014-1054-5,ADRB2_HUMAN,(R)-Epinephrine,Recruitment ,Transducer,HEK-293,Arrestin-3 (β-arrestin-2),94.0,6.809668301829708,6.71,8.782796155429407,-0.1649921410596233,10.1007/s00210-014-1054-5|ADRB2_HUMAN|Recruitment |Transducer|HEK-293|Arrestin-3 (β-arrestin-2),2.0727961554294074,-0.15525394954440852,-0.07762697477220426,0.19663695436145978
10.1007/s00210-014-1054-5,ADRB2_HUMAN,(R)-Epinephrine,Activation,Downstream,Sf9,Gi2,83.0,7.1794701514764805,6.92,9.098548243852555,-0.1709518805913861,10.1007/s00210-014-1054-5|ADRB2_HUMAN|Activation|Downstream|Sf9|Gi2,2.178548243852555,-0.20101577825237893,-0.10050788912618946,0.21726444378230914
10.1007/s00210-014-1054-5,ADRB2_HUMAN,(R)-Epinephrine,Activation,Downstream,Sf9,Gs,91.0,7.770062314092066,7.62,9.72910370641316,-0.025918442064865,10.1007/s00210-014-1054-5|ADRB2_HUMAN|Activation|Downstream|Sf9|Gs,2.1091037064131593,-0.026656021039143774,-0.013328010519571887,0.044138813209317104
10.1007/s00210-014-1054-5,ADRB2_HUMAN,(R)-Epinephrine,Accumulation,Downstream,Human neutrophils,,98.0,6.782516055786093,6.79,8.773742131478588,-0.1227395258029759,10.1007/s00210-014-1054-5|ADRB2_HUMAN|Accumulation|Downstream|Human neutrophils|nan,1.9837421314785884,-0.1335242949619304,-0.0667621474809652,0.10237248746432732
10.1007/s00210-014-1054-5,ADRB2_HUMAN,(R)-Epinephrine,Accumulation,Downstream,Sf9,,97.0,7.25924267669223,7.16,9.246014410958477,-0.095196876077539,10.1007/s00210-014-1054-5|ADRB2_HUMAN|Accumulation|Downstream|Sf9|nan,2.0860144109584766,-0.12486926601807014,-0.06243463300903507,0.07254765465383528
10.1007/s00210-014-1054-5,ADRB2_HUMAN,(R)-Isoproterenol,Recruitment ,Transducer,HEK-293,Arrestin-3 (β-arrestin-2),97.0,7.270592203036932,7.21,9.257363937303175,-0.1904243591858536,10.1007/s00210-014-1054-5|ADRB2_HUMAN|Recruitment |Transducer|HEK-293|Arrestin-3 (β-arrestin-2),2.0473639373031753,-0.1806861676706406,-0.0903430838353203,0.301609585551355
10.1007/s00210-014-1054-5,ADRB2_HUMAN,(R)-Isoproterenol,Activation,Downstream,Sf9,Gi2,100.0,7.590574131328556,7.49,9.590574131328555,-0.2489259931153862,10.1007/s00210-014-1054-5|ADRB2_HUMAN|Activation|Downstream|Sf9|Gi2,2.100574131328555,-0.27898989077637903,-0.13949494538818952,0.6845835114052375
10.1007/s00210-014-1054-5,ADRB2_HUMAN,(R)-Isoproterenol,Activation,Downstream,Sf9,Gs,93.0,7.900664722314042,7.82,9.869147670867978,-0.0858744776100466,10.1007/s00210-014-1054-5|ADRB2_HUMAN|Activation|Downstream|Sf9|Gs,2.0491476708679777,-0.08661205658432536,-0.04330602829216268,0.06572854727651946
10.1007/s00210-014-1054-5,ADRB2_HUMAN,(R)-Isoproterenol,Accumulation,Downstream,Human neutrophils,,98.0,7.303993284781455,7.37,9.295219360473949,-0.1812622968076156,10.1007/s00210-014-1054-5|ADRB2_HUMAN|Accumulation|Downstream|Human neutrophils|nan,1.9252193604739487,-0.19204706596657006,-0.09602353298328503,0.2585416609358156
10.1007/s00210-014-1054-5,ADRB2_HUMAN,(R)-Isoproterenol,Accumulation,Downstream,Sf9,,99.0,7.928486194904911,7.76,9.924121389502462,-0.0170898975335518,10.1007/s00210-014-1054-5|ADRB2_HUMAN|Accumulation|Downstream|Sf9|nan,2.164121389502462,-0.04676228747408473,-0.023381143737042365,0.04314337128547927
10.1007/s00210-014-1054-5,ADRB2_HUMAN,"(S,R’)-4′-Methoxy-1-naphthyl-fenoterol",Recruitment ,Transducer,HEK-293,Arrestin-3 (β-arrestin-2),17.0,5.643209539648284,4.55,6.873658461026558,0.0858701645375275,10.1007/s00210-014-1054-5|ADRB2_HUMAN|Recruitment |Transducer|HEK-293|Arrestin-3 (β-arrestin-2),2.3236584610265583,0.09560835605274232,0.04780417802637116,0.06572568992333096
10.1007/s00210-014-1054-5,ADRB2_HUMAN,"(S,R’)-4′-Methoxy-1-naphthyl-fenoterol",Activation,Downstream,Sf9,Gi2,84.0,5.329754146925876,5.02,7.254033432987757,-0.1154666914561834,10.1007/s00210-014-1054-5|ADRB2_HUMAN|Activation|Downstream|Sf9|Gi2,2.234033432987758,-0.1455305891171763,-0.07276529455858816,0.09279605746096646
10.1007/s00210-014-1054-5,ADRB2_HUMAN,"(S,R’)-4′-Methoxy-1-naphthyl-fenoterol",Activation,Downstream,Sf9,Gs,90.0,6.890084136976206,6.77,8.844326646415531,-0.0606955020624924,10.1007/s00210-014-1054-5|ADRB2_HUMAN|Activation|Downstream|Sf9|Gs,2.074326646415532,-0.06143308103677114,-0.03071654051838557,0.05284709190508427
10.1007/s00210-014-1054-5,ADRB2_HUMAN,"(S,R’)-4′-Methoxy-1-naphthyl-fenoterol",Accumulation,Downstream,Human neutrophils,,63.0,6.483068191131987,6.29,8.282408740585568,-0.1140729166959961,10.1007/s00210-014-1054-5|ADRB2_HUMAN|Accumulation|Downstream|Human neutrophils|nan,1.9924087405855682,-0.1248576858549506,-0.0624288429274753,0.09111800225908111
10.1007/s00210-014-1054-5,ADRB2_HUMAN,"(S,R’)-4′-Methoxy-1-naphthyl-fenoterol",Accumulation,Downstream,Sf9,,77.0,7.769806621130955,7.28,9.656297346303436,0.1950860592674219,10.1007/s00210-014-1054-5|ADRB2_HUMAN|Accumulation|Downstream|Sf9|nan,2.376297346303436,0.16541366932688906,0.08270683466344453,0.3259072889309683
10.1007/s00210-014-1054-5,ADRB2_HUMAN,"(S,R’)-4′-Methoxy-fenoterol",Recruitment ,Transducer,HEK-293,Arrestin-3 (β-arrestin-2),10.0,4.987584625237567,3.64,5.987584625237567,0.1097963287485357,10.1007/s00210-014-1054-5|ADRB2_HUMAN|Recruitment |Transducer|HEK-293|Arrestin-3 (β-arrestin-2),2.3475846252375665,0.11953452026375055,0.05976726013187528,0.08625839519988898
10.1007/s00210-014-1054-5,ADRB2_HUMAN,"(S,R’)-4′-Methoxy-fenoterol",Activation,Downstream,Sf9,Gi2,62.0,4.375408540873152,3.91,6.167800230371405,-0.0916998940725362,10.1007/s00210-014-1054-5|ADRB2_HUMAN|Activation|Downstream|Sf9|Gi2,2.257800230371405,-0.12176379173352903,-0.06088189586676451,0.06983327604984832
10.1007/s00210-014-1054-5,ADRB2_HUMAN,"(S,R’)-4′-Methoxy-fenoterol",Activation,Downstream,Sf9,Gs,84.0,6.187220292991036,5.91,8.111499579052918,0.0664774305748934,10.1007/s00210-014-1054-5|ADRB2_HUMAN|Activation|Downstream|Sf9|Gs,2.2014995790529177,0.06573985160061468,0.03286992580030734,0.05520740238012746
10.1007/s00210-014-1054-5,ADRB2_HUMAN,"(S,R’)-4′-Methoxy-fenoterol",Accumulation,Downstream,Human neutrophils,,31.0,5.463694127648966,4.85,6.955055821483239,-0.0014258357983254,10.1007/s00210-014-1054-5|ADRB2_HUMAN|Accumulation|Downstream|Human neutrophils|nan,2.1050558214832398,-0.012210604957278992,-0.006105302478639496,0.042397489292380526
10.1007/s00210-014-1054-5,ADRB2_HUMAN,"(S,R’)-4′-Methoxy-fenoterol",Accumulation,Downstream,Sf9,,72.0,6.507518989871123,6.05,8.364851486302392,0.1336401992663782,10.1007/s00210-014-1054-5|ADRB2_HUMAN|Accumulation|Downstream|Sf9|nan,2.314851486302392,0.10396780932584537,0.051983904662922686,0.1196675209824211
10.1007/s00210-014-1054-5,ADRB2_HUMAN,"(S,R’)-Fenoterol",Recruitment ,Transducer,HEK-293,Arrestin-3 (β-arrestin-2),18.0,4.809668301829708,3.72,6.064940806933015,0.1071525104439836,10.1007/s00210-014-1054-5|ADRB2_HUMAN|Recruitment |Transducer|HEK-293|Arrestin-3 (β-arrestin-2),2.3449408069330144,0.11689070195919848,0.05844535097959924,0.0834605946403262
10.1007/s00210-014-1054-5,ADRB2_HUMAN,"(S,R’)-Fenoterol",Activation,Downstream,Sf9,Gi2,54.0,6.341320971417551,5.56,8.07371473124052,0.1642146067965786,10.1007/s00210-014-1054-5|ADRB2_HUMAN|Activation|Downstream|Sf9|Gi2,2.51371473124052,0.1341507091355858,0.0670753545677929,0.1941092963787791
10.1007/s00210-014-1054-5,ADRB2_HUMAN,"(S,R’)-Fenoterol",Activation,Downstream,Sf9,Gs,93.0,6.2973110318408665,6.14,8.265793980394802,-0.0092281680832218,10.1007/s00210-014-1054-5|ADRB2_HUMAN|Activation|Downstream|Sf9|Gs,2.1257939803948025,-0.00996574705750053,-0.004982873528750265,0.04260999780159083
10.1007/s00210-014-1054-5,ADRB2_HUMAN,"(S,R’)-Fenoterol",Accumulation,Downstream,Human neutrophils,,49.0,5.25829701604226,4.91,6.948493096070774,-0.0679885612107908,10.1007/s00210-014-1054-5|ADRB2_HUMAN|Accumulation|Downstream|Human neutrophils|nan,2.0384930960707734,-0.07877333036974532,-0.03938666518487266,0.055876964144107345
10.1007/s00210-014-1054-5,ADRB2_HUMAN,"(S,R’)-Fenoterol",Accumulation,Downstream,Sf9,,95.0,6.083177715404088,5.97,8.060901320692937,-0.090309966343077,10.1007/s00210-014-1054-5|ADRB2_HUMAN|Accumulation|Downstream|Sf9|nan,2.0909013206929368,-0.11998235628360998,-0.05999117814180499,0.06880805341511656
10.1007/s00210-014-1054-5,ADRB2_HUMAN,"(S,S’)-4′-Methoxy-1-naphthyl-fenoterol",Activation,Downstream,Sf9,Gs,69.0,6.156144577376839,5.68,7.994993668114095,0.1799715196360707,10.1007/s00210-014-1054-5|ADRB2_HUMAN|Activation|Downstream|Sf9|Gs,2.314993668114095,0.179233940661792,0.089616970330896,0.2529667088647151
10.1007/s00210-014-1054-5,ADRB2_HUMAN,"(S,S’)-4′-Methoxy-1-naphthyl-fenoterol",Accumulation,Downstream,Human neutrophils,,24.0,5.433916215832004,4.43,6.814127457543609,0.2776458002620452,10.1007/s00210-014-1054-5|ADRB2_HUMAN|Accumulation|Downstream|Human neutrophils|nan,2.3841274575436096,0.2668610311030908,0.1334305155515454,0.8487585648273553
10.1007/s00210-014-1054-5,ADRB2_HUMAN,"(S,S’)-4′-Methoxy-1-naphthyl-fenoterol",Accumulation,Downstream,Sf9,,77.0,7.078938109209721,6.72,8.965428834382204,0.0642175473461899,10.1007/s00210-014-1054-5|ADRB2_HUMAN|Accumulation|Downstream|Sf9|nan,2.2454288343822038,0.034545157405657,0.0172725787028285,0.054247620110466556
10.1007/s00210-014-1054-5,ADRB2_HUMAN,"(S,S’)-4′-Methoxy-fenoterol",Recruitment ,Transducer,HEK-293,Arrestin-3 (β-arrestin-2),9.0,4.780677491580663,3.37,5.734920001019988,0.1271317045309574,10.1007/s00210-014-1054-5|ADRB2_HUMAN|Recruitment |Transducer|HEK-293|Arrestin-3 (β-arrestin-2),2.3649200010199882,0.13686989604617228,0.06843494802308614,0.10888345910457842
10.1007/s00210-014-1054-5,ADRB2_HUMAN,"(S,S’)-4′-Methoxy-fenoterol",Activation,Downstream,Sf9,Gi2,42.0,3.845880474484153,2.81,5.469129764882053,0.309629640438112,10.1007/s00210-014-1054-5|ADRB2_HUMAN|Activation|Downstream|Sf9|Gi2,2.6591297648820533,0.2795657427771192,0.1397828713885596,0.9480834603868584
10.1007/s00210-014-1054-5,ADRB2_HUMAN,"(S,S’)-4′-Methoxy-fenoterol",Activation,Downstream,Sf9,Gs,77.0,5.724688645458189,5.54,7.611179370630671,-0.0638427778473533,10.1007/s00210-014-1054-5|ADRB2_HUMAN|Activation|Downstream|Sf9|Gs,2.071179370630671,-0.0645803568216321,-0.03229017841081605,0.054093155482604995
10.1007/s00210-014-1054-5,ADRB2_HUMAN,"(S,S’)-4′-Methoxy-fenoterol",Accumulation,Downstream,Human neutrophils,,51.0,5.231509894828755,4.56,6.939080070926691,0.2725984136451269,10.1007/s00210-014-1054-5|ADRB2_HUMAN|Accumulation|Downstream|Human neutrophils|nan,2.3790800709266913,0.2618136444861725,0.13090682224308625,0.8249767772785103
10.1007/s00210-014-1054-5,ADRB2_HUMAN,"(S,S’)-4′-Methoxy-fenoterol",Accumulation,Downstream,Sf9,,60.0,5.9044819576768495,5.07,7.682633208060493,0.4314219210244792,10.1007/s00210-014-1054-5|ADRB2_HUMAN|Accumulation|Downstream|Sf9|nan,2.612633208060493,0.4017495310839463,0.20087476554197314,0.9998111356901201
10.1007/s00210-014-1054-5,ADRB2_HUMAN,"(S,S’)-Fenoterol",Recruitment ,Transducer,HEK-293,Arrestin-3 (β-arrestin-2),30.0,4.610656688747922,3.83,6.087777943467585,0.0199896469785541,10.1007/s00210-014-1054-5|ADRB2_HUMAN|Recruitment |Transducer|HEK-293|Arrestin-3 (β-arrestin-2),2.257777943467585,0.02972783849376892,0.01486391924688446,0.043423058073879056
10.1007/s00210-014-1054-5,ADRB2_HUMAN,"(S,S’)-Fenoterol",Activation,Downstream,Sf9,Gi2,41.0,5.22293584525757,4.24,6.835719701977306,0.2462195775333642,10.1007/s00210-014-1054-5|ADRB2_HUMAN|Activation|Downstream|Sf9|Gi2,2.5957197019773055,0.2161556798723714,0.1080778399361857,0.666131041536765
10.1007/s00210-014-1054-5,ADRB2_HUMAN,"(S,S’)-Fenoterol",Activation,Downstream,Sf9,Gs,85.0,5.93292914395463,5.72,7.862348069668923,0.0073259211908989,10.1007/s00210-014-1054-5|ADRB2_HUMAN|Activation|Downstream|Sf9|Gs,2.142348069668923,0.006588342216620191,0.0032941711083100955,0.04252937547814099
10.1007/s00210-014-1054-5,ADRB2_HUMAN,"(S,S’)-Fenoterol",Accumulation,Downstream,Human neutrophils,,65.0,5.4320330931768455,5.2,7.244946449819701,-0.0615352074618633,10.1007/s00210-014-1054-5|ADRB2_HUMAN|Accumulation|Downstream|Human neutrophils|nan,2.044946449819701,-0.0723199766208178,-0.0361599883104089,0.05317074253340151
10.1007/s00210-014-1054-5,ADRB2_HUMAN,"(S,S’)-Fenoterol",Accumulation,Downstream,Sf9,,86.0,5.927750102386486,5.63,7.862248553630053,0.0510372665940392,10.1007/s00210-014-1054-5|ADRB2_HUMAN|Accumulation|Downstream|Sf9|nan,2.232248553630053,0.021364876653506393,0.010682438326753196,0.049555051360765934
10.1016/j.bcp.2014.05.008,AA2BR_HUMAN,BAY60-6583,Phosphorylation,Downstream,HEK-A2B,,38.4,7.539102157243452,7.02,9.123433381610983,0.0499172604053224,10.1016/j.bcp.2014.05.008|AA2BR_HUMAN|Phosphorylation|Downstream|HEK-A2B|nan,2.1034333816109836,0.05154497634793387,0.025772488173966934,0.049221588338946375
10.1016/j.bcp.2014.05.008,AA2BR_HUMAN,BAY60-6583,Accumulation,Downstream,HEK-A2B,,102.0,8.211831628858832,8.15,10.22043180062075,-0.3095177256958994,10.1016/j.bcp.2014.05.008|AA2BR_HUMAN|Accumulation|Downstream|HEK-A2B|nan,2.0704318006207494,-0.3218958492772539,-0.16094792463862695,0.9478687977596527
10.1016/j.bcp.2014.05.008,AA2BR_HUMAN,MRS3997,Phosphorylation,Downstream,HEK-A2B,,29.7,6.692503962086787,6.08,8.165260411403999,0.0317442901983375,10.1016/j.bcp.2014.05.008|AA2BR_HUMAN|Phosphorylation|Downstream|HEK-A2B|nan,2.0852604114039988,0.03337200614094904,0.01668600307047452,0.0450377460186483
10.1016/j.bcp.2014.05.008,AA2BR_HUMAN,MRS3997,Accumulation,Downstream,HEK-A2B,,102.0,7.201349354554731,6.83,9.209949526316649,0.0,10.1016/j.bcp.2014.05.008|AA2BR_HUMAN|Accumulation|Downstream|HEK-A2B|nan,2.379949526316649,-0.012378123581354483,-0.006189061790677242,0.04239230469906874
10.1016/j.bcp.2014.05.008,AA2BR_HUMAN,MRS5911,Phosphorylation,Downstream,HEK-A2B,,36.3,5.571865205971212,5.11,7.131771831007324,-0.0317442901983375,10.1016/j.bcp.2014.05.008|AA2BR_HUMAN|Phosphorylation|Downstream|HEK-A2B|nan,2.0217718310073236,-0.030116574255726114,-0.015058287127863057,0.0450377460186483
10.1016/j.bcp.2014.05.008,AA2BR_HUMAN,MRS5911,Accumulation,Downstream,HEK-A2B,,93.2,7.5968794788241825,7.17,9.566295391178164,0.0163458648615151,10.1016/j.bcp.2014.05.008|AA2BR_HUMAN|Accumulation|Downstream|HEK-A2B|nan,2.396295391178164,0.0039677412801606415,0.0019838706400803208,0.04307890542548943
10.1016/j.bcp.2014.05.008,AA2BR_HUMAN,NECA,Phosphorylation,Downstream,HEK-A2B,,100.0,5.627087997029894,5.63,7.627087997029894,-0.0564281241757673,10.1016/j.bcp.2014.05.008|AA2BR_HUMAN|Phosphorylation|Downstream|HEK-A2B|nan,1.9970879970298938,-0.054800408233155906,-0.027400204116577953,0.051297445614343594
10.1016/j.bcp.2014.05.008,AA2BR_HUMAN,NECA,Accumulation,Downstream,HEK-A2B,,100.0,7.67778070526608,7.42,9.67778070526608,-0.1221688210505682,10.1016/j.bcp.2014.05.008|AA2BR_HUMAN|Accumulation|Downstream|HEK-A2B|nan,2.2577807052660805,-0.13454694463192274,-0.06727347231596137,0.10156849163450907
10.1016/j.bcp.2014.05.008,AA2BR_MOUSE,BAY60-6583,Recruitment ,Transducer,CHO,Arrestin-3 (β-arrestin-2),26.6,5.250263684430939,4.3,6.675145321062006,0.5455670894284959,10.1016/j.bcp.2014.05.008|AA2BR_MOUSE|Recruitment |Transducer|CHO|Arrestin-3 (β-arrestin-2),2.375145321062006,0.4246539002961345,0.21232695014806724,0.9999998286453049
10.1016/j.bcp.2014.05.008,AA2BR_MOUSE,MRS5911,Recruitment ,Transducer,CHO,Arrestin-3 (β-arrestin-2),40.9,4.317854923626168,4.1,5.92957823163351,0.0,10.1016/j.bcp.2014.05.008|AA2BR_MOUSE|Recruitment |Transducer|CHO|Arrestin-3 (β-arrestin-2),1.8295782316335103,-0.12091318913236138,-0.06045659456618069,0.04239230469906874
10.1016/j.bcp.2014.05.008,AA2BR_MOUSE,NECA,Recruitment ,Transducer,CHO,Arrestin-3 (β-arrestin-2),100.0,5.376750709602099,5.73,7.376750709602099,-0.1828275220314115,10.1016/j.bcp.2014.05.008|AA2BR_MOUSE|Recruitment |Transducer|CHO|Arrestin-3 (β-arrestin-2),1.6467507096020988,-0.3037407111637729,-0.15187035558188644,0.26546318561813365
10.1016/j.bcp.2015.11.013,AA1R_HUMAN,Capadenoson,Phosphorylation,Downstream,CHO,,94.0,8.65,8.51,10.6231278535997,0.0735188422646091,10.1016/j.bcp.2015.11.013|AA1R_HUMAN|Phosphorylation|Downstream|CHO|nan,2.1131278535997,0.06366537380273884,0.03183268690136942,0.058527665533638834
10.1016/j.bcp.2015.11.013,AA1R_HUMAN,Capadenoson,Phosphorylation,Downstream,CHO,,96.15384615384616,8.05,8.1,10.03296666070122,-0.1066423506338702,10.1016/j.bcp.2015.11.013|AA1R_HUMAN|Phosphorylation|Downstream|CHO|nan,1.9329666607012204,-0.11649581909574058,-0.05824790954787029,0.08293799103702183
10.1016/j.bcp.2015.11.013,AA1R_HUMAN,Capadenoson,Accumulation,Downstream,CHO,,102.24719101123596,9.09,8.93,11.09965138567618,0.1043864188974188,10.1016/j.bcp.2015.11.013|AA1R_HUMAN|Accumulation|Downstream|CHO|nan,2.1696513856761808,0.1202569020045483,0.06012845100227415,0.08069162573475108
10.1016/j.bcp.2015.11.013,AA1R_HUMAN,CPA,Phosphorylation,Downstream,CHO,,98.0,9.57,9.43,11.561226075692495,0.091617064357405,10.1016/j.bcp.2015.11.013|AA1R_HUMAN|Phosphorylation|Downstream|CHO|nan,2.1312260756924957,0.08176359589553472,0.04088179794776736,0.06977134485349303
10.1016/j.bcp.2015.11.013,AA1R_HUMAN,CPA,Phosphorylation,Downstream,CHO,,100.0,9.25,9.23,11.25,-0.019609011335091,10.1016/j.bcp.2015.11.013|AA1R_HUMAN|Phosphorylation|Downstream|CHO|nan,2.0199999999999996,-0.02946247979696137,-0.014731239898480686,0.043383746707878326
10.1016/j.bcp.2015.11.013,AA1R_HUMAN,CPA,Accumulation,Downstream,CHO,,100.0,9.03,9.09,11.03,-0.1252649667787624,10.1016/j.bcp.2015.11.013|AA1R_HUMAN|Accumulation|Downstream|CHO|nan,1.9399999999999995,-0.10939448367163296,-0.05469724183581648,0.10604482617682029
10.1016/j.bcp.2015.11.013,AA1R_HUMAN,MeCCPA,Phosphorylation,Downstream,CHO,,108.0,8.98,9.01,11.01342375548695,-0.0361852558481397,10.1016/j.bcp.2015.11.013|AA1R_HUMAN|Phosphorylation|Downstream|CHO|nan,2.003423755486951,-0.04603872431000999,-0.023019362155004996,0.045859841086500826
10.1016/j.bcp.2015.11.013,AA1R_HUMAN,MeCCPA,Phosphorylation,Downstream,CHO,,123.07692307692308,8.4,8.6,10.490176630349088,-0.1494323809860018,10.1016/j.bcp.2015.11.013|AA1R_HUMAN|Phosphorylation|Downstream|CHO|nan,1.8901766303490888,-0.15928584944787216,-0.07964292472393608,0.15254598638967734
10.1016/j.bcp.2015.11.013,AA1R_HUMAN,MeCCPA,Accumulation,Downstream,CHO,,87.64044943820225,8.11,8.07,10.052704596045569,-0.0825603707331952,10.1016/j.bcp.2015.11.013|AA1R_HUMAN|Accumulation|Downstream|CHO|nan,1.9827045960455685,-0.06668988762606398,-0.03334494381303199,0.06360777567075722
10.1016/j.bcp.2015.11.013,AA1R_HUMAN,NECA,Phosphorylation,Downstream,CHO,,100.0,9.55,9.48,11.55,0.0303909886649096,10.1016/j.bcp.2015.11.013|AA1R_HUMAN|Phosphorylation|Downstream|CHO|nan,2.0700000000000003,0.02053752020303934,0.01026876010151967,0.044811110552776603
10.1016/j.bcp.2015.11.013,AA1R_HUMAN,NECA,Phosphorylation,Downstream,CHO,,100.0,9.19,9.2,11.19,-0.0496090113350904,10.1016/j.bcp.2015.11.013|AA1R_HUMAN|Phosphorylation|Downstream|CHO|nan,1.9900000000000002,-0.05946247979696073,-0.029731239898480366,0.04913147837237635
10.1016/j.bcp.2015.11.013,AA1R_HUMAN,NECA,Accumulation,Downstream,CHO,,100.0,8.78,9.91,10.78,-1.1952649667787627,10.1016/j.bcp.2015.11.013|AA1R_HUMAN|Accumulation|Downstream|CHO|nan,0.8699999999999992,-1.1793944836716332,-0.5896972418358166,1.0
10.1016/j.bcp.2015.11.013,AA1R_HUMAN,R-PIA,Phosphorylation,Downstream,CHO,,98.0,9.57,9.29,11.561226075692495,0.2316170643574056,10.1016/j.bcp.2015.11.013|AA1R_HUMAN|Phosphorylation|Downstream|CHO|nan,2.2712260756924962,0.2217635958955353,0.11088179794776765,0.5627736582445355
10.1016/j.bcp.2015.11.013,AA1R_HUMAN,R-PIA,Phosphorylation,Downstream,CHO,,107.6923076923077,9.1,9.04,11.1321846833714,0.052575672036311,10.1016/j.bcp.2015.11.013|AA1R_HUMAN|Phosphorylation|Downstream|CHO|nan,2.0921846833714017,0.04272220357444079,0.021361101787220393,0.050028785733127364
10.1016/j.bcp.2015.11.013,AA1R_HUMAN,R-PIA,Accumulation,Downstream,CHO,,93.25842696629212,9.0,8.99,10.96968808573116,-0.0855768810476016,10.1016/j.bcp.2015.11.013|AA1R_HUMAN|Accumulation|Downstream|CHO|nan,1.9796880857311603,-0.06970639794047218,-0.03485319897023609,0.06553199994916561
10.1016/j.bcp.2015.11.013,AA1R_HUMAN,VCP746,Phosphorylation,Downstream,CHO,,104.0,8.42,8.41,10.43703333929878,-0.0125756720363101,10.1016/j.bcp.2015.11.013|AA1R_HUMAN|Phosphorylation|Downstream|CHO|nan,2.0270333392987805,-0.022429140498180455,-0.011214570249090228,0.04279742864749635
10.1016/j.bcp.2015.11.013,AA1R_HUMAN,VCP746,Phosphorylation,Downstream,CHO,,107.6923076923077,8.24,8.22,10.2721846833714,0.0125756720363101,10.1016/j.bcp.2015.11.013|AA1R_HUMAN|Phosphorylation|Downstream|CHO|nan,2.052184683371399,0.002722203574438087,0.0013611017872190434,0.04279742864749635
10.1016/j.bcp.2015.11.013,AA1R_HUMAN,VCP746,Accumulation,Downstream,CHO,,97.75280898876404,7.3,7.35,9.290129245973706,-0.1251357208050558,10.1016/j.bcp.2015.11.013|AA1R_HUMAN|Accumulation|Downstream|CHO|nan,1.940129245973706,-0.1092652376979264,-0.0546326188489632,0.10585225753665006
10.1126/science.1232808,5HT2B_HUMAN,Ergotamine,Accumulation,Downstream,HEK-293T,,91.0,5.95,5.95,7.909041392321094,0.0947487283896122,10.1126/science.1232808|5HT2B_HUMAN|Accumulation|Downstream|HEK-293T|nan,1.9590413923210939,0.09474872838961224,0.04737436419480612,0.07218869266240742
10.1016/j.bcp.2016.05.014,OPRM_HUMAN,DAMGO,Recruitment ,Transducer,CHO,Arrestin-2 (β-arrestin-1),93.3,7.39,7.41,9.3598816437465,-0.0435672318591575,10.1016/j.bcp.2016.05.014|OPRM_HUMAN|Recruitment |Transducer|CHO|Arrestin-2 (β-arrestin-1),1.9498816437464992,-0.05718411421188252,-0.02859205710594126,0.0475055114314522
10.1016/j.bcp.2016.05.014,OPRM_HUMAN,DAMGO,Recruitment ,Transducer,CHO,Arrestin-3 (β-arrestin-2),95.4,7.59,7.599,9.569548374704096,-0.0219013894177928,10.1016/j.bcp.2016.05.014|OPRM_HUMAN|Recruitment |Transducer|CHO|Arrestin-3 (β-arrestin-2),1.9705483747040962,-0.045441566889452556,-0.022720783444726278,0.043632500271729505
10.1016/j.bcp.2016.05.014,OPRM_HUMAN,DAMGO,Accumulation,Downstream,CHO,,100.0,7.0,7.309,9.0,-0.1625563734424444,10.1016/j.bcp.2016.05.014|OPRM_HUMAN|Accumulation|Downstream|CHO|nan,1.6909999999999998,-0.2609718781423003,-0.13048593907115014,0.18884006486506005
10.1016/j.bcp.2016.05.014,OPRM_HUMAN,Endomorphin-1,Recruitment ,Transducer,CHO,Arrestin-2 (β-arrestin-1),88.3,7.34,7.381,9.285960703577569,-0.0884881720280881,10.1016/j.bcp.2016.05.014|OPRM_HUMAN|Recruitment |Transducer|CHO|Arrestin-2 (β-arrestin-1),1.9049607035775686,-0.10210505438081308,-0.05105252719040654,0.0675085227803856
10.1016/j.bcp.2016.05.014,OPRM_HUMAN,Endomorphin-1,Recruitment ,Transducer,CHO,Arrestin-3 (β-arrestin-2),88.0,7.65,7.529,9.59448267215017,0.0730329080282823,10.1016/j.bcp.2016.05.014|OPRM_HUMAN|Recruitment |Transducer|CHO|Arrestin-3 (β-arrestin-2),2.0654826721501696,0.049492730556620845,0.024746365278310423,0.0582816540765173
10.1016/j.bcp.2016.05.014,OPRM_HUMAN,Endomorphin-1,Accumulation,Downstream,CHO,,183.3333333333333,7.88,7.783,10.14324143477458,0.5066850613321359,10.1016/j.bcp.2016.05.014|OPRM_HUMAN|Accumulation|Downstream|CHO|nan,2.36024143477458,0.40826955663228004,0.20413477831614002,0.9999977609653468
10.1016/j.bcp.2016.05.014,OPRM_HUMAN,Endomorphin-2,Recruitment ,Transducer,CHO,Arrestin-2 (β-arrestin-1),93.0,7.54,7.587,9.508482948553937,-0.0719659270517216,10.1016/j.bcp.2016.05.014|OPRM_HUMAN|Recruitment |Transducer|CHO|Arrestin-2 (β-arrestin-1),1.9214829485539369,-0.08558280940444485,-0.042791404702222424,0.05775054226369859
10.1016/j.bcp.2016.05.014,OPRM_HUMAN,Endomorphin-2,Recruitment ,Transducer,CHO,Arrestin-3 (β-arrestin-2),88.1,7.81,7.755,9.754975908412048,0.0075261442901606,10.1016/j.bcp.2016.05.014|OPRM_HUMAN|Recruitment |Transducer|CHO|Arrestin-3 (β-arrestin-2),1.9999759084120479,-0.016014033181500853,-0.008007016590750426,0.042536982737847104
10.1016/j.bcp.2016.05.014,OPRM_HUMAN,Endomorphin-2,Accumulation,Downstream,CHO,,178.39506172839506,7.86,7.818,10.111382828213918,0.4398264547714738,10.1016/j.bcp.2016.05.014|OPRM_HUMAN|Accumulation|Downstream|CHO|nan,2.293382828213918,0.34141095007161804,0.17070547503580902,0.9998807613885778
10.1016/j.bcp.2016.05.014,OPRM_HUMAN,Loperamide,Recruitment ,Transducer,CHO,Arrestin-2 (β-arrestin-1),81.3,7.73,7.458,9.640090545594068,0.1886416699884114,10.1016/j.bcp.2016.05.014|OPRM_HUMAN|Recruitment |Transducer|CHO|Arrestin-2 (β-arrestin-1),2.1820905455940682,0.17502478763568652,0.08751239381784326,0.29274409434535065
10.1016/j.bcp.2016.05.014,OPRM_HUMAN,Loperamide,Recruitment ,Transducer,CHO,Arrestin-3 (β-arrestin-2),103.6,7.73,7.831,9.745359755409217,-0.0780900087126728,10.1016/j.bcp.2016.05.014|OPRM_HUMAN|Recruitment |Transducer|CHO|Arrestin-3 (β-arrestin-2),1.9143597554092162,-0.1016301861843325,-0.05081509309216625,0.06097308866684276
10.1016/j.bcp.2016.05.014,OPRM_HUMAN,Loperamide,Accumulation,Downstream,CHO,,120.98765432098766,7.92,8.251,10.002741056813845,-0.1018153166285991,10.1016/j.bcp.2016.05.014|OPRM_HUMAN|Accumulation|Downstream|CHO|nan,1.7517410568138452,-0.20023082132845493,-0.10011541066422747,0.0782554158074555
10.1016/j.bcp.2016.05.014,OPRM_HUMAN,Met-enkephalin,Recruitment ,Transducer,CHO,Arrestin-2 (β-arrestin-1),78.5,7.77,7.564,9.664869656745251,0.1074207811395946,10.1016/j.bcp.2016.05.014|OPRM_HUMAN|Recruitment |Transducer|CHO|Arrestin-2 (β-arrestin-1),2.1008696567452514,0.09380389878686968,0.04690194939343484,0.0837376147497842
10.1016/j.bcp.2016.05.014,OPRM_HUMAN,Met-enkephalin,Recruitment ,Transducer,CHO,Arrestin-3 (β-arrestin-2),87.9,7.78,7.564,9.723988875073772,0.1675391109518846,10.1016/j.bcp.2016.05.014|OPRM_HUMAN|Recruitment |Transducer|CHO|Arrestin-3 (β-arrestin-2),2.159988875073772,0.1439989334802232,0.0719994667401116,0.20517721934198502
10.1016/j.bcp.2016.05.014,OPRM_HUMAN,Met-enkephalin,Accumulation,Downstream,CHO,,103.70370370370372,7.19,7.664,9.205794267183231,-0.3117621062592111,10.1016/j.bcp.2016.05.014|OPRM_HUMAN|Accumulation|Downstream|CHO|nan,1.5417942671832314,-0.4101776109590687,-0.20508880547953434,0.9520310358283623
10.1016/j.bcp.2016.05.014,OPRM_HUMAN,Met-enkephalin-RF,Recruitment ,Transducer,CHO,Arrestin-2 (β-arrestin-1),93.5,7.3,7.37,9.270811610872515,-0.0926372647331397,10.1016/j.bcp.2016.05.014|OPRM_HUMAN|Recruitment |Transducer|CHO|Arrestin-2 (β-arrestin-1),1.9008116108725153,-0.10625414708586645,-0.05312707354293322,0.07054163165942114
10.1016/j.bcp.2016.05.014,OPRM_HUMAN,Met-enkephalin-RF,Recruitment ,Transducer,CHO,Arrestin-3 (β-arrestin-2),88.9,7.9,7.875,9.848901760970216,-0.0185480031516727,10.1016/j.bcp.2016.05.014|OPRM_HUMAN|Recruitment |Transducer|CHO|Arrestin-3 (β-arrestin-2),1.9739017609702163,-0.042088180623332416,-0.021044090311666208,0.04327832518061205
10.1016/j.bcp.2016.05.014,OPRM_HUMAN,Met-enkephalin-RF,Accumulation,Downstream,CHO,,166.66666666666669,7.8,7.674,10.021848749616357,0.4942923761739122,10.1016/j.bcp.2016.05.014|OPRM_HUMAN|Accumulation|Downstream|CHO|nan,2.3478487496163565,0.39587687147405637,0.19793843573702818,0.9999951193833063
10.1016/j.bcp.2016.05.014,OPRM_HUMAN,Morphine,Recruitment ,Transducer,CHO,Arrestin-2 (β-arrestin-1),58.4,6.73,6.437,8.4964128471124,0.0659639715067421,10.1016/j.bcp.2016.05.014|OPRM_HUMAN|Recruitment |Transducer|CHO|Arrestin-2 (β-arrestin-1),2.059412847112399,0.0523470891540172,0.0261735445770086,0.054985013037530554
10.1016/j.bcp.2016.05.014,OPRM_HUMAN,Morphine,Recruitment ,Transducer,CHO,Arrestin-3 (β-arrestin-2),72.4,6.92,6.721,8.779738566197146,0.0662888020752587,10.1016/j.bcp.2016.05.014|OPRM_HUMAN|Recruitment |Transducer|CHO|Arrestin-3 (β-arrestin-2),2.058738566197146,0.042748624603597296,0.021374312301798648,0.055125404901549366
10.1016/j.bcp.2016.05.014,OPRM_HUMAN,Morphine,Accumulation,Downstream,CHO,,77.1604938271605,6.73,6.943,8.617394998465425,-0.1791613749770189,10.1016/j.bcp.2016.05.014|OPRM_HUMAN|Accumulation|Downstream|CHO|nan,1.6743949984654254,-0.2775768796768747,-0.13878843983843736,0.24952853134545605
10.1016/j.bcp.2016.05.014,OPRM_HUMAN,α-neoendorphin,Recruitment ,Transducer,CHO,Arrestin-2 (β-arrestin-1),86.5,6.63,6.53,8.567016107464815,0.0435672318591575,10.1016/j.bcp.2016.05.014|OPRM_HUMAN|Recruitment |Transducer|CHO|Arrestin-2 (β-arrestin-1),2.0370161074648143,0.029950349506432605,0.014975174753216303,0.0475055114314522
10.1016/j.bcp.2016.05.014,OPRM_HUMAN,α-neoendorphin,Recruitment ,Transducer,CHO,Arrestin-3 (β-arrestin-2),88.7,6.74,6.703,8.687923619831727,-0.0075261442901606,10.1016/j.bcp.2016.05.014|OPRM_HUMAN|Recruitment |Transducer|CHO|Arrestin-3 (β-arrestin-2),1.9849236198317266,-0.031066321761822113,-0.015533160880911057,0.042536982737847104
10.1016/j.bcp.2016.05.014,OPRM_HUMAN,α-neoendorphin,Accumulation,Downstream,CHO,,104.320987654321,7.2,7.263,9.218371690071043,0.1018153166285991,10.1016/j.bcp.2016.05.014|OPRM_HUMAN|Accumulation|Downstream|CHO|nan,1.9553716900710434,0.0033998119287432793,0.0016999059643716397,0.0782554158074555
10.1016/j.bcp.2016.05.014,OPRM_MOUSE,DAMGO,Recruitment ,Transducer,AtT20,Arrestin-2 (β-arrestin-1),94.0,6.59,6.475,8.563127853599699,-0.0298229453325316,10.1016/j.bcp.2016.05.014|OPRM_MOUSE|Recruitment |Transducer|AtT20|Arrestin-2 (β-arrestin-1),2.0881278535996994,-0.04472289328798329,-0.022361446643991645,0.044719234069609315
10.1016/j.bcp.2016.05.014,OPRM_MOUSE,DAMGO,Recruitment ,Transducer,AtT20,Arrestin-3 (β-arrestin-2),98.0,7.01,6.912,9.001226075692495,-0.0094508889536011,10.1016/j.bcp.2016.05.014|OPRM_MOUSE|Recruitment |Transducer|AtT20|Arrestin-3 (β-arrestin-2),2.089226075692495,-0.049982521070019104,-0.024991260535009552,0.04262065992748301
10.1016/j.bcp.2016.05.014,OPRM_MOUSE,DAMGO,Accumulation,Downstream,AtT20,,100.0,8.01,8.041,10.01,-0.0196130378462489,10.1016/j.bcp.2016.05.014|OPRM_MOUSE|Accumulation|Downstream|AtT20|nan,1.9689999999999994,-0.02018151892312492,-0.01009075946156246,0.04338415842752978
10.1016/j.bcp.2016.05.014,OPRM_MOUSE,Endomorphin-1,Recruitment ,Transducer,AtT20,Arrestin-2 (β-arrestin-1),79.0,7.4,7.168,9.297627091290442,0.0116762923582109,10.1016/j.bcp.2016.05.014|OPRM_MOUSE|Recruitment |Transducer|AtT20|Arrestin-2 (β-arrestin-1),2.129627091290442,-0.0032236555972406933,-0.0016118277986203466,0.04274133481446097
10.1016/j.bcp.2016.05.014,OPRM_MOUSE,Endomorphin-1,Recruitment ,Transducer,AtT20,Arrestin-3 (β-arrestin-2),98.0,7.61,7.511,9.601226075692496,-0.0084508889536016,10.1016/j.bcp.2016.05.014|OPRM_MOUSE|Recruitment |Transducer|AtT20|Arrestin-3 (β-arrestin-2),2.090226075692496,-0.04898252107001788,-0.02449126053500894,0.04257479796287583
10.1016/j.bcp.2016.05.014,OPRM_MOUSE,Endomorphin-1,Accumulation,Downstream,AtT20,,100.0,8.22,8.232,10.22,-0.0006130378462469,10.1016/j.bcp.2016.05.014|OPRM_MOUSE|Accumulation|Downstream|AtT20|nan,1.9880000000000013,-0.001181518923123015,-0.0005907594615615075,0.04239326306099482
10.1016/j.bcp.2016.05.014,OPRM_MOUSE,Endomorphin-2,Recruitment ,Transducer,AtT20,Arrestin-2 (β-arrestin-1),88.0,7.37,7.201,9.314482672150168,-0.0044681267820623,10.1016/j.bcp.2016.05.014|OPRM_MOUSE|Recruitment |Transducer|AtT20|Arrestin-2 (β-arrestin-1),2.1134826721501687,-0.019368074737514007,-0.009684037368757004,0.04244324371004992
10.1016/j.bcp.2016.05.014,OPRM_MOUSE,Endomorphin-2,Recruitment ,Transducer,AtT20,Arrestin-3 (β-arrestin-2),98.0,7.14,7.049,9.131226075692494,-0.0164508889536025,10.1016/j.bcp.2016.05.014|OPRM_MOUSE|Recruitment |Transducer|AtT20|Arrestin-3 (β-arrestin-2),2.0822260756924935,-0.05698252107002055,-0.028491260535010277,0.04308782571914221
10.1016/j.bcp.2016.05.014,OPRM_MOUSE,Endomorphin-2,Accumulation,Downstream,AtT20,,100.0,8.26,8.299,10.26,-0.027613037846248,10.1016/j.bcp.2016.05.014|OPRM_MOUSE|Accumulation|Downstream|AtT20|nan,1.9610000000000003,-0.028181518923124038,-0.014090759461562019,0.04437985643098095
10.1016/j.bcp.2016.05.014,OPRM_MOUSE,Loperamide,Recruitment ,Transducer,AtT20,Arrestin-2 (β-arrestin-1),80.0,7.38,7.149,9.283089986991945,0.0161391880597117,10.1016/j.bcp.2016.05.014|OPRM_MOUSE|Recruitment |Transducer|AtT20|Arrestin-2 (β-arrestin-1),2.1340899869919445,0.0012392401042617962,0.0006196200521308981,0.04306152309345391
10.1016/j.bcp.2016.05.014,OPRM_MOUSE,Loperamide,Recruitment ,Transducer,AtT20,Arrestin-3 (β-arrestin-2),98.0,7.53,7.439,9.521226075692494,-0.0164508889536016,10.1016/j.bcp.2016.05.014|OPRM_MOUSE|Recruitment |Transducer|AtT20|Arrestin-3 (β-arrestin-2),2.0822260756924944,-0.056982521070019665,-0.028491260535009832,0.043087825719142124
10.1016/j.bcp.2016.05.014,OPRM_MOUSE,Loperamide,Accumulation,Downstream,AtT20,,100.0,8.37,8.385,10.37,-0.0036130378462488,10.1016/j.bcp.2016.05.014|OPRM_MOUSE|Accumulation|Downstream|AtT20|nan,1.9849999999999994,-0.004181518923124905,-0.0020907594615624525,0.042425605776174984
10.1016/j.bcp.2016.05.014,OPRM_MOUSE,Met-enkephalin,Recruitment ,Transducer,AtT20,Arrestin-2 (β-arrestin-1),95.0,5.81,5.709,7.787723605288847,-0.0392271936433834,10.1016/j.bcp.2016.05.014|OPRM_MOUSE|Recruitment |Transducer|AtT20|Arrestin-2 (β-arrestin-1),2.0787236052888476,-0.05412714159883514,-0.02706357079941757,0.04649452520234022
10.1016/j.bcp.2016.05.014,OPRM_MOUSE,Met-enkephalin,Recruitment ,Transducer,AtT20,Arrestin-3 (β-arrestin-2),94.0,6.05,5.916,8.023127853599698,0.0084508889536016,10.1016/j.bcp.2016.05.014|OPRM_MOUSE|Recruitment |Transducer|AtT20|Arrestin-3 (β-arrestin-2),2.107127853599698,-0.03208074316281628,-0.01604037158140814,0.04257479796287583
10.1016/j.bcp.2016.05.014,OPRM_MOUSE,Met-enkephalin,Accumulation,Downstream,AtT20,,100.0,7.71,7.676,9.71,0.0453869621537523,10.1016/j.bcp.2016.05.014|OPRM_MOUSE|Accumulation|Downstream|AtT20|nan,2.0340000000000007,0.04481848107687636,0.02240924053843818,0.04796773772035783
10.1016/j.bcp.2016.05.014,OPRM_MOUSE,Met-enkephalin-RF,Recruitment ,Transducer,AtT20,Arrestin-2 (β-arrestin-1),96.0,5.85,5.768,7.832271233039568,-0.0536795658926623,10.1016/j.bcp.2016.05.014|OPRM_MOUSE|Recruitment |Transducer|AtT20|Arrestin-2 (β-arrestin-1),2.064271233039568,-0.06857951384811489,-0.034289756924057446,0.050380122815890736
10.1016/j.bcp.2016.05.014,OPRM_MOUSE,Met-enkephalin-RF,Recruitment ,Transducer,AtT20,Arrestin-3 (β-arrestin-2),95.0,6.26,6.117,8.237723605288847,0.0220466406427513,10.1016/j.bcp.2016.05.014|OPRM_MOUSE|Recruitment |Transducer|AtT20|Arrestin-3 (β-arrestin-2),2.1207236052888474,-0.018484991473666668,-0.009242495736833334,0.04364923617795483
10.1016/j.bcp.2016.05.014,OPRM_MOUSE,Met-enkephalin-RF,Accumulation,Downstream,AtT20,,98.0,7.32,7.316,9.311226075692495,0.0066130378462472,10.1016/j.bcp.2016.05.014|OPRM_MOUSE|Accumulation|Downstream|AtT20|nan,1.9952260756924955,0.006044556769371212,0.003022278384685606,0.04250396487963473
10.1016/j.bcp.2016.05.014,OPRM_MOUSE,Morphine,Recruitment ,Transducer,AtT20,Arrestin-2 (β-arrestin-1),39.0,6.72,5.979,8.311064607026498,0.2141138080942672,10.1016/j.bcp.2016.05.014|OPRM_MOUSE|Recruitment |Transducer|AtT20|Arrestin-2 (β-arrestin-1),2.3320646070264983,0.1992138601388156,0.0996069300694078,0.44086463221038025
10.1016/j.bcp.2016.05.014,OPRM_MOUSE,Morphine,Recruitment ,Transducer,AtT20,Arrestin-3 (β-arrestin-2),58.0,6.5,5.914,8.263427993562937,0.2507510289168411,10.1016/j.bcp.2016.05.014|OPRM_MOUSE|Recruitment |Transducer|AtT20|Arrestin-3 (β-arrestin-2),2.349427993562937,0.21021939680042312,0.10510969840021156,0.6968201381474245
10.1016/j.bcp.2016.05.014,OPRM_MOUSE,Morphine,Accumulation,Downstream,AtT20,,100.0,7.71,7.718,9.71,0.0033869621537525,10.1016/j.bcp.2016.05.014|OPRM_MOUSE|Accumulation|Downstream|AtT20|nan,1.9920000000000009,0.0028184810768765445,0.0014092405384382722,0.04242156738520018
10.1016/j.bcp.2016.05.014,OPRM_MOUSE,α-neoendorphin,Recruitment ,Transducer,AtT20,Arrestin-2 (β-arrestin-1),85.0,5.58,5.387,7.509418925714293,0.0044681267820623,10.1016/j.bcp.2016.05.014|OPRM_MOUSE|Recruitment |Transducer|AtT20|Arrestin-2 (β-arrestin-1),2.1224189257142934,-0.010431821173389366,-0.005215910586694683,0.04244324371004992
10.1016/j.bcp.2016.05.014,OPRM_MOUSE,α-neoendorphin,Recruitment ,Transducer,AtT20,Arrestin-3 (β-arrestin-2),81.0,5.81,5.526,7.718485018878649,0.0938080542325532,10.1016/j.bcp.2016.05.014|OPRM_MOUSE|Recruitment |Transducer|AtT20|Arrestin-3 (β-arrestin-2),2.1924850188786493,0.05327642211613526,0.02663821105806763,0.07144598795459672
10.1016/j.bcp.2016.05.014,OPRM_MOUSE,α-neoendorphin,Accumulation,Downstream,AtT20,,98.0,7.17,7.172,9.161226075692497,0.0006130378462469,10.1016/j.bcp.2016.05.014|OPRM_MOUSE|Accumulation|Downstream|AtT20|nan,1.989226075692497,4.4556769372761096e-05,2.2278384686380548e-05,0.04239326306099482
10.1016/j.bcp.2017.03.014,AA2BR_HUMAN,BAY60-6583,Phosphorylation,Downstream,CHO,,61.72212344424689,6.87,6.49,8.660440858808084,0.0,10.1016/j.bcp.2017.03.014|AA2BR_HUMAN|Phosphorylation|Downstream|CHO|nan,2.1704408588080835,0.05044386237590537,0.025221931187952684,0.04239230469906874
10.1016/j.bcp.2017.03.014,AA2BR_HUMAN,BAY60-6583,Phosphorylation,Downstream,HEK-293T,,40.98119858989424,7.64,7.06,9.252584656197063,0.0663380386668484,10.1016/j.bcp.2017.03.014|AA2BR_HUMAN|Phosphorylation|Downstream|HEK-293T|nan,2.192584656197064,0.0763075649546372,0.0381537824773186,0.0551467746916205
10.1016/j.bcp.2017.03.014,AA2BR_HUMAN,BAY60-6583,Accumulation,Downstream,CHO,,77.73,5.05,4.9,6.940588667705487,0.0326194759743785,10.1016/j.bcp.2017.03.014|AA2BR_HUMAN|Accumulation|Downstream|CHO|nan,2.040588667705487,-0.010617660236979631,-0.005308830118489816,0.04519017917896464
10.1126/science.1232808,5HT2B_HUMAN,LSD,Accumulation,Downstream,HEK-293T,,66.0,7.58,7.63,9.39954393554187,-0.0947487283896122,10.1126/science.1232808|5HT2B_HUMAN|Accumulation|Downstream|HEK-293T|nan,1.7695439355418694,-0.09474872838961224,-0.04737436419480612,0.07218869266240742
10.1016/j.bcp.2017.03.014,AA2BR_HUMAN,BAY60-6583,Accumulation,Downstream,CHO,,96.02334125783445,8.74,8.87,10.722376813740974,-0.1555923779901338,10.1016/j.bcp.2017.03.014|AA2BR_HUMAN|Accumulation|Downstream|CHO|nan,1.8523768137409746,-0.19882951420149197,-0.09941475710074599,0.16843762645501478
10.1016/j.bcp.2017.03.014,AA2BR_HUMAN,BAY60-6583,Accumulation,Downstream,HEK-293T,,97.26156751652502,7.27,7.25,9.257941264597688,0.0176848478137188,10.1016/j.bcp.2017.03.014|AA2BR_HUMAN|Accumulation|Downstream|HEK-293T|nan,2.0079412645976884,0.021875370803803085,0.010937685401901542,0.04319705457090043
10.1016/j.bcp.2017.03.014,AA2BR_HUMAN,Capadenoson,Phosphorylation,Downstream,CHO,,20.396240792481585,6.12,5.24,7.429550130488451,0.0191092716803673,10.1016/j.bcp.2017.03.014|AA2BR_HUMAN|Phosphorylation|Downstream|CHO|nan,2.189550130488451,0.06955313405627273,0.03477656702813636,0.043333331759352264
10.1016/j.bcp.2017.03.014,AA2BR_HUMAN,Capadenoson,Phosphorylation,Downstream,HEK-293T,,33.59283196239718,6.6,6.0,8.126246617530217,0.0,10.1016/j.bcp.2017.03.014|AA2BR_HUMAN|Phosphorylation|Downstream|HEK-293T|nan,2.1262466175302173,0.009969526287790575,0.004984763143895288,0.04239230469906874
10.1016/j.bcp.2017.03.014,AA2BR_HUMAN,Capadenoson,Accumulation,Downstream,CHO,,62.0,5.03,4.71,6.822391689498254,0.1044224977671453,10.1016/j.bcp.2017.03.014|AA2BR_HUMAN|Accumulation|Downstream|CHO|nan,2.1123916894982537,0.06118536155578713,0.030592680777893566,0.08072673756391628
10.1016/j.bcp.2017.03.014,AA2BR_HUMAN,Capadenoson,Accumulation,Downstream,CHO,,93.1056840285282,8.94,8.52,10.908976195126046,0.381007003394938,10.1016/j.bcp.2017.03.014|AA2BR_HUMAN|Accumulation|Downstream|CHO|nan,2.3889761951260464,0.3377698671835798,0.1688849335917899,0.9975308513535319
10.1016/j.bcp.2017.03.014,AA2BR_HUMAN,Capadenoson,Accumulation,Downstream,HEK-293T,,93.3805476864967,6.85,6.83,8.820256416783968,0.0,10.1016/j.bcp.2017.03.014|AA2BR_HUMAN|Accumulation|Downstream|HEK-293T|nan,1.9902564167839678,0.00419052299008249,0.002095261495041245,0.04239230469906874
10.1016/j.bcp.2017.03.014,AA2BR_HUMAN,NECA,Phosphorylation,Downstream,CHO,,100.0,6.5,6.5,8.5,-0.1704408588080834,10.1016/j.bcp.2017.03.014|AA2BR_HUMAN|Phosphorylation|Downstream|CHO|nan,2.0,-0.1199969964321781,-0.05999849821608905,0.21540653179657027
10.1016/j.bcp.2017.03.014,AA2BR_HUMAN,NECA,Phosphorylation,Downstream,HEK-293T,,100.0,7.52,7.49,9.52,-0.0962466175302179,10.1016/j.bcp.2017.03.014|AA2BR_HUMAN|Phosphorylation|Downstream|HEK-293T|nan,2.0299999999999994,-0.08627709124242733,-0.043138545621213664,0.07340165421485272
10.1016/j.bcp.2017.03.014,AA2BR_HUMAN,NECA,Accumulation,Downstream,CHO,,113.2,5.76,5.74,7.813846426852253,0.0658772351211443,10.1016/j.bcp.2017.03.014|AA2BR_HUMAN|Accumulation|Downstream|CHO|nan,2.0738464268522527,0.022640098909786133,0.011320049454893066,0.054947698993343515
10.1016/j.bcp.2017.03.014,AA2BR_HUMAN,NECA,Accumulation,Downstream,CHO,,100.0,8.61,8.62,10.61,-0.0179691917311082,10.1016/j.bcp.2017.03.014|AA2BR_HUMAN|Accumulation|Downstream|CHO|nan,1.9900000000000002,-0.06120632794246639,-0.030603163971233194,0.043223383384981516
10.1016/j.bcp.2017.03.014,AA2BR_HUMAN,NECA,Accumulation,Downstream,HEK-293T,,100.0,7.34,7.38,9.34,-0.0302564167839678,10.1016/j.bcp.2017.03.014|AA2BR_HUMAN|Accumulation|Downstream|HEK-293T|nan,1.96,-0.026065893793885353,-0.013032946896942676,0.04478917160457443
10.1016/j.bcp.2017.03.018,GLP1R_HUMAN,GLP-1,Recruitment ,Transducer,CHO,Arrestin-2 (β-arrestin-1),100.0,7.4,7.292,9.4,0.1184807473813824,10.1016/j.bcp.2017.03.018|GLP1R_HUMAN|Recruitment |Transducer|CHO|Arrestin-2 (β-arrestin-1),2.1080000000000005,0.09413821835958602,0.04706910917979301,0.09659280858711962
10.1016/j.bcp.2017.03.018,GLP1R_HUMAN,GLP-1,Recruitment ,Transducer,CHO,Arrestin-3 (β-arrestin-2),100.0,7.6,7.203,9.6,0.2581861476162821,10.1016/j.bcp.2017.03.018|GLP1R_HUMAN|Recruitment |Transducer|CHO|Arrestin-3 (β-arrestin-2),2.3969999999999994,0.2226514114647622,0.1113257057323811,0.7445779531888425
10.1016/j.bcp.2017.03.018,GLP1R_HUMAN,GLP-1,Phosphorylation,Downstream,CHO,,100.0,8.9,8.673,10.9,0.1500610928312511,10.1016/j.bcp.2017.03.018|GLP1R_HUMAN|Phosphorylation|Downstream|CHO|nan,2.2270000000000003,0.1470842506026231,0.07354212530131155,0.1540813632268998
10.1016/j.bcp.2017.03.018,GLP1R_HUMAN,GLP-1,Accumulation,Downstream,CHO,,100.0,10.0,9.702,12.0,0.2068487496163564,10.1016/j.bcp.2017.03.018|GLP1R_HUMAN|Accumulation|Downstream|CHO|nan,2.298,0.21229720511718808,0.10614860255859404,0.39418188072134247
10.1016/j.bcp.2017.03.018,GLP1R_HUMAN,P1,Recruitment ,Transducer,CHO,Arrestin-2 (β-arrestin-1),85.0,6.9,6.803,8.829418925714293,0.0368996730956752,10.1016/j.bcp.2017.03.018|GLP1R_HUMAN|Recruitment |Transducer|CHO|Arrestin-2 (β-arrestin-1),2.0264189257142933,0.012557144073878757,0.006278572036939378,0.04600357097636048
10.1016/j.bcp.2017.03.018,GLP1R_HUMAN,P1,Recruitment ,Transducer,CHO,Arrestin-3 (β-arrestin-2),108.0,6.9,6.802,8.93342375548695,-0.0073900968967661,10.1016/j.bcp.2017.03.018|GLP1R_HUMAN|Recruitment |Transducer|CHO|Arrestin-3 (β-arrestin-2),2.131423755486951,-0.04292483304828609,-0.021462416524143046,0.04253179128855233
10.1016/j.bcp.2017.03.018,GLP1R_HUMAN,P1,Phosphorylation,Downstream,CHO,,112.0,8.3,8.232,10.349218022670184,0.0402791155014341,10.1016/j.bcp.2017.03.018|GLP1R_HUMAN|Phosphorylation|Downstream|CHO|nan,2.117218022670185,0.037302273272807884,0.018651136636403942,0.04672798960769348
10.1016/j.bcp.2017.03.018,GLP1R_HUMAN,P1,Accumulation,Downstream,CHO,,130.0,8.8,8.813,10.913943352306838,0.0097921019231934,10.1016/j.bcp.2017.03.018|GLP1R_HUMAN|Accumulation|Downstream|CHO|nan,2.100943352306837,0.01524055742402508,0.00762027871201254,0.04263749286404417
10.1016/j.bcp.2017.03.018,GLP1R_HUMAN,P2,Recruitment ,Transducer,CHO,Arrestin-2 (β-arrestin-1),30.0,6.0,5.442,7.477121254719663,0.0456020021010443,10.1016/j.bcp.2017.03.018|GLP1R_HUMAN|Recruitment |Transducer|CHO|Arrestin-2 (β-arrestin-1),2.0351212547196624,0.021259473079247915,0.010629736539623957,0.04802389753956143
10.1016/j.bcp.2017.03.018,GLP1R_HUMAN,P2,Recruitment ,Transducer,CHO,Arrestin-3 (β-arrestin-2),40.0,5.9,5.343,7.502059991327963,0.0202461389442456,10.1016/j.bcp.2017.03.018|GLP1R_HUMAN|Recruitment |Transducer|CHO|Arrestin-3 (β-arrestin-2),2.159059991327963,-0.015288597207274268,-0.007644298603637134,0.04344999392788807
10.1016/j.bcp.2017.03.018,GLP1R_HUMAN,P2,Phosphorylation,Downstream,CHO,,107.0,7.9,7.861,9.92938377768521,-0.0085551294835388,10.1016/j.bcp.2017.03.018|GLP1R_HUMAN|Phosphorylation|Downstream|CHO|nan,2.0683837776852103,-0.01153197171216691,-0.005765985856083455,0.04257933732113501
10.1016/j.bcp.2017.03.018,GLP1R_HUMAN,P2,Accumulation,Downstream,CHO,,97.0,8.2,8.106,10.186771734266244,-0.0103795161173989,10.1016/j.bcp.2017.03.018|GLP1R_HUMAN|Accumulation|Downstream|CHO|nan,2.0807717342662446,-0.00493106061656734,-0.00246553030828367,0.042667886085074956
10.1016/j.bcp.2017.03.018,GLP1R_HUMAN,P3,Recruitment ,Transducer,CHO,Arrestin-2 (β-arrestin-1),50.0,6.8,6.475,8.49897000433602,0.0344507517174017,10.1016/j.bcp.2017.03.018|GLP1R_HUMAN|Recruitment |Transducer|CHO|Arrestin-2 (β-arrestin-1),2.02397000433602,0.010108222695605296,0.005054111347802648,0.045524254636899096
10.1016/j.bcp.2017.03.018,GLP1R_HUMAN,P3,Recruitment ,Transducer,CHO,Arrestin-3 (β-arrestin-2),61.0,6.4,6.061,8.185329835010767,-0.0144840173729496,10.1016/j.bcp.2017.03.018|GLP1R_HUMAN|Recruitment |Transducer|CHO|Arrestin-3 (β-arrestin-2),2.1243298350107676,-0.050018753524469606,-0.025009376762234803,0.04293051120215866
10.1016/j.bcp.2017.03.018,GLP1R_HUMAN,P3,Phosphorylation,Downstream,CHO,,92.0,8.1,7.99,10.063787827345555,-0.0031510798231941,10.1016/j.bcp.2017.03.018|GLP1R_HUMAN|Phosphorylation|Downstream|CHO|nan,2.073787827345555,-0.006127922051822221,-0.0030639610259111105,0.04241763224182091
10.1016/j.bcp.2017.03.018,GLP1R_HUMAN,P3,Accumulation,Downstream,CHO,,89.0,8.3,8.088,10.249390006644914,0.0702387562612711,10.1016/j.bcp.2017.03.018|GLP1R_HUMAN|Accumulation|Downstream|CHO|nan,2.1613900066449148,0.0756872117621028,0.0378436058810514,0.05691669793389559
10.1016/j.bcp.2017.03.018,GLP1R_HUMAN,P4,Phosphorylation,Downstream,CHO,,81.0,8.3,8.125,10.208485018878651,0.0065461117099019,10.1016/j.bcp.2017.03.018|GLP1R_HUMAN|Phosphorylation|Downstream|CHO|nan,2.083485018878651,0.0035692694812738957,0.0017846347406369478,0.042501713469357744
10.1016/j.bcp.2017.03.018,GLP1R_HUMAN,P4,Accumulation,Downstream,CHO,,97.0,7.6,7.508,9.586771734266245,-0.0123795161173987,10.1016/j.bcp.2017.03.018|GLP1R_HUMAN|Accumulation|Downstream|CHO|nan,2.078771734266245,-0.00693106061656712,-0.00346553030828356,0.04278483364161515
10.1016/j.bcp.2017.03.018,GLP1R_HUMAN,P5,Recruitment ,Transducer,CHO,Arrestin-2 (β-arrestin-1),87.0,8.0,7.95,9.939519252618618,0.0,10.1016/j.bcp.2017.03.018|GLP1R_HUMAN|Recruitment |Transducer|CHO|Arrestin-2 (β-arrestin-1),1.989519252618618,-0.024342529021796455,-0.012171264510898228,0.04239230469906874
10.1016/j.bcp.2017.03.018,GLP1R_HUMAN,P5,Recruitment ,Transducer,CHO,Arrestin-3 (β-arrestin-2),102.0,7.1,7.016,9.108600171761918,-0.0462136806217996,10.1016/j.bcp.2017.03.018|GLP1R_HUMAN|Recruitment |Transducer|CHO|Arrestin-3 (β-arrestin-2),2.0926001717619176,-0.08174841677331957,-0.04087420838665978,0.048185441889937244
10.1016/j.bcp.2017.03.018,GLP1R_HUMAN,P5,Phosphorylation,Downstream,CHO,,89.0,9.2,9.101,11.149390006644913,-0.0285489005238375,10.1016/j.bcp.2017.03.018|GLP1R_HUMAN|Phosphorylation|Downstream|CHO|nan,2.0483900066449117,-0.03152574275246556,-0.01576287137623278,0.04452009079186368
10.1016/j.bcp.2017.03.018,GLP1R_HUMAN,P5,Accumulation,Downstream,CHO,,102.0,10.0,9.855,12.008600171761918,0.0624489213782739,10.1016/j.bcp.2017.03.018|GLP1R_HUMAN|Accumulation|Downstream|CHO|nan,2.1536001717619175,0.06789737687910558,0.03394868843955279,0.053530142201286074
10.1016/j.bcp.2017.03.018,GLP1R_HUMAN,P6,Recruitment ,Transducer,CHO,Arrestin-2 (β-arrestin-1),72.0,7.9,7.772,9.75733249643127,-0.0041867561873489,10.1016/j.bcp.2017.03.018|GLP1R_HUMAN|Recruitment |Transducer|CHO|Arrestin-2 (β-arrestin-1),1.985332496431269,-0.02852928520914544,-0.01426464260457272,0.04243702703404577
10.1016/j.bcp.2017.03.018,GLP1R_HUMAN,P6,Recruitment ,Transducer,CHO,Arrestin-3 (β-arrestin-2),82.0,7.4,7.175,9.313813852383715,0.0,10.1016/j.bcp.2017.03.018|GLP1R_HUMAN|Recruitment |Transducer|CHO|Arrestin-3 (β-arrestin-2),2.1388138523837155,-0.035534736151521695,-0.017767368075760848,0.04239230469906874
10.1016/j.bcp.2017.03.018,GLP1R_HUMAN,P6,Phosphorylation,Downstream,CHO,,80.0,8.9,8.867,10.803089986991944,-0.1408489201768059,10.1016/j.bcp.2017.03.018|GLP1R_HUMAN|Phosphorylation|Downstream|CHO|nan,1.9360899869919432,-0.143825762405434,-0.071912881202717,0.13339300419713865
10.1016/j.bcp.2017.03.018,GLP1R_HUMAN,P6,Accumulation,Downstream,CHO,,89.0,9.9,9.756,11.849390006644914,0.0022387562612697,10.1016/j.bcp.2017.03.018|GLP1R_HUMAN|Accumulation|Downstream|CHO|nan,2.0933900066449134,0.007687211762101409,0.0038436058810507046,0.04240508751350471
10.1016/j.bcp.2017.03.018,GLP1R_HUMAN,P7,Recruitment ,Transducer,CHO,Arrestin-2 (β-arrestin-1),36.0,7.4,6.969,8.956302500767288,-0.0022167518513303,10.1016/j.bcp.2017.03.018|GLP1R_HUMAN|Recruitment |Transducer|CHO|Arrestin-2 (β-arrestin-1),1.9873025007672878,-0.026559280873126756,-0.013279640436563378,0.042404837432234235
10.1016/j.bcp.2017.03.018,GLP1R_HUMAN,P7,Recruitment ,Transducer,CHO,Arrestin-3 (β-arrestin-2),45.0,7.0,6.476,8.653212513775344,0.0383986613916267,10.1016/j.bcp.2017.03.018|GLP1R_HUMAN|Recruitment |Transducer|CHO|Arrestin-3 (β-arrestin-2),2.177212513775344,0.0028639252401068127,0.0014319626200534064,0.046315744402192084
10.1016/j.bcp.2017.03.018,GLP1R_HUMAN,P7,Phosphorylation,Downstream,CHO,,89.0,8.9,8.756,10.849390006644914,0.0164510994761641,10.1016/j.bcp.2017.03.018|GLP1R_HUMAN|Phosphorylation|Downstream|CHO|nan,2.0933900066449134,0.013474257247536148,0.006737128623768074,0.04308784365917232
10.1016/j.bcp.2017.03.018,GLP1R_HUMAN,P7,Accumulation,Downstream,CHO,,89.0,9.6,9.502,11.549390006644913,-0.0437612437387313,10.1016/j.bcp.2017.03.018|GLP1R_HUMAN|Accumulation|Downstream|CHO|nan,2.047390006644912,-0.03831278823789974,-0.01915639411894987,0.047553692392873756
10.1016/j.bcp.2017.03.018,GLP1R_HUMAN,P8,Recruitment ,Transducer,CHO,Arrestin-2 (β-arrestin-1),27.0,7.3,6.748,8.731363764158987,-0.0061554884596315,10.1016/j.bcp.2017.03.018|GLP1R_HUMAN|Recruitment |Transducer|CHO|Arrestin-2 (β-arrestin-1),1.9833637641589865,-0.030498017481427997,-0.015249008740713998,0.0424890318510263
10.1016/j.bcp.2017.03.018,GLP1R_HUMAN,P8,Phosphorylation,Downstream,CHO,,80.0,8.2,8.023,10.103089986991945,0.0031510798231941,10.1016/j.bcp.2017.03.018|GLP1R_HUMAN|Phosphorylation|Downstream|CHO|nan,2.080089986991945,0.00017423759456791643,8.711879728395822e-05,0.04241763224182091
10.1016/j.bcp.2017.03.018,GLP1R_HUMAN,P8,Accumulation,Downstream,CHO,,83.0,8.5,8.309,10.419078092376074,0.0189268419924308,10.1016/j.bcp.2017.03.018|GLP1R_HUMAN|Accumulation|Downstream|CHO|nan,2.1100780923760745,0.024375297493262504,0.012187648746631252,0.04331526569462166
10.1016/j.bcp.2017.03.018,GLP1R_HUMAN,P9,Recruitment ,Transducer,CHO,Arrestin-2 (β-arrestin-1),23.0,6.9,6.276,8.261727836017593,-0.0037914166010244,10.1016/j.bcp.2017.03.018|GLP1R_HUMAN|Recruitment |Transducer|CHO|Arrestin-2 (β-arrestin-1),1.9857278360175936,-0.0281339456228209,-0.01406697281141045,0.042428976544380236
10.1016/j.bcp.2017.03.018,GLP1R_HUMAN,P9,Phosphorylation,Downstream,CHO,,73.0,8.0,7.792,9.863322860120457,-0.0056160470482939,10.1016/j.bcp.2017.03.018|GLP1R_HUMAN|Phosphorylation|Downstream|CHO|nan,2.071322860120457,-0.008592889276920257,-0.0042964446384601285,0.04247280649003382
10.1016/j.bcp.2017.03.018,GLP1R_HUMAN,P9,Accumulation,Downstream,CHO,,107.0,7.7,7.625,9.72938377768521,0.0132325273015672,10.1016/j.bcp.2017.03.018|GLP1R_HUMAN|Accumulation|Downstream|CHO|nan,2.104383777685211,0.018680982802398827,0.009340491401199413,0.04284107379935173
10.1016/j.bcp.2018.04.021,AGTR1_HUMAN,"[Sar1Cys3,5]AngII",Recruitment ,Transducer,HEK-293,Arrestin-2 (β-arrestin-1),53.0,6.050122295963125,5.08,7.774398165563914,0.3239112556630914,10.1016/j.bcp.2018.04.021|AGTR1_HUMAN|Recruitment |Transducer|HEK-293|Arrestin-2 (β-arrestin-1),2.694398165563914,0.19477398930565037,0.09738699465282519,0.9699146720522301
10.1016/j.bcp.2018.04.021,AGTR1_HUMAN,"[Sar1Cys3,5]AngII",Recruitment ,Transducer,HEK-293,Arrestin-3 (β-arrestin-2),61.0,6.008773924307505,5.28,7.794103759318272,0.2939881964754072,10.1016/j.bcp.2018.04.021|AGTR1_HUMAN|Recruitment |Transducer|HEK-293|Arrestin-3 (β-arrestin-2),2.514103759318272,0.2760445025512013,0.13802225127560064,0.9098433225580076
10.1016/j.bcp.2018.04.021,AGTR1_HUMAN,"[Sar1Cys3,5]AngII",Phosphorylation,Downstream,HEK-293,,55.0,6.552841968657781,5.63,8.293204658152025,0.5413287413426864,10.1016/j.bcp.2018.04.021|AGTR1_HUMAN|Phosphorylation|Downstream|HEK-293|nan,2.663204658152025,0.44316671792637496,0.22158335896318748,0.9999997711400976
10.1016/j.bcp.2018.04.021,AGTR1_HUMAN,"[Sar1Cys3,5]AngII",Phosphorylation,Downstream,HEK-293,,62.0,6.728158393463501,5.8,8.520550082961755,0.5986741661524166,10.1016/j.bcp.2018.04.021|AGTR1_HUMAN|Phosphorylation|Downstream|HEK-293|nan,2.720550082961755,0.5005121427361052,0.2502560713680526,0.9999999962320559
10.1016/j.bcp.2018.04.021,AGTR1_HUMAN,"[Sar1Cys3,5]AngII",Dissociation,Transducer,HEK-293,G12,42.0,6.022733787572707,5.21,7.645983077970608,0.1977635067562388,10.1016/j.bcp.2018.04.021|AGTR1_HUMAN|Dissociation|Transducer|HEK-293|G12,2.435983077970608,-0.08125748209898598,-0.04062874104949299,0.3405864533936726
10.1016/j.bcp.2018.04.021,AGTR1_HUMAN,"[Sar1Cys3,5]AngII",Dissociation,Transducer,HEK-293,Gi2,53.0,7.236572006437063,5.3,8.960847876037851,1.134452578871224,10.1016/j.bcp.2018.04.021|AGTR1_HUMAN|Dissociation|Transducer|HEK-293|Gi2,3.6608478760378516,1.0280439286506264,0.5140219643253132,1.0
10.1016/j.bcp.2018.04.021,AGTR1_HUMAN,"[Sar1Cys3,5]AngII",Dissociation,Transducer,HEK-293,Gi3,73.0,7.173925197299173,6.62,9.037248057419628,0.4945956180238182,10.1016/j.bcp.2018.04.021|AGTR1_HUMAN|Dissociation|Transducer|HEK-293|Gi3,2.417248057419628,0.43673820104966965,0.21836910052483482,0.9999952104585854
10.1016/j.bcp.2018.04.021,AGTR1_HUMAN,"[Sar1Cys3,5]AngII",Dissociation,Transducer,HEK-293,Gz,64.0,7.744727494896693,6.46,9.55090746888058,0.6136514613260315,10.1016/j.bcp.2018.04.021|AGTR1_HUMAN|Dissociation|Transducer|HEK-293|Gz,3.0909074688805793,0.6226675942493429,0.31133379712467146,0.9999999987956465
10.1016/j.bcp.2018.04.021,AGTR1_HUMAN,"[Sar1Cys3,5]AngII",Accumulation,Downstream,HEK-293,,60.0,5.534319788401722,4.76,7.312471038785365,0.2549169764231989,10.1016/j.bcp.2018.04.021|AGTR1_HUMAN|Accumulation|Downstream|HEK-293|nan,2.552471038785365,0.28584239966456515,0.14292119983228257,0.7240278799154591
10.1016/j.bcp.2018.04.021,AGTR1_HUMAN,[Sar1Cys3Hcy5]AngII,Recruitment ,Transducer,HEK-293,Arrestin-2 (β-arrestin-1),46.0,6.73754891026957,5.14,8.400306741951145,0.8898198320503221,10.1016/j.bcp.2018.04.021|AGTR1_HUMAN|Recruitment |Transducer|HEK-293|Arrestin-2 (β-arrestin-1),3.260306741951145,0.7606825656928811,0.38034128284644053,1.0
10.1016/j.bcp.2018.04.021,AGTR1_HUMAN,[Sar1Cys3Hcy5]AngII,Recruitment ,Transducer,HEK-293,Arrestin-3 (β-arrestin-2),70.0,6.653647025549361,6.15,8.498745065563618,0.1286295027207531,10.1016/j.bcp.2018.04.021|AGTR1_HUMAN|Recruitment |Transducer|HEK-293|Arrestin-3 (β-arrestin-2),2.3487450655636177,0.11068580879654721,0.05534290439827361,0.11124038369147551
10.1016/j.bcp.2018.04.021,AGTR1_HUMAN,[Sar1Cys3Hcy5]AngII,Phosphorylation,Downstream,HEK-293,,72.0,6.6307841425898575,6.27,8.488116639021126,0.0962407222117875,10.1016/j.bcp.2018.04.021|AGTR1_HUMAN|Phosphorylation|Downstream|HEK-293|nan,2.218116639021126,-0.0019213012045238287,-0.0009606506022619143,0.07339680614095456
10.1016/j.bcp.2018.04.021,AGTR1_HUMAN,[Sar1Cys3Hcy5]AngII,Phosphorylation,Downstream,HEK-293,,85.0,6.52432881167557,6.22,8.453747737389863,0.1118718205805247,10.1016/j.bcp.2018.04.021|AGTR1_HUMAN|Phosphorylation|Downstream|HEK-293|nan,2.233747737389863,0.013709797164213278,0.006854898582106639,0.08856364702805061
10.1016/j.bcp.2018.04.021,AGTR1_HUMAN,[Sar1Cys3Hcy5]AngII,Dissociation,Transducer,HEK-293,G12,37.0,6.903089986991944,4.84,8.471291711058939,1.3930721398445698,10.1016/j.bcp.2018.04.021|AGTR1_HUMAN|Dissociation|Transducer|HEK-293|G12,3.631291711058939,1.114051150989345,0.5570255754946725,1.0
10.1016/j.bcp.2018.04.021,AGTR1_HUMAN,[Sar1Cys3Hcy5]AngII,Dissociation,Transducer,HEK-293,Gi2,64.0,7.036212172654444,5.87,8.842392146638332,0.4459968494717041,10.1016/j.bcp.2018.04.021|AGTR1_HUMAN|Dissociation|Transducer|HEK-293|Gi2,2.972392146638332,0.3395881992511067,0.16979409962555336,0.9999154103124923
10.1016/j.bcp.2018.04.021,AGTR1_HUMAN,[Sar1Cys3Hcy5]AngII,Dissociation,Transducer,HEK-293,Gi3,92.0,7.207608310501746,7.18,9.1713961378473,0.0687436984514917,10.1016/j.bcp.2018.04.021|AGTR1_HUMAN|Dissociation|Transducer|HEK-293|Gi3,1.9913961378472997,0.010886281477341386,0.005443140738670693,0.056220115084887924
10.1016/j.bcp.2018.04.021,AGTR1_HUMAN,[Sar1Cys3Hcy5]AngII,Dissociation,Transducer,HEK-293,Gz,70.0,7.5376020021010435,6.34,9.3827000421153,0.5654440345607501,10.1016/j.bcp.2018.04.021|AGTR1_HUMAN|Dissociation|Transducer|HEK-293|Gz,3.0427000421152997,0.5744601674840633,0.2872300837420316,0.999999957200728
10.1016/j.bcp.2018.04.021,AGTR1_HUMAN,[Sar1Cys3Hcy5]AngII,Accumulation,Downstream,HEK-293,,70.0,5.805485658117533,5.45,7.65058369813179,-0.0969703642303771,10.1016/j.bcp.2018.04.021|AGTR1_HUMAN|Accumulation|Downstream|HEK-293|nan,2.2005836981317897,-0.06604494098901004,-0.03302247049450502,0.07400135222220229
10.1016/j.bcp.2018.04.021,AGTR1_HUMAN,"[Sar1Hcy3,5]AngII",Recruitment ,Transducer,HEK-293,Arrestin-2 (β-arrestin-1),97.0,8.309803919971486,8.25,10.296575654237731,-0.3239112556630914,10.1016/j.bcp.2018.04.021|AGTR1_HUMAN|Recruitment |Transducer|HEK-293|Arrestin-2 (β-arrestin-1),2.0465756542377314,-0.4530485220205325,-0.22652426101026624,0.9699146720522301
10.1016/j.bcp.2018.04.021,AGTR1_HUMAN,"[Sar1Hcy3,5]AngII",Recruitment ,Transducer,HEK-293,Arrestin-3 (β-arrestin-2),100.0,8.327902142064282,8.33,10.327902142064282,-0.2222134207785826,10.1016/j.bcp.2018.04.021|AGTR1_HUMAN|Recruitment |Transducer|HEK-293|Arrestin-3 (β-arrestin-2),1.997902142064282,-0.24015711470278855,-0.12007855735139428,0.4960865476378907
10.1016/j.bcp.2018.04.021,AGTR1_HUMAN,"[Sar1Hcy3,5]AngII",Phosphorylation,Downstream,HEK-293,,107.0,7.886056647693163,7.92,9.915440425378373,-0.1264354914309655,10.1016/j.bcp.2018.04.021|AGTR1_HUMAN|Phosphorylation|Downstream|HEK-293|nan,1.9954404253783729,-0.22459751484727697,-0.11229875742363848,0.10781212904374171
10.1016/j.bcp.2018.04.021,AGTR1_HUMAN,"[Sar1Hcy3,5]AngII",Phosphorylation,Downstream,HEK-293,,99.0,8.0,7.97,9.99563519459755,-0.0962407222117875,10.1016/j.bcp.2018.04.021|AGTR1_HUMAN|Phosphorylation|Downstream|HEK-293|nan,2.025635194597551,-0.194402745628099,-0.0972013728140495,0.07339680614095456
10.1016/j.bcp.2018.04.021,AGTR1_HUMAN,"[Sar1Hcy3,5]AngII",Dissociation,Transducer,HEK-293,G12,101.0,8.096910013008056,8.14,10.1012313867907,-0.2769881844236703,10.1016/j.bcp.2018.04.021|AGTR1_HUMAN|Dissociation|Transducer|HEK-293|G12,1.9612313867906987,-0.5560091732788952,-0.2780045866394476,0.8457939082458278
10.1016/j.bcp.2018.04.021,AGTR1_HUMAN,"[Sar1Hcy3,5]AngII",Dissociation,Transducer,HEK-293,Gi2,102.0,8.431798275933005,8.36,10.440398447694925,-0.4459968494717041,10.1016/j.bcp.2018.04.021|AGTR1_HUMAN|Dissociation|Transducer|HEK-293|Gi2,2.0803984476949253,-0.5524054996922998,-0.2762027498461499,0.9999154103124923
10.1016/j.bcp.2018.04.021,AGTR1_HUMAN,"[Sar1Hcy3,5]AngII",Dissociation,Transducer,HEK-293,Gi3,109.0,8.602059991327963,8.98,10.639486489268586,-0.2631659501272239,10.1016/j.bcp.2018.04.021|AGTR1_HUMAN|Dissociation|Transducer|HEK-293|Gi3,1.6594864892685859,-0.32102336710137247,-0.16051168355068623,0.7743409614004068
10.1016/j.bcp.2018.04.021,AGTR1_HUMAN,"[Sar1Hcy3,5]AngII",Dissociation,Transducer,HEK-293,Gz,97.0,8.130768280269024,8.29,10.117540014535267,-0.6497159930192797,10.1016/j.bcp.2018.04.021|AGTR1_HUMAN|Dissociation|Transducer|HEK-293|Gz,1.827540014535268,-0.6406998600959684,-0.3203499300479842,0.9999999999311733
10.1016/j.bcp.2018.04.021,AGTR1_HUMAN,"[Sar1Hcy3,5]AngII",Accumulation,Downstream,HEK-293,,78.0,7.292429823902063,6.79,9.184524426592544,0.0969703642303771,10.1016/j.bcp.2018.04.021|AGTR1_HUMAN|Accumulation|Downstream|HEK-293|nan,2.394524426592544,0.12789578747174435,0.06394789373587217,0.07400135222220229
10.1016/j.bcp.2018.04.021,AGTR1_HUMAN,Angiotensin II,Recruitment ,Transducer,HEK-293,Arrestin-2 (β-arrestin-1),100.0,8.387216143280265,8.39,10.387216143280265,-0.3732707666205588,10.1016/j.bcp.2018.04.021|AGTR1_HUMAN|Recruitment |Transducer|HEK-293|Arrestin-2 (β-arrestin-1),1.997216143280264,-0.5024080329779999,-0.2512040164889999,0.996441519185763
10.1016/j.bcp.2018.04.021,AGTR1_HUMAN,Angiotensin II,Recruitment ,Transducer,HEK-293,Arrestin-3 (β-arrestin-2),100.0,8.481486060122112,8.39,10.481486060122112,-0.1286295027207531,10.1016/j.bcp.2018.04.021|AGTR1_HUMAN|Recruitment |Transducer|HEK-293|Arrestin-3 (β-arrestin-2),2.0914860601221115,-0.14657319664495905,-0.07328659832247952,0.11124038369147551
10.1016/j.bcp.2018.04.021,AGTR1_HUMAN,Angiotensin II,Phosphorylation,Downstream,HEK-293,,100.0,8.318758762624412,8.32,10.318758762624412,-0.1231171541849263,10.1016/j.bcp.2018.04.021|AGTR1_HUMAN|Phosphorylation|Downstream|HEK-293|nan,1.998758762624412,-0.22127917760123772,-0.11063958880061886,0.10290965374452035
10.1016/j.bcp.2018.04.021,AGTR1_HUMAN,Angiotensin II,Phosphorylation,Downstream,HEK-293,,100.0,8.494850021680094,8.59,10.494850021680094,-0.2170258951292445,10.1016/j.bcp.2018.04.021|AGTR1_HUMAN|Phosphorylation|Downstream|HEK-293|nan,1.9048500216800939,-0.31518791854555595,-0.15759395927277797,0.46038663475258185
10.1016/j.bcp.2018.04.021,AGTR1_HUMAN,Angiotensin II,Dissociation,Transducer,HEK-293,G12,100.0,8.18045606445813,8.14,10.18045606445813,-0.1977635067562388,10.1016/j.bcp.2018.04.021|AGTR1_HUMAN|Dissociation|Transducer|HEK-293|G12,2.04045606445813,-0.47678449561146374,-0.23839224780573187,0.3405864533936726
10.1016/j.bcp.2018.04.021,AGTR1_HUMAN,Angiotensin II,Dissociation,Transducer,HEK-293,Gi2,100.0,8.657577319177793,8.84,10.657577319177792,-0.7088179779888342,10.1016/j.bcp.2018.04.021|AGTR1_HUMAN|Dissociation|Transducer|HEK-293|Gi2,1.8175773191777918,-0.8152266282094334,-0.4076133141047167,0.9999999999995561
10.1016/j.bcp.2018.04.021,AGTR1_HUMAN,Angiotensin II,Dissociation,Transducer,HEK-293,Gi3,100.0,8.823908740944319,8.97,10.82390874094432,-0.0687436984514917,10.1016/j.bcp.2018.04.021|AGTR1_HUMAN|Dissociation|Transducer|HEK-293|Gi3,1.8539087409443198,-0.12660111542563857,-0.06330055771281928,0.056220115084887924
10.1016/j.bcp.2018.04.021,AGTR1_HUMAN,Angiotensin II,Dissociation,Transducer,HEK-293,Gz,100.0,8.2518119729938,8.34,10.2518119729938,-0.5654440345607501,10.1016/j.bcp.2018.04.021|AGTR1_HUMAN|Dissociation|Transducer|HEK-293|Gz,1.9118119729937995,-0.5564279016374369,-0.27821395081871847,0.999999957200728
10.1016/j.bcp.2018.04.021,AGTR1_HUMAN,Angiotensin II,Accumulation,Downstream,HEK-293,,100.0,8.4089353929735,8.49,10.4089353929735,-0.3786186693886666,10.1016/j.bcp.2018.04.021|AGTR1_HUMAN|Accumulation|Downstream|HEK-293|nan,1.9189353929735002,-0.34769324614729946,-0.17384662307364973,0.9972336186494788
10.1016/j.bmc.2017.08.037,DRD2_HUMAN,1 (Aripiprazole),Recruitment ,Transducer,HEK-293,Arrestin-3 (β-arrestin-2),13.0,5.958607314841775,5.59,7.072550667148612,-0.3162527277216771,10.1016/j.bmc.2017.08.037|DRD2_HUMAN|Recruitment |Transducer|HEK-293|Arrestin-3 (β-arrestin-2),1.4825506671486117,-0.3447454908785701,-0.17237274543928505,0.9595033995788885
10.1016/j.bmc.2017.08.037,DRD2_HUMAN,1 (Aripiprazole),Activation,Transducer,HEK-293T,GoA,14.0,6.886056647693163,6.59,8.032184683371401,-0.8435806628125926,10.1016/j.bmc.2017.08.037|DRD2_HUMAN|Activation|Transducer|HEK-293T|GoA,1.4421846833714014,-0.8331067172789259,-0.41655335863946297,1.0
10.1016/j.bmc.2017.08.037,DRD2_HUMAN,15b,Recruitment ,Transducer,HEK-293,Arrestin-3 (β-arrestin-2),12.0,6.886056647693163,6.32,7.965237893740788,-0.1535655011295009,10.1016/j.bmc.2017.08.037|DRD2_HUMAN|Recruitment |Transducer|HEK-293|Arrestin-3 (β-arrestin-2),1.6452378937407879,-0.18205826428639393,-0.09102913214319697,0.16299597727712878
10.1016/j.bmc.2017.08.037,DRD2_HUMAN,15b,Activation,Transducer,HEK-293T,GoA,15.0,6.008773924307505,5.09,7.184865183363186,-0.1909001628208075,10.1016/j.bmc.2017.08.037|DRD2_HUMAN|Activation|Transducer|HEK-293T|GoA,2.0948651833631864,-0.18042621728714092,-0.09021310864357046,0.3040157201175408
10.1016/j.bmc.2017.08.037,DRD2_HUMAN,15c,Recruitment ,Transducer,HEK-293,Arrestin-3 (β-arrestin-2),49.0,5.958607314841775,5.85,7.648803394870288,0.0,10.1016/j.bmc.2017.08.037|DRD2_HUMAN|Recruitment |Transducer|HEK-293|Arrestin-3 (β-arrestin-2),1.798803394870288,-0.028492763156893863,-0.014246381578446932,0.04239230469906874
10.1016/j.bmc.2017.08.037,DRD2_HUMAN,2 (Ropinirole),Recruitment ,Transducer,HEK-293,Arrestin-3 (β-arrestin-2),83.0,7.050609993355087,7.01,8.96968808573116,0.1608846908608718,10.1016/j.bmc.2017.08.037|DRD2_HUMAN|Recruitment |Transducer|HEK-293|Arrestin-3 (β-arrestin-2),1.9596880857311607,0.1323919277039789,0.06619596385198945,0.18369230565387598
10.1016/j.bmc.2017.08.037,DRD2_HUMAN,2 (Ropinirole),Activation,Transducer,HEK-293T,GoA,92.0,6.481486060122113,6.47,8.445273887467668,-0.3104914587163261,10.1016/j.bmc.2017.08.037|DRD2_HUMAN|Activation|Transducer|HEK-293T|GoA,1.9752738874676679,-0.30001751318265946,-0.15000875659132973,0.9497112401316206
10.1016/j.bmc.2017.08.037,DRD2_HUMAN,8a,Recruitment ,Transducer,HEK-293,Arrestin-3 (β-arrestin-2),33.0,7.292429823902063,6.23,8.810943763779951,0.782140368909662,10.1016/j.bmc.2017.08.037|DRD2_HUMAN|Recruitment |Transducer|HEK-293|Arrestin-3 (β-arrestin-2),2.580943763779951,0.753647605752769,0.3768238028763845,0.9999999999999996
10.1016/j.bmc.2017.08.037,DRD2_HUMAN,8b,Recruitment ,Transducer,HEK-293,Arrestin-3 (β-arrestin-2),38.0,7.167491087293763,6.97,8.747274683910574,-0.021528710959715,10.1016/j.bmc.2017.08.037|DRD2_HUMAN|Recruitment |Transducer|HEK-293|Arrestin-3 (β-arrestin-2),1.7772746839105737,-0.05002147411660807,-0.025010737058304033,0.04359009360266241
10.1016/j.bmc.2017.08.037,DRD2_HUMAN,8b,Activation,Transducer,HEK-293T,GoA,15.0,6.0,4.08,7.176091259055681,0.8103259128716873,10.1016/j.bmc.2017.08.037|DRD2_HUMAN|Activation|Transducer|HEK-293T|GoA,3.0960912590556813,0.820799858405354,0.410399929202677,1.0
10.1016/j.bmc.2017.08.037,DRD2_HUMAN,9a (E) s-trans ,Recruitment ,Transducer,HEK-293,Arrestin-3 (β-arrestin-2),29.0,7.154901959985743,6.74,8.617299957884699,0.0784965630144096,10.1016/j.bmc.2017.08.037|DRD2_HUMAN|Recruitment |Transducer|HEK-293|Arrestin-3 (β-arrestin-2),1.8772999578846985,0.050003799857516684,0.025001899928758342,0.06120245385542534
10.1016/j.bmc.2017.08.037,DRD2_HUMAN,9a (E) s-trans ,Activation,Transducer,HEK-293T,GoA,16.0,7.236572006437063,6.09,8.440691989092988,0.0649266429089943,10.1016/j.bmc.2017.08.037|DRD2_HUMAN|Activation|Transducer|HEK-293T|GoA,2.3506919890929883,0.07540058844266095,0.03770029422133048,0.05454350803741876
10.1016/j.bmc.2017.08.037,DRD2_HUMAN,9b (E) s-cis ,Recruitment ,Transducer,HEK-293,Arrestin-3 (β-arrestin-2),34.0,7.337242168318426,7.03,8.868721085360681,0.0399176904903919,10.1016/j.bmc.2017.08.037|DRD2_HUMAN|Recruitment |Transducer|HEK-293|Arrestin-3 (β-arrestin-2),1.8387210853606808,0.01142492733349898,0.00571246366674949,0.04664695203007689
10.1016/j.bmc.2017.08.037,DRD2_HUMAN,9b (E) s-cis ,Activation,Transducer,HEK-293T,GoA,14.0,7.259637310505756,6.12,8.405765346183994,0.0,10.1016/j.bmc.2017.08.037|DRD2_HUMAN|Activation|Transducer|HEK-293T|GoA,2.285765346183994,0.010473945533666651,0.0052369727668333255,0.04239230469906874
10.1016/j.bmc.2017.08.037,DRD2_HUMAN,9c (E) s-trans ,Recruitment ,Transducer,HEK-293,Arrestin-3 (β-arrestin-2),54.0,6.958607314841775,7.08,8.691001074664744,-0.1878023202055452,10.1016/j.bmc.2017.08.037|DRD2_HUMAN|Recruitment |Transducer|HEK-293|Arrestin-3 (β-arrestin-2),1.6110010746647436,-0.2162950833624382,-0.1081475416812191,0.2886516136164073
10.1016/j.bmc.2017.08.037,DRD2_HUMAN,9c (E) s-trans ,Activation,Transducer,HEK-293T,GoA,19.0,6.585026652029182,5.47,7.863780252982011,0.1080149067980169,10.1016/j.bmc.2017.08.037|DRD2_HUMAN|Activation|Transducer|HEK-293T|GoA,2.393780252982011,0.1184888523316836,0.0592444261658418,0.08435657911792342
10.1016/j.bmc.2017.08.037,DRD2_HUMAN,9d (E) s-cis,Recruitment ,Transducer,HEK-293,Arrestin-3 (β-arrestin-2),44.0,6.958607314841775,6.92,8.602059991327963,-0.1167434035423262,10.1016/j.bmc.2017.08.037|DRD2_HUMAN|Recruitment |Transducer|HEK-293|Arrestin-3 (β-arrestin-2),1.6820599913279626,-0.14523616669921924,-0.07261808334960962,0.09437576781984157
10.1016/j.bmc.2017.08.037,DRD2_HUMAN,9d (E) s-cis,Activation,Transducer,HEK-293T,GoA,18.0,6.0,4.38,7.255272505103306,0.5895071589193126,10.1016/j.bmc.2017.08.037|DRD2_HUMAN|Activation|Transducer|HEK-293T|GoA,2.8752725051033057,0.5999811044529784,0.2999905522264892,0.9999999925312022
10.1016/j.bmc.2017.08.037,DRD2_HUMAN,Quinpirole,Recruitment ,Transducer,HEK-293,Arrestin-3 (β-arrestin-2),100.0,7.136677139879544,7.29,9.136677139879543,0.0478737450092561,10.1016/j.bmc.2017.08.037|DRD2_HUMAN|Recruitment |Transducer|HEK-293|Arrestin-3 (β-arrestin-2),1.8466771398795432,0.019380981852361368,0.009690490926180684,0.04863742928454378
10.1016/j.bmc.2017.08.037,DRD2_HUMAN,Quinpirole,Activation,Transducer,HEK-293T,GoA,100.0,6.443697499232712,6.48,8.443697499232712,-0.3220678469512821,10.1016/j.bmc.2017.08.037|DRD2_HUMAN|Activation|Transducer|HEK-293T|GoA,1.9636974992327119,-0.31159390141761545,-0.15579695070880772,0.9676534940885618
10.1016/j.bcp.2015.11.013,AA1R_HUMAN,Capadenoson,Accumulation,Downstream,CHO,,60.0,7.2,6.37,8.978151250383643,0.5428862836048811,10.1016/j.bcp.2015.11.013|AA1R_HUMAN|Accumulation|Downstream|CHO|nan,2.608151250383643,0.5587567667120106,0.2793783833560053,0.9999997941740932
10.1016/j.bcp.2015.11.013,AA1R_HUMAN,CPA,Accumulation,Downstream,CHO,,100.0,9.3,9.14,11.3,0.0947350332212382,10.1016/j.bcp.2015.11.013|AA1R_HUMAN|Accumulation|Downstream|CHO|nan,2.16,0.11060551632836768,0.05530275816418384,0.0721777754048552
10.1016/j.bcp.2015.11.013,AA1R_HUMAN,MeCCPA,Accumulation,Downstream,CHO,,101.8181818181818,8.99,8.85,10.997825337511957,0.0825603707331952,10.1016/j.bcp.2015.11.013|AA1R_HUMAN|Accumulation|Downstream|CHO|nan,2.147825337511957,0.09843085384032468,0.04921542692016234,0.06360777567075722
10.1016/j.bcp.2015.11.013,AA1R_HUMAN,NECA,Accumulation,Downstream,CHO,,100.0,9.56,9.4,11.56,0.0947350332212382,10.1016/j.bcp.2015.11.013|AA1R_HUMAN|Accumulation|Downstream|CHO|nan,2.16,0.11060551632836768,0.05530275816418384,0.0721777754048552
10.1016/j.bcp.2015.11.013,AA1R_HUMAN,R-PIA,Accumulation,Downstream,CHO,,101.8181818181818,9.62,9.65,11.627825337511956,-0.0874396292668064,10.1016/j.bcp.2015.11.013|AA1R_HUMAN|Accumulation|Downstream|CHO|nan,1.9778253375119554,-0.07156914615967702,-0.03578457307983851,0.0667827113027568
10.1016/j.bcp.2015.11.013,AA1R_HUMAN,VCP746,Accumulation,Downstream,CHO,,54.54545454545454,7.04,6.12,8.776758565225418,0.5914935984466556,10.1016/j.bcp.2015.11.013|AA1R_HUMAN|Accumulation|Downstream|CHO|nan,2.6567585652254175,0.6073640815537851,0.30368204077689254,0.9999999935545998
10.1021/acs.jmedchem.8b00047,AA1R_HUMAN,2,Accumulation,Downstream,CHO,,34.0,6.59,6.15,8.121478917042255,-0.0411306834802154,10.1021/acs.jmedchem.8b00047|AA1R_HUMAN|Accumulation|Downstream|CHO|nan,1.9714789170422549,-0.0421219323242803,-0.02106096616214015,0.04692235681653274
10.1021/acs.jmedchem.8b00047,AA1R_HUMAN,3,Accumulation,Downstream,CHO,,20.0,6.87,6.32,8.171029995663982,-0.1615796048584883,10.1021/acs.jmedchem.8b00047|AA1R_HUMAN|Accumulation|Downstream|CHO|nan,1.851029995663982,-0.1625708537025532,-0.0812854268512766,0.18581244285318435
10.1021/acs.jmedchem.8b00047,AA1R_HUMAN,4,Accumulation,Downstream,CHO,,16.0,7.25,6.33,8.454119982655925,0.1115103821334546,10.1021/acs.jmedchem.8b00047|AA1R_HUMAN|Accumulation|Downstream|CHO|nan,2.124119982655925,0.11051913328938978,0.05525956664469489,0.0881551074301271
10.1021/acs.jmedchem.8b00047,AA1R_HUMAN,5,Accumulation,Downstream,CHO,,31.0,7.13,6.11,8.621361693834272,0.4987520933118015,10.1021/acs.jmedchem.8b00047|AA1R_HUMAN|Accumulation|Downstream|CHO|nan,2.5113616938342718,0.4977608444677366,0.2488804222338683,0.9999963046462718
10.1021/acs.jmedchem.8b00047,AA1R_HUMAN,6,Accumulation,Downstream,CHO,,28.0,6.7,5.58,8.147158031342219,0.5545484308197484,10.1021/acs.jmedchem.8b00047|AA1R_HUMAN|Accumulation|Downstream|CHO|nan,2.5671580313422186,0.5535571819756835,0.27677859098784174,0.9999999078816862
10.1021/acs.jmedchem.8b00047,AA1R_HUMAN,7,Accumulation,Downstream,CHO,,48.0,7.03,6.98,8.711241237375587,-0.2813683631468837,10.1021/acs.jmedchem.8b00047|AA1R_HUMAN|Accumulation|Downstream|CHO|nan,1.7312412373755866,-0.2823596119909486,-0.1411798059954743,0.864785235851898
10.1021/acs.jmedchem.8b00047,AA1R_HUMAN,8,Accumulation,Downstream,CHO,,43.0,5.87,5.74,7.503468455579586,-0.2491411449428842,10.1021/acs.jmedchem.8b00047|AA1R_HUMAN|Accumulation|Downstream|CHO|nan,1.763468455579586,-0.25013239378694907,-0.12506619689347453,0.6860352167171333
10.1021/acs.jmedchem.8b00047,AA1R_HUMAN,9,Accumulation,Downstream,CHO,,20.0,6.05,5.02,7.351029995663981,0.3184203951415112,10.1021/acs.jmedchem.8b00047|AA1R_HUMAN|Accumulation|Downstream|CHO|nan,2.3310299956639815,0.31742914629744634,0.15871457314872317,0.9627312329969981
10.1021/acs.jmedchem.8b00047,AA1R_HUMAN,10,Accumulation,Downstream,CHO,,40.0,6.25,5.74,7.852059991327962,0.099450390805492,10.1021/acs.jmedchem.8b00047|AA1R_HUMAN|Accumulation|Downstream|CHO|nan,2.1120599913279614,0.09845914196142624,0.04922957098071312,0.07612573847767888
10.1021/acs.jmedchem.8b00047,AA1R_HUMAN,11,Accumulation,Downstream,CHO,,42.0,6.96,6.86,8.5832492903979,-0.2893603101245707,10.1021/acs.jmedchem.8b00047|AA1R_HUMAN|Accumulation|Downstream|CHO|nan,1.7232492903978995,-0.2903515589686356,-0.1451757794843178,0.8949318888687706
10.1021/acs.jmedchem.8b00047,AA1R_HUMAN,12,Accumulation,Downstream,CHO,,49.0,7.53,7.43,9.220196080028511,-0.2224135204939568,10.1021/acs.jmedchem.8b00047|AA1R_HUMAN|Accumulation|Downstream|CHO|nan,1.7901960800285117,-0.22340476933802345,-0.11170238466901172,0.49748368673950405
10.1021/acs.jmedchem.8b00047,AA1R_HUMAN,13,Accumulation,Downstream,CHO,,49.0,7.11,7.03,8.800196080028513,-0.2424135204939572,10.1021/acs.jmedchem.8b00047|AA1R_HUMAN|Accumulation|Downstream|CHO|nan,1.770196080028513,-0.24340476933802213,-0.12170238466901107,0.6396656731988177
10.1021/acs.jmedchem.8b00047,AA1R_HUMAN,14,Accumulation,Downstream,CHO,,39.0,7.06,6.91,8.651064607026498,-0.2715449934959721,10.1021/acs.jmedchem.8b00047|AA1R_HUMAN|Accumulation|Downstream|CHO|nan,1.7410646070264981,-0.27253624234003704,-0.13626812117001852,0.8197166963110736
10.1021/acs.jmedchem.8b00047,AA1R_HUMAN,15,Accumulation,Downstream,CHO,,47.0,7.46,7.4,9.132097857935715,-0.2805117425867536,10.1021/acs.jmedchem.8b00047|AA1R_HUMAN|Accumulation|Downstream|CHO|nan,1.732097857935715,-0.28150299143082025,-0.14075149571541012,0.8612106704047388
10.1021/acs.jmedchem.8b00047,AA1R_HUMAN,16,Accumulation,Downstream,CHO,,49.0,7.45,7.38,9.140196080028511,-0.252413520493957,10.1021/acs.jmedchem.8b00047|AA1R_HUMAN|Accumulation|Downstream|CHO|nan,1.7601960800285115,-0.2534047693380237,-0.12670238466901185,0.707805105300586
10.1021/acs.jmedchem.8b00047,AA1R_HUMAN,1 (VCP746),Accumulation,Downstream,CHO,,34.0,6.91,6.12,8.441478917042256,0.3088693165197851,10.1021/acs.jmedchem.8b00047|AA1R_HUMAN|Accumulation|Downstream|CHO|nan,2.3214789170422554,0.30787806767572024,0.15393903383786012,0.9466100610500015
10.1021/acs.jmedchem.8b00047,AA1R_HUMAN,NECA,Accumulation,Downstream,CHO,,54.0,9.36,9.31,11.092393759822968,-0.2302158406995023,10.1021/acs.jmedchem.8b00047|AA1R_HUMAN|Accumulation|Downstream|CHO|nan,1.782393759822968,-0.23120708954356717,-0.11560354477178358,0.5527469647594629
10.1016/j.bcp.2014.05.008,AA2BR_HUMAN,BAY60-6583,Accumulation,Downstream,HEK-A2B,,9.7,5.958607314841775,4.66,6.94537904910802,-0.0945704772086291,10.1016/j.bcp.2014.05.008|AA2BR_HUMAN|Accumulation|Downstream|HEK-A2B|nan,2.2853790491080197,-0.10694860078998358,-0.05347430039499179,0.07204683992645973
10.1016/j.bcp.2014.05.008,AA2BR_HUMAN,MRS5911,Accumulation,Downstream,HEK-A2B,,22.8,5.145693958198919,3.84,6.503628805199373,0.2836792788827242,10.1016/j.bcp.2014.05.008|AA2BR_HUMAN|Accumulation|Downstream|HEK-A2B|nan,2.663628805199373,0.2713011553013698,0.1356505776506849,0.8740928157114731
10.1016/j.bcp.2014.05.008,AA2BR_HUMAN,NECA,Accumulation,Downstream,HEK-A2B,,100.0,5.732828271596986,5.04,7.732828271596986,0.3128787452803374,10.1016/j.bcp.2014.05.008|AA2BR_HUMAN|Accumulation|Downstream|HEK-A2B|nan,2.6928282715969862,0.30050062169898295,0.15025031084949148,0.9539927908255401
10.1016/j.euroneuro.2018.12.013,OPRD_HUMAN,Deltorphin II,Recruitment ,Transducer,U2OS,Arrestin-2 (β-arrestin-1),94.0,8.3,8.2,10.2731278535997,0.0665639267998501,10.1016/j.euroneuro.2018.12.013|OPRD_HUMAN|Recruitment |Transducer|U2OS|Arrestin-2 (β-arrestin-1),2.0731278535997006,0.06656392679985013,0.03328196339992506,0.0552451190106754
10.1016/j.euroneuro.2018.12.013,OPRD_HUMAN,Deltorphin II,Recruitment ,Transducer,CHO,Arrestin-3 (β-arrestin-2),103.0,8.7,8.56,10.712837224705172,0.0683729828247452,10.1016/j.euroneuro.2018.12.013|OPRD_HUMAN|Recruitment |Transducer|CHO|Arrestin-3 (β-arrestin-2),2.1528372247051717,0.052847604848963226,0.026423802424481613,0.05605093317245179
10.1016/j.euroneuro.2018.12.013,OPRD_HUMAN,Deltorphin II,Accumulation,Downstream,HEK-293,,95.0,9.4,9.43,11.377723605288848,-0.0269858575682979,10.1016/j.euroneuro.2018.12.013|OPRD_HUMAN|Accumulation|Downstream|HEK-293|nan,1.9477236052888482,-0.09568470875505719,-0.047842354377528595,0.04428871885486658
10.1016/j.euroneuro.2018.12.013,OPRD_HUMAN,Leu-enkephalin,Recruitment ,Transducer,U2OS,Arrestin-2 (β-arrestin-1),100.0,7.5,7.56,9.5,-0.0665639267998501,10.1016/j.euroneuro.2018.12.013|OPRD_HUMAN|Recruitment |Transducer|U2OS|Arrestin-2 (β-arrestin-1),1.9400000000000004,-0.06656392679985013,-0.03328196339992506,0.0552451190106754
10.1016/j.euroneuro.2018.12.013,OPRD_HUMAN,Leu-enkephalin,Recruitment ,Transducer,CHO,Arrestin-3 (β-arrestin-2),100.0,7.5,7.53,9.5,-0.1144642418804267,10.1016/j.euroneuro.2018.12.013|OPRD_HUMAN|Recruitment |Transducer|CHO|Arrestin-3 (β-arrestin-2),1.9699999999999998,-0.12998961985620872,-0.06499480992810436,0.0915843174222384
10.1016/j.euroneuro.2018.12.013,OPRD_HUMAN,Leu-enkephalin,Accumulation,Downstream,HEK-293,,100.0,9.0,9.05,11.0,-0.0247094628571469,10.1016/j.euroneuro.2018.12.013|OPRD_HUMAN|Accumulation|Downstream|HEK-293|nan,1.9499999999999993,-0.09340831404390615,-0.046704157021953074,0.04397687891782204
10.1016/j.euroneuro.2018.12.013,OPRD_HUMAN,Rubiscolin-5,Recruitment ,Transducer,CHO,Arrestin-3 (β-arrestin-2),15.0,4.1,3.26,5.276091259055681,-0.0683729828247452,10.1016/j.euroneuro.2018.12.013|OPRD_HUMAN|Recruitment |Transducer|CHO|Arrestin-3 (β-arrestin-2),2.016091259055681,-0.08389836080052726,-0.04194918040026363,0.05605093317245179
10.1016/j.euroneuro.2018.12.013,OPRD_HUMAN,Rubiscolin-5,Accumulation,Downstream,HEK-293,,85.0,5.2,5.13,7.129418925714293,0.0247094628571469,10.1016/j.euroneuro.2018.12.013|OPRD_HUMAN|Accumulation|Downstream|HEK-293|nan,1.9994189257142931,-0.0439893883296123,-0.02199469416480615,0.04397687891782204
10.1016/j.euroneuro.2018.12.013,OPRD_HUMAN,Rubiscolin-6,Recruitment ,Transducer,CHO,Arrestin-3 (β-arrestin-2),20.0,5.1,4.14,6.401029995663981,0.1765657537835547,10.1016/j.euroneuro.2018.12.013|OPRD_HUMAN|Recruitment |Transducer|CHO|Arrestin-3 (β-arrestin-2),2.261029995663981,0.16104037580777275,0.08052018790388638,0.23882555662171895
10.1016/j.euroneuro.2018.12.013,OPRD_HUMAN,Rubiscolin-6,Accumulation,Downstream,HEK-293,,77.0,5.8,5.41,7.686490725172481,0.3017812623153348,10.1016/j.euroneuro.2018.12.013|OPRD_HUMAN|Accumulation|Downstream|HEK-293|nan,2.276490725172481,0.23308241112857564,0.11654120556428782,0.931078380264398
10.1016/j.lfs.2016.02.069,EDNRA_HUMAN,ET-1,Recruitment ,Transducer,CHO-K1,,100.0,9.38,9.46,11.38,0.0583937431123278,10.1016/j.lfs.2016.02.069|EDNRA_HUMAN|Recruitment |Transducer|CHO-K1|nan,1.92,0.06147663494294142,0.03073831747147071,0.05199181350980067
10.1016/j.lfs.2016.02.069,EDNRA_HUMAN,ET-2,Recruitment ,Transducer,CHO-K1,,87.0,8.75,8.67,10.689519252618618,0.1579129957309462,10.1016/j.lfs.2016.02.069|EDNRA_HUMAN|Recruitment |Transducer|CHO-K1|nan,2.0195192526186183,0.1609958875615598,0.0804979437807799,0.17493611747407584
10.1016/j.lfs.2016.02.069,EDNRA_HUMAN,ET-3,Recruitment ,Transducer,CHO-K1,,31.0,7.31,7.11,8.801361693834272,-0.1702445630534006,10.1016/j.lfs.2016.02.069|EDNRA_HUMAN|Recruitment |Transducer|CHO-K1|nan,1.6913616938342715,-0.16716167122278702,-0.08358083561139351,0.21469740466876167
10.1016/j.lfs.2016.02.069,EDNRA_HUMAN,S6b,Recruitment ,Transducer,CHO-K1,,45.0,8.83,8.68,10.483212513775344,-0.0583937431123278,10.1016/j.lfs.2016.02.069|EDNRA_HUMAN|Recruitment |Transducer|CHO-K1|nan,1.8032125137753443,-0.0553108512817142,-0.0276554256408571,0.05199181350980067
10.1016/j.neuropharm.2019.107718,OPRM_HUMAN,(R)-TRV130,Dissociation,Transducer,HEK-293A,Gi2,82.0,8.49,8.205,10.403813852383715,0.0155611715065284,10.1016/j.neuropharm.2019.107718|OPRM_HUMAN|Dissociation|Transducer|HEK-293A|Gi2,2.198813852383715,0.016213950693309886,0.008106975346654943,0.04301411799011203
10.1016/j.neuropharm.2019.107718,OPRM_HUMAN,(R)-TRV130,Dissociation,Transducer,HEK-293A,GoA,96.0,8.7,8.472,10.682271233039568,0.0075158966132784,10.1016/j.neuropharm.2019.107718|OPRM_HUMAN|Dissociation|Transducer|HEK-293A|GoA,2.2102712330395686,0.004964240914497875,0.0024821204572489375,0.042536588376278966
10.1016/j.neuropharm.2019.107718,OPRM_HUMAN,(S)-TRV130,Dissociation,Transducer,HEK-293A,Gi2,85.0,6.53,6.252,8.459418925714292,0.024166244837104,10.1016/j.neuropharm.2019.107718|OPRM_HUMAN|Dissociation|Transducer|HEK-293A|Gi2,2.2074189257142924,0.02481902402388725,0.012409512011943624,0.04390681323183663
10.1016/j.neuropharm.2019.107718,OPRM_HUMAN,(S)-TRV130,Dissociation,Transducer,HEK-293A,GoA,101.0,6.71,6.519,8.714321373782642,-0.0074339626436481,10.1016/j.neuropharm.2019.107718|OPRM_HUMAN|Dissociation|Transducer|HEK-293A|GoA,2.195321373782642,-0.009985618342428726,-0.004992809171214363,0.04253345475659632
10.1016/j.neuropharm.2019.107718,OPRM_HUMAN,Buprenorphine,Dissociation,Transducer,HEK-293A,Gi2,84.0,9.26,8.993,11.184279286061882,0.0080266051846931,10.1016/j.neuropharm.2019.107718|OPRM_HUMAN|Dissociation|Transducer|HEK-293A|Gi2,2.1912792860618815,0.008679384371476306,0.004339692185738153,0.04255690041944035
10.1016/j.neuropharm.2019.107718,OPRM_HUMAN,Buprenorphine,Dissociation,Transducer,HEK-293A,GoA,93.0,9.43,9.206,11.398482948553935,-0.0102723878723542,10.1016/j.neuropharm.2019.107718|OPRM_HUMAN|Dissociation|Transducer|HEK-293A|GoA,2.192482948553936,-0.012824043571134869,-0.006412021785567434,0.04266220964744181
10.1016/j.neuropharm.2019.107718,OPRM_HUMAN,DAMGO,Recruitment ,Transducer,HEK-293A,Arrestin-2 (β-arrestin-1),98.0,6.06,5.919,8.051226075692494,0.047468244010921,10.1016/j.neuropharm.2019.107718|OPRM_HUMAN|Recruitment |Transducer|HEK-293A|Arrestin-2 (β-arrestin-1),2.1322260756924942,0.06565549456194075,0.032827747280970376,0.048525177713565355
10.1016/j.neuropharm.2019.107718,OPRM_HUMAN,DAMGO,Recruitment ,Transducer,HEK-293A,Arrestin-3 (β-arrestin-2),99.0,6.1,5.959,8.09563519459755,0.0540650184996147,10.1016/j.neuropharm.2019.107718|OPRM_HUMAN|Recruitment |Transducer|HEK-293A|Arrestin-3 (β-arrestin-2),2.1366351945975506,0.07692006814170949,0.03846003407085474,0.050505079805714725
10.1016/j.neuropharm.2019.107718,OPRM_HUMAN,DAMGO,Dissociation,Transducer,HEK-293A,Gi2,99.0,8.61,8.456,10.60563519459755,-0.0336174862796379,10.1016/j.neuropharm.2019.107718|OPRM_HUMAN|Dissociation|Transducer|HEK-293A|Gi2,2.1496351945975505,-0.032964707092854706,-0.016482353546427353,0.045369690715666655
10.1016/j.neuropharm.2019.107718,OPRM_HUMAN,DAMGO,Dissociation,Transducer,HEK-293A,GoA,96.0,8.82,8.562,10.80227123303957,0.0375158966132795,10.1016/j.neuropharm.2019.107718|OPRM_HUMAN|Dissociation|Transducer|HEK-293A|GoA,2.2402712330395698,0.03496424091449901,0.017482120457249506,0.04613015649669574
10.1016/j.neuropharm.2019.107718,OPRM_HUMAN,Loperamide,Recruitment ,Transducer,HEK-293A,Arrestin-2 (β-arrestin-1),46.0,7.05,6.628,8.712757831681573,0.0,10.1016/j.neuropharm.2019.107718|OPRM_HUMAN|Recruitment |Transducer|HEK-293A|Arrestin-2 (β-arrestin-1),2.084757831681573,0.018187250551019662,0.009093625275509831,0.04239230469906874
10.1016/j.neuropharm.2019.107718,OPRM_HUMAN,Loperamide,Recruitment ,Transducer,HEK-293A,Arrestin-3 (β-arrestin-2),51.0,6.94,6.565,8.647570176097936,0.0,10.1016/j.neuropharm.2019.107718|OPRM_HUMAN|Recruitment |Transducer|HEK-293A|Arrestin-3 (β-arrestin-2),2.082570176097936,0.022855049642094727,0.011427524821047363,0.04239230469906874
10.1016/j.neuropharm.2019.107718,OPRM_HUMAN,Loperamide,Dissociation,Transducer,HEK-293A,Gi2,98.0,9.2,9.018,11.191226075692494,-0.0100266051846946,10.1016/j.neuropharm.2019.107718|OPRM_HUMAN|Dissociation|Transducer|HEK-293A|Gi2,2.1732260756924937,-0.009373825997911478,-0.004686912998955739,0.042649411482098984
10.1016/j.neuropharm.2019.107718,OPRM_HUMAN,Loperamide,Dissociation,Transducer,HEK-293A,GoA,105.0,9.36,9.171,11.381189299069938,0.0074339626436481,10.1016/j.neuropharm.2019.107718|OPRM_HUMAN|Dissociation|Transducer|HEK-293A|GoA,2.2101892990699383,0.004882306944867576,0.002441153472433788,0.04253345475659632
10.1016/j.neuropharm.2019.107718,OPRM_HUMAN,Morphine,Recruitment ,Transducer,HEK-293A,Arrestin-2 (β-arrestin-1),23.0,6.1,5.479,7.461727836017593,-0.1020299956639805,10.1016/j.neuropharm.2019.107718|OPRM_HUMAN|Recruitment |Transducer|HEK-293A|Arrestin-2 (β-arrestin-1),1.9827278360175926,-0.08384274511296086,-0.04192137255648043,0.07845393134841835
10.1016/j.neuropharm.2019.107718,OPRM_HUMAN,Morphine,Recruitment ,Transducer,HEK-293A,Arrestin-3 (β-arrestin-2),25.0,6.0,5.438,7.397940008672037,-0.122630167425898,10.1016/j.neuropharm.2019.107718|OPRM_HUMAN|Recruitment |Transducer|HEK-293A|Arrestin-3 (β-arrestin-2),1.9599400086720369,-0.09977511778380421,-0.049887558891902106,0.1022176995902191
10.1016/j.neuropharm.2019.107718,OPRM_HUMAN,Morphine,Dissociation,Transducer,HEK-293A,Gi2,98.0,8.17,7.986,10.161226075692497,-0.0080266051846931,10.1016/j.neuropharm.2019.107718|OPRM_HUMAN|Dissociation|Transducer|HEK-293A|Gi2,2.175226075692497,-0.0073738259979081455,-0.0036869129989540728,0.04255690041944035
10.1016/j.neuropharm.2019.107718,OPRM_HUMAN,Morphine,Dissociation,Transducer,HEK-293A,GoA,106.0,8.43,8.272,10.45530586526477,-0.0194494711615211,10.1016/j.neuropharm.2019.107718|OPRM_HUMAN|Dissociation|Transducer|HEK-293A|GoA,2.183305865264769,-0.022001126860301756,-0.011000563430150878,0.04336750438102422
10.1016/j.bcp.2017.03.014,AA2BR_HUMAN,BAY60-6583,Accumulation,Downstream,CHO,,55.55305755395684,7.38,7.12,9.124707966828078,-0.0032612249030306,10.1016/j.bcp.2017.03.014|AA2BR_HUMAN|Accumulation|Downstream|CHO|nan,2.004707966828078,-0.046498361114388764,-0.023249180557194382,0.04241943437244069
10.1016/j.bcp.2017.03.014,AA2BR_HUMAN,Capadenoson,Accumulation,Downstream,CHO,,32.95863309352518,6.2,5.71,7.717969191731108,0.0,10.1016/j.bcp.2017.03.014|AA2BR_HUMAN|Accumulation|Downstream|CHO|nan,2.0079691917311084,-0.04323713621135816,-0.02161856810567908,0.04239230469906874
10.1016/j.bcp.2017.03.014,AA2BR_HUMAN,NECA,Accumulation,Downstream,CHO,,100.0,7.12,7.13,9.12,-0.0179691917311073,10.1016/j.bcp.2017.03.014|AA2BR_HUMAN|Accumulation|Downstream|CHO|nan,1.9899999999999993,-0.061206327942467276,-0.030603163971233638,0.04322338338498144
10.1124/mol.116.103283,AA3R_HUMAN,AB-MECA,Accumulation,Downstream,CHO,,106.25,7.9,7.5,9.92632893872235,0.2947886469629033,10.1124/mol.116.103283|AA3R_HUMAN|Accumulation|Downstream|CHO|nan,2.4263289387223494,0.283225911670125,0.1416129558350625,0.9122424664013451
10.1016/j.phrs.2017.08.008,CNR1_HUMAN,"CP55,940",Recruitment ,Transducer,CHO,Arrestin-3 (β-arrestin-2),104.0,7.3,7.09,9.31703333929878,0.0,10.1016/j.phrs.2017.08.008|CNR1_HUMAN|Recruitment |Transducer|CHO|Arrestin-3 (β-arrestin-2),2.22703333929878,0.06646581588634515,0.033232907943172574,0.04239230469906874
10.1016/j.phrs.2017.08.008,CNR1_HUMAN,"CP55,940",Activation,Transducer,CHO,,103.0,9.49,9.38,11.502837224705171,0.1623412940750843,10.1016/j.phrs.2017.08.008|CNR1_HUMAN|Activation|Transducer|CHO|nan,2.1228372247051706,0.13722991027335607,0.06861495513667804,0.188168592517056
10.1016/j.phrs.2017.08.008,CNR1_HUMAN,"CP55,940",Accumulation,Downstream,CHO,,114.0,7.77,7.71,9.826904851336472,-0.0486688290514263,10.1016/j.phrs.2017.08.008|CNR1_HUMAN|Accumulation|Downstream|CHO|nan,2.1169048513364723,-0.08480109145305947,-0.04240054572652974,0.04886102814631868
10.1016/j.phrs.2017.08.008,CNR1_HUMAN,JWH-018,Recruitment ,Transducer,CHO,Arrestin-3 (β-arrestin-2),116.0,7.17,7.27,9.234457989226918,-0.2625753500718613,10.1016/j.phrs.2017.08.008|CNR1_HUMAN|Recruitment |Transducer|CHO|Arrestin-3 (β-arrestin-2),1.9644579892269185,-0.19610953418551613,-0.09805476709275807,0.7709145266422088
10.1016/j.phrs.2017.08.008,CNR1_HUMAN,JWH-018,Activation,Transducer,CHO,,102.0,9.25,9.26,11.258600171761918,0.0381042411318319,10.1016/j.phrs.2017.08.008|CNR1_HUMAN|Activation|Transducer|CHO|nan,1.9986001717619182,0.012992857330103691,0.0064964286650518455,0.04625328817656695
10.1016/j.phrs.2017.08.008,CNR1_HUMAN,JWH-018,Accumulation,Downstream,CHO,,90.0,8.82,8.56,10.774242509439324,0.0486688290514263,10.1016/j.phrs.2017.08.008|CNR1_HUMAN|Accumulation|Downstream|CHO|nan,2.214242509439323,0.012536566649791414,0.006268283324895707,0.04886102814631868
10.1016/j.phrs.2017.08.008,CNR1_HUMAN,PNR-4-02,Activation,Transducer,CHO,,62.0,7.66,7.53,9.452391689498254,-0.0381042411318319,10.1016/j.phrs.2017.08.008|CNR1_HUMAN|Activation|Transducer|CHO|nan,1.9223916894982542,-0.06321562493356025,-0.03160781246678013,0.04625328817656695
10.1016/j.phrs.2017.08.008,CNR1_HUMAN,PNR-4-02,Accumulation,Downstream,CHO,,106.0,6.56,6.73,8.58530586526477,-0.310267815123129,10.1016/j.phrs.2017.08.008|CNR1_HUMAN|Accumulation|Downstream|CHO|nan,1.8553058652647696,-0.3464000775247622,-0.1732000387623811,0.9492931002148971
10.1016/j.phrs.2017.08.008,CNR1_HUMAN,PNR-4-20,Recruitment ,Transducer,CHO,Arrestin-3 (β-arrestin-2),24.0,5.28,4.37,6.660211241711606,0.0631779024128258,10.1016/j.phrs.2017.08.008|CNR1_HUMAN|Recruitment |Transducer|CHO|Arrestin-3 (β-arrestin-2),2.2902112417116056,0.12964371829917098,0.06482185914958549,0.053822352225802665
10.1016/j.phrs.2017.08.008,CNR1_HUMAN,PNR-4-20,Activation,Transducer,CHO,,102.0,7.29,7.4,9.298600171761915,-0.0618957588681694,10.1016/j.phrs.2017.08.008|CNR1_HUMAN|Activation|Transducer|CHO|nan,1.898600171761915,-0.0870071426698995,-0.04350357133494975,0.05331165645323257
10.1016/j.phrs.2017.08.008,CNR1_HUMAN,PNR-4-20,Accumulation,Downstream,CHO,,126.0,6.97,6.45,9.070370545117562,0.4547968647296634,10.1016/j.phrs.2017.08.008|CNR1_HUMAN|Accumulation|Downstream|CHO|nan,2.620370545117562,0.41866460232803027,0.20933230116401513,0.999948586690957
10.1016/j.phrs.2018.02.032,APJ_HUMAN,"[Nle11, (2-pyridyl)Ala13]apelin-13 (Analog 4)",Recruitment ,Transducer,HEK-293,Arrestin-2 (β-arrestin-1),95.7,7.744727494896693,6.96,9.725639432673535,0.692861990242231,10.1016/j.phrs.2018.02.032|APJ_HUMAN|Recruitment |Transducer|HEK-293|Arrestin-2 (β-arrestin-1),2.7656394326735354,0.6704485154869495,0.33522425774347475,0.9999999999981909
10.1016/j.phrs.2018.02.032,APJ_HUMAN,"[Nle11, (2-pyridyl)Ala13]apelin-13 (Analog 4)",Recruitment ,Transducer,HEK-293,Arrestin-3 (β-arrestin-2),99.2,7.455931955649724,6.9,9.452443627803904,0.7695041105472411,10.1016/j.phrs.2018.02.032|APJ_HUMAN|Recruitment |Transducer|HEK-293|Arrestin-3 (β-arrestin-2),2.5524436278039033,0.7005776077887873,0.35028880389439365,0.9999999999999984
10.1016/j.phrs.2018.02.032,APJ_HUMAN,"[Nle11, (2-pyridyl)Ala13]apelin-13 (Analog 4)",Accumulation,Downstream,HEK-293,,91.7,8.318758762624412,8.82,10.281128098294433,-0.488173832781916,10.1016/j.phrs.2018.02.032|APJ_HUMAN|Accumulation|Downstream|HEK-293|nan,1.4611280982944326,-0.5313073549739218,-0.2656536774869609,0.9999928802156238
10.1016/j.phrs.2018.02.032,APJ_HUMAN,"[Nle11, (2-pyridyl)Ala13]apelin-13 (Analog 4)",Dissociation,Transducer,HEK-293,Gi1,112.2,9.494850021680094,8.6,11.544842878600235,0.552820289495358,10.1016/j.phrs.2018.02.032|APJ_HUMAN|Dissociation|Transducer|HEK-293|Gi1,2.9448428786002356,0.4916384387387711,0.24581921936938556,0.9999998961148908
10.1016/j.phrs.2018.02.032,APJ_HUMAN,"[Nle11, (2-pyridyl)Ala13]apelin-13 (Analog 4)",Dissociation,Transducer,HEK-293,GoA,108.9,8.657577319177793,8.3,10.69460519893357,0.4495204869224629,10.1016/j.phrs.2018.02.032|APJ_HUMAN|Dissociation|Transducer|HEK-293|GoA,2.3946051989335686,0.5537789504315103,0.27688947521575513,0.9999306191705787
10.1016/j.phrs.2018.02.032,APJ_HUMAN,"[Nle11, (L-α-Me)Phe13]apelin-13 (Analog 8)",Recruitment ,Transducer,HEK-293,Arrestin-2 (β-arrestin-1),107.5,8.494850021680094,8.45,10.526258485931718,0.0034810435004128,10.1016/j.phrs.2018.02.032|APJ_HUMAN|Recruitment |Transducer|HEK-293|Arrestin-2 (β-arrestin-1),2.076258485931719,-0.018932431254866877,-0.009466215627433439,0.04242321622678828
10.1016/j.phrs.2018.02.032,APJ_HUMAN,"[Nle11, (L-α-Me)Phe13]apelin-13 (Analog 8)",Recruitment ,Transducer,HEK-293,Arrestin-3 (β-arrestin-2),92.9,7.823908740944319,8.09,9.79192445493796,-0.0810150623187011,10.1016/j.phrs.2018.02.032|APJ_HUMAN|Recruitment |Transducer|HEK-293|Arrestin-3 (β-arrestin-2),1.7019244549379593,-0.14994156507715672,-0.07497078253857836,0.0626685523434283
10.1016/j.phrs.2018.02.032,APJ_HUMAN,"[Nle11, (L-α-Me)Phe13]apelin-13 (Analog 8)",Accumulation,Downstream,HEK-293,,89.9,10.045757490560677,10.14,11.999517182293904,-0.0897847487824456,10.1016/j.phrs.2018.02.032|APJ_HUMAN|Accumulation|Downstream|HEK-293|nan,1.859517182293903,-0.1329182709744514,-0.0664591354872257,0.06842831740035174
10.1016/j.phrs.2018.02.032,APJ_HUMAN,"[Nle11, (L-α-Me)Phe13]apelin-13 (Analog 8)",Dissociation,Transducer,HEK-293,Gi1,95.3,8.6345120151091,8.43,10.613604915747429,-0.2084176733574505,10.1016/j.phrs.2018.02.032|APJ_HUMAN|Dissociation|Transducer|HEK-293|Gi1,2.183604915747429,-0.26959952411403565,-0.13479976205701782,0.4039963593116116
10.1016/j.phrs.2018.02.032,APJ_HUMAN,"[Nle11, (L-α-Me)Phe13]apelin-13 (Analog 8)",Dissociation,Transducer,HEK-293,GoA,100.3,8.443697499232712,8.44,10.44499843225313,0.0599137202420241,10.1016/j.phrs.2018.02.032|APJ_HUMAN|Dissociation|Transducer|HEK-293|GoA,2.00499843225313,0.16417218375107145,0.08208609187553573,0.052551404424310576
10.1016/j.phrs.2018.02.032,APJ_HUMAN,"[Nle11, AnthranylAla13]apelin-13 (Analog 7)",Recruitment ,Transducer,HEK-293,Arrestin-2 (β-arrestin-1),105.6,6.876148359032914,6.89,8.899812277230708,-0.0629651652005973,10.1016/j.phrs.2018.02.032|APJ_HUMAN|Recruitment |Transducer|HEK-293|Arrestin-2 (β-arrestin-1),2.0098122772307088,-0.08537863995587713,-0.04268931997793857,0.05373657120356735
10.1016/j.phrs.2018.02.032,APJ_HUMAN,"[Nle11, AnthranylAla13]apelin-13 (Analog 7)",Recruitment ,Transducer,HEK-293,Arrestin-3 (β-arrestin-2),76.0,6.202040356262804,6.43,8.082853948543594,-0.1300855687130679,10.1016/j.phrs.2018.02.032|APJ_HUMAN|Recruitment |Transducer|HEK-293|Arrestin-3 (β-arrestin-2),1.6528539485435942,-0.19901207147152178,-0.09950603573576089,0.11360150606472497
10.1016/j.phrs.2018.02.032,APJ_HUMAN,"[Nle11, AnthranylAla13]apelin-13 (Analog 7)",Accumulation,Downstream,HEK-293,,84.7,6.663540266151471,6.68,8.591423676482178,-0.0378782545941707,10.1016/j.phrs.2018.02.032|APJ_HUMAN|Accumulation|Downstream|HEK-293|nan,1.911423676482178,-0.08101177678617644,-0.04050588839308822,0.04620572893988662
10.1016/j.phrs.2018.02.032,APJ_HUMAN,"[Nle11, AnthranylAla13]apelin-13 (Analog 7)",Dissociation,Transducer,HEK-293,Gi1,101.2,8.669586226650809,8.19,10.67476673915459,0.0927441500497128,10.1016/j.phrs.2018.02.032|APJ_HUMAN|Dissociation|Transducer|HEK-293|Gi1,2.4847667391545905,0.03156229929312593,0.015781149646562964,0.07062328377997261
10.1016/j.phrs.2018.02.032,APJ_HUMAN,"[Nle11, AnthranylAla13]apelin-13 (Analog 7)",Dissociation,Transducer,HEK-293,GoA,106.6,8.292429823902063,8.36,10.320187028592615,0.0151023165815118,10.1016/j.phrs.2018.02.032|APJ_HUMAN|Dissociation|Transducer|HEK-293|GoA,1.9601870285926157,0.1193607800905574,0.0596803900452787,0.042977750466254655
10.1016/j.phrs.2018.02.032,APJ_HUMAN,"[Nle11, Bpa13]apelin-13 (Analog 6)",Recruitment ,Transducer,HEK-293,Arrestin-2 (β-arrestin-1),105.1,7.886056647693163,7.83,9.907659363721406,0.0048819212900994,10.1016/j.phrs.2018.02.032|APJ_HUMAN|Recruitment |Transducer|HEK-293|Arrestin-2 (β-arrestin-1),2.0776593637214056,-0.017531553465180316,-0.008765776732590158,0.04245312231424614
10.1016/j.phrs.2018.02.032,APJ_HUMAN,"[Nle11, Bpa13]apelin-13 (Analog 6)",Recruitment ,Transducer,HEK-293,Arrestin-3 (β-arrestin-2),93.1,7.42021640338319,7.42,9.389166084364533,0.1862265671078704,10.1016/j.phrs.2018.02.032|APJ_HUMAN|Recruitment |Transducer|HEK-293|Arrestin-3 (β-arrestin-2),1.9691660843645327,0.11730006434941664,0.05865003217470832,0.2811095347560322
10.1016/j.phrs.2018.02.032,APJ_HUMAN,"[Nle11, Bpa13]apelin-13 (Analog 6)",Accumulation,Downstream,HEK-293,,108.0,10.221848749616356,10.48,12.255272505103306,-0.1740294259730426,10.1016/j.phrs.2018.02.032|APJ_HUMAN|Accumulation|Downstream|HEK-293|nan,1.775272505103306,-0.21716294816504833,-0.10858147408252417,0.22881978378856374
10.1016/j.phrs.2018.02.032,APJ_HUMAN,"[Nle11, Bpa13]apelin-13 (Analog 6)",Dissociation,Transducer,HEK-293,Gi1,99.7,9.193820026016112,8.96,11.192515184327767,-0.159507404777111,10.1016/j.phrs.2018.02.032|APJ_HUMAN|Dissociation|Transducer|HEK-293|Gi1,2.2325151843277666,-0.2206892555336979,-0.11034462776684895,0.17957220660404327
10.1016/j.phrs.2018.02.032,APJ_HUMAN,"[Nle11, Bpa13]apelin-13 (Analog 6)",Dissociation,Transducer,HEK-293,GoA,95.6,8.397940008672037,8.6,10.378397900948135,-0.1666868110629682,10.1016/j.phrs.2018.02.032|APJ_HUMAN|Dissociation|Transducer|HEK-293|GoA,1.7783979009481357,-0.06242834755392268,-0.03121417377696134,0.20227446031871746
10.1016/j.phrs.2018.02.032,APJ_HUMAN,"[Nle11, Phe(4-Me)13]apelin-13 (Analog 3)",Recruitment ,Transducer,HEK-293,Arrestin-2 (β-arrestin-1),98.2,8.468521082957745,8.49,10.460632570744696,-0.1021448716866118,10.1016/j.phrs.2018.02.032|APJ_HUMAN|Recruitment |Transducer|HEK-293|Arrestin-2 (β-arrestin-1),1.970632570744696,-0.12455834644188979,-0.062279173220944894,0.07856051946917383
10.1016/j.phrs.2018.02.032,APJ_HUMAN,"[Nle11, Phe(4-Me)13]apelin-13 (Analog 3)",Recruitment ,Transducer,HEK-293,Arrestin-3 (β-arrestin-2),102.6,7.481486060122112,8.02,9.49263342089791,-0.3103060963587518,10.1016/j.phrs.2018.02.032|APJ_HUMAN|Recruitment |Transducer|HEK-293|Arrestin-3 (β-arrestin-2),1.4726334208979104,-0.37923259911720564,-0.18961629955860282,0.9493648848186318
10.1016/j.phrs.2018.02.032,APJ_HUMAN,"[Nle11, Phe(4-Me)13]apelin-13 (Analog 3)",Accumulation,Downstream,HEK-293,,105.1,9.886056647693165,9.45,11.907659363721406,0.5083574326450577,10.1016/j.phrs.2018.02.032|APJ_HUMAN|Accumulation|Downstream|HEK-293|nan,2.4576593637214064,0.465223910453052,0.232611955226526,0.9999979874314112
10.1016/j.phrs.2018.02.032,APJ_HUMAN,"[Nle11, Phe(4-Me)13]apelin-13 (Analog 3)",Dissociation,Transducer,HEK-293,Gi1,98.0,9.2518119729938,8.9,11.243038048686294,-0.0489845404185835,10.1016/j.phrs.2018.02.032|APJ_HUMAN|Dissociation|Transducer|HEK-293|Gi1,2.343038048686294,-0.11016639117517046,-0.05508319558758523,0.04895111037762434
10.1016/j.phrs.2018.02.032,APJ_HUMAN,"[Nle11, Phe(4-Me)13]apelin-13 (Analog 3)",Dissociation,Transducer,HEK-293,GoA,111.6,8.522878745280337,9.08,10.570542939881896,-0.4545417721292093,10.1016/j.phrs.2018.02.032|APJ_HUMAN|Dissociation|Transducer|HEK-293|GoA,1.4905429398818963,-0.350283308620162,-0.175141654310081,0.999947832085395
10.1016/j.phrs.2018.02.032,APJ_HUMAN,"[Nle11, PheGly13]apelin-13 (Analog 9)",Recruitment ,Transducer,HEK-293,Arrestin-2 (β-arrestin-1),97.8,6.991399828238082,6.96,8.981738683025684,-0.051038759405622,10.1016/j.phrs.2018.02.032|APJ_HUMAN|Recruitment |Transducer|HEK-293|Arrestin-2 (β-arrestin-1),2.021738683025684,-0.07345223416090185,-0.036726117080450926,0.0495555021994267
10.1016/j.phrs.2018.02.032,APJ_HUMAN,"[Nle11, PheGly13]apelin-13 (Analog 9)",Recruitment ,Transducer,HEK-293,Arrestin-3 (β-arrestin-2),88.0,6.607303046740334,6.89,8.551785718890503,-0.1211537983661585,10.1016/j.phrs.2018.02.032|APJ_HUMAN|Recruitment |Transducer|HEK-293|Arrestin-3 (β-arrestin-2),1.6617857188905036,-0.19008030112461238,-0.09504015056230619,0.10016149553582075
10.1016/j.phrs.2018.02.032,APJ_HUMAN,"[Nle11, PheGly13]apelin-13 (Analog 9)",Accumulation,Downstream,HEK-293,,97.2,8.619788758288394,8.45,10.60745502321467,0.2081530921383212,10.1016/j.phrs.2018.02.032|APJ_HUMAN|Accumulation|Downstream|HEK-293|nan,2.15745502321467,0.1650195699463155,0.08250978497315775,0.4023304187856685
10.1016/j.phrs.2018.02.032,APJ_HUMAN,"[Nle11, PheGly13]apelin-13 (Analog 9)",Dissociation,Transducer,HEK-293,Gi1,102.4,8.790484985457368,8.18,10.80078494209718,0.2287623529923035,10.1016/j.phrs.2018.02.032|APJ_HUMAN|Dissociation|Transducer|HEK-293|Gi1,2.620784942097181,0.16758050223571663,0.08379025111785832,0.5423655615733884
10.1016/j.phrs.2018.02.032,APJ_HUMAN,"[Nle11, PheGly13]apelin-13 (Analog 9)",Dissociation,Transducer,HEK-293,GoA,111.8,7.987162775294828,8.03,10.035604578845232,0.0605198668341273,10.1016/j.phrs.2018.02.032|APJ_HUMAN|Dissociation|Transducer|HEK-293|GoA,2.005604578845233,0.16477833034317468,0.08238916517158734,0.05278019185483019
10.1016/j.phrs.2018.02.032,APJ_HUMAN,"[Nle11, Tyr(OBn)13]apelin-13 (Analog 5)",Recruitment ,Transducer,HEK-293,Arrestin-2 (β-arrestin-1),108.8,8.142667503568731,8.11,10.179296398930893,-0.0034810435004128,10.1016/j.phrs.2018.02.032|APJ_HUMAN|Recruitment |Transducer|HEK-293|Arrestin-2 (β-arrestin-1),2.0692963989308932,-0.025894518255692667,-0.012947259127846333,0.04242321622678828
10.1016/j.phrs.2018.02.032,APJ_HUMAN,"[Nle11, Tyr(OBn)13]apelin-13 (Analog 5)",Recruitment ,Transducer,HEK-293,Arrestin-3 (β-arrestin-2),92.9,7.853871964321762,7.89,9.821887678315404,0.1489481610587422,10.1016/j.phrs.2018.02.032|APJ_HUMAN|Recruitment |Transducer|HEK-293|Arrestin-3 (β-arrestin-2),1.9318876783154044,0.0800216583002884,0.0400108291501442,0.1513763917459566
10.1016/j.phrs.2018.02.032,APJ_HUMAN,"[Nle11, Tyr(OBn)13]apelin-13 (Analog 5)",Accumulation,Downstream,HEK-293,,92.0,9.508638306165729,9.22,11.472426133511282,0.3031242024349332,10.1016/j.phrs.2018.02.032|APJ_HUMAN|Accumulation|Downstream|HEK-293|nan,2.252426133511282,0.2599906802429275,0.12999534012146374,0.9342818410649606
10.1016/j.phrs.2018.02.032,APJ_HUMAN,"[Nle11, Tyr(OBn)13]apelin-13 (Analog 5)",Dissociation,Transducer,HEK-293,Gi1,106.0,9.309803919971486,8.91,11.335109785236256,0.0330871961313778,10.1016/j.phrs.2018.02.032|APJ_HUMAN|Dissociation|Transducer|HEK-293|Gi1,2.4251097852362555,-0.028094654625208992,-0.014047327312604496,0.04527354988491843
10.1016/j.phrs.2018.02.032,APJ_HUMAN,"[Nle11, Tyr(OBn)13]apelin-13 (Analog 5)",Dissociation,Transducer,HEK-293,GoA,99.1,8.823908740944319,8.89,10.819982395429594,-0.0151023165815118,10.1016/j.phrs.2018.02.032|APJ_HUMAN|Dissociation|Transducer|HEK-293|GoA,1.9299823954295938,0.08915614692753548,0.04457807346376774,0.042977750466254655
10.1016/j.phrs.2018.02.032,APJ_HUMAN,"[Nle11, Val13]apelin-13 (Analog 2)",Recruitment ,Transducer,HEK-293,Arrestin-2 (β-arrestin-1),91.8,7.091514981121351,6.93,9.054357662322593,0.0515802198912869,10.1016/j.phrs.2018.02.032|APJ_HUMAN|Recruitment |Transducer|HEK-293|Arrestin-2 (β-arrestin-1),2.124357662322593,0.029166745136007144,0.014583372568003572,0.049720155951529524
10.1016/j.phrs.2018.02.032,APJ_HUMAN,"[Nle11, Val13]apelin-13 (Analog 2)",Recruitment ,Transducer,HEK-293,Arrestin-3 (β-arrestin-2),84.6,6.634512015109101,6.77,8.561882378148123,0.0089428608914614,10.1016/j.phrs.2018.02.032|APJ_HUMAN|Recruitment |Transducer|HEK-293|Arrestin-3 (β-arrestin-2),1.7918823781481237,-0.05998364186699234,-0.02999182093349617,0.04259671457498845
10.1016/j.phrs.2018.02.032,APJ_HUMAN,"[Nle11, Val13]apelin-13 (Analog 2)",Accumulation,Downstream,HEK-293,,83.7,8.161150909262744,8.16,10.083876367256003,-0.0254255638203453,10.1016/j.phrs.2018.02.032|APJ_HUMAN|Accumulation|Downstream|HEK-293|nan,1.9238763672560033,-0.06855908601235106,-0.03427954300617553,0.04407179299490902
10.1016/j.phrs.2018.02.032,APJ_HUMAN,"[Nle11, Val13]apelin-13 (Analog 2)",Dissociation,Transducer,HEK-293,Gi1,96.3,9.2839966563652,8.46,11.267622943489735,0.415600354384857,10.1016/j.phrs.2018.02.032|APJ_HUMAN|Dissociation|Transducer|HEK-293|Gi1,2.8076229434897346,0.3544185036282701,0.17720925181413505,0.9995618326954003
10.1016/j.phrs.2018.02.032,APJ_HUMAN,"[Nle11, Val13]apelin-13 (Analog 2)",Dissociation,Transducer,HEK-293,GoA,104.4,8.468521082957745,8.99,10.487221581623988,-0.4478631303871179,10.1016/j.phrs.2018.02.032|APJ_HUMAN|Dissociation|Transducer|HEK-293|GoA,1.4972215816239878,-0.34360466687807056,-0.17180233343903528,0.9999238252362861
10.1016/j.phrs.2018.02.032,APJ_HUMAN,Analog 10,Recruitment ,Transducer,HEK-293,Arrestin-2 (β-arrestin-1),48.43,6.371611069949688,6.3,8.056725538996227,-0.3160519034350786,10.1016/j.phrs.2018.02.032|APJ_HUMAN|Recruitment |Transducer|HEK-293|Arrestin-2 (β-arrestin-1),1.7567255389962275,-0.3384653781903584,-0.1692326890951792,0.9591923169684642
10.1016/j.phrs.2018.02.032,APJ_HUMAN,Analog 10,Recruitment ,Transducer,HEK-293,Arrestin-3 (β-arrestin-2),47.6,6.812479279163537,6.48,8.49008623188403,0.2271467146273673,10.1016/j.phrs.2018.02.032|APJ_HUMAN|Recruitment |Transducer|HEK-293|Arrestin-3 (β-arrestin-2),2.0100862318840296,0.15822021186891355,0.07911010593445678,0.5308606480386917
10.1016/j.phrs.2018.02.032,APJ_HUMAN,Analog 10,Accumulation,Downstream,HEK-293,,101.7,8.053547734986926,7.91,10.060868687909672,0.2015667568333228,10.1016/j.phrs.2018.02.032|APJ_HUMAN|Accumulation|Downstream|HEK-293|nan,2.1508686879096715,0.1584332346413171,0.07921661732065854,0.3623269467411863
10.1016/j.phrs.2018.02.032,APJ_HUMAN,Analog 10,Dissociation,Transducer,HEK-293,Gi1,105.4,8.61798295742513,8.51,10.64082356830166,-0.2611990208032182,10.1016/j.phrs.2018.02.032|APJ_HUMAN|Dissociation|Transducer|HEK-293|Gi1,2.1308235683016594,-0.3223808715598051,-0.16119043577990255,0.762819248802328
10.1016/j.phrs.2018.02.032,APJ_HUMAN,Analog 10,Dissociation,Transducer,HEK-293,GoA,104.2,8.721246399047171,9.62,10.739114118010676,-0.8259705940004292,10.1016/j.phrs.2018.02.032|APJ_HUMAN|Dissociation|Transducer|HEK-293|GoA,1.1191141180106765,-0.7217121304913818,-0.3608560652456909,1.0
10.1016/j.phrs.2018.02.032,APJ_HUMAN,Apelin-13,Recruitment ,Transducer,HEK-293,Arrestin-2 (β-arrestin-1),100.0,7.619788758288394,7.54,9.619788758288394,0.0070113158570874,10.1016/j.phrs.2018.02.032|APJ_HUMAN|Recruitment |Transducer|HEK-293|Arrestin-2 (β-arrestin-1),2.0797887582883936,-0.015402158898192297,-0.007701079449096149,0.04251783920978982
10.1016/j.phrs.2018.02.032,APJ_HUMAN,Apelin-13,Recruitment ,Transducer,HEK-293,Arrestin-3 (β-arrestin-2),100.0,7.2839966563652,7.51,9.2839966563652,-0.0089428608914614,10.1016/j.phrs.2018.02.032|APJ_HUMAN|Recruitment |Transducer|HEK-293|Arrestin-3 (β-arrestin-2),1.7739966563652008,-0.07786936364991526,-0.03893468182495763,0.04259671457498845
10.1016/j.phrs.2018.02.032,APJ_HUMAN,Apelin-13,Accumulation,Downstream,HEK-293,,100.0,8.744727494896694,8.77,10.744727494896694,0.0254255638203453,10.1016/j.phrs.2018.02.032|APJ_HUMAN|Accumulation|Downstream|HEK-293|nan,1.974727494896694,-0.017707958371660393,-0.008853979185830196,0.04407179299490902
10.1016/j.phrs.2018.02.032,APJ_HUMAN,Apelin-13,Dissociation,Transducer,HEK-293,Gi1,100.0,9.4089353929735,9.05,11.4089353929735,-0.0330871961313778,10.1016/j.phrs.2018.02.032|APJ_HUMAN|Dissociation|Transducer|HEK-293|Gi1,2.3589353929734997,-0.09426904688796478,-0.04713452344398239,0.04527354988491843
10.1016/j.phrs.2018.02.032,APJ_HUMAN,Apelin-13,Dissociation,Transducer,HEK-293,GoA,100.0,8.207608310501746,7.98,10.207608310501746,0.2825235984906395,10.1016/j.phrs.2018.02.032|APJ_HUMAN|Dissociation|Transducer|HEK-293|GoA,2.2276083105017452,0.3867820619996869,0.19339103099984345,0.8694991294306448
10.1124/mol.116.103283,AA3R_HUMAN,HEMADO,Accumulation,Downstream,CHO,,112.5,9.3,8.7,11.351152522447382,0.5196122306879367,10.1124/mol.116.103283|AA3R_HUMAN|Accumulation|Downstream|CHO|nan,2.651152522447383,0.5080494953951584,0.2540247476975792,0.9999990269808668
10.1124/mol.116.103283,AA3R_HUMAN,IB-MECA,Accumulation,Downstream,CHO,,100.0,8.9,8.6,10.9,0.1684597082405545,10.1124/mol.116.103283|AA3R_HUMAN|Accumulation|Downstream|CHO|nan,2.3000000000000007,0.15689697294777627,0.07844848647388813,0.20836408535677794
10.1124/mol.116.103283,AA3R_HUMAN,MRS3558,Accumulation,Downstream,CHO,,140.625,8.5,8.4,10.648062535455438,0.1165222436959911,10.1124/mol.116.103283|AA3R_HUMAN|Accumulation|Downstream|CHO|nan,2.2480625354554373,0.10495950840321289,0.05247975420160644,0.09409915624513296
10.1124/mol.116.103283,AA3R_HUMAN,MRS5655,Accumulation,Downstream,CHO,,125.0,7.5,7.4,9.596910013008056,0.0653697212486097,10.1124/mol.116.103283|AA3R_HUMAN|Accumulation|Downstream|CHO|nan,2.196910013008056,0.05380698595583144,0.02690349297791572,0.054730823976829636
10.1124/mol.116.103283,AA3R_HUMAN,MRS5667,Accumulation,Downstream,CHO,,134.375,7.6,7.6,9.72831847725968,-0.0032218144997653,10.1124/mol.116.103283|AA3R_HUMAN|Accumulation|Downstream|CHO|nan,2.128318477259681,-0.014784549792543622,-0.007392274896271811,0.04241878244062185
10.1124/mol.116.103283,AA3R_HUMAN,MRS5679,Accumulation,Downstream,CHO,,40.625,6.7,5.9,8.308793373986932,0.2772530822274852,10.1124/mol.116.103283|AA3R_HUMAN|Accumulation|Downstream|CHO|nan,2.4087933739869314,0.26569034693470694,0.13284517346735347,0.8469929465323736
10.1124/mol.116.103283,AA3R_HUMAN,MRS5698,Accumulation,Downstream,CHO,,143.75,7.8,7.8,9.957607853361669,0.0260675616022227,10.1124/mol.116.103283|AA3R_HUMAN|Accumulation|Downstream|CHO|nan,2.157607853361669,0.014504826309444496,0.007252413154722248,0.044159363051974536
10.1124/mol.116.103283,AA3R_HUMAN,MRS5704,Accumulation,Downstream,CHO,,128.125,5.4,5.3,7.507633878399829,0.0760935866403835,10.1124/mol.116.103283|AA3R_HUMAN|Accumulation|Downstream|CHO|nan,2.207633878399829,0.06453085134760439,0.032265425673802195,0.05987535291853395
10.1021/acs.jmedchem.6b01857,DRD2_HUMAN,(R)-13a,Recruitment ,Transducer,HEK-293,Arrestin-3 (β-arrestin-2),51.0,6.661543506395395,6.32,8.369113682493332,0.1283733048016664,10.1021/acs.jmedchem.6b01857|DRD2_HUMAN|Recruitment |Transducer|HEK-293|Arrestin-3 (β-arrestin-2),2.0491136824933314,0.12796901402438476,0.06398450701219238,0.11083212305324804
10.1021/acs.jmedchem.6b01857,DRD2_HUMAN,(R)-13a,Dissociation,Transducer,HEK-293,GoA,98.0,8.769551078621726,8.76,10.76077715431422,-0.0061044393304996,10.1021/acs.jmedchem.6b01857|DRD2_HUMAN|Dissociation|Transducer|HEK-293|GoA,2.0007771543142194,0.013994425503662367,0.006997212751831183,0.04248743242314539
10.1021/acs.jmedchem.6b01857,DRD2_HUMAN,(R)-13b,Recruitment ,Transducer,HEK-293,Arrestin-3 (β-arrestin-2),49.0,6.79317412396815,6.42,8.483370203996664,0.1426298263049989,10.1021/acs.jmedchem.6b01857|DRD2_HUMAN|Recruitment |Transducer|HEK-293|Arrestin-3 (β-arrestin-2),2.063370203996664,0.14222553552771733,0.07111276776385866,0.13710181227512336
10.1021/acs.jmedchem.6b01857,DRD2_HUMAN,(R)-13b,Dissociation,Transducer,HEK-293,GoA,95.0,8.823908740944319,8.78,10.801632346233166,0.014750752588446,10.1021/acs.jmedchem.6b01857|DRD2_HUMAN|Dissociation|Transducer|HEK-293|GoA,2.021632346233167,0.034849617422609835,0.017424808711304918,0.042950642067186365
10.1021/acs.jmedchem.6b01857,DRD2_HUMAN,(S)-13a,Recruitment ,Transducer,HEK-293,Arrestin-3 (β-arrestin-2),93.0,8.522878745280337,8.62,10.491361693834271,-0.049378683857391,10.1021/acs.jmedchem.6b01857|DRD2_HUMAN|Recruitment |Transducer|HEK-293|Arrestin-3 (β-arrestin-2),1.871361693834272,-0.049782974634674515,-0.024891487317337258,0.049064612813927766
10.1021/acs.jmedchem.6b01857,DRD2_HUMAN,(S)-13a,Dissociation,Transducer,HEK-293,GoA,98.0,9.886056647693165,9.84,11.877282723385658,0.0304011297409374,10.1021/acs.jmedchem.6b01857|DRD2_HUMAN|Dissociation|Transducer|HEK-293|GoA,2.0372827233856583,0.05049999457510124,0.02524999728755062,0.04481276819031118
10.1021/acs.jmedchem.6b01857,DRD2_HUMAN,(S)-13b,Recruitment ,Transducer,HEK-293,Arrestin-3 (β-arrestin-2),97.0,8.886056647693163,8.87,10.872828381959408,0.0820880042677441,10.1021/acs.jmedchem.6b01857|DRD2_HUMAN|Recruitment |Transducer|HEK-293|Arrestin-3 (β-arrestin-2),2.002828381959409,0.08168371349046244,0.04084185674523122,0.06331740392920826
10.1021/acs.jmedchem.6b01857,DRD2_HUMAN,(S)-13b,Dissociation,Transducer,HEK-293,GoA,99.0,9.920818753952377,9.88,11.916453948549924,0.0295723549052038,10.1021/acs.jmedchem.6b01857|DRD2_HUMAN|Dissociation|Transducer|HEK-293|GoA,2.036453948549923,0.049671219739365835,0.024835609869682918,0.04467931019139961
10.1021/acs.jmedchem.6b01857,DRD2_HUMAN,(S)-15a,Recruitment ,Transducer,HEK-293,Arrestin-3 (β-arrestin-2),97.0,8.522878745280337,8.66,10.509650479546584,-0.0710898981450824,10.1021/acs.jmedchem.6b01857|DRD2_HUMAN|Recruitment |Transducer|HEK-293|Arrestin-3 (β-arrestin-2),1.8496504795465842,-0.07149418892236237,-0.035747094461181184,0.05732365817230003
10.1021/acs.jmedchem.6b01857,DRD2_HUMAN,(S)-15a,Dissociation,Transducer,HEK-293,GoA,99.0,9.886056647693165,9.88,11.881691842290714,-0.005189751354008,10.1021/acs.jmedchem.6b01857|DRD2_HUMAN|Dissociation|Transducer|HEK-293|GoA,2.001691842290713,0.014909113480155778,0.007454556740077889,0.04246103997056966
10.1021/acs.jmedchem.6b01857,DRD2_HUMAN,(S)-15b,Recruitment ,Transducer,HEK-293,Arrestin-3 (β-arrestin-2),96.0,8.537602002101044,8.64,10.519873235140611,-0.0408671425510522,10.1021/acs.jmedchem.6b01857|DRD2_HUMAN|Recruitment |Transducer|HEK-293|Arrestin-3 (β-arrestin-2),1.8798732351406109,-0.041271433328335716,-0.020635716664167858,0.04686168778645001
10.1021/acs.jmedchem.6b01857,DRD2_HUMAN,(S)-15b,Dissociation,Transducer,HEK-293,GoA,99.0,9.958607314841776,9.97,11.954242509439323,-0.0226390842053962,10.1021/acs.jmedchem.6b01857|DRD2_HUMAN|Dissociation|Transducer|HEK-293|GoA,1.9842425094393228,-0.0025402193712342758,-0.0012701096856171379,0.0437187089928111
10.1021/acs.jmedchem.6b01857,DRD2_HUMAN,(S)-17a,Recruitment ,Transducer,HEK-293,Arrestin-3 (β-arrestin-2),99.0,8.823908740944319,8.89,10.81954393554187,0.0088035578502037,10.1021/acs.jmedchem.6b01857|DRD2_HUMAN|Recruitment |Transducer|HEK-293|Arrestin-3 (β-arrestin-2),1.9295439355418686,0.008399267072922045,0.004199633536461023,0.042590381901109774
10.1021/acs.jmedchem.6b01857,DRD2_HUMAN,(S)-17a,Dissociation,Transducer,HEK-293,GoA,99.0,9.721246399047171,9.71,11.716881593644722,0.0,10.1021/acs.jmedchem.6b01857|DRD2_HUMAN|Dissociation|Transducer|HEK-293|GoA,2.006881593644721,0.020098864834163788,0.010049432417081894,0.04239230469906874
10.1021/acs.jmedchem.6b01857,DRD2_HUMAN,(S)-17b,Recruitment ,Transducer,HEK-293,Arrestin-3 (β-arrestin-2),105.0,8.769551078621726,8.87,10.790740377691664,0.0,10.1021/acs.jmedchem.6b01857|DRD2_HUMAN|Recruitment |Transducer|HEK-293|Arrestin-3 (β-arrestin-2),1.920740377691665,-0.0004042907772816573,-0.00020214538864082865,0.04239230469906874
10.1021/acs.jmedchem.6b01857,DRD2_HUMAN,(S)-17b,Dissociation,Transducer,HEK-293,GoA,101.0,9.67778070526608,9.76,11.682102079048724,-0.084779514595997,10.1021/acs.jmedchem.6b01857|DRD2_HUMAN|Dissociation|Transducer|HEK-293|GoA,1.9221020790487238,-0.0646806497618333,-0.03234032488091665,0.06501140468819924
10.1021/acs.jmedchem.6b01857,DRD2_HUMAN,12a,Dissociation,Transducer,HEK-293,GoA,81.0,8.823908740944319,8.69,10.732393759822967,0.0355121661782487,10.1021/acs.jmedchem.6b01857|DRD2_HUMAN|Dissociation|Transducer|HEK-293|GoA,2.042393759822968,0.05561103101241072,0.02780551550620536,0.0457273767405003
10.1021/acs.jmedchem.6b01857,DRD2_HUMAN,14a,Dissociation,Transducer,HEK-293,GoA,84.0,8.585026652029182,8.5,10.509305938091064,0.0024243444463429,10.1021/acs.jmedchem.6b01857|DRD2_HUMAN|Dissociation|Transducer|HEK-293|GoA,2.009305938091064,0.022523209280506773,0.011261604640253386,0.0424072950675668
10.1021/acs.jmedchem.6b01857,DRD2_HUMAN,16a,Dissociation,Transducer,HEK-293,GoA,82.0,8.537602002101044,8.44,10.45141585448476,0.0045342608400407,10.1021/acs.jmedchem.6b01857|DRD2_HUMAN|Dissociation|Transducer|HEK-293|GoA,2.01141585448476,0.024633125674202727,0.012316562837101364,0.04244476369411659
10.1021/acs.jmedchem.6b01857,DRD2_HUMAN,16b (E) s-trans,Dissociation,Transducer,HEK-293,GoA,86.0,8.744727494896694,8.65,10.679225946140262,0.0223443524955406,10.1021/acs.jmedchem.6b01857|DRD2_HUMAN|Dissociation|Transducer|HEK-293|GoA,2.0292259461402615,0.042443217329704463,0.021221608664852232,0.04368390387664956
10.1021/acs.jmedchem.6b01857,DRD2_HUMAN,16c (E) s-cis,Dissociation,Transducer,HEK-293,GoA,77.0,8.602059991327963,8.54,10.488550716500445,-0.0583308771442752,10.1021/acs.jmedchem.6b01857|DRD2_HUMAN|Dissociation|Transducer|HEK-293|GoA,1.9485507165004456,-0.03823201231011142,-0.01911600615505571,0.05196909859679805
10.1021/acs.jmedchem.6b01857,DRD2_HUMAN,1a (Aripiprazole),Dissociation,Transducer,HEK-293,GoA,81.0,8.060480747381382,8.19,9.968965766260032,-0.2279158273846881,10.1021/acs.jmedchem.6b01857|DRD2_HUMAN|Dissociation|Transducer|HEK-293|GoA,1.7789657662600327,-0.2078169625505244,-0.1039084812752622,0.5363321566434773
10.1021/acs.jmedchem.6b01857,DRD2_HUMAN,Quinpirole,Recruitment ,Transducer,HEK-293,Arrestin-3 (β-arrestin-2),100.0,7.1938200260161125,7.47,9.193820026016112,-0.1969203516755522,10.1021/acs.jmedchem.6b01857|DRD2_HUMAN|Recruitment |Transducer|HEK-293|Arrestin-3 (β-arrestin-2),1.7238200260161127,-0.19732464245283388,-0.09866232122641694,0.33590740979612416
10.1021/acs.jmedchem.6b01857,DRD2_HUMAN,Quinpirole,Dissociation,Transducer,HEK-293,GoA,100.0,8.920818753952375,8.95,10.920818753952377,-0.0360628396923452,10.1021/acs.jmedchem.6b01857|DRD2_HUMAN|Dissociation|Transducer|HEK-293|GoA,1.9708187539523774,-0.015963974858179686,-0.007981987429089843,0.04583553718930446
10.1021/acs.jmedchem.6b01875,DRD2_HUMAN,2,Recruitment ,Transducer,HEK-293,Arrestin-3 (β-arrestin-2),68.0,6.913996294381618,6.737,8.746505207087854,0.0020556777161693,10.1021/acs.jmedchem.6b01875|DRD2_HUMAN|Recruitment |Transducer|HEK-293|Arrestin-3 (β-arrestin-2),2.0095052070878534,-0.007774704205571581,-0.0038873521027857905,0.04240308207664543
10.1021/acs.jmedchem.6b01875,DRD2_HUMAN,2,Accumulation,Downstream,HEK-293,,93.0,8.040958607678906,8.015,10.009441556232842,-0.0105188049779085,10.1021/acs.jmedchem.6b01875|DRD2_HUMAN|Accumulation|Downstream|HEK-293|nan,1.9944415562328413,-0.05818578149540521,-0.029092890747702604,0.0426753557906996
10.1021/acs.jmedchem.6b01875,DRD2_HUMAN,3,Recruitment ,Transducer,HEK-293,Arrestin-3 (β-arrestin-2),31.0,7.688246138944246,7.008,9.17960783277852,0.1641583034068348,10.1021/acs.jmedchem.6b01875|DRD2_HUMAN|Recruitment |Transducer|HEK-293|Arrestin-3 (β-arrestin-2),2.1716078327785207,0.15432792148509566,0.07716396074254783,0.1939276839072767
10.1021/acs.jmedchem.6b01875,DRD2_HUMAN,3,Accumulation,Downstream,HEK-293,,57.0,9.0,8.607,10.755874855672491,0.1439144944617423,10.1021/acs.jmedchem.6b01875|DRD2_HUMAN|Accumulation|Downstream|HEK-293|nan,2.148874855672492,0.09624751794424569,0.04812375897212284,0.1398604928875891
10.1021/acs.jmedchem.6b01875,DRD2_HUMAN,4,Recruitment ,Transducer,HEK-293,Arrestin-3 (β-arrestin-2),61.0,6.705974905904677,6.488,8.491304740915444,-0.0041447884562404,10.1021/acs.jmedchem.6b01875|DRD2_HUMAN|Recruitment |Transducer|HEK-293|Arrestin-3 (β-arrestin-2),2.0033047409154436,-0.01397517037798135,-0.006987585188990675,0.04243613450043704
10.1021/acs.jmedchem.6b01875,DRD2_HUMAN,4,Accumulation,Downstream,HEK-293,,95.0,7.59176003468815,7.588,9.569483639976998,-0.0234767212337523,10.1021/acs.jmedchem.6b01875|DRD2_HUMAN|Accumulation|Downstream|HEK-293|nan,1.9814836399769975,-0.07114369775124896,-0.03557184887562448,0.04382026723496133
10.1021/acs.jmedchem.6b01875,DRD2_HUMAN,8,Recruitment ,Transducer,HEK-293,Arrestin-3 (β-arrestin-2),33.0,5.301029995663981,4.571,6.819543935541869,0.2410944061701854,10.1021/acs.jmedchem.6b01875|DRD2_HUMAN|Recruitment |Transducer|HEK-293|Arrestin-3 (β-arrestin-2),2.2485439355418695,0.2312640242484445,0.11563201212422225,0.6303803094422432
10.1021/acs.jmedchem.6b01875,DRD2_HUMAN,8,Accumulation,Downstream,HEK-293,,115.0,5.301029995663981,5.086,7.361727836017593,0.2707674748068429,10.1021/acs.jmedchem.6b01875|DRD2_HUMAN|Accumulation|Downstream|HEK-293|nan,2.2757278360175928,0.2231004982893463,0.11155024914467315,0.8157691868441664
10.1021/acs.jmedchem.6b01875,DRD2_HUMAN,9,Recruitment ,Transducer,HEK-293,Arrestin-3 (β-arrestin-2),21.0,5.596999655978837,4.89,6.919218950712756,0.0217694213410726,10.1021/acs.jmedchem.6b01875|DRD2_HUMAN|Recruitment |Transducer|HEK-293|Arrestin-3 (β-arrestin-2),2.0292189507127567,0.01193903941933172,0.00596951970966586,0.04361739602986473
10.1021/acs.jmedchem.6b01875,DRD2_HUMAN,9,Accumulation,Downstream,HEK-293,,61.0,6.14898639317633,5.913,7.934316228187097,0.0163558669763466,10.1021/acs.jmedchem.6b01875|DRD2_HUMAN|Accumulation|Downstream|HEK-293|nan,2.0213162281870964,-0.03131110954115002,-0.01565555477057501,0.04307975242485635
10.1021/acs.jmedchem.6b01875,DRD2_HUMAN,11,Recruitment ,Transducer,HEK-293,Arrestin-3 (β-arrestin-2),59.0,5.823995608527747,5.567,7.594847620169892,0.0203980907982077,10.1021/acs.jmedchem.6b01875|DRD2_HUMAN|Recruitment |Transducer|HEK-293|Arrestin-3 (β-arrestin-2),2.027847620169892,0.010567708876466853,0.005283854438233426,0.043466120974997226
10.1021/acs.jmedchem.6b01875,DRD2_HUMAN,11,Accumulation,Downstream,HEK-293,,82.0,6.592949185195749,6.489,8.506763037579466,0.0128026763687163,10.1021/acs.jmedchem.6b01875|DRD2_HUMAN|Accumulation|Downstream|HEK-293|nan,2.017763037579466,-0.03486430014878028,-0.01743215007439014,0.04281225609936656
10.1021/acs.jmedchem.6b01875,DRD2_HUMAN,12,Recruitment ,Transducer,HEK-293,Arrestin-3 (β-arrestin-2),34.0,5.301029995663981,4.92,6.832508912706237,-0.0949406166654474,10.1021/acs.jmedchem.6b01875|DRD2_HUMAN|Recruitment |Transducer|HEK-293|Arrestin-3 (β-arrestin-2),1.9125089127062367,-0.1047709985871883,-0.05238549929359415,0.07234198508356603
10.1021/acs.jmedchem.6b01875,DRD2_HUMAN,12,Accumulation,Downstream,HEK-293,,77.0,5.836004245358256,5.716,7.722494970530738,0.0015346093199877,10.1021/acs.jmedchem.6b01875|DRD2_HUMAN|Accumulation|Downstream|HEK-293|nan,2.0064949705307376,-0.046132367197508906,-0.023066183598754453,0.04239831056107824
10.1021/acs.jmedchem.6b01875,DRD2_HUMAN,15,Recruitment ,Transducer,HEK-293,Arrestin-3 (β-arrestin-2),38.0,5.607004242422646,5.173,7.186787839039456,0.0063383096677722,10.1021/acs.jmedchem.6b01875|DRD2_HUMAN|Recruitment |Transducer|HEK-293|Arrestin-3 (β-arrestin-2),2.0137878390394564,-0.0034920722539686366,-0.0017460361269843183,0.0424948696050536
10.1021/acs.jmedchem.6b01875,DRD2_HUMAN,15,Accumulation,Downstream,HEK-293,,107.0,5.911013881052087,5.986,7.940397658737297,-0.0505627024734529,10.1021/acs.jmedchem.6b01875|DRD2_HUMAN|Accumulation|Downstream|HEK-293|nan,1.9543976587372969,-0.09822967899094959,-0.049114839495474794,0.04941259344885778
10.1021/acs.jmedchem.6b01875,DRD2_HUMAN,16,Recruitment ,Transducer,HEK-293,Arrestin-3 (β-arrestin-2),14.0,6.856985199745905,5.947,8.003113235424143,0.048663706052459,10.1021/acs.jmedchem.6b01875|DRD2_HUMAN|Recruitment |Transducer|HEK-293|Arrestin-3 (β-arrestin-2),2.056113235424143,0.03883332413071816,0.01941666206535908,0.048859572491589974
10.1021/acs.jmedchem.6b01875,DRD2_HUMAN,16,Accumulation,Downstream,HEK-293,,89.0,6.553929064298995,6.484,8.503319070943908,0.0143587097331581,10.1021/acs.jmedchem.6b01875|DRD2_HUMAN|Accumulation|Downstream|HEK-293|nan,2.019319070943908,-0.033308266784338514,-0.016654133392169257,0.04292118394465334
10.1021/acs.jmedchem.6b01875,DRD2_HUMAN,17,Recruitment ,Transducer,HEK-293,Arrestin-3 (β-arrestin-2),29.0,5.727995853756558,5.185,7.190393851655514,-0.0020556777161693,10.1021/acs.jmedchem.6b01875|DRD2_HUMAN|Recruitment |Transducer|HEK-293|Arrestin-3 (β-arrestin-2),2.0053938516555148,-0.011886059637910229,-0.0059430298189551145,0.04240308207664543
10.1021/acs.jmedchem.6b01875,DRD2_HUMAN,17,Accumulation,Downstream,HEK-293,,85.0,5.99800682617647,5.924,7.927425751890762,-0.0015346093199877,10.1021/acs.jmedchem.6b01875|DRD2_HUMAN|Accumulation|Downstream|HEK-293|nan,2.003425751890761,-0.04920158583748524,-0.02460079291874262,0.04239831056107824
10.1021/acs.jmedchem.6b01875,DRD2_HUMAN,18,Recruitment ,Transducer,HEK-293,Arrestin-3 (β-arrestin-2),52.0,6.677987561417599,6.475,8.393990905052398,-0.0884586243192857,10.1021/acs.jmedchem.6b01875|DRD2_HUMAN|Recruitment |Transducer|HEK-293|Arrestin-3 (β-arrestin-2),1.9189909050523983,-0.09828900624102666,-0.04914450312051333,0.06748785071197978
10.1021/acs.jmedchem.6b01875,DRD2_HUMAN,18,Accumulation,Downstream,HEK-293,,97.0,7.18111458540599,7.171,9.167886319672236,-0.0080740415385154,10.1021/acs.jmedchem.6b01875|DRD2_HUMAN|Accumulation|Downstream|HEK-293|nan,1.9968863196722362,-0.05574101805601028,-0.02787050902800514,0.04255885531133351
10.1021/acs.jmedchem.6b01875,DRD2_HUMAN,19,Recruitment ,Transducer,HEK-293,Arrestin-3 (β-arrestin-2),66.0,6.811071516239147,6.636,8.630615451781015,-0.0128340775906692,10.1021/acs.jmedchem.6b01875|DRD2_HUMAN|Recruitment |Transducer|HEK-293|Arrestin-3 (β-arrestin-2),1.9946154517810148,-0.02266445951241014,-0.01133222975620507,0.04281432843693219
10.1021/acs.jmedchem.6b01875,DRD2_HUMAN,19,Accumulation,Downstream,HEK-293,,96.0,9.522878745280336,9.602,11.505149978319906,-0.1018103828908438,10.1021/acs.jmedchem.6b01875|DRD2_HUMAN|Accumulation|Downstream|HEK-293|nan,1.903149978319906,-0.1494773594083405,-0.07473867970417025,0.07825086385496244
10.1021/acs.jmedchem.6b01875,DRD2_HUMAN,20,Recruitment ,Transducer,HEK-293,Arrestin-3 (β-arrestin-2),5.0,6.025028005701931,4.765,6.72399801003795,-0.0484515193337338,10.1021/acs.jmedchem.6b01875|DRD2_HUMAN|Recruitment |Transducer|HEK-293|Arrestin-3 (β-arrestin-2),1.9589980100379503,-0.05828190125547472,-0.02914095062773736,0.04879945209295742
10.1021/acs.jmedchem.6b01875,DRD2_HUMAN,20,Accumulation,Downstream,HEK-293,,112.0,6.470954829234231,6.648,8.520172851904412,-0.1327875093063371,10.1021/acs.jmedchem.6b01875|DRD2_HUMAN|Accumulation|Downstream|HEK-293|nan,1.8721728519044127,-0.18045448582383372,-0.09022724291191686,0.11817228050062002
10.1021/acs.jmedchem.6b01875,DRD2_HUMAN,22,Recruitment ,Transducer,HEK-293,Arrestin-3 (β-arrestin-2),61.0,7.130768280269024,7.014,8.916098115279791,-0.1053514140918934,10.1021/acs.jmedchem.6b01875|DRD2_HUMAN|Recruitment |Transducer|HEK-293|Arrestin-3 (β-arrestin-2),1.9020981152797907,-0.11518179601363432,-0.05759089800681716,0.08163978826491951
10.1021/acs.jmedchem.6b01875,DRD2_HUMAN,22,Accumulation,Downstream,HEK-293,,73.0,8.508638306165727,7.697,10.371961166286184,0.6700008050754338,10.1021/acs.jmedchem.6b01875|DRD2_HUMAN|Accumulation|Downstream|HEK-293|nan,2.6749611662861836,0.6223338285579372,0.3111669142789686,0.9999999999871932
10.1021/acs.jmedchem.6b01875,DRD2_HUMAN,(-)-Quinpirole,Recruitment ,Transducer,HEK-293,Arrestin-3 (β-arrestin-2),100.0,6.830913642512977,6.811,8.830913642512977,0.0124641131412928,10.1021/acs.jmedchem.6b01875|DRD2_HUMAN|Recruitment |Transducer|HEK-293|Arrestin-3 (β-arrestin-2),2.019913642512977,0.0026337312195519047,0.0013168656097759524,0.0427902408286183
10.1021/acs.jmedchem.6b01875,DRD2_HUMAN,(-)-Quinpirole,Accumulation,Downstream,HEK-293,,100.0,7.962573502059376,7.929,9.962573502059376,0.028613140848626,10.1021/acs.jmedchem.6b01875|DRD2_HUMAN|Accumulation|Downstream|HEK-293|nan,2.033573502059376,-0.019053835668870533,-0.009526917834435267,0.044529904074781496
10.1021/acs.jmedchem.6b01875,DRD2_HUMAN,Sumanirole,Recruitment ,Transducer,HEK-293,Arrestin-3 (β-arrestin-2),91.0,6.299988937677887,6.255,8.25903032999898,-0.0034191993727037,10.1021/acs.jmedchem.6b01875|DRD2_HUMAN|Recruitment |Transducer|HEK-293|Arrestin-3 (β-arrestin-2),2.0040303299989803,-0.013249581294444646,-0.006624790647222323,0.042422127270748004
10.1021/acs.jmedchem.6b01875,DRD2_HUMAN,Sumanirole,Accumulation,Downstream,HEK-293,,114.0,7.492144128304169,7.611,9.54904897964064,-0.0669113815701081,10.1021/acs.jmedchem.6b01875|DRD2_HUMAN|Accumulation|Downstream|HEK-293|nan,1.93804897964064,-0.11457835808760652,-0.05728917904380326,0.05539736668296178
10.1021/acs.jmedchem.7b00363,DRD2_HUMAN,1 (UNC0006),Recruitment ,Transducer,HEK-293,Arrestin-3 (β-arrestin-2),19.0,6.568636235841013,6.6,7.847389836793842,-0.692972852700402,10.1021/acs.jmedchem.7b00363|DRD2_HUMAN|Recruitment |Transducer|HEK-293|Arrestin-3 (β-arrestin-2),1.2473898367938423,-0.5846398373315738,-0.2923199186657869,0.9999999999982083
10.1021/acs.jmedchem.7b00363,DRD2_HUMAN,1 (UNC0006),Activation,Transducer,HEK-293T,GoA,17.0,5.301029995663981,3.98,6.531478917042255,0.5475875030410671,10.1021/acs.jmedchem.7b00363|DRD2_HUMAN|Activation|Transducer|HEK-293T|GoA,2.5514789170422554,0.514573198092501,0.2572865990462505,0.999999850843363
10.1021/acs.jmedchem.7b00363,DRD2_HUMAN,13a,Recruitment ,Transducer,HEK-293,Arrestin-3 (β-arrestin-2),110.0,6.698970004336019,6.8,8.740362689494244,0.0,10.1021/acs.jmedchem.7b00363|DRD2_HUMAN|Recruitment |Transducer|HEK-293|Arrestin-3 (β-arrestin-2),1.9403626894942443,0.10833301536882822,0.05416650768441411,0.04239230469906874
10.1021/acs.jmedchem.7b00363,DRD2_HUMAN,13a,Activation,Transducer,HEK-293T,GoA,55.0,7.173925197299173,7.08,8.914287886793417,-0.1696035272077711,10.1021/acs.jmedchem.7b00363|DRD2_HUMAN|Activation|Transducer|HEK-293T|GoA,1.8342878867934171,-0.20261783215633722,-0.10130891607816861,0.21239910041506466
10.1021/acs.jmedchem.7b00363,DRD2_HUMAN,13b,Recruitment ,Transducer,HEK-293,Arrestin-3 (β-arrestin-2),51.0,6.886056647693163,6.92,8.5936268237911,-0.2667358657031444,10.1021/acs.jmedchem.7b00363|DRD2_HUMAN|Recruitment |Transducer|HEK-293|Arrestin-3 (β-arrestin-2),1.6736268237910998,-0.15840285033431623,-0.07920142516715811,0.7944266743288263
10.1021/acs.jmedchem.7b00363,DRD2_HUMAN,13b,Activation,Transducer,HEK-293T,GoA,36.0,5.301029995663981,4.82,6.857332496431269,0.0334410824300803,10.1021/acs.jmedchem.7b00363|DRD2_HUMAN|Activation|Transducer|HEK-293T|GoA,2.0373324964312687,0.0004267774815143177,0.00021338874075715886,0.04533751766118771
10.1021/acs.jmedchem.7b00363,DRD2_HUMAN,13c,Recruitment ,Transducer,HEK-293,Arrestin-3 (β-arrestin-2),94.0,6.200659450546418,6.19,8.173787304146117,0.0434246146518724,10.1021/acs.jmedchem.7b00363|DRD2_HUMAN|Recruitment |Transducer|HEK-293|Arrestin-3 (β-arrestin-2),1.9837873041461167,0.15175763002070064,0.07587881501035032,0.04747025978301291
10.1021/acs.jmedchem.7b00363,DRD2_HUMAN,13c,Activation,Transducer,HEK-293T,GoA,26.0,7.107905397309519,6.58,8.522878745280337,-0.0610126687208509,10.1021/acs.jmedchem.7b00363|DRD2_HUMAN|Activation|Transducer|HEK-293T|GoA,1.9428787452803373,-0.09402697366941704,-0.04701348683470852,0.05296859714858981
10.1021/acs.jmedchem.7b00363,DRD2_HUMAN,17a,Recruitment ,Transducer,HEK-293,Arrestin-3 (β-arrestin-2),103.0,6.6020599913279625,6.65,8.614897216033135,0.0245345265388907,10.1021/acs.jmedchem.7b00363|DRD2_HUMAN|Recruitment |Transducer|HEK-293|Arrestin-3 (β-arrestin-2),1.964897216033135,0.132867541907719,0.0664337709538595,0.04395413347100597
10.1021/acs.jmedchem.7b00363,DRD2_HUMAN,17a,Activation,Transducer,HEK-293T,GoA,56.0,7.045757490560675,6.65,8.793945517566875,0.1400541035656868,10.1021/acs.jmedchem.7b00363|DRD2_HUMAN|Activation|Transducer|HEK-293T|GoA,2.143945517566875,0.10703979861712076,0.05351989930856038,0.13178005797679496
10.1021/acs.jmedchem.7b00363,DRD2_HUMAN,Aripiprazole,Recruitment ,Transducer,HEK-293,Arrestin-3 (β-arrestin-2),43.0,6.130768280269024,6.2,7.76423673584861,-0.3761259536456345,10.1021/acs.jmedchem.7b00363|DRD2_HUMAN|Recruitment |Transducer|HEK-293|Arrestin-3 (β-arrestin-2),1.5642367358486098,-0.2677929382768063,-0.13389646913840314,0.9968876616552789
10.1021/acs.jmedchem.7b00363,DRD2_HUMAN,Aripiprazole,Activation,Transducer,HEK-293T,GoA,14.0,6.886056647693163,6.15,8.032184683371401,-0.1217067306297874,10.1021/acs.jmedchem.7b00363|DRD2_HUMAN|Activation|Transducer|HEK-293T|GoA,1.8821846833714009,-0.15472103557835348,-0.07736051778917674,0.10092433745155213
10.1021/acs.jmedchem.7b00363,DRD2_HUMAN,Dopamine,Recruitment ,Transducer,HEK-293,Arrestin-3 (β-arrestin-2),97.0,6.795880017344075,6.79,8.78265175161032,0.0522890621160758,10.1021/acs.jmedchem.7b00363|DRD2_HUMAN|Recruitment |Transducer|HEK-293|Arrestin-3 (β-arrestin-2),1.9926517516103202,0.1606220774849041,0.08031103874245205,0.04993913418431951
10.1021/acs.jmedchem.7b00363,DRD2_HUMAN,Dopamine,Activation,Transducer,HEK-293T,GoA,93.0,6.698970004336019,6.59,8.667452952889954,0.0735615388887662,10.1021/acs.jmedchem.7b00363|DRD2_HUMAN|Activation|Transducer|HEK-293T|GoA,2.0774529528899546,0.04054723394020021,0.020273616970100106,0.05854940597290792
10.1021/acs.jmedchem.7b00363,DRD2_HUMAN,Pramipexole,Recruitment ,Transducer,HEK-293,Arrestin-3 (β-arrestin-2),100.0,8.017728766960431,8.03,10.017728766960431,0.0473660774661874,10.1021/acs.jmedchem.7b00363|DRD2_HUMAN|Recruitment |Transducer|HEK-293|Arrestin-3 (β-arrestin-2),1.9877287669604318,0.1556990928350157,0.07784954641750785,0.048497084916546106
10.1021/acs.jmedchem.7b00363,DRD2_HUMAN,Pramipexole,Activation,Transducer,HEK-293T,GoA,102.0,7.0,7.05,9.008600171761918,-0.0452912422392701,10.1021/acs.jmedchem.7b00363|DRD2_HUMAN|Activation|Transducer|HEK-293T|GoA,1.9586001717619181,-0.07830554718783622,-0.03915277359391811,0.047942844865188024
10.1021/acs.jmedchem.7b00363,DRD2_HUMAN,Quinpirole,Recruitment ,Transducer,HEK-293,Arrestin-3 (β-arrestin-2),100.0,7.795880017344075,7.82,9.795880017344077,0.0355173278498304,10.1021/acs.jmedchem.7b00363|DRD2_HUMAN|Recruitment |Transducer|HEK-293|Arrestin-3 (β-arrestin-2),1.9758800173440765,0.14385034321866041,0.07192517160933021,0.04572838172188344
10.1021/acs.jmedchem.7b00363,DRD2_HUMAN,Quinpirole,Activation,Transducer,HEK-293T,GoA,100.0,6.568636235841013,6.62,8.568636235841012,-0.0552551781601762,10.1021/acs.jmedchem.7b00363|DRD2_HUMAN|Activation|Transducer|HEK-293T|GoA,1.948636235841012,-0.08826948310874227,-0.04413474155437114,0.05089845317586881
10.1021/acs.jmedchem.7b00363,DRD2_HUMAN,Ropinirole,Recruitment ,Transducer,HEK-293,Arrestin-3 (β-arrestin-2),104.0,7.522878745280337,7.61,9.539912084579118,-0.0104506049151265,10.1021/acs.jmedchem.7b00363|DRD2_HUMAN|Recruitment |Transducer|HEK-293|Arrestin-3 (β-arrestin-2),1.9299120845791178,0.09788241045370172,0.04894120522685086,0.04267168579832688
10.1021/acs.jmedchem.7b00363,DRD2_HUMAN,Ropinirole,Activation,Transducer,HEK-293T,GoA,92.0,6.481486060122113,6.42,8.445273887467668,0.0213824734664793,10.1021/acs.jmedchem.7b00363|DRD2_HUMAN|Activation|Transducer|HEK-293T|GoA,2.0252738874676677,-0.011631831482086685,-0.005815915741043343,0.04357366280675999
10.1021/acs.jmedchem.7b00363,DRD2_HUMAN,Rotigotine,Recruitment ,Transducer,HEK-293,Arrestin-3 (β-arrestin-2),106.0,8.356547323513812,8.49,10.381853188778582,-0.0485095007156628,10.1021/acs.jmedchem.7b00363|DRD2_HUMAN|Recruitment |Transducer|HEK-293|Arrestin-3 (β-arrestin-2),1.8918531887785814,0.05982351465316538,0.02991175732658269,0.04881584732656102
10.1021/acs.jmedchem.7b00363,DRD2_HUMAN,Rotigotine,Activation,Transducer,HEK-293T,GoA,91.0,8.494850021680094,8.45,10.453891414001188,0.0,10.1021/acs.jmedchem.7b00363|DRD2_HUMAN|Activation|Transducer|HEK-293T|GoA,2.0038914140011883,-0.03301430494856605,-0.016507152474283027,0.04239230469906874
10.1124/mol.116.103283,AA3R_HUMAN,MRS5783,Accumulation,Downstream,CHO,,128.125,5.5,5.5,7.607633878399829,-0.0239064133596169,10.1124/mol.116.103283|AA3R_HUMAN|Accumulation|Downstream|CHO|nan,2.107633878399829,-0.035469148652395255,-0.017734574326197627,0.043873886982820715
10.1124/mol.116.103283,AA3R_HUMAN,MRS5857,Accumulation,Downstream,CHO,,106.25,7.7,7.6,9.72632893872235,-0.0052113530370956,10.1124/mol.116.103283|AA3R_HUMAN|Accumulation|Downstream|CHO|nan,2.1263289387223505,-0.016774088329873926,-0.008387044164936963,0.04246161381287347
10.1124/mol.116.103283,AA3R_HUMAN,MRS5916,Accumulation,Downstream,CHO,,112.5,8.3,8.2,10.351152522447382,0.0196122306879367,10.1124/mol.116.103283|AA3R_HUMAN|Accumulation|Downstream|CHO|nan,2.151152522447383,0.008049495395158424,0.004024747697579212,0.043384075886737816
10.1124/mol.116.103283,AA3R_HUMAN,MRS7030,Accumulation,Downstream,CHO,,115.625,7.2,7.2,9.26305174574709,-0.0684885460123565,10.1124/mol.116.103283|AA3R_HUMAN|Accumulation|Downstream|CHO|nan,2.0630517457470896,-0.08005128130513484,-0.04002564065256742,0.05610352272810144
10.1124/mol.116.103283,AA3R_HUMAN,MRS7034,Accumulation,Downstream,CHO,,112.5,7.6,7.5,9.65115252244738,0.0196122306879349,10.1124/mol.116.103283|AA3R_HUMAN|Accumulation|Downstream|CHO|nan,2.1511525224473793,0.008049495395154871,0.0040247476975774354,0.04338407588673764
10.1124/mol.116.103283,AA3R_HUMAN,NECA,Accumulation,Downstream,CHO,,156.25,8.2,8.2,10.393820026016112,0.0622797342566663,10.1124/mol.116.103283|AA3R_HUMAN|Accumulation|Downstream|CHO|nan,2.1938200260161125,0.05071699896388804,0.02535849948194402,0.053463021367880725
10.1021/acs.jmedchem.8b00047,AA1R_HUMAN,2,Accumulation,Downstream,CHO,,115.0,5.87,6.01,7.930697840353612,-0.0919117601688581,10.1021/acs.jmedchem.8b00047|AA1R_HUMAN|Accumulation|Downstream|CHO|nan,1.9206978403536121,-0.09290300901292303,-0.046451504506461516,0.0699921735616832
10.1021/acs.jmedchem.8b00047,AA1R_HUMAN,3,Accumulation,Downstream,CHO,,106.0,6.65,6.7,8.675305865264772,-0.0373037352576988,10.1021/acs.jmedchem.8b00047|AA1R_HUMAN|Accumulation|Downstream|CHO|nan,1.9753058652647715,-0.038294984101763685,-0.019147492050881842,0.04608629989415774
10.1021/acs.jmedchem.8b00047,AA1R_HUMAN,4,Accumulation,Downstream,CHO,,112.0,7.01,6.8,9.059218022670182,0.2466084221477116,10.1021/acs.jmedchem.8b00047|AA1R_HUMAN|Accumulation|Downstream|CHO|nan,2.259218022670182,0.24561717330364674,0.12280858665182337,0.6688028782697009
10.1021/acs.jmedchem.8b00047,AA1R_HUMAN,5,Accumulation,Downstream,CHO,,114.0,7.02,6.98,9.076904851336472,0.0842952508140015,10.1021/acs.jmedchem.8b00047|AA1R_HUMAN|Accumulation|Downstream|CHO|nan,2.096904851336472,0.0833040019699367,0.04165200098496835,0.0646994720756535
10.1021/acs.jmedchem.8b00047,AA1R_HUMAN,6,Accumulation,Downstream,CHO,,105.0,7.64,7.85,9.66118929906994,-0.2014203014525311,10.1021/acs.jmedchem.8b00047|AA1R_HUMAN|Accumulation|Downstream|CHO|nan,1.811189299069941,-0.2024115502965942,-0.1012057751482971,0.3614707991244278
10.1021/acs.jmedchem.8b00047,AA1R_HUMAN,7,Accumulation,Downstream,CHO,,99.0,6.98,6.97,8.975635194597551,-0.006974405924919,10.1021/acs.jmedchem.8b00047|AA1R_HUMAN|Accumulation|Downstream|CHO|nan,2.0056351945975512,-0.00796565476898392,-0.00398282738449196,0.04251651913299595
10.1021/acs.jmedchem.8b00047,AA1R_HUMAN,8,Accumulation,Downstream,CHO,,104.0,5.89,5.89,7.9070333392987795,0.0044237387763095,10.1021/acs.jmedchem.8b00047|AA1R_HUMAN|Accumulation|Downstream|CHO|nan,2.01703333929878,0.0034324899322446534,0.0017162449661223267,0.04244223607719933
10.1124/mol.110.067454,ADA1A_HUMAN,A61603,Accumulation,Downstream,CHO-K1,,105.0,9.63,9.58,11.65118929906994,0.0,10.1124/mol.110.067454|ADA1A_HUMAN|Accumulation|Downstream|CHO-K1|nan,2.0711892990699408,0.001168847144931373,0.0005844235724656865,0.04239230469906874
10.1021/acs.jmedchem.8b00047,AA1R_HUMAN,9,Accumulation,Downstream,CHO,,119.0,6.86,6.97,8.93554696139253,-0.0470626391299395,10.1021/acs.jmedchem.8b00047|AA1R_HUMAN|Accumulation|Downstream|CHO|nan,1.9655469613925307,-0.04805388797400445,-0.024026943987002225,0.04841409544190358
10.1124/mol.110.067454,ADA1A_HUMAN,Cirazoline,Accumulation,Downstream,CHO-K1,,105.0,8.54,8.57,10.561189299069936,-0.0800000000000018,10.1124/mol.110.067454|ADA1A_HUMAN|Accumulation|Downstream|CHO-K1|nan,1.9911892990699354,-0.07883115285507403,-0.039415576427537014,0.06206816949035462
10.1021/acs.jmedchem.8b00047,AA1R_HUMAN,10,Accumulation,Downstream,CHO,,114.0,6.96,6.93,9.016904851336474,0.0742952508140035,10.1021/acs.jmedchem.8b00047|AA1R_HUMAN|Accumulation|Downstream|CHO|nan,2.086904851336474,0.07330400196993869,0.036652000984969346,0.05892616987846373
10.1124/mol.110.067454,ADA1A_HUMAN,Epinephrine,Accumulation,Downstream,CHO-K1,,103.0,9.32,9.33,11.332837224705171,-0.0683520743647658,10.1124/mol.110.067454|ADA1A_HUMAN|Accumulation|Downstream|CHO-K1|nan,2.0028372247051713,-0.06718322721983805,-0.033591613609919024,0.05604143275744911
10.1021/acs.jmedchem.8b00047,AA1R_HUMAN,11,Accumulation,Downstream,CHO,,110.0,7.42,7.44,9.461392685158224,0.0087830846357546,10.1021/acs.jmedchem.8b00047|AA1R_HUMAN|Accumulation|Downstream|CHO|nan,2.021392685158223,0.007791835791687962,0.003895917895843981,0.042589459649485
10.1124/mol.110.067454,ADA1A_HUMAN,Methoxamine,Accumulation,Downstream,CHO-K1,,95.0,7.44,7.24,9.417723605288849,0.1065343062189096,10.1124/mol.110.067454|ADA1A_HUMAN|Accumulation|Downstream|CHO-K1|nan,2.1777236052888487,0.10770315336383929,0.053851576681919644,0.08282801254604757
10.1021/acs.jmedchem.8b00047,AA1R_HUMAN,12,Accumulation,Downstream,CHO,,101.0,7.38,7.21,9.384321373782642,0.1617117732601718,10.1021/acs.jmedchem.8b00047|AA1R_HUMAN|Accumulation|Downstream|CHO|nan,2.174321373782642,0.16072052441610696,0.08036026220805348,0.18621885135384839
10.1124/mol.110.067454,ADA1A_HUMAN,Norepinephrine,Accumulation,Downstream,CHO-K1,,100.0,8.83,8.78,10.83,-0.0211892990699382,10.1124/mol.110.067454|ADA1A_HUMAN|Accumulation|Downstream|CHO-K1|nan,2.0500000000000007,-0.020020451925008675,-0.010010225962504338,0.043552138948405705
10.1021/acs.jmedchem.8b00047,AA1R_HUMAN,13,Accumulation,Downstream,CHO,,106.0,6.77,6.64,8.795305865264769,0.1426962647422991,10.1021/acs.jmedchem.8b00047|AA1R_HUMAN|Accumulation|Downstream|CHO|nan,2.1553058652647694,0.14170501589823425,0.07085250794911713,0.13724274989819346
10.1124/mol.110.067454,ADA1A_HUMAN,Norepinephrine,Accumulation,Downstream,CHO-K1,,100.0,8.58,8.46,10.58,0.0488107009300602,10.1124/mol.110.067454|ADA1A_HUMAN|Accumulation|Downstream|CHO-K1|nan,2.119999999999999,0.04997954807498983,0.024989774037494916,0.04890141705970807
10.1021/acs.jmedchem.8b00047,AA1R_HUMAN,14,Accumulation,Downstream,CHO,,109.0,6.86,6.86,8.897426497940625,0.0248168974181544,10.1021/acs.jmedchem.8b00047|AA1R_HUMAN|Accumulation|Downstream|CHO|nan,2.0374264979406247,0.02382564857408953,0.011912824287044765,0.043990933406596544
10.1124/mol.110.067454,ADA1A_HUMAN,Oxymetazoline,Accumulation,Downstream,CHO-K1,,84.0,8.86,8.52,10.78427928606188,0.1930899869919429,10.1124/mol.110.067454|ADA1A_HUMAN|Accumulation|Downstream|CHO-K1|nan,2.26427928606188,0.19425883413687073,0.09712941706843536,0.3153063373865372
10.1021/acs.jmedchem.8b00047,AA1R_HUMAN,15,Accumulation,Downstream,CHO,,100.0,7.17,7.04,9.17,0.1173903994775296,10.1021/acs.jmedchem.8b00047|AA1R_HUMAN|Accumulation|Downstream|CHO|nan,2.13,0.11639915063346473,0.058199575316732366,0.0951922112153615
10.1124/mol.110.067454,ADA1A_HUMAN,Phenylephrine,Accumulation,Downstream,CHO-K1,,99.0,8.1,7.94,10.09563519459755,0.0844458955276108,10.1124/mol.110.067454|ADA1A_HUMAN|Accumulation|Downstream|CHO-K1|nan,2.15563519459755,0.08561474267254043,0.04280737133627022,0.0647961671438928
10.1021/acs.jmedchem.8b00047,AA1R_HUMAN,16,Accumulation,Downstream,CHO,,117.0,6.63,6.69,8.698185861746161,-0.0044237387763095,10.1021/acs.jmedchem.8b00047|AA1R_HUMAN|Accumulation|Downstream|CHO|nan,2.0081858617461608,-0.005414987620374401,-0.0027074938101872004,0.04244223607719933
10.1021/acs.jmedchem.8b00047,AA1R_HUMAN,1 (VCP746),Accumulation,Downstream,CHO,,112.0,7.37,7.35,9.41921802267018,0.0566084221477112,10.1021/acs.jmedchem.8b00047|AA1R_HUMAN|Accumulation|Downstream|CHO|nan,2.0692180226701797,0.055617173303644574,0.027808586651822287,0.051359784731867704
10.1021/acs.jmedchem.8b00047,AA1R_HUMAN,NECA,Accumulation,Downstream,CHO,,101.0,9.12,8.98,11.124321373782642,0.1317117732601715,10.1021/acs.jmedchem.8b00047|AA1R_HUMAN|Accumulation|Downstream|CHO|nan,2.144321373782642,0.1307205244161067,0.06536026220805335,0.11632241591125084
10.1021/acs.jmedchem.8b01912,FPR1_HUMAN,43,Phosphorylation,Downstream,CHO,,100.0,7.29,7.23,9.29,0.0849999999999977,10.1021/acs.jmedchem.8b01912|FPR1_HUMAN|Phosphorylation|Downstream|CHO|nan,2.0599999999999987,0.09312143852037047,0.046560719260185235,0.0651544853297182
10.1021/acs.jmedchem.8b01912,FPR1_HUMAN,50,Phosphorylation,Downstream,CHO,,100.0,7.08,7.1,9.08,0.0049999999999994,10.1021/acs.jmedchem.8b01912|FPR1_HUMAN|Phosphorylation|Downstream|CHO|nan,1.9800000000000004,0.013121438520372175,0.0065607192601860875,0.04245610201648565
10.1021/acs.jmedchem.8b01912,FPR1_HUMAN,54,Phosphorylation,Downstream,CHO,,100.0,7.03,7.06,9.03,-0.0049999999999994,10.1021/acs.jmedchem.8b01912|FPR1_HUMAN|Phosphorylation|Downstream|CHO|nan,1.9699999999999998,0.0031214385203715,0.00156071926018575,0.04245610201648565
10.1021/acs.jmedchem.8b01912,FPR1_HUMAN,17b,Phosphorylation,Downstream,CHO,,92.7927927927928,6.22,6.33,8.187514245918514,-0.1174857540814868,10.1021/acs.jmedchem.8b01912|FPR1_HUMAN|Phosphorylation|Downstream|CHO|nan,1.857514245918514,-0.10936431556111414,-0.05468215778055707,0.0953134555083493
10.1021/acs.jmedchem.8b01912,FPR2_HUMAN,43,Phosphorylation,Downstream,CHO,,100.0,7.39,7.33,9.39,0.0099999999999997,10.1021/acs.jmedchem.8b01912|FPR2_HUMAN|Phosphorylation|Downstream|CHO|nan,2.0600000000000005,0.02666666666666684,0.01333333333333342,0.042648044928568024
10.1021/acs.jmedchem.8b01912,FPR2_HUMAN,50,Phosphorylation,Downstream,CHO,,100.0,7.15,7.16,9.15,-0.0600000000000005,10.1021/acs.jmedchem.8b01912|FPR2_HUMAN|Phosphorylation|Downstream|CHO|nan,1.9900000000000002,-0.043333333333333446,-0.021666666666666723,0.05258377271054586
10.1021/acs.jmedchem.8b01912,FPR2_HUMAN,54,Phosphorylation,Downstream,CHO,,100.0,7.21,7.16,9.21,0.0,10.1021/acs.jmedchem.8b01912|FPR2_HUMAN|Phosphorylation|Downstream|CHO|nan,2.0500000000000007,0.01666666666666705,0.008333333333333526,0.04239230469906874
10.1038/s41598-020-65636-3,ADRB1_HUMAN,Epinephrine,Accumulation,Downstream,HEK-293,,110.4,7.2,7.24,9.24296907339318,-0.0605931517604698,10.1038/s41598-020-65636-3|ADRB1_HUMAN|Accumulation|Downstream|HEK-293|nan,2.0029690733931798,-0.08778931637387055,-0.043894658186935276,0.05280807303436284
10.1038/s41598-020-65636-3,ADRB1_HUMAN,Isoproterenol,Accumulation,Downstream,HEK-293,,107.8,7.68,7.69,9.71261876085072,-0.0409434643029298,10.1038/s41598-020-65636-3|ADRB1_HUMAN|Accumulation|Downstream|HEK-293|nan,2.02261876085072,-0.06813962891633052,-0.03406981445816526,0.046879209824448625
10.1038/s41598-020-65636-3,ADRB1_HUMAN,Norepinephrine,Accumulation,Downstream,HEK-293,,101.9,7.17,7.13,9.178174184006426,-0.0153880411472231,10.1038/s41598-020-65636-3|ADRB1_HUMAN|Accumulation|Downstream|HEK-293|nan,2.0481741840064265,-0.04258420576062383,-0.021292102880311914,0.043000264850246495
10.1021/acschemneuro.9b00429,CNR1_HUMAN,AMB-FUBINACA,Recruitment ,Transducer,HEK,Arrestin-2 (β-arrestin-1),101.7,7.05,7.149,9.057320952922744,0.1581437928375084,10.1021/acschemneuro.9b00429|CNR1_HUMAN|Recruitment |Transducer|HEK|Arrestin-2 (β-arrestin-1),1.908320952922744,0.15814379283750846,0.07907189641875423,0.1755984632568231
10.1021/acschemneuro.9b00429,CNR1_HUMAN,AMB-FUBINACA,Recruitment ,Transducer,HEK,Arrestin-3 (β-arrestin-2),102.4,7.26,7.28,9.270299956639812,0.0574519639233934,10.1021/acschemneuro.9b00429|CNR1_HUMAN|Recruitment |Transducer|HEK|Arrestin-3 (β-arrestin-2),1.990299956639812,0.05745196392339347,0.028725981961696734,0.051655054966249225
10.1021/acschemneuro.9b00429,CNR1_HUMAN,AMB-FUBINACA,Internalization ,Transducer,HEK,,158.96,8.14,8.134,10.34128785410176,0.0561439270508801,10.1021/acschemneuro.9b00429|CNR1_HUMAN|Internalization |Transducer|HEK|nan,2.207287854101759,0.07799082361127851,0.03899541180563926,0.051199730868389366
10.1021/acschemneuro.9b00429,CNR1_HUMAN,AMB-FUBINACA,Phosphorylation,Downstream,HEK,,118.2,8.8,8.802,10.872617476545235,0.0725463455157116,10.1021/acschemneuro.9b00429|CNR1_HUMAN|Phosphorylation|Downstream|HEK|nan,2.0706174765452356,0.09474809630997405,0.047374048154987025,0.058037921708063614
10.1021/acschemneuro.9b00429,CNR1_HUMAN,AMB-FUBINACA,Accumulation,Downstream,HEK,,101.1,9.18,9.195,11.184751155591002,-0.1090718517060786,10.1021/acschemneuro.9b00429|CNR1_HUMAN|Accumulation|Downstream|HEK|nan,1.9897511555910015,-0.10515556042205487,-0.052577780211027436,0.085476555002161
10.1021/acschemneuro.9b00429,CNR1_HUMAN,"CP55,940",Recruitment ,Transducer,HEK,Arrestin-2 (β-arrestin-1),19.1,7.29,6.979,8.571033367247727,-0.1581437928375084,10.1021/acschemneuro.9b00429|CNR1_HUMAN|Recruitment |Transducer|HEK|Arrestin-2 (β-arrestin-1),1.5920333672477271,-0.15814379283750846,-0.07907189641875423,0.1755984632568231
10.1021/acschemneuro.9b00429,CNR1_HUMAN,"CP55,940",Recruitment ,Transducer,HEK,Arrestin-3 (β-arrestin-2),57.2,6.75,6.632,8.507396028793025,-0.0574519639233934,10.1021/acschemneuro.9b00429|CNR1_HUMAN|Recruitment |Transducer|HEK|Arrestin-3 (β-arrestin-2),1.8753960287930251,-0.05745196392339347,-0.028725981961696734,0.051655054966249225
10.1021/acschemneuro.9b00429,CNR1_HUMAN,"CP55,940",Internalization ,Transducer,HEK,,100.0,8.28,8.185,10.28,-0.0561439270508801,10.1021/acschemneuro.9b00429|CNR1_HUMAN|Internalization |Transducer|HEK|nan,2.094999999999999,-0.03429703049048172,-0.01714851524524086,0.051199730868389366
10.1021/acschemneuro.9b00429,CNR1_HUMAN,"CP55,940",Phosphorylation,Downstream,HEK,,100.0,8.35,8.308,10.35,0.0439288689704739,10.1021/acschemneuro.9b00429|CNR1_HUMAN|Phosphorylation|Downstream|HEK|nan,2.042,0.06613061976473822,0.03306530988236911,0.04759553048169542
10.1021/acschemneuro.9b00429,CNR1_HUMAN,"CP55,940",Accumulation,Downstream,HEK,,99.4,9.2,9.172,11.197386384397312,-0.0734366228997687,10.1021/acschemneuro.9b00429|CNR1_HUMAN|Accumulation|Downstream|HEK|nan,2.0253863843973114,-0.06952033161574489,-0.034760165807872445,0.058485857596615606
10.1021/acschemneuro.9b00429,CNR1_HUMAN,"WIN55,212-2",Internalization ,Transducer,HEK,,194.55,6.6,6.624,8.889031235139761,0.1138873080888824,10.1021/acschemneuro.9b00429|CNR1_HUMAN|Internalization |Transducer|HEK|nan,2.2650312351397615,0.13573420464928088,0.06786710232464044,0.09089812893606847
10.1021/acschemneuro.9b00429,CNR1_HUMAN,"WIN55,212-2",Phosphorylation,Downstream,HEK,,113.8,6.91,7.012,8.966142262059051,-0.0439288689704739,10.1021/acschemneuro.9b00429|CNR1_HUMAN|Phosphorylation|Downstream|HEK|nan,1.9541422620590518,-0.02172711817620976,-0.01086355908810488,0.04759553048169542
10.1021/acschemneuro.9b00429,CNR1_HUMAN,"WIN55,212-2",Accumulation,Downstream,HEK,,92.1,8.12,7.912,10.084259630196849,0.0734366228997687,10.1021/acschemneuro.9b00429|CNR1_HUMAN|Accumulation|Downstream|HEK|nan,2.172259630196849,0.07735291418379253,0.038676457091896266,0.058485857596615606
10.1021/acschemneuro.9b00429,CNR1_HUMAN,Δ9-THC,Internalization ,Transducer,HEK,,30.54,7.14,6.675,8.624869032720403,-0.201274894330476,10.1021/acschemneuro.9b00429|CNR1_HUMAN|Internalization |Transducer|HEK|nan,1.949869032720403,-0.17942799777007767,-0.08971399888503884,0.3606222636241908
10.1021/acschemneuro.9b00429,CNR1_HUMAN,Δ9-THC,Phosphorylation,Downstream,HEK,,50.9,7.23,7.1,8.936717782336759,-0.1613533486927667,10.1021/acschemneuro.9b00429|CNR1_HUMAN|Phosphorylation|Downstream|HEK|nan,1.836717782336759,-0.1391515978985025,-0.06957579894925126,0.18511907916713358
10.1021/acschemneuro.9b00429,CNR1_HUMAN,Δ9-THC,Accumulation,Downstream,HEK,,67.8,7.78,7.419,9.611229693867063,0.0934066865699834,10.1021/acschemneuro.9b00429|CNR1_HUMAN|Accumulation|Downstream|HEK|nan,2.1922296938670636,0.09732297785400723,0.048661488927003616,0.07113347743691924
10.1021/acsptsci.0c00022,GLP1R_HUMAN,Chimera 1,Recruitment ,Transducer,CHO-K1,Arrestin-3 (β-arrestin-2),108.0,6.6,6.6,8.63342375548695,-0.0350591930669859,10.1021/acsptsci.0c00022|GLP1R_HUMAN|Recruitment |Transducer|CHO-K1|Arrestin-3 (β-arrestin-2),2.0334237554869503,-0.06882003242453205,-0.034410016212266026,0.04563983218193389
10.1021/acsptsci.0c00022,GLP1R_HUMAN,Chimera 1 ,Recruitment ,Transducer,CHO-K1,Arrestin-3 (β-arrestin-2),102.0,6.4,6.4,8.408600171761918,-0.0598827767920182,10.1021/acsptsci.0c00022|GLP1R_HUMAN|Recruitment |Transducer|CHO-K1|Arrestin-3 (β-arrestin-2),2.008600171761918,-0.0936436161495644,-0.0468218080747822,0.05253981176114419
10.1021/acsptsci.0c00022,GLP1R_HUMAN,Chimera 1 ,Internalization ,Transducer,HEK-293,,100.0,8.2,8.2,10.2,0.0,10.1021/acsptsci.0c00022|GLP1R_HUMAN|Internalization |Transducer|HEK-293|nan,2.0,0.027001096206846542,0.013500548103423271,0.04239230469906874
10.1021/acsptsci.0c00022,GLP1R_HUMAN,Chimera 1 ,Accumulation,Downstream,CHO-K1,,100.0,9.5,9.5,11.5,0.0,10.1021/acsptsci.0c00022|GLP1R_HUMAN|Accumulation|Downstream|CHO-K1|nan,2.0,-0.01904761904761898,-0.00952380952380949,0.04239230469906874
10.1021/acsptsci.0c00022,GLP1R_HUMAN,Chimera 1 ,Accumulation,Downstream,CHO-K1,,100.0,9.5,9.5,11.5,0.0,10.1021/acsptsci.0c00022|GLP1R_HUMAN|Accumulation|Downstream|CHO-K1|nan,2.0,-0.01904761904761898,-0.00952380952380949,0.04239230469906874
10.1021/acsptsci.0c00022,GLP1R_HUMAN,Chimera 1-phe1,Recruitment ,Transducer,CHO-K1,Arrestin-3 (β-arrestin-2),55.0,5.6,5.2,7.340362689494244,0.0718797409403073,10.1021/acsptsci.0c00022|GLP1R_HUMAN|Recruitment |Transducer|CHO-K1|Arrestin-3 (β-arrestin-2),2.1403626894942436,0.03811890158276121,0.019059450791380605,0.057708179713591136
10.1021/acsptsci.0c00022,GLP1R_HUMAN,Chimera 1-phe1,Accumulation,Downstream,CHO-K1,,100.0,8.1,8.1,10.1,0.0,10.1021/acsptsci.0c00022|GLP1R_HUMAN|Accumulation|Downstream|CHO-K1|nan,2.0,-0.01904761904761898,-0.00952380952380949,0.04239230469906874
10.1021/acsptsci.0c00022,GLP1R_HUMAN,Chimera 2,Recruitment ,Transducer,CHO-K1,Arrestin-3 (β-arrestin-2),104.0,6.9,6.9,8.917033339298781,-0.0514496092551555,10.1021/acsptsci.0c00022|GLP1R_HUMAN|Recruitment |Transducer|CHO-K1|Arrestin-3 (β-arrestin-2),2.0170333392987807,-0.08521044861270166,-0.04260522430635083,0.04968023178516618
10.1021/acsptsci.0c00022,GLP1R_HUMAN,Chimera 2,Recruitment ,Transducer,CHO-K1,Arrestin-3 (β-arrestin-2),108.0,7.0,7.0,9.03342375548695,-0.0350591930669859,10.1021/acsptsci.0c00022|GLP1R_HUMAN|Recruitment |Transducer|CHO-K1|Arrestin-3 (β-arrestin-2),2.0334237554869503,-0.06882003242453205,-0.034410016212266026,0.04563983218193389
10.1021/acsptsci.0c00022,GLP1R_HUMAN,Chimera 2,Internalization ,Transducer,HEK-293,,101.0,8.2,8.2,10.204321373782642,0.004321373782643,10.1021/acsptsci.0c00022|GLP1R_HUMAN|Internalization |Transducer|HEK-293|nan,2.004321373782643,0.03132246998948962,0.01566123499474481,0.04243995077013089
10.1021/acsptsci.0c00022,GLP1R_HUMAN,Chimera 2,Accumulation,Downstream,CHO-K1,,100.0,10.0,10.0,12.0,0.0,10.1021/acsptsci.0c00022|GLP1R_HUMAN|Accumulation|Downstream|CHO-K1|nan,2.0,-0.01904761904761898,-0.00952380952380949,0.04239230469906874
10.1021/acsptsci.0c00022,GLP1R_HUMAN,Chimera 2,Accumulation,Downstream,CHO-K1,,100.0,10.0,9.9,12.0,0.0999999999999996,10.1021/acsptsci.0c00022|GLP1R_HUMAN|Accumulation|Downstream|CHO-K1|nan,2.0999999999999996,0.08095238095238066,0.04047619047619033,0.07661144802699281
10.1021/acsptsci.0c00022,GLP1R_HUMAN,Chimera 2-phe1,Recruitment ,Transducer,CHO-K1,Arrestin-3 (β-arrestin-2),62.0,5.9,5.5,7.692391689498255,0.1239087409443184,10.1021/acsptsci.0c00022|GLP1R_HUMAN|Recruitment |Transducer|CHO-K1|Arrestin-3 (β-arrestin-2),2.1923916894982547,0.09014790158677233,0.045073950793386164,0.10404918684173727
10.1021/acsptsci.0c00022,GLP1R_HUMAN,Chimera 2-phe1,Accumulation,Downstream,CHO-K1,,100.0,8.8,8.7,10.8,0.1000000000000014,10.1021/acsptsci.0c00022|GLP1R_HUMAN|Accumulation|Downstream|CHO-K1|nan,2.1000000000000014,0.08095238095238244,0.04047619047619122,0.07661144802699439
10.1021/acsptsci.0c00022,GLP1R_HUMAN,Chimera 3,Recruitment ,Transducer,CHO-K1,Arrestin-3 (β-arrestin-2),93.0,6.9,6.8,8.868482948553936,0.0,10.1021/acsptsci.0c00022|GLP1R_HUMAN|Recruitment |Transducer|CHO-K1|Arrestin-3 (β-arrestin-2),2.068482948553936,-0.033760839357546146,-0.016880419678773073,0.04239230469906874
10.1021/acsptsci.0c00022,GLP1R_HUMAN,Chimera 3,Recruitment ,Transducer,CHO-K1,Arrestin-3 (β-arrestin-2),105.0,7.0,7.0,9.021189299069938,-0.0472936494839979,10.1021/acsptsci.0c00022|GLP1R_HUMAN|Recruitment |Transducer|CHO-K1|Arrestin-3 (β-arrestin-2),2.0211892990699383,-0.08105448884154409,-0.040527244420772046,0.04847721534166414
10.1021/acsptsci.0c00022,GLP1R_HUMAN,Chimera 3,Internalization ,Transducer,HEK-293,,103.0,8.4,8.4,10.412837224705171,0.0128372247051711,10.1021/acsptsci.0c00022|GLP1R_HUMAN|Internalization |Transducer|HEK-293|nan,2.012837224705171,0.039838320912017666,0.019919160456008833,0.04281453641733207
10.1021/acsptsci.0c00022,GLP1R_HUMAN,Chimera 3,Accumulation,Downstream,CHO-K1,,100.0,10.0,10.0,12.0,0.0,10.1021/acsptsci.0c00022|GLP1R_HUMAN|Accumulation|Downstream|CHO-K1|nan,2.0,-0.01904761904761898,-0.00952380952380949,0.04239230469906874
10.1021/acsptsci.0c00022,GLP1R_HUMAN,Chimera 3,Accumulation,Downstream,CHO-K1,,100.0,9.9,9.8,11.9,0.0999999999999996,10.1021/acsptsci.0c00022|GLP1R_HUMAN|Accumulation|Downstream|CHO-K1|nan,2.0999999999999996,0.08095238095238066,0.04047619047619033,0.07661144802699281
10.1021/acsptsci.0c00022,GLP1R_HUMAN,Chimera 3-phe1,Recruitment ,Transducer,CHO-K1,Arrestin-3 (β-arrestin-2),53.0,6.3,5.9,8.024275869600789,0.0557929210468524,10.1021/acsptsci.0c00022|GLP1R_HUMAN|Recruitment |Transducer|CHO-K1|Arrestin-3 (β-arrestin-2),2.1242758696007886,0.02203208168930626,0.01101604084465313,0.051079967304273666
10.1021/acsptsci.0c00022,GLP1R_HUMAN,Chimera 3-phe1,Accumulation,Downstream,CHO-K1,,100.0,9.4,9.3,11.4,0.0999999999999996,10.1021/acsptsci.0c00022|GLP1R_HUMAN|Accumulation|Downstream|CHO-K1|nan,2.0999999999999996,0.08095238095238066,0.04047619047619033,0.07661144802699281
10.1021/acsptsci.0c00022,GLP1R_HUMAN,Ex-ala2,Recruitment ,Transducer,CHO-K1,Arrestin-3 (β-arrestin-2),97.0,7.1,6.8,9.086771734266245,0.2182887857123088,10.1021/acsptsci.0c00022|GLP1R_HUMAN|Recruitment |Transducer|CHO-K1|Arrestin-3 (β-arrestin-2),2.286771734266245,0.18452794635476266,0.09226397317738133,0.46897679725845004
10.1021/acsptsci.0c00022,GLP1R_HUMAN,Ex-ala2,Recruitment ,Transducer,CHO-K1,Arrestin-3 (β-arrestin-2),105.0,7.3,7.2,9.32118929906994,0.0527063505160025,10.1021/acsptsci.0c00022|GLP1R_HUMAN|Recruitment |Transducer|CHO-K1|Arrestin-3 (β-arrestin-2),2.1211892990699406,0.018945511158458217,0.009472755579229108,0.05006987545739551
10.1021/acsptsci.0c00022,GLP1R_HUMAN,Ex-ala2,Internalization ,Transducer,HEK-293,,101.0,8.3,8.3,10.304321373782644,0.004321373782643,10.1021/acsptsci.0c00022|GLP1R_HUMAN|Internalization |Transducer|HEK-293|nan,2.004321373782643,0.03132246998948962,0.01566123499474481,0.04243995077013089
10.1021/acsptsci.0c00022,GLP1R_HUMAN,Ex-ala2,Accumulation,Downstream,CHO-K1,,100.0,10.1,10.1,12.1,0.0,10.1021/acsptsci.0c00022|GLP1R_HUMAN|Accumulation|Downstream|CHO-K1|nan,2.0,-0.01904761904761898,-0.00952380952380949,0.04239230469906874
10.1021/acsptsci.0c00022,GLP1R_HUMAN,Ex-ala2,Accumulation,Downstream,CHO-K1,,100.0,10.0,10.0,12.0,0.0,10.1021/acsptsci.0c00022|GLP1R_HUMAN|Accumulation|Downstream|CHO-K1|nan,2.0,-0.01904761904761898,-0.00952380952380949,0.04239230469906874
10.1021/acsptsci.0c00022,GLP1R_HUMAN,Ex-ala2-phe1,Recruitment ,Transducer,CHO-K1,Arrestin-3 (β-arrestin-2),51.0,6.7,6.2,8.407570176097936,0.1390872275439996,10.1021/acsptsci.0c00022|GLP1R_HUMAN|Recruitment |Transducer|CHO-K1|Arrestin-3 (β-arrestin-2),2.207570176097936,0.10532638818645346,0.05266319409322673,0.12985236927006585
10.1021/acsptsci.0c00022,GLP1R_HUMAN,Ex-ala2-phe1,Accumulation,Downstream,CHO-K1,,100.0,9.8,9.8,11.8,0.0,10.1021/acsptsci.0c00022|GLP1R_HUMAN|Accumulation|Downstream|CHO-K1|nan,2.0,-0.01904761904761898,-0.00952380952380949,0.04239230469906874
10.1021/acsptsci.0c00022,GLP1R_HUMAN,Ex-phe1,Recruitment ,Transducer,CHO-K1,Arrestin-3 (β-arrestin-2),12.0,6.0,4.6,7.079181246047625,0.4106982974936892,10.1021/acsptsci.0c00022|GLP1R_HUMAN|Recruitment |Transducer|CHO-K1|Arrestin-3 (β-arrestin-2),2.4791812460476255,0.3769374581361431,0.18846872906807155,0.9994349483374706
10.1021/acsptsci.0c00022,GLP1R_HUMAN,Ex-phe1,Accumulation,Downstream,CHO-K1,,100.0,9.0,8.9,11.0,0.0999999999999996,10.1021/acsptsci.0c00022|GLP1R_HUMAN|Accumulation|Downstream|CHO-K1|nan,2.0999999999999996,0.08095238095238066,0.04047619047619033,0.07661144802699281
10.1021/acsptsci.0c00022,GLP1R_HUMAN,Exendin-4,Recruitment ,Transducer,CHO-K1,Arrestin-3 (β-arrestin-2),77.0,6.9,7.0,8.786490725172483,-0.2819922233814536,10.1021/acsptsci.0c00022|GLP1R_HUMAN|Recruitment |Transducer|CHO-K1|Arrestin-3 (β-arrestin-2),1.7864907251724826,-0.3157530627389997,-0.15787653136949986,0.8673460654462225
10.1021/acsptsci.0c00022,GLP1R_HUMAN,Exendin-4,Recruitment ,Transducer,CHO-K1,Arrestin-3 (β-arrestin-2),87.0,7.2,7.0,9.13951925261862,0.071036304064683,10.1021/acsptsci.0c00022|GLP1R_HUMAN|Recruitment |Transducer|CHO-K1|Arrestin-3 (β-arrestin-2),2.1395192526186193,0.03727546470713694,0.01863773235356847,0.05729780754279539
10.1021/acsptsci.0c00022,GLP1R_HUMAN,Exendin-4,Internalization ,Transducer,HEK-293,,92.0,8.4,8.4,10.363787827345556,-0.0362121726544444,10.1021/acsptsci.0c00022|GLP1R_HUMAN|Internalization |Transducer|HEK-293|nan,1.9637878273455556,-0.009211076447597888,-0.004605538223798944,0.045865197710530686
10.1021/acsptsci.0c00022,GLP1R_HUMAN,Exendin-4,Accumulation,Downstream,CHO-K1,,100.0,10.2,10.1,12.2,0.0999999999999996,10.1021/acsptsci.0c00022|GLP1R_HUMAN|Accumulation|Downstream|CHO-K1|nan,2.0999999999999996,0.08095238095238066,0.04047619047619033,0.07661144802699281
10.1021/acsptsci.0c00022,GLP1R_HUMAN,Exendin-4,Accumulation,Downstream,CHO-K1,,100.0,10.0,10.1,12.0,-0.0999999999999996,10.1021/acsptsci.0c00022|GLP1R_HUMAN|Accumulation|Downstream|CHO-K1|nan,1.9000000000000004,-0.11904761904761862,-0.05952380952380931,0.07661144802699281
10.1021/acsptsci.0c00022,GLP1R_HUMAN,GLP-1,Recruitment ,Transducer,CHO-K1,Arrestin-3 (β-arrestin-2),102.0,6.2,6.2,8.208600171761917,-0.0598827767920191,10.1021/acsptsci.0c00022|GLP1R_HUMAN|Recruitment |Transducer|CHO-K1|Arrestin-3 (β-arrestin-2),2.008600171761917,-0.09364361614956529,-0.046821808074782645,0.05253981176114453
10.1021/acsptsci.0c00022,GLP1R_HUMAN,GLP-1,Recruitment ,Transducer,CHO-K1,Arrestin-3 (β-arrestin-2),111.0,6.4,6.4,8.445322978786658,-0.0231599697672786,10.1021/acsptsci.0c00022|GLP1R_HUMAN|Recruitment |Transducer|CHO-K1|Arrestin-3 (β-arrestin-2),2.0453229787866576,-0.05692080912482478,-0.02846040456241239,0.04378140276792799
10.1021/acsptsci.0c00022,GLP1R_HUMAN,GLP-1,Internalization ,Transducer,HEK-293,,98.0,7.8,7.8,9.791226075692494,-0.0087739243075057,10.1021/acsptsci.0c00022|GLP1R_HUMAN|Internalization |Transducer|HEK-293|nan,1.9912260756924942,0.018227171899340755,0.009113585949670377,0.04258904770800471
10.1021/acsptsci.0c00022,GLP1R_HUMAN,GLP-1,Accumulation,Downstream,CHO-K1,,100.0,9.5,9.5,11.5,0.0,10.1021/acsptsci.0c00022|GLP1R_HUMAN|Accumulation|Downstream|CHO-K1|nan,2.0,-0.01904761904761898,-0.00952380952380949,0.04239230469906874
10.1021/acsptsci.0c00022,GLP1R_HUMAN,GLP-1,Accumulation,Downstream,CHO-K1,,100.0,9.4,9.3,11.4,0.0999999999999996,10.1021/acsptsci.0c00022|GLP1R_HUMAN|Accumulation|Downstream|CHO-K1|nan,2.0999999999999996,0.08095238095238066,0.04047619047619033,0.07661144802699281
10.1021/acsptsci.0c00022,GLP1R_HUMAN,GLP-1-gly2,Recruitment ,Transducer,CHO-K1,Arrestin-3 (β-arrestin-2),87.0,5.7,5.7,7.639519252618618,-0.1289636959353179,10.1021/acsptsci.0c00022|GLP1R_HUMAN|Recruitment |Transducer|CHO-K1|Arrestin-3 (β-arrestin-2),1.9395192526186182,-0.16272453529286413,-0.08136226764643206,0.11177614006607293
10.1021/acsptsci.0c00022,GLP1R_HUMAN,GLP-1-gly2,Recruitment ,Transducer,CHO-K1,Arrestin-3 (β-arrestin-2),101.0,5.8,5.8,7.804321373782642,-0.064161574771294,10.1021/acsptsci.0c00022|GLP1R_HUMAN|Recruitment |Transducer|CHO-K1|Arrestin-3 (β-arrestin-2),2.004321373782642,-0.09792241412884017,-0.04896120706442009,0.054224466641371545
10.1021/acsptsci.0c00022,GLP1R_HUMAN,GLP-1-gly2,Internalization ,Transducer,HEK-293,,86.0,7.7,7.8,9.634498451243568,-0.1655015487564322,10.1021/acsptsci.0c00022|GLP1R_HUMAN|Internalization |Transducer|HEK-293|nan,1.8344984512435678,-0.13850045254958565,-0.06925022627479283,0.19831294965742516
10.1021/acsptsci.0c00022,GLP1R_HUMAN,GLP-1-gly2,Accumulation,Downstream,CHO-K1,,100.0,8.8,8.9,10.8,-0.0999999999999996,10.1021/acsptsci.0c00022|GLP1R_HUMAN|Accumulation|Downstream|CHO-K1|nan,1.9000000000000004,-0.11904761904761862,-0.05952380952380931,0.07661144802699281
10.1021/acsptsci.0c00022,GLP1R_HUMAN,GLP-1-gly2,Accumulation,Downstream,CHO-K1,,100.0,8.8,8.8,10.8,0.0,10.1021/acsptsci.0c00022|GLP1R_HUMAN|Accumulation|Downstream|CHO-K1|nan,2.0,-0.01904761904761898,-0.00952380952380949,0.04239230469906874
10.1021/acsptsci.0c00022,GLP1R_HUMAN,GLP-1-gly2-phe1,Recruitment ,Transducer,CHO-K1,Arrestin-3 (β-arrestin-2),16.0,4.8,3.6,6.004119982655925,0.3356370341019885,10.1021/acsptsci.0c00022|GLP1R_HUMAN|Recruitment |Transducer|CHO-K1|Arrestin-3 (β-arrestin-2),2.4041199826559247,0.3018761947444424,0.1509380973722212,0.9812747140305713
10.1021/acsptsci.0c00022,GLP1R_HUMAN,GLP-1-gly2-phe1,Accumulation,Downstream,CHO-K1,,100.0,7.0,7.1,9.0,-0.0999999999999996,10.1021/acsptsci.0c00022|GLP1R_HUMAN|Accumulation|Downstream|CHO-K1|nan,1.9000000000000004,-0.11904761904761862,-0.05952380952380931,0.07661144802699281
10.1021/acsptsci.0c00022,GLP1R_HUMAN,GLP-1-phe1,Recruitment ,Transducer,CHO-K1,Arrestin-3 (β-arrestin-2),61.0,5.7,5.4,7.485329835010767,0.0168468864568307,10.1021/acsptsci.0c00022|GLP1R_HUMAN|Recruitment |Transducer|CHO-K1|Arrestin-3 (β-arrestin-2),2.085329835010767,-0.0169139529007154,-0.0084569764503577,0.043121990160653004
10.1021/acsptsci.0c00022,GLP1R_HUMAN,GLP-1-phe1,Accumulation,Downstream,CHO-K1,,100.0,8.1,8.1,10.1,0.0,10.1021/acsptsci.0c00022|GLP1R_HUMAN|Accumulation|Downstream|CHO-K1|nan,2.0,-0.01904761904761898,-0.00952380952380949,0.04239230469906874
10.1021/acsptsci.9b00083,CALRL_HUMAN,AM,Phosphorylation,Downstream,COS-7,,76.2,8.57,8.25,10.4519549713396,-0.0165300475390486,10.1021/acsptsci.9b00083|CALRL_HUMAN|Phosphorylation|Downstream|COS-7|nan,2.2019549713395996,-0.027018147985554908,-0.013509073992777454,0.043094588041061116
10.1021/acsptsci.9b00083,CALRL_HUMAN,AM,Phosphorylation,Downstream,COS-7,,90.2,8.0,8.11,9.955206537541942,-0.3732784813367074,10.1021/acsptsci.9b00083|CALRL_HUMAN|Phosphorylation|Downstream|COS-7|nan,1.8452065375419426,-0.3837665817832119,-0.19188329089160594,0.9964428017894641
10.1021/acsptsci.9b00083,CALRL_HUMAN,AM,Phosphorylation,Downstream,COS-7,,100.0,9.67,9.46,11.67,-0.0084850188786509,10.1021/acsptsci.9b00083|CALRL_HUMAN|Phosphorylation|Downstream|COS-7|nan,2.209999999999999,-0.01897311932515544,-0.00948655966257772,0.04257627803919836
10.1021/acsptsci.9b00083,CALRL_HUMAN,AM,Phosphorylation,Downstream,COS-7,,100.0,9.03,8.88,11.03,-0.0684850188786514,10.1021/acsptsci.9b00083|CALRL_HUMAN|Phosphorylation|Downstream|COS-7|nan,2.1499999999999986,-0.07897311932515594,-0.03948655966257797,0.05610191562788714
10.1021/acsptsci.9b00083,CALRL_HUMAN,AM,Phosphorylation,Downstream,COS-7,,100.0,8.98,8.92,10.98,-0.1584850188786495,10.1021/acsptsci.9b00083|CALRL_HUMAN|Phosphorylation|Downstream|COS-7|nan,2.0600000000000005,-0.16897311932515402,-0.08448655966257701,0.17658311643574293
10.1021/acsptsci.9b00083,CALRL_HUMAN,AM,Phosphorylation,Downstream,COS-7,,113.0,8.89,8.69,10.94307844348342,0.0345934246047709,10.1021/acsptsci.9b00083|CALRL_HUMAN|Phosphorylation|Downstream|COS-7|nan,2.253078443483421,0.024105324158266495,0.012052662079133247,0.04555114978952413
10.1021/acsptsci.9b00083,CALRL_HUMAN,AM,Phosphorylation,Downstream,COS-7,,54.8,6.5,6.11,8.238780558484368,-0.089704460394282,10.1021/acsptsci.9b00083|CALRL_HUMAN|Phosphorylation|Downstream|COS-7|nan,2.128780558484368,-0.10019256084078654,-0.05009628042039327,0.06837063422119882
10.1021/acsptsci.9b00083,CALRL_HUMAN,AM,Phosphorylation,Downstream,COS-7,,145.0,6.29,5.89,8.451368002234975,0.3428829833563256,10.1021/acsptsci.9b00083|CALRL_HUMAN|Phosphorylation|Downstream|COS-7|nan,2.5613680022349756,0.3323948829098211,0.16619744145491055,0.9861813029651582
10.1021/acsptsci.9b00083,CALRL_HUMAN,AM,Phosphorylation,Downstream,COS-7,,100.0,7.9,7.86,9.9,-0.1784850188786499,10.1021/acsptsci.9b00083|CALRL_HUMAN|Phosphorylation|Downstream|COS-7|nan,2.04,-0.18897311932515448,-0.09448655966257724,0.24669386989472228
10.1021/acsptsci.9b00083,CALRL_HUMAN,AM,Phosphorylation,Downstream,COS-7,,98.1,7.87,7.4,9.861669007379948,0.2431839885012978,10.1021/acsptsci.9b00083|CALRL_HUMAN|Phosphorylation|Downstream|COS-7|nan,2.461669007379948,0.23269588805479335,0.11634794402739668,0.64506478399178
10.1021/acsptsci.9b00083,CALRL_HUMAN,AM,Accumulation,Downstream,COS-7,,87.6,8.1,7.87,10.04250410616808,-0.067374980233156,10.1021/acsptsci.9b00083|CALRL_HUMAN|Accumulation|Downstream|COS-7|nan,2.1725041061680797,-0.05181824864182305,-0.025909124320911525,0.05560236164694486
10.1021/acsptsci.9b00083,CALRL_HUMAN,AM,Accumulation,Downstream,COS-7,,123.0,7.94,7.69,10.029905111439398,0.1000260250381614,10.1021/acsptsci.9b00083|CALRL_HUMAN|Accumulation|Downstream|COS-7|nan,2.339905111439397,0.11558275662949447,0.05779137831474723,0.07663458421452908
10.1021/acsptsci.9b00083,CALRL_HUMAN,AM,Accumulation,Downstream,COS-7,,100.0,9.3,9.12,11.3,-0.0598790864012341,10.1021/acsptsci.9b00083|CALRL_HUMAN|Accumulation|Downstream|COS-7|nan,2.1800000000000015,-0.04432235480990121,-0.022161177404950605,0.0525384297529454
10.1021/acsptsci.9b00083,CALRL_HUMAN,AM,Accumulation,Downstream,COS-7,,97.9,9.05,8.81,11.04078269180314,-0.0090963945980968,10.1021/acsptsci.9b00083|CALRL_HUMAN|Accumulation|Downstream|COS-7|nan,2.230782691803139,0.006460336993236115,0.0032301684966180577,0.04260381041072994
10.1021/acsptsci.9b00083,CALRL_HUMAN,AM,Accumulation,Downstream,COS-7,,100.0,9.48,9.42,11.48,-0.1798790864012351,10.1021/acsptsci.9b00083|CALRL_HUMAN|Accumulation|Downstream|COS-7|nan,2.0600000000000005,-0.1643223548099022,-0.0821611774049511,0.2525720652463585
10.1021/acsptsci.9b00083,CALRL_HUMAN,AM,Accumulation,Downstream,COS-7,,111.0,9.45,9.33,11.495322978786657,-0.0745561076145788,10.1021/acsptsci.9b00083|CALRL_HUMAN|Accumulation|Downstream|COS-7|nan,2.165322978786657,-0.0589993760232459,-0.02949968801162295,0.05906157334023592
10.1021/acsptsci.9b00083,CALRL_HUMAN,AM,Phosphorylation,Downstream,COS-7,,91.9,7.76,7.47,9.723315511386112,0.0348304925074618,10.1021/acsptsci.9b00083|CALRL_HUMAN|Phosphorylation|Downstream|COS-7|nan,2.253315511386112,0.02434239206095734,0.01217119603047867,0.04559611882373448
10.1021/acsptsci.9b00083,CALRL_HUMAN,AM,Phosphorylation,Downstream,COS-7,,99.2,8.32,8.06,10.31651167215418,0.0380266532755291,10.1021/acsptsci.9b00083|CALRL_HUMAN|Phosphorylation|Downstream|COS-7|nan,2.256511672154179,0.02753855282902462,0.01376927641451231,0.04623692254143278
10.1021/acsptsci.9b00083,CALRL_HUMAN,AM,Phosphorylation,Downstream,COS-7,,100.0,9.06,8.86,11.06,-0.0184850188786489,10.1021/acsptsci.9b00083|CALRL_HUMAN|Phosphorylation|Downstream|COS-7|nan,2.200000000000001,-0.02897311932515345,-0.014486559662576726,0.043272258880357066
10.1021/acsptsci.9b00083,CALRL_HUMAN,AM,Phosphorylation,Downstream,COS-7,,93.1,9.05,8.75,11.018949680981343,0.0504646621026934,10.1021/acsptsci.9b00083|CALRL_HUMAN|Phosphorylation|Downstream|COS-7|nan,2.2689496809813434,0.0399765616561889,0.01998828082809445,0.04938337699150897
10.1021/acsptsci.9b00083,CALRL_HUMAN,AM,Phosphorylation,Downstream,COS-7,,100.0,9.31,9.18,11.31,-0.0884850188786492,10.1021/acsptsci.9b00083|CALRL_HUMAN|Phosphorylation|Downstream|COS-7|nan,2.130000000000001,-0.09897311932515374,-0.04948655966257687,0.0675063161755858
10.1021/acsptsci.9b00083,CALRL_HUMAN,AM,Phosphorylation,Downstream,COS-7,,110.0,9.23,9.02,11.271392685158226,0.0329076662795762,10.1021/acsptsci.9b00083|CALRL_HUMAN|Phosphorylation|Downstream|COS-7|nan,2.251392685158226,0.022419565833071697,0.011209782916535849,0.045241391149710486
10.1021/acsptsci.9b00083,CALRL_HUMAN,AM15-52,Phosphorylation,Downstream,COS-7,,90.2,8.24,8.19,10.195206537541942,-0.2132784813367072,10.1021/acsptsci.9b00083|CALRL_HUMAN|Phosphorylation|Downstream|COS-7|nan,2.005206537541943,-0.22376658178321174,-0.11188329089160587,0.4353440208155704
10.1021/acsptsci.9b00083,CALRL_HUMAN,AM15-52,Phosphorylation,Downstream,COS-7,,100.0,8.95,8.8,10.95,-0.0684850188786514,10.1021/acsptsci.9b00083|CALRL_HUMAN|Phosphorylation|Downstream|COS-7|nan,2.1499999999999986,-0.07897311932515594,-0.03948655966257797,0.05610191562788714
10.1021/acsptsci.9b00083,CALRL_HUMAN,AM15-52,Phosphorylation,Downstream,COS-7,,113.0,8.85,8.66,10.90307844348342,0.0245934246047694,10.1021/acsptsci.9b00083|CALRL_HUMAN|Phosphorylation|Downstream|COS-7|nan,2.2430784434834194,0.014105324158264931,0.007052662079132466,0.043961772176523195
10.1021/acsptsci.9b00083,CALRL_HUMAN,AM15-52,Phosphorylation,Downstream,COS-7,,100.0,7.81,7.5,9.81,0.0915149811213487,10.1021/acsptsci.9b00083|CALRL_HUMAN|Phosphorylation|Downstream|COS-7|nan,2.3100000000000005,0.08102688067484598,0.04051344033742299,0.06969516470788786
10.1021/acsptsci.9b00083,CALRL_HUMAN,AM15-52,Phosphorylation,Downstream,COS-7,,100.0,9.06,8.91,11.06,-0.0684850188786496,10.1021/acsptsci.9b00083|CALRL_HUMAN|Phosphorylation|Downstream|COS-7|nan,2.1500000000000004,-0.07897311932515416,-0.03948655966257708,0.05610191562788632
10.1021/acsptsci.9b00083,CALRL_HUMAN,AM15-52,Phosphorylation,Downstream,COS-7,,100.0,8.8,8.57,10.8,0.0115149811213504,10.1021/acsptsci.9b00083|CALRL_HUMAN|Phosphorylation|Downstream|COS-7|nan,2.2300000000000004,0.0010268806748459092,0.0005134403374229546,0.04273172100367635
10.1021/acsptsci.9b00083,CALRL_HUMAN,AM15-52,Phosphorylation,Downstream,COS-7,,145.0,5.96,5.73,8.121368002234975,0.1728829833563248,10.1021/acsptsci.9b00083|CALRL_HUMAN|Phosphorylation|Downstream|COS-7|nan,2.391368002234975,0.1623948829098203,0.08119744145491015,0.2244411118983041
10.1021/acsptsci.9b00083,CALRL_HUMAN,AM15-52,Phosphorylation,Downstream,COS-7,,98.1,7.71,7.22,9.701669007379948,0.2631839885012983,10.1021/acsptsci.9b00083|CALRL_HUMAN|Phosphorylation|Downstream|COS-7|nan,2.4816690073799483,0.2526958880547938,0.1263479440273969,0.7744451599075575
10.1021/acsptsci.9b00083,CALRL_HUMAN,AM15-52,Phosphorylation,Downstream,COS-7,,100.0,5.97,5.65,7.97,0.1015149811213493,10.1021/acsptsci.9b00083|CALRL_HUMAN|Phosphorylation|Downstream|COS-7|nan,2.3199999999999994,0.09102688067484488,0.04551344033742244,0.07797916292059127
10.1021/acsptsci.9b00083,CALRL_HUMAN,AM15-52,Phosphorylation,Downstream,COS-7,,100.0,7.77,7.3,9.77,0.2515149811213497,10.1021/acsptsci.9b00083|CALRL_HUMAN|Phosphorylation|Downstream|COS-7|nan,2.4699999999999998,0.24102688067484523,0.12051344033742262,0.7018879479018457
10.1021/acsptsci.9b00083,CALRL_HUMAN,AM15-52,Accumulation,Downstream,COS-7,,123.0,7.74,7.56,9.829905111439398,0.0300260250381629,10.1021/acsptsci.9b00083|CALRL_HUMAN|Accumulation|Downstream|COS-7|nan,2.2699051114393987,0.04558275662949596,0.02279137831474798,0.04475186092326486
10.1021/acsptsci.9b00083,CALRL_HUMAN,AM15-52,Accumulation,Downstream,COS-7,,97.9,8.79,8.53,10.780782691803138,0.0109036054019027,10.1021/acsptsci.9b00083|CALRL_HUMAN|Accumulation|Downstream|COS-7|nan,2.2507826918031384,0.02646033699323569,0.013230168496617845,0.042696515940888385
10.1021/acsptsci.9b00083,CALRL_HUMAN,AM15-52,Accumulation,Downstream,COS-7,,111.0,9.07,9.0,11.115322978786658,-0.1245561076145778,10.1021/acsptsci.9b00083|CALRL_HUMAN|Accumulation|Downstream|COS-7|nan,2.115322978786658,-0.10899937602324483,-0.054499688011622416,0.10499488168985488
10.1021/acsptsci.9b00083,CALRL_HUMAN,AM15-52,Accumulation,Downstream,COS-7,,100.0,7.84,7.59,9.84,0.0101209135987643,10.1021/acsptsci.9b00083|CALRL_HUMAN|Accumulation|Downstream|COS-7|nan,2.25,0.025677645190097298,0.012838822595048649,0.04265428514403355
10.1021/acsptsci.9b00083,CALRL_HUMAN,AM15-52,Accumulation,Downstream,COS-7,,100.0,8.64,8.38,10.64,0.0201209135987641,10.1021/acsptsci.9b00083|CALRL_HUMAN|Accumulation|Downstream|COS-7|nan,2.26,0.035677645190097085,0.017838822595048542,0.043436798321609106
10.1021/acsptsci.9b00083,CALRL_HUMAN,AM15-52,Accumulation,Downstream,COS-7,,100.0,9.06,8.93,11.06,-0.1098790864012349,10.1021/acsptsci.9b00083|CALRL_HUMAN|Accumulation|Downstream|COS-7|nan,2.130000000000001,-0.09432235480990192,-0.04716117740495096,0.08634844758638897
10.1021/acsptsci.9b00083,CALRL_HUMAN,AM15-52,Phosphorylation,Downstream,COS-7,,99.2,8.06,7.96,10.05651167215418,-0.1219733467244701,10.1021/acsptsci.9b00083|CALRL_HUMAN|Phosphorylation|Downstream|COS-7|nan,2.09651167215418,-0.13246144717097463,-0.06623072358548732,0.10129525849120434
10.1021/acsptsci.9b00083,CALRL_HUMAN,AM15-52,Phosphorylation,Downstream,COS-7,,93.1,9.09,8.75,11.058949680981344,0.0904646621026925,10.1021/acsptsci.9b00083|CALRL_HUMAN|Phosphorylation|Downstream|COS-7|nan,2.3089496809813443,0.07997656165618983,0.03998828082809491,0.06892069505812762
10.1021/acsptsci.9b00083,CALRL_HUMAN,AM15-52,Phosphorylation,Downstream,COS-7,,110.0,9.0,8.85,11.041392685158224,-0.0270923337204243,10.1021/acsptsci.9b00083|CALRL_HUMAN|Phosphorylation|Downstream|COS-7|nan,2.191392685158224,-0.037580434166930576,-0.018790217083465288,0.044304031194497405
10.1021/acsptsci.9b00083,CALRL_HUMAN,AM15-52,Phosphorylation,Downstream,COS-7,,100.0,8.11,7.94,10.11,-0.0484850188786509,10.1021/acsptsci.9b00083|CALRL_HUMAN|Phosphorylation|Downstream|COS-7|nan,2.169999999999999,-0.058973119325155476,-0.029486559662577738,0.048808921636699844
10.1021/acsptsci.9b00083,CALRL_HUMAN,AM15-52,Phosphorylation,Downstream,COS-7,,100.0,9.14,8.83,11.14,0.0915149811213504,10.1021/acsptsci.9b00083|CALRL_HUMAN|Phosphorylation|Downstream|COS-7|nan,2.3100000000000005,0.08102688067484598,0.04051344033742299,0.06969516470788913
10.1021/acsptsci.9b00083,CALRL_HUMAN,AM15-52,Phosphorylation,Downstream,COS-7,,100.0,9.23,9.06,11.23,-0.04848501887865,10.1021/acsptsci.9b00083|CALRL_HUMAN|Phosphorylation|Downstream|COS-7|nan,2.17,-0.05897311932515459,-0.029486559662577294,0.04880892163669959
10.1021/acsptsci.9b00083,CALRL_HUMAN,AM15-52 F18A,Phosphorylation,Downstream,COS-7,,58.5,7.46,6.93,9.22715586608218,0.0786708472035302,10.1021/acsptsci.9b00083|CALRL_HUMAN|Phosphorylation|Downstream|COS-7|nan,2.2971558660821803,0.06818274675702574,0.03409137337851287,0.06130139224068057
10.1021/acsptsci.9b00083,CALRL_HUMAN,AM15-52 F18A,Phosphorylation,Downstream,COS-7,,69.9,7.71,7.39,9.55447717574568,-0.0540078431329682,10.1021/acsptsci.9b00083|CALRL_HUMAN|Phosphorylation|Downstream|COS-7|nan,2.16447717574568,-0.06449594357947452,-0.03224797178973726,0.05048646951417333
10.1021/acsptsci.9b00083,CALRL_HUMAN,AM15-52 F18A,Phosphorylation,Downstream,COS-7,,48.4,7.98,7.54,9.664845361644414,-0.0936396572342364,10.1021/acsptsci.9b00083|CALRL_HUMAN|Phosphorylation|Downstream|COS-7|nan,2.1248453616444136,-0.1041277576807409,-0.05206387884037045,0.07131455444484729
10.1021/acsptsci.9b00083,CALRL_HUMAN,AM15-52 F18A,Accumulation,Downstream,COS-7,,75.2,6.44,5.96,8.316217840591642,0.1163387541904068,10.1021/acsptsci.9b00083|CALRL_HUMAN|Accumulation|Downstream|COS-7|nan,2.3562178405916425,0.13189548578173982,0.06594774289086991,0.09387060853824405
10.1021/acsptsci.9b00083,CALRL_HUMAN,AM15-52 F18A,Accumulation,Downstream,COS-7,,49.6,7.65,7.07,9.345481676490198,0.0356025900889624,10.1021/acsptsci.9b00083|CALRL_HUMAN|Accumulation|Downstream|COS-7|nan,2.275481676490198,0.051159321680295466,0.025579660840147733,0.04574500652848265
10.1021/acsptsci.9b00083,CALRL_HUMAN,AM15-52 F18A,Accumulation,Downstream,COS-7,,80.2,7.74,7.52,9.644174368284164,-0.1157047181170716,10.1021/acsptsci.9b00083|CALRL_HUMAN|Accumulation|Downstream|COS-7|nan,2.124174368284164,-0.10014798652573864,-0.05007399326286932,0.09308745177692825
10.1021/acsptsci.9b00083,CALRL_HUMAN,AM15-52 F18A,Phosphorylation,Downstream,COS-7,,81.6,6.57,6.32,8.481690158753862,-0.0567948601247882,10.1021/acsptsci.9b00083|CALRL_HUMAN|Phosphorylation|Downstream|COS-7|nan,2.1616901587538617,-0.0672829605712928,-0.0336414802856464,0.05142453165721996
10.1021/acsptsci.9b00083,CALRL_HUMAN,AM15-52 F18A,Phosphorylation,Downstream,COS-7,,79.2,8.11,7.73,10.008725181589494,0.0602401627108433,10.1021/acsptsci.9b00083|CALRL_HUMAN|Phosphorylation|Downstream|COS-7|nan,2.2787251815894933,0.049752062264338814,0.024876031132169407,0.0526742158901952
10.1021/acsptsci.9b00083,CALRL_HUMAN,AM15-52 F18A,Phosphorylation,Downstream,COS-7,,81.0,7.85,7.57,9.75848501887865,-0.0300000000000002,10.1021/acsptsci.9b00083|CALRL_HUMAN|Phosphorylation|Downstream|COS-7|nan,2.1884850188786498,-0.04048810044650475,-0.020244050223252374,0.04474766609206791
10.1021/acsptsci.9b00083,CALRL_HUMAN,AM15-52 G15A,Phosphorylation,Downstream,COS-7,,110.0,7.56,7.28,9.601392685158224,0.1029076662795738,10.1021/acsptsci.9b00083|CALRL_HUMAN|Phosphorylation|Downstream|COS-7|nan,2.321392685158224,0.09241956583306932,0.04620978291653466,0.079274716594641
10.1021/acsptsci.9b00083,CALRL_HUMAN,AM15-52 G15A,Phosphorylation,Downstream,COS-7,,88.6,9.38,9.2,11.32743372188705,-0.0910512969915986,10.1021/acsptsci.9b00083|CALRL_HUMAN|Phosphorylation|Downstream|COS-7|nan,2.1274337218870514,-0.10153939743810314,-0.05076969871905157,0.06935116924717845
10.1021/acsptsci.9b00083,CALRL_HUMAN,AM15-52 G15A,Phosphorylation,Downstream,COS-7,,87.7,8.8,8.53,10.742999593366042,-0.0054854255126075,10.1021/acsptsci.9b00083|CALRL_HUMAN|Phosphorylation|Downstream|COS-7|nan,2.2129995933660425,-0.015973525959112056,-0.007986762979556028,0.04246910211471311
10.1021/acsptsci.9b00083,CALRL_HUMAN,AM15-52 G15A,Phosphorylation,Downstream,COS-7,,86.0,5.98,5.53,7.914498451243568,0.1660134323649176,10.1021/acsptsci.9b00083|CALRL_HUMAN|Phosphorylation|Downstream|COS-7|nan,2.3844984512435676,0.1555253319184131,0.07776266595920656,0.20001315251298782
10.1021/acsptsci.9b00083,CALRL_HUMAN,AM15-52 G15A,Phosphorylation,Downstream,COS-7,,97.6,7.54,7.14,9.529449817666691,0.1709647987880416,10.1021/acsptsci.9b00083|CALRL_HUMAN|Phosphorylation|Downstream|COS-7|nan,2.3894498176666916,0.1604766983415371,0.08023834917076855,0.21731163221987787
10.1021/acsptsci.9b00083,CALRL_HUMAN,AM15-52 G15A,Accumulation,Downstream,COS-7,,100.0,7.48,7.2,9.48,0.0401209135987645,10.1021/acsptsci.9b00083|CALRL_HUMAN|Accumulation|Downstream|COS-7|nan,2.2800000000000002,0.05567764519009755,0.027838822595048773,0.04669241171686024
10.1021/acsptsci.9b00083,CALRL_HUMAN,AM15-52 G15A,Accumulation,Downstream,COS-7,,93.9,8.69,8.41,10.66266559226611,0.0127865058648746,10.1021/acsptsci.9b00083|CALRL_HUMAN|Accumulation|Downstream|COS-7|nan,2.2526655922661103,0.028343237456207593,0.014171618728103796,0.042811190937345846
10.1021/acsptsci.9b00083,CALRL_HUMAN,AM15-52 G15A,Accumulation,Downstream,COS-7,,97.1,8.94,8.81,10.927219229908005,-0.1226598564932315,10.1021/acsptsci.9b00083|CALRL_HUMAN|Accumulation|Downstream|COS-7|nan,2.117219229908004,-0.10710312490189855,-0.053551562450949275,0.1022596878853456
10.1021/acsptsci.9b00083,CALRL_HUMAN,AM15-52 G15A,Phosphorylation,Downstream,COS-7,,98.8,8.21,8.02,10.20475694458763,-0.0337280742910204,10.1021/acsptsci.9b00083|CALRL_HUMAN|Phosphorylation|Downstream|COS-7|nan,2.1847569445876296,-0.04421617473752493,-0.022108087368762463,0.04538995755676172
10.1021/acsptsci.9b00083,CALRL_HUMAN,AM15-52 G15A,Phosphorylation,Downstream,COS-7,,105.0,9.43,9.12,11.451189299069938,0.1127042801912887,10.1021/acsptsci.9b00083|CALRL_HUMAN|Phosphorylation|Downstream|COS-7|nan,2.3311892990699388,0.10221617974478425,0.051108089872392126,0.08951618578242869
10.1021/acsptsci.9b00083,CALRL_HUMAN,AM15-52 G15A,Phosphorylation,Downstream,COS-7,,86.5,9.18,8.94,11.117016107464814,-0.041468911413836,10.1021/acsptsci.9b00083|CALRL_HUMAN|Phosphorylation|Downstream|COS-7|nan,2.177016107464814,-0.05195701186034052,-0.02597850593017026,0.04700090144053485
10.1021/acsptsci.9b00083,CALRL_HUMAN,AM15-52 G19A,Phosphorylation,Downstream,COS-7,,162.0,8.12,8.0,10.329515014542627,0.111029995663979,10.1021/acsptsci.9b00083|CALRL_HUMAN|Phosphorylation|Downstream|COS-7|nan,2.3295150145426273,0.10054189521747281,0.050270947608736405,0.08761678489688038
10.1021/acsptsci.9b00083,CALRL_HUMAN,AM15-52 G19A,Phosphorylation,Downstream,COS-7,,121.0,9.75,9.71,11.83278537031645,-0.0956996485622001,10.1021/acsptsci.9b00083|CALRL_HUMAN|Phosphorylation|Downstream|COS-7|nan,2.12278537031645,-0.10618774900870465,-0.05309387450435232,0.07295435962969206
10.1021/acsptsci.9b00083,CALRL_HUMAN,AM15-52 G19A,Phosphorylation,Downstream,COS-7,,136.0,9.05,8.96,11.18353890837022,0.0050538894915677,10.1021/acsptsci.9b00083|CALRL_HUMAN|Phosphorylation|Downstream|COS-7|nan,2.2235389083702195,-0.005434210954935015,-0.0027171054774675074,0.04245748564466574
10.1021/acsptsci.9b00083,CALRL_HUMAN,AM15-52 G19A,Phosphorylation,Downstream,COS-7,,158.0,6.79,6.64,8.988657086954422,0.1301720680757725,10.1021/acsptsci.9b00083|CALRL_HUMAN|Phosphorylation|Downstream|COS-7|nan,2.3486570869544225,0.11968396762926803,0.059841983814634014,0.1137439822961806
10.1021/acsptsci.9b00083,CALRL_HUMAN,AM15-52 G19A,Phosphorylation,Downstream,COS-7,,244.0,8.25,8.17,10.63738982633873,0.2489048074600797,10.1021/acsptsci.9b00083|CALRL_HUMAN|Phosphorylation|Downstream|COS-7|nan,2.4673898263387297,0.2384167070135752,0.1192083535067876,0.6844404365812196
10.1021/acsptsci.9b00083,CALRL_HUMAN,AM15-52 G19A,Accumulation,Downstream,COS-7,,100.0,6.18,5.97,8.18,-0.0298790864012357,10.1021/acsptsci.9b00083|CALRL_HUMAN|Accumulation|Downstream|COS-7|nan,2.21,-0.014322354809902738,-0.007161177404951369,0.04472822930304766
10.1021/acsptsci.9b00083,CALRL_HUMAN,AM15-52 G19A,Accumulation,Downstream,COS-7,,100.0,8.03,7.83,10.03,-0.0398790864012363,10.1021/acsptsci.9b00083|CALRL_HUMAN|Accumulation|Downstream|COS-7|nan,2.1999999999999993,-0.024322354809903413,-0.012161177404951706,0.04663834737981272
10.1021/acsptsci.9b00083,CALRL_HUMAN,AM15-52 G19A,Accumulation,Downstream,COS-7,,106.0,9.06,8.82,11.085305865264772,0.0254267788635358,10.1021/acsptsci.9b00083|CALRL_HUMAN|Accumulation|Downstream|COS-7|nan,2.2653058652647715,0.04098351045486881,0.020491755227434405,0.04407195651272452
10.1021/acsptsci.9b00083,CALRL_HUMAN,AM15-52 G19A,Accumulation,Downstream,COS-7,,107.0,9.43,9.19,11.45938377768521,0.0295046912839742,10.1021/acsptsci.9b00083|CALRL_HUMAN|Accumulation|Downstream|COS-7|nan,2.26938377768521,0.04506142287530723,0.022530711437653617,0.04466859362571238
10.1021/acsptsci.9b00083,CALRL_HUMAN,AM15-52 G19A,Accumulation,Downstream,COS-7,,105.0,9.93,9.84,11.951189299069938,-0.1286897873312975,10.1021/acsptsci.9b00083|CALRL_HUMAN|Accumulation|Downstream|COS-7|nan,2.111189299069938,-0.11313305573996457,-0.056566527869982286,0.11133675899156135
10.1021/acsptsci.9b00083,CALRL_HUMAN,AM15-52 G19A,Phosphorylation,Downstream,COS-7,,113.0,9.4,9.28,11.45307844348342,-0.045406575395229,10.1021/acsptsci.9b00083|CALRL_HUMAN|Phosphorylation|Downstream|COS-7|nan,2.173078443483421,-0.055894675841733577,-0.027947337920866788,0.04797284633103418
10.1021/acsptsci.9b00083,CALRL_HUMAN,AM15-52 G19A,Phosphorylation,Downstream,COS-7,,89.5,10.1,9.85,12.051823035315913,-0.016661983562737,10.1021/acsptsci.9b00083|CALRL_HUMAN|Phosphorylation|Downstream|COS-7|nan,2.201823035315913,-0.02715008400924157,-0.013575042004620785,0.04310593342460116
10.1021/acsptsci.9b00083,CALRL_HUMAN,AM15-52 G19A,Phosphorylation,Downstream,COS-7,,113.0,10.0,9.88,12.05307844348342,-0.0454065753952308,10.1021/acsptsci.9b00083|CALRL_HUMAN|Phosphorylation|Downstream|COS-7|nan,2.173078443483419,-0.05589467584173535,-0.027947337920867676,0.04797284633103465
10.1021/acsptsci.9b00083,CALRL_HUMAN,AM15-52 H28A,Phosphorylation,Downstream,COS-7,,83.5,7.24,6.83,9.161686475483602,0.1132014566049521,10.1021/acsptsci.9b00083|CALRL_HUMAN|Phosphorylation|Downstream|COS-7|nan,2.331686475483602,0.10271335615844768,0.05135667807922384,0.0900928791718955
10.1021/acsptsci.9b00083,CALRL_HUMAN,AM15-52 H28A,Phosphorylation,Downstream,COS-7,,83.0,8.68,8.49,10.599078092376072,-0.1094069265025767,10.1021/acsptsci.9b00083|CALRL_HUMAN|Phosphorylation|Downstream|COS-7|nan,2.1090780923760715,-0.11989502694908305,-0.059947513474541525,0.085836715763089
10.1021/acsptsci.9b00083,CALRL_HUMAN,AM15-52 H28A,Phosphorylation,Downstream,COS-7,,84.6,8.2,7.89,10.127370363039024,0.018885344160374,10.1021/acsptsci.9b00083|CALRL_HUMAN|Phosphorylation|Downstream|COS-7|nan,2.237370363039024,0.008397243713869518,0.004198621856934759,0.04331118134317801
10.1021/acsptsci.9b00083,CALRL_HUMAN,AM15-52 H28A,Phosphorylation,Downstream,COS-7,,59.2,7.45,6.56,9.22232170672292,0.4438366878442696,10.1021/acsptsci.9b00083|CALRL_HUMAN|Phosphorylation|Downstream|COS-7|nan,2.6623217067229197,0.43334858739776516,0.21667429369888258,0.9999045553096533
10.1021/acsptsci.9b00083,CALRL_HUMAN,AM15-52 H28A,Accumulation,Downstream,COS-7,,103.0,6.83,6.53,8.842837224705171,0.0729581383039352,10.1021/acsptsci.9b00083|CALRL_HUMAN|Accumulation|Downstream|COS-7|nan,2.312837224705171,0.08851486989526824,0.04425743494763412,0.05824403146009069
10.1021/acsptsci.9b00083,CALRL_HUMAN,AM15-52 H28A,Accumulation,Downstream,COS-7,,80.1,7.98,7.61,9.883632516084235,0.0337534296830011,10.1021/acsptsci.9b00083|CALRL_HUMAN|Accumulation|Downstream|COS-7|nan,2.273632516084235,0.0493101612743323,0.02465508063716615,0.045394614894244005
10.1021/acsptsci.9b00083,CALRL_HUMAN,AM15-52 H28A,Accumulation,Downstream,COS-7,,80.8,8.24,8.03,10.147411360774589,-0.1224677256266479,10.1021/acsptsci.9b00083|CALRL_HUMAN|Accumulation|Downstream|COS-7|nan,2.1174113607745895,-0.10691099403531323,-0.05345549701765662,0.10198841330817414
10.1021/acsptsci.9b00083,CALRL_HUMAN,AM15-52 H28A,Phosphorylation,Downstream,COS-7,,91.6,7.18,6.96,9.14189547366785,-0.0365895452108002,10.1021/acsptsci.9b00083|CALRL_HUMAN|Phosphorylation|Downstream|COS-7|nan,2.1818954736678497,-0.04707764565730477,-0.023538822828652384,0.04594078016288885
10.1021/acsptsci.9b00083,CALRL_HUMAN,AM15-52 H28A,Phosphorylation,Downstream,COS-7,,109.0,8.18,7.88,10.217426497940624,0.1189414790619736,10.1021/acsptsci.9b00083|CALRL_HUMAN|Phosphorylation|Downstream|COS-7|nan,2.3374264979406236,0.10845337861546911,0.054226689307734555,0.09719408923670314
10.1021/acsptsci.9b00083,CALRL_HUMAN,AM15-52 H28A,Phosphorylation,Downstream,COS-7,,99.1,8.41,8.21,10.406073654485276,-0.0224113643933749,10.1021/acsptsci.9b00083|CALRL_HUMAN|Phosphorylation|Downstream|COS-7|nan,2.196073654485275,-0.03289946483987949,-0.016449732419939744,0.04369177499262183
10.1021/acsptsci.9b00083,CALRL_HUMAN,AM15-52 I30A,Phosphorylation,Downstream,COS-7,,58.5,5.96,5.42,7.72715586608218,0.08867084720353,10.1021/acsptsci.9b00083|CALRL_HUMAN|Phosphorylation|Downstream|COS-7|nan,2.30715586608218,0.07818274675702552,0.03909137337851276,0.0676366094001736
10.1021/acsptsci.9b00083,CALRL_HUMAN,AM15-52 I30A,Phosphorylation,Downstream,COS-7,,54.8,6.84,6.35,8.578780558484368,0.0102955396057184,10.1021/acsptsci.9b00083|CALRL_HUMAN|Phosphorylation|Downstream|COS-7|nan,2.2287805584843685,-0.00019256084078600466,-9.628042039300233e-05,0.04266343134629143
10.1021/acsptsci.9b00083,CALRL_HUMAN,AM15-52 I30A,Accumulation,Downstream,COS-7,,52.7,5.75,5.21,7.471810615212546,0.0219315288113106,10.1021/acsptsci.9b00083|CALRL_HUMAN|Accumulation|Downstream|COS-7|nan,2.2618106152125463,0.037488260402643636,0.018744130201321818,0.043635963346610816
10.1021/acsptsci.9b00083,CALRL_HUMAN,AM15-52 I30A,Accumulation,Downstream,COS-7,,44.8,6.66,5.21,8.311278013998145,0.861398927596909,10.1021/acsptsci.9b00083|CALRL_HUMAN|Accumulation|Downstream|COS-7|nan,3.1012780139981446,0.8769556591882419,0.43847782959412096,1.0
10.1021/acsptsci.9b00083,CALRL_HUMAN,AM15-52 I30A,Accumulation,Downstream,COS-7,,77.1,6.92,6.65,8.807054378050957,-0.0828247083502793,10.1021/acsptsci.9b00083|CALRL_HUMAN|Accumulation|Downstream|COS-7|nan,2.1570543780509563,-0.06726797675894636,-0.03363398837947318,0.06377154004843463
10.1021/acsptsci.9b00083,CALRL_HUMAN,AM15-52 I30A,Phosphorylation,Downstream,COS-7,,80.3,6.0,5.73,7.904715545278681,-0.0437694735999691,10.1021/acsptsci.9b00083|CALRL_HUMAN|Phosphorylation|Downstream|COS-7|nan,2.174715545278681,-0.05425757404647369,-0.027128787023236844,0.04755574196058057
10.1021/acsptsci.9b00083,CALRL_HUMAN,AM15-52 I30A,Phosphorylation,Downstream,COS-7,,61.0,6.99,6.43,8.775329835010767,0.1268448161321176,10.1021/acsptsci.9b00083|CALRL_HUMAN|Phosphorylation|Downstream|COS-7|nan,2.3453298350107676,0.11635671568561312,0.05817835784280656,0.10844015567682463
10.1021/acsptsci.9b00083,CALRL_HUMAN,AM15-52 I30A,Phosphorylation,Downstream,COS-7,,69.5,6.98,6.77,8.821984804590114,-0.1665002142885354,10.1021/acsptsci.9b00083|CALRL_HUMAN|Phosphorylation|Downstream|COS-7|nan,2.0519848045901146,-0.17698831473503995,-0.08849415736751998,0.20164501622779726
10.1021/acsptsci.9b00083,CALRL_HUMAN,AM15-52 K25A,Phosphorylation,Downstream,COS-7,,84.4,6.97,6.61,8.896342446625654,0.0678574277470041,10.1021/acsptsci.9b00083|CALRL_HUMAN|Phosphorylation|Downstream|COS-7|nan,2.286342446625654,0.057369327300499595,0.028684663650249798,0.05581796013073124
10.1021/acsptsci.9b00083,CALRL_HUMAN,AM15-52 K25A,Phosphorylation,Downstream,COS-7,,82.1,8.38,8.19,10.294343157119442,-0.1141418617592071,10.1021/acsptsci.9b00083|CALRL_HUMAN|Phosphorylation|Downstream|COS-7|nan,2.104343157119443,-0.12462996220571165,-0.062314981102855826,0.09119988828071082
10.1021/acsptsci.9b00083,CALRL_HUMAN,AM15-52 K25A,Phosphorylation,Downstream,COS-7,,89.1,8.1,7.82,10.049877704036874,0.0113926851582233,10.1021/acsptsci.9b00083|CALRL_HUMAN|Phosphorylation|Downstream|COS-7|nan,2.2298777040368734,0.0009045847117188366,0.0004522923558594183,0.04272452290651397
10.1021/acsptsci.9b00083,CALRL_HUMAN,AM15-52 K25A,Phosphorylation,Downstream,COS-7,,100.0,6.82,6.31,8.82,0.2915149811213506,10.1021/acsptsci.9b00083|CALRL_HUMAN|Phosphorylation|Downstream|COS-7|nan,2.5100000000000007,0.28102688067484616,0.14051344033742308,0.9020983340639364
10.1021/acsptsci.9b00083,CALRL_HUMAN,AM15-52 K25A,Accumulation,Downstream,COS-7,,88.8,6.92,6.61,8.868412965778601,0.0185338793773652,10.1021/acsptsci.9b00083|CALRL_HUMAN|Accumulation|Downstream|COS-7|nan,2.258412965778601,0.034090610968698254,0.017045305484349127,0.043276962990551227
10.1021/acsptsci.9b00083,CALRL_HUMAN,AM15-52 K25A,Accumulation,Downstream,COS-7,,85.1,8.05,7.72,9.979929560084589,0.0200504736833533,10.1021/acsptsci.9b00083|CALRL_HUMAN|Accumulation|Downstream|COS-7|nan,2.259929560084589,0.035607205274686304,0.017803602637343152,0.043429413372304486
10.1021/acsptsci.9b00083,CALRL_HUMAN,AM15-52 K25A,Accumulation,Downstream,COS-7,,84.4,8.21,8.01,10.136342446625656,-0.113536639775579,10.1021/acsptsci.9b00083|CALRL_HUMAN|Accumulation|Downstream|COS-7|nan,2.1263424466256566,-0.09797990818424607,-0.048989954092123034,0.09048499984313593
10.1021/acsptsci.9b00083,CALRL_HUMAN,AM15-52 K25A,Phosphorylation,Downstream,COS-7,,103.0,7.11,6.94,9.122837224705172,-0.035647794173478,10.1021/acsptsci.9b00083|CALRL_HUMAN|Phosphorylation|Downstream|COS-7|nan,2.182837224705172,-0.046135894619982576,-0.023067947309991288,0.04575383912861462
10.1021/acsptsci.9b00083,CALRL_HUMAN,AM15-52 K25A,Phosphorylation,Downstream,COS-7,,91.8,8.06,7.73,10.022842681201244,0.0743576623225932,10.1021/acsptsci.9b00083|CALRL_HUMAN|Phosphorylation|Downstream|COS-7|nan,2.2928426812012432,0.06386956187608872,0.03193478093804436,0.05895849627419287
10.1021/acsptsci.9b00083,CALRL_HUMAN,AM15-52 K25A,Phosphorylation,Downstream,COS-7,,100.0,8.5,8.32,10.5,-0.0384850188786503,10.1021/acsptsci.9b00083|CALRL_HUMAN|Phosphorylation|Downstream|COS-7|nan,2.1799999999999997,-0.0489731193251548,-0.0244865596625774,0.046334170154573986
10.1021/acsptsci.9b00083,CALRL_HUMAN,AM15-52 L26A,Phosphorylation,Downstream,COS-7,,44.0,6.4,5.77,8.043452676486188,0.0549676576075386,10.1021/acsptsci.9b00083|CALRL_HUMAN|Phosphorylation|Downstream|COS-7|nan,2.2734526764861887,0.04447955716103413,0.022239778580517067,0.05080237049296749
10.1021/acsptsci.9b00083,CALRL_HUMAN,AM15-52 L26A,Phosphorylation,Downstream,COS-7,,36.3,7.46,6.88,9.019906625036112,-0.0785783938425375,10.1021/acsptsci.9b00083|CALRL_HUMAN|Phosphorylation|Downstream|COS-7|nan,2.1399066250361125,-0.08906649428904201,-0.044533247144521004,0.06124886199716015
10.1021/acsptsci.9b00083,CALRL_HUMAN,AM15-52 L26A,Phosphorylation,Downstream,COS-7,,42.5,7.44,6.87,9.068388930050313,-0.020096088828339,10.1021/acsptsci.9b00083|CALRL_HUMAN|Phosphorylation|Downstream|COS-7|nan,2.1983889300503128,-0.030584189274841744,-0.015292094637420872,0.04343419259042588
10.1021/acsptsci.9b00083,CALRL_HUMAN,AM15-52 L26A,Accumulation,Downstream,COS-7,,39.6,6.2,5.32,7.797695185925512,0.2378160995242764,10.1021/acsptsci.9b00083|CALRL_HUMAN|Accumulation|Downstream|COS-7|nan,2.477695185925512,0.2533728311156094,0.1266864155578047,0.6071207482852852
10.1021/acsptsci.9b00083,CALRL_HUMAN,AM15-52 L26A,Accumulation,Downstream,COS-7,,44.9,7.01,6.39,8.662246341003323,0.0323672546020876,10.1021/acsptsci.9b00083|CALRL_HUMAN|Accumulation|Downstream|COS-7|nan,2.2722463410033233,0.04792398619342064,0.02396199309671032,0.045145773370705286
10.1021/acsptsci.9b00083,CALRL_HUMAN,AM15-52 L26A,Accumulation,Downstream,COS-7,,62.2,7.1,6.77,8.893790384690819,-0.1160887017104164,10.1021/acsptsci.9b00083|CALRL_HUMAN|Accumulation|Downstream|COS-7|nan,2.1237903846908193,-0.10053197011908344,-0.05026598505954172,0.09356053112279973
10.1021/acsptsci.9b00083,CALRL_HUMAN,AM15-52 L26A,Phosphorylation,Downstream,COS-7,,65.7,6.13,5.74,7.947565369559781,-0.0109196493188692,10.1021/acsptsci.9b00083|CALRL_HUMAN|Phosphorylation|Downstream|COS-7|nan,2.2075653695597808,-0.02140774976537374,-0.01070387488268687,0.04269741492497454
10.1021/acsptsci.9b00083,CALRL_HUMAN,AM15-52 L26A,Phosphorylation,Downstream,COS-7,,49.0,7.08,6.49,8.770196080028514,0.0617110611498636,10.1021/acsptsci.9b00083|CALRL_HUMAN|Phosphorylation|Downstream|COS-7|nan,2.2801960800285137,0.05122296070335919,0.025611480351679594,0.05323932443070237
10.1021/acsptsci.9b00083,CALRL_HUMAN,AM15-52 L26A,Phosphorylation,Downstream,COS-7,,67.9,7.56,7.15,9.3918697742805,0.0233847554018504,10.1021/acsptsci.9b00083|CALRL_HUMAN|Phosphorylation|Downstream|COS-7|nan,2.2418697742805005,0.012896654955345976,0.006448327477672988,0.04380892551220596
10.1021/acsptsci.9b00083,CALRL_HUMAN,AM15-52 Q24A,Phosphorylation,Downstream,COS-7,,120.0,7.38,7.14,9.459181246047624,0.1006962271689744,10.1021/acsptsci.9b00083|CALRL_HUMAN|Phosphorylation|Downstream|COS-7|nan,2.3191812460476244,0.09020812672246992,0.04510406336123496,0.07723469204347613
10.1021/acsptsci.9b00083,CALRL_HUMAN,AM15-52 Q24A,Phosphorylation,Downstream,COS-7,,102.0,8.51,8.36,10.518600171761918,-0.0598848471167317,10.1021/acsptsci.9b00083|CALRL_HUMAN|Phosphorylation|Downstream|COS-7|nan,2.1586001717619183,-0.0703729475632362,-0.0351864737816181,0.052540587125871854
10.1021/acsptsci.9b00083,CALRL_HUMAN,AM15-52 Q24A,Phosphorylation,Downstream,COS-7,,102.0,8.6,8.39,10.608600171761918,0.000115152883267,10.1021/acsptsci.9b00083|CALRL_HUMAN|Phosphorylation|Downstream|COS-7|nan,2.218600171761917,-0.010372947563237478,-0.005186473781618739,0.04239233851334411
10.1021/acsptsci.9b00083,CALRL_HUMAN,AM15-52 Q24A,Phosphorylation,Downstream,COS-7,,74.6,5.64,5.25,7.512738827472669,0.0442538085940187,10.1021/acsptsci.9b00083|CALRL_HUMAN|Phosphorylation|Downstream|COS-7|nan,2.2627388274726687,0.03376570814751423,0.016882854073757114,0.0476771892562184
10.1021/acsptsci.9b00083,CALRL_HUMAN,AM15-52 Q24A,Phosphorylation,Downstream,COS-7,,89.2,7.25,6.74,9.200364854376122,0.241879835497472,10.1021/acsptsci.9b00083|CALRL_HUMAN|Phosphorylation|Downstream|COS-7|nan,2.460364854376122,0.23139173505096755,0.11569586752548378,0.6359150437132527
10.1021/acsptsci.9b00083,CALRL_HUMAN,AM15-52 Q24A,Accumulation,Downstream,COS-7,,102.0,7.19,6.91,9.198600171761916,0.0487210853606816,10.1021/acsptsci.9b00083|CALRL_HUMAN|Accumulation|Downstream|COS-7|nan,2.2886001717619155,0.06427781695201285,0.03213890847600642,0.048875887419365105
10.1021/acsptsci.9b00083,CALRL_HUMAN,AM15-52 Q24A,Accumulation,Downstream,COS-7,,89.6,8.19,7.88,10.142308009662123,0.0224289232608896,10.1021/acsptsci.9b00083|CALRL_HUMAN|Accumulation|Downstream|COS-7|nan,2.2623080096621235,0.03798565485222083,0.018992827426110415,0.0436938415520737
10.1021/acsptsci.9b00083,CALRL_HUMAN,AM15-52 Q24A,Accumulation,Downstream,COS-7,,104.0,8.74,8.64,10.75703333929878,-0.1228457471024553,10.1021/acsptsci.9b00083|CALRL_HUMAN|Accumulation|Downstream|COS-7|nan,2.1170333392987786,-0.10728901551112413,-0.053644507755562065,0.10252316619177317
10.1021/acsptsci.9b00083,CALRL_HUMAN,AM15-52 Q24A,Phosphorylation,Downstream,COS-7,,113.0,7.59,7.48,9.64307844348342,-0.0554065753952306,10.1021/acsptsci.9b00083|CALRL_HUMAN|Phosphorylation|Downstream|COS-7|nan,2.1630784434834194,-0.06589467584173514,-0.03294733792086757,0.05094931754517092
10.1021/acsptsci.9b00083,CALRL_HUMAN,AM15-52 Q24A,Phosphorylation,Downstream,COS-7,,104.0,8.35,8.08,10.36703333929878,0.0685483204201302,10.1021/acsptsci.9b00083|CALRL_HUMAN|Phosphorylation|Downstream|COS-7|nan,2.2870333392987803,0.05806021997362576,0.02903010998681288,0.056130777467050495
10.1021/acsptsci.9b00083,CALRL_HUMAN,AM15-52 Q24A,Phosphorylation,Downstream,COS-7,,95.8,9.03,8.83,11.011365509078544,-0.0371195098001058,10.1021/acsptsci.9b00083|CALRL_HUMAN|Phosphorylation|Downstream|COS-7|nan,2.181365509078544,-0.04760761024661031,-0.023803805123305155,0.04604845171161797
10.1021/acsptsci.9b00083,CALRL_HUMAN,AM15-52 Q29A,Phosphorylation,Downstream,COS-7,,109.0,7.29,7.01,9.327426497940625,0.0989414790619749,10.1021/acsptsci.9b00083|CALRL_HUMAN|Phosphorylation|Downstream|COS-7|nan,2.317426497940625,0.08845337861547042,0.04422668930773521,0.07568088298363224
10.1021/acsptsci.9b00083,CALRL_HUMAN,AM15-52 Q29A,Phosphorylation,Downstream,COS-7,,95.3,8.96,8.6,10.939092900638329,0.1206078817596774,10.1021/acsptsci.9b00083|CALRL_HUMAN|Phosphorylation|Downstream|COS-7|nan,2.339092900638329,0.11011978131317468,0.05505989065658734,0.09941673780179555
10.1021/acsptsci.9b00083,CALRL_HUMAN,AM15-52 Q29A,Phosphorylation,Downstream,COS-7,,112.0,8.06,7.87,10.109218022670182,0.0207330037915323,10.1021/acsptsci.9b00083|CALRL_HUMAN|Phosphorylation|Downstream|COS-7|nan,2.2392180226701823,0.010244903345027812,0.005122451672513906,0.04350211253827992
10.1021/acsptsci.9b00083,CALRL_HUMAN,AM15-52 Q29A,Phosphorylation,Downstream,COS-7,,65.9,5.69,4.98,7.50888541459401,0.3104003957153596,10.1021/acsptsci.9b00083|CALRL_HUMAN|Phosphorylation|Downstream|COS-7|nan,2.5288854145940096,0.2999122952688551,0.14995614763442755,0.9495413415235349
10.1021/acsptsci.9b00083,CALRL_HUMAN,AM15-52 Q29A,Phosphorylation,Downstream,COS-7,,103.0,7.27,6.82,9.282837224705172,0.2443522058265221,10.1021/acsptsci.9b00083|CALRL_HUMAN|Phosphorylation|Downstream|COS-7|nan,2.462837224705172,0.23386410538001767,0.11693205269000884,0.6532130334305758
10.1021/acsptsci.9b00083,CALRL_HUMAN,AM15-52 Q29A,Accumulation,Downstream,COS-7,,106.0,7.12,6.88,9.14530586526477,0.0254267788635349,10.1021/acsptsci.9b00083|CALRL_HUMAN|Accumulation|Downstream|COS-7|nan,2.2653058652647706,0.04098351045486792,0.02049175522743396,0.0440719565127244
10.1021/acsptsci.9b00083,CALRL_HUMAN,AM15-52 Q29A,Accumulation,Downstream,COS-7,,123.0,8.08,7.88,10.169905111439398,0.0500260250381625,10.1021/acsptsci.9b00083|CALRL_HUMAN|Accumulation|Downstream|COS-7|nan,2.2899051114393982,0.06558275662949553,0.032791378314747766,0.049253554138377675
10.1021/acsptsci.9b00083,CALRL_HUMAN,AM15-52 Q29A,Accumulation,Downstream,COS-7,,110.0,8.7,8.62,10.741392685158225,-0.1184864012430102,10.1021/acsptsci.9b00083|CALRL_HUMAN|Accumulation|Downstream|COS-7|nan,2.1213926851582254,-0.10292966965167727,-0.051464834825838635,0.09660015291456164
10.1021/acsptsci.9b00083,CALRL_HUMAN,AM15-52 Q29A,Phosphorylation,Downstream,COS-7,,103.0,7.38,7.21,9.392837224705172,-0.035647794173478,10.1021/acsptsci.9b00083|CALRL_HUMAN|Phosphorylation|Downstream|COS-7|nan,2.182837224705172,-0.046135894619982576,-0.023067947309991288,0.04575383912861462
10.1021/acsptsci.9b00083,CALRL_HUMAN,AM15-52 Q29A,Phosphorylation,Downstream,COS-7,,96.8,8.5,8.16,10.485875357308394,0.1073903384297443,10.1021/acsptsci.9b00083|CALRL_HUMAN|Phosphorylation|Downstream|COS-7|nan,2.3258753573083943,0.09690223798323983,0.04845111899161991,0.08370610232077838
10.1021/acsptsci.9b00083,CALRL_HUMAN,AM15-52 Q29A,Phosphorylation,Downstream,COS-7,,83.3,8.69,8.42,10.610645001406787,-0.0278400174718624,10.1021/acsptsci.9b00083|CALRL_HUMAN|Phosphorylation|Downstream|COS-7|nan,2.1906450014067875,-0.03832811791836699,-0.019164058959183494,0.044413400491279176
10.1021/acsptsci.9b00083,CALRL_HUMAN,AM15-52 R17A,Phosphorylation,Downstream,COS-7,,95.2,7.21,6.89,9.188636948384474,0.0801519295058241,10.1021/acsptsci.9b00083|CALRL_HUMAN|Phosphorylation|Downstream|COS-7|nan,2.298636948384474,0.06966382905931967,0.034831914529659835,0.062157208609237014
10.1021/acsptsci.9b00083,CALRL_HUMAN,AM15-52 R17A,Phosphorylation,Downstream,COS-7,,88.6,8.41,8.22,10.357433721887052,-0.0810512969915988,10.1021/acsptsci.9b00083|CALRL_HUMAN|Phosphorylation|Downstream|COS-7|nan,2.137433721887051,-0.09153939743810335,-0.04576969871905168,0.06269022468148261
10.1021/acsptsci.9b00083,CALRL_HUMAN,AM15-52 R17A,Phosphorylation,Downstream,COS-7,,87.3,8.29,7.95,10.23101424370557,0.0625292248269193,10.1021/acsptsci.9b00083|CALRL_HUMAN|Phosphorylation|Downstream|COS-7|nan,2.2810142437055694,0.05204112438041486,0.02602056219020743,0.05356209223608371
10.1021/acsptsci.9b00083,CALRL_HUMAN,AM15-52 R17A,Phosphorylation,Downstream,COS-7,,44.3,6.72,5.83,8.36640372622307,0.3179187073444192,10.1021/acsptsci.9b00083|CALRL_HUMAN|Phosphorylation|Downstream|COS-7|nan,2.536403726223069,0.3074306068979147,0.15371530344895734,0.9620049898542735
10.1021/acsptsci.9b00083,CALRL_HUMAN,AM15-52 R17A,Accumulation,Downstream,COS-7,,78.6,6.79,6.45,8.685422546039408,-0.0044565403618275,10.1021/acsptsci.9b00083|CALRL_HUMAN|Accumulation|Downstream|COS-7|nan,2.235422546039408,0.011100191229505452,0.005550095614752726,0.04244297971928392
10.1021/acsptsci.9b00083,CALRL_HUMAN,AM15-52 R17A,Accumulation,Downstream,COS-7,,93.2,7.66,7.36,9.62941591235398,0.0295368259527446,10.1021/acsptsci.9b00083|CALRL_HUMAN|Accumulation|Downstream|COS-7|nan,2.2694159123539803,0.04509355754407762,0.02254677877203881,0.04467367974885057
10.1021/acsptsci.9b00083,CALRL_HUMAN,AM15-52 R17A,Accumulation,Downstream,COS-7,,84.9,8.21,8.02,10.138907690243954,-0.1209713961572811,10.1021/acsptsci.9b00083|CALRL_HUMAN|Accumulation|Downstream|COS-7|nan,2.1189076902439545,-0.10541466456594817,-0.052707332282974084,0.09991173183149393
10.1021/acsptsci.9b00083,CALRL_HUMAN,AM15-52 R17A,Phosphorylation,Downstream,COS-7,,102.0,7.09,6.93,9.098600171761918,-0.0498848471167319,10.1021/acsptsci.9b00083|CALRL_HUMAN|Phosphorylation|Downstream|COS-7|nan,2.168600171761918,-0.06037294756323641,-0.030186473781618206,0.049212079366394816
10.1021/acsptsci.9b00083,CALRL_HUMAN,AM15-52 R17A,Phosphorylation,Downstream,COS-7,,119.0,8.12,7.86,10.19554696139253,0.1170619425138799,10.1021/acsptsci.9b00083|CALRL_HUMAN|Phosphorylation|Downstream|COS-7|nan,2.33554696139253,0.10657384206737541,0.053286921033687706,0.09477638106458075
10.1021/acsptsci.9b00083,CALRL_HUMAN,AM15-52 R17A,Phosphorylation,Downstream,COS-7,,84.6,8.52,8.26,10.447370363039024,-0.0311146558396258,10.1021/acsptsci.9b00083|CALRL_HUMAN|Phosphorylation|Downstream|COS-7|nan,2.187370363039024,-0.041602756286130305,-0.020801378143065152,0.0449309382564666
10.1021/acsptsci.9b00083,CALRL_HUMAN,AM15-52 T20A,Phosphorylation,Downstream,COS-7,,29.5,6.47,5.74,7.939822015978162,-0.0186630029004879,10.1021/acsptsci.9b00083|CALRL_HUMAN|Phosphorylation|Downstream|COS-7|nan,2.199822015978162,-0.029151103346992446,-0.014575551673496223,0.043289456670933264
10.1021/acsptsci.9b00083,CALRL_HUMAN,AM15-52 T20A,Phosphorylation,Downstream,COS-7,,32.1,7.93,7.31,9.436505032404872,-0.0919799864737775,10.1021/acsptsci.9b00083|CALRL_HUMAN|Phosphorylation|Downstream|COS-7|nan,2.1265050324048724,-0.10246808692028209,-0.05123404346014104,0.0700434919473902
10.1021/acsptsci.9b00083,CALRL_HUMAN,AM15-52 T20A,Phosphorylation,Downstream,COS-7,,38.2,7.95,7.27,9.532063362911709,0.043578344033059,10.1021/acsptsci.9b00083|CALRL_HUMAN|Phosphorylation|Downstream|COS-7|nan,2.262063362911709,0.033090243586554546,0.016545121793277273,0.047508264001806244
10.1021/acsptsci.9b00083,CALRL_HUMAN,AM15-52 T20A,Accumulation,Downstream,COS-7,,64.1,5.96,5.53,7.766858029518818,-0.0030210568824182,10.1021/acsptsci.9b00083|CALRL_HUMAN|Accumulation|Downstream|COS-7|nan,2.2368580295188174,0.012535674708914701,0.006267837354457351,0.04241558464853344
10.1021/acsptsci.9b00083,CALRL_HUMAN,AM15-52 T20A,Accumulation,Downstream,COS-7,,13.4,8.12,6.95,9.247104798364807,0.0572257119635715,10.1021/acsptsci.9b00083|CALRL_HUMAN|Accumulation|Downstream|COS-7|nan,2.297104798364807,0.07278244355490449,0.03639122177745224,0.05157527227325944
10.1021/acsptsci.9b00083,CALRL_HUMAN,AM15-52 T20A,Accumulation,Downstream,COS-7,,53.9,7.62,7.24,9.351588765186738,-0.1282903212144974,10.1021/acsptsci.9b00083|CALRL_HUMAN|Accumulation|Downstream|COS-7|nan,2.111588765186738,-0.11273358962316449,-0.056366794811582244,0.11070034125047601
10.1021/acsptsci.9b00083,CALRL_HUMAN,AM15-52 T20A,Phosphorylation,Downstream,COS-7,,64.9,6.35,6.01,8.16224469680037,-0.0662403220782801,10.1021/acsptsci.9b00083|CALRL_HUMAN|Phosphorylation|Downstream|COS-7|nan,2.15224469680037,-0.07672842252478462,-0.03836421126239231,0.055104386604244514
10.1021/acsptsci.9b00083,CALRL_HUMAN,AM15-52 T20A,Phosphorylation,Downstream,COS-7,,68.4,7.92,7.37,9.755056101720117,0.1665710828414663,10.1021/acsptsci.9b00083|CALRL_HUMAN|Phosphorylation|Downstream|COS-7|nan,2.3850561017201164,0.15608298239496188,0.07804149119748094,0.20188382046353695
10.1021/acsptsci.9b00083,CALRL_HUMAN,AM15-52 T22A,Phosphorylation,Downstream,COS-7,,128.0,7.99,7.77,10.097209969647867,0.1087249507692194,10.1021/acsptsci.9b00083|CALRL_HUMAN|Phosphorylation|Downstream|COS-7|nan,2.3272099696478676,0.09823685032271312,0.04911842516135656,0.08510628368281996
10.1021/acsptsci.9b00083,CALRL_HUMAN,AM15-52 T22A,Phosphorylation,Downstream,COS-7,,107.0,9.5,9.39,11.52938377768521,-0.0791012411934408,10.1021/acsptsci.9b00083|CALRL_HUMAN|Phosphorylation|Downstream|COS-7|nan,2.139383777685209,-0.08958934163994536,-0.04479467081997268,0.061547305135618
10.1021/acsptsci.9b00083,CALRL_HUMAN,AM15-52 T22A,Phosphorylation,Downstream,COS-7,,118.0,8.9,8.54,10.971882007306126,0.2133969884274771,10.1021/acsptsci.9b00083|CALRL_HUMAN|Phosphorylation|Downstream|COS-7|nan,2.431882007306127,0.20290888798097262,0.10145444399048631,0.43612497038765985
10.1021/acsptsci.9b00083,CALRL_HUMAN,AM15-52 T22A,Phosphorylation,Downstream,COS-7,,120.0,6.24,5.99,8.319181246047625,0.110696227168975,10.1021/acsptsci.9b00083|CALRL_HUMAN|Phosphorylation|Downstream|COS-7|nan,2.329181246047625,0.10020812672247059,0.050104063361235296,0.08724587359097134
10.1021/acsptsci.9b00083,CALRL_HUMAN,AM15-52 T22A,Phosphorylation,Downstream,COS-7,,110.0,7.94,7.52,9.981392685158225,0.2429076662795752,10.1021/acsptsci.9b00083|CALRL_HUMAN|Phosphorylation|Downstream|COS-7|nan,2.4613926851582253,0.23241956583307077,0.11620978291653539,0.643130628687071
10.1021/acsptsci.9b00083,CALRL_HUMAN,AM15-52 T22A,Accumulation,Downstream,COS-7,,103.0,8.45,8.21,10.462837224705172,0.0129581383039356,10.1021/acsptsci.9b00083|CALRL_HUMAN|Accumulation|Downstream|COS-7|nan,2.2528372247051713,0.028514869895268635,0.014257434947634318,0.04282256647501287
10.1021/acsptsci.9b00083,CALRL_HUMAN,AM15-52 T22A,Accumulation,Downstream,COS-7,,93.9,9.37,9.09,11.34266559226611,0.0127865058648746,10.1021/acsptsci.9b00083|CALRL_HUMAN|Accumulation|Downstream|COS-7|nan,2.2526655922661103,0.028343237456207593,0.014171618728103796,0.042811190937345846
10.1021/acsptsci.9b00083,CALRL_HUMAN,AM15-52 T22A,Accumulation,Downstream,COS-7,,100.0,9.64,9.55,11.64,-0.1498790864012358,10.1021/acsptsci.9b00083|CALRL_HUMAN|Accumulation|Downstream|COS-7|nan,2.09,-0.13432235480990284,-0.06716117740495142,0.15363492598239242
10.1021/acsptsci.9b00083,CALRL_HUMAN,AM15-52 T22A,Phosphorylation,Downstream,COS-7,,114.0,8.32,8.19,10.376904851336471,-0.0315801675421765,10.1021/acsptsci.9b00083|CALRL_HUMAN|Phosphorylation|Downstream|COS-7|nan,2.1869048513364717,-0.042068267988682795,-0.021034133994341397,0.045009675559985765
10.1021/acsptsci.9b00083,CALRL_HUMAN,AM15-52 T22A,Phosphorylation,Downstream,COS-7,,98.5,9.4,9.1,11.393436230497612,0.0749512116189619,10.1021/acsptsci.9b00083|CALRL_HUMAN|Phosphorylation|Downstream|COS-7|nan,2.293436230497612,0.0644631111724574,0.0322315555862287,0.059268123908605315
10.1021/acsptsci.9b00083,CALRL_HUMAN,AM15-52 T22A,Phosphorylation,Downstream,COS-7,,87.0,9.67,9.46,11.609519252618618,-0.0689657662600327,10.1021/acsptsci.9b00083|CALRL_HUMAN|Phosphorylation|Downstream|COS-7|nan,2.1495192526186173,-0.0794538667065372,-0.0397269333532686,0.05632212860503966
10.1021/acsptsci.9b00083,CALRL_HUMAN,AM15-52 V23A,Phosphorylation,Downstream,COS-7,,72.4,7.47,7.02,9.329738566197149,0.0912535473184972,10.1021/acsptsci.9b00083|CALRL_HUMAN|Phosphorylation|Downstream|COS-7|nan,2.309738566197149,0.0807654468719945,0.04038272343599725,0.06950080518164775
10.1021/acsptsci.9b00083,CALRL_HUMAN,AM15-52 V23A,Phosphorylation,Downstream,COS-7,,92.9,8.01,7.85,9.978015713993642,-0.0904693048850076,10.1021/acsptsci.9b00083|CALRL_HUMAN|Phosphorylation|Downstream|COS-7|nan,2.1280157139936424,-0.1009574053315121,-0.05047870266575605,0.06892408131780467
10.1021/acsptsci.9b00083,CALRL_HUMAN,AM15-52 V23A,Phosphorylation,Downstream,COS-7,,86.8,7.8,7.52,9.738519725176491,3.470629784185775e-05,10.1021/acsptsci.9b00083|CALRL_HUMAN|Phosphorylation|Downstream|COS-7|nan,2.218519725176492,-0.010453394148662642,-0.005226697074331321,0.042392307770684444
10.1021/acsptsci.9b00083,CALRL_HUMAN,AM15-52 V23A,Phosphorylation,Downstream,COS-7,,77.8,6.83,6.24,8.72097959698969,0.2624945781110392,10.1021/acsptsci.9b00083|CALRL_HUMAN|Phosphorylation|Downstream|COS-7|nan,2.4809795969896893,0.25200647766453477,0.12600323883226738,0.7704436897433592
10.1021/acsptsci.9b00083,CALRL_HUMAN,AM15-52 V23A,Accumulation,Downstream,COS-7,,101.0,6.83,6.56,8.834321373782643,0.0344422873814078,10.1021/acsptsci.9b00083|CALRL_HUMAN|Accumulation|Downstream|COS-7|nan,2.2743213737826435,0.04999901897274084,0.02499950948637042,0.04552266299860507
10.1021/acsptsci.9b00083,CALRL_HUMAN,AM15-52 V23A,Accumulation,Downstream,COS-7,,82.2,7.97,7.62,9.88487181754005,0.0249927311388145,10.1021/acsptsci.9b00083|CALRL_HUMAN|Accumulation|Downstream|COS-7|nan,2.26487181754005,0.04054946273014748,0.02027473136507374,0.04401407670453044
10.1021/acsptsci.9b00083,CALRL_HUMAN,AM15-52 V23A,Accumulation,Downstream,COS-7,,98.7,8.28,8.15,10.274317152669637,-0.1155619337315991,10.1021/acsptsci.9b00083|CALRL_HUMAN|Accumulation|Downstream|COS-7|nan,2.1243171526696365,-0.1000052021402662,-0.0500026010701331,0.09291248348814928
10.1021/acsptsci.9b00083,CALRL_HUMAN,AM15-52 V23A,Phosphorylation,Downstream,COS-7,,94.6,7.09,6.91,9.065891136401792,-0.0625938824768583,10.1021/acsptsci.9b00083|CALRL_HUMAN|Phosphorylation|Downstream|COS-7|nan,2.1558911364017916,-0.07308198292336288,-0.03654099146168144,0.05358786026870811
10.1021/acsptsci.9b00083,CALRL_HUMAN,AM15-52 V23A,Phosphorylation,Downstream,COS-7,,86.9,8.28,7.93,10.219019776448668,0.0705347575700168,10.1021/acsptsci.9b00083|CALRL_HUMAN|Phosphorylation|Downstream|COS-7|nan,2.2890197764486686,0.06004665712351409,0.030023328561757046,0.05705736217100549
10.1021/acsptsci.9b00083,CALRL_HUMAN,AM15-52 V23A,Phosphorylation,Downstream,COS-7,,106.0,8.54,8.38,10.565305865264769,-0.0331791536138821,10.1021/acsptsci.9b00083|CALRL_HUMAN|Phosphorylation|Downstream|COS-7|nan,2.185305865264768,-0.04366725406038663,-0.021833627030193314,0.0452900982407842
10.1021/acsptsci.9b00083,CALRL_HUMAN,AM15-52 Y31A,Phosphorylation,Downstream,COS-7,,91.6,6.58,6.21,8.54189547366785,0.1134104547892,10.1021/acsptsci.9b00083|CALRL_HUMAN|Phosphorylation|Downstream|COS-7|nan,2.33189547366785,0.10292235434269559,0.051461177171347794,0.09033706364108457
10.1021/acsptsci.9b00083,CALRL_HUMAN,AM15-52 Y31A,Phosphorylation,Downstream,COS-7,,72.9,7.74,7.45,9.602727528317974,-0.0657574905606761,10.1021/acsptsci.9b00083|CALRL_HUMAN|Phosphorylation|Downstream|COS-7|nan,2.152727528317974,-0.07624559100718065,-0.03812279550359032,0.05489630458406269
10.1021/acsptsci.9b00083,CALRL_HUMAN,AM15-52 Y31A,Phosphorylation,Downstream,COS-7,,81.0,8.12,7.81,10.02848501887865,0.0,10.1021/acsptsci.9b00083|CALRL_HUMAN|Phosphorylation|Downstream|COS-7|nan,2.21848501887865,-0.0104881004465045,-0.00524405022325225,0.04239230469906874
10.1021/acsptsci.9b00083,CALRL_HUMAN,AM15-52 Y31A,Phosphorylation,Downstream,COS-7,,82.4,6.81,6.21,8.725927211697115,0.2974421928184654,10.1021/acsptsci.9b00083|CALRL_HUMAN|Phosphorylation|Downstream|COS-7|nan,2.5159272116971154,0.2869540923719609,0.14347704618598045,0.9198304358339678
10.1021/acsptsci.9b00083,CALRL_HUMAN,AM15-52 Y31A,Accumulation,Downstream,COS-7,,95.7,6.71,6.43,8.690911937776843,0.0210328513756072,10.1021/acsptsci.9b00083|CALRL_HUMAN|Accumulation|Downstream|COS-7|nan,2.260911937776843,0.03658958296694026,0.01829479148347013,0.043534857756890234
10.1021/acsptsci.9b00083,CALRL_HUMAN,AM15-52 Y31A,Accumulation,Downstream,COS-7,,76.9,7.82,7.45,9.705926339801431,0.0160472534001954,10.1021/acsptsci.9b00083|CALRL_HUMAN|Accumulation|Downstream|COS-7|nan,2.255926339801431,0.03160398499152839,0.015801992495764194,0.04305386422898564
10.1021/acsptsci.9b00083,CALRL_HUMAN,AM15-52 Y31A,Accumulation,Downstream,COS-7,,102.0,8.2,8.09,10.208600171761915,-0.1212789146393182,10.1021/acsptsci.9b00083|CALRL_HUMAN|Accumulation|Downstream|COS-7|nan,2.1186001717619156,-0.10572218304798708,-0.05286109152399354,0.10033335635763405
10.1021/acsptsci.9b00083,CALRL_HUMAN,AM15-52 Y31A,Phosphorylation,Downstream,COS-7,,109.0,6.85,6.71,8.887426497940623,-0.0410585209380265,10.1021/acsptsci.9b00083|CALRL_HUMAN|Phosphorylation|Downstream|COS-7|nan,2.1774264979406235,-0.05154662138453103,-0.025773310692265516,0.046905698273165035
10.1021/acsptsci.9b00083,CALRL_HUMAN,AM15-52 Y31A,Phosphorylation,Downstream,COS-7,,95.8,7.5,7.16,9.481365509078543,0.1028804901998947,10.1021/acsptsci.9b00083|CALRL_HUMAN|Phosphorylation|Downstream|COS-7|nan,2.321365509078543,0.09239238975338848,0.04619619487669424,0.07924907863894803
10.1021/acsptsci.9b00083,CALRL_HUMAN,AM15-52 Y31A,Phosphorylation,Downstream,COS-7,,96.8,8.16,7.97,10.145875357308396,-0.0426096615702551,10.1021/acsptsci.9b00083|CALRL_HUMAN|Phosphorylation|Downstream|COS-7|nan,2.1758753573083967,-0.053097762016757866,-0.026548881008378933,0.04727150642617668
10.1021/acsptsci.9b00083,CALRL_HUMAN,AM2,Phosphorylation,Downstream,COS-7,,80.9,8.68,8.4,10.587948521612272,-0.0305364972663779,10.1021/acsptsci.9b00083|CALRL_HUMAN|Phosphorylation|Downstream|COS-7|nan,2.187948521612272,-0.04102459771288247,-0.020512298856441236,0.044834953647228816
10.1021/acsptsci.9b00083,CALRL_HUMAN,AM2,Phosphorylation,Downstream,COS-7,,81.3,8.75,8.57,10.660090545594068,-0.1283944732845823,10.1021/acsptsci.9b00083|CALRL_HUMAN|Phosphorylation|Downstream|COS-7|nan,2.0900905455940677,-0.1388825737310868,-0.0694412868655434,0.11086577521842715
10.1021/acsptsci.9b00083,CALRL_HUMAN,AM2,Phosphorylation,Downstream,COS-7,,85.8,8.96,8.81,10.893487287848709,-0.1349977310299435,10.1021/acsptsci.9b00083|CALRL_HUMAN|Phosphorylation|Downstream|COS-7|nan,2.0834872878487083,-0.14548583147644623,-0.07274291573822311,0.12210195110790666
10.1021/acsptsci.9b00083,CALRL_HUMAN,AM2,Phosphorylation,Downstream,COS-7,,41.5,6.96,6.5,8.578048096712093,-0.1404369221665566,10.1021/acsptsci.9b00083|CALRL_HUMAN|Phosphorylation|Downstream|COS-7|nan,2.0780480967120933,-0.15092502261306118,-0.07546251130653059,0.13255370956658383
10.1021/acsptsci.9b00083,CALRL_HUMAN,AM2,Phosphorylation,Downstream,COS-7,,51.6,8.0,7.65,9.71264970162721,-0.1558353172514399,10.1021/acsptsci.9b00083|CALRL_HUMAN|Phosphorylation|Downstream|COS-7|nan,2.06264970162721,-0.16632341769794445,-0.08316170884897223,0.16910435428953133
10.1021/acsptsci.9b00083,CALRL_HUMAN,AM2,Accumulation,Downstream,COS-7,,95.2,8.45,8.25,10.428636948384474,-0.0612421380167615,10.1021/acsptsci.9b00083|CALRL_HUMAN|Accumulation|Downstream|COS-7|nan,2.178636948384474,-0.04568540642542862,-0.02284270321271431,0.05305706615686472
10.1021/acsptsci.9b00083,CALRL_HUMAN,AM2,Accumulation,Downstream,COS-7,,65.3,8.5,8.12,10.314913181275074,-0.044965905126161,10.1021/acsptsci.9b00083|CALRL_HUMAN|Accumulation|Downstream|COS-7|nan,2.1949131812750746,-0.02940917353482808,-0.01470458676741404,0.04785872170876996
10.1021/acsptsci.9b00083,CALRL_HUMAN,AM2,Accumulation,Downstream,COS-7,,102.0,9.18,9.12,11.188600171761918,-0.1712789146393172,10.1021/acsptsci.9b00083|CALRL_HUMAN|Accumulation|Downstream|COS-7|nan,2.0686001717619185,-0.15572218304798424,-0.07786109152399212,0.21846243533579712
10.1021/acsptsci.9b00083,CALRL_HUMAN,AM2,Phosphorylation,Downstream,COS-7,,84.4,7.86,7.54,9.786342446625657,0.0278574277470049,10.1021/acsptsci.9b00083|CALRL_HUMAN|Phosphorylation|Downstream|COS-7|nan,2.2463424466256567,0.017369327300502224,0.008684663650251112,0.04441598580153983
10.1021/acsptsci.9b00083,CALRL_HUMAN,AM2,Phosphorylation,Downstream,COS-7,,84.5,8.42,8.16,10.346856708949693,-0.0316283099289576,10.1021/acsptsci.9b00083|CALRL_HUMAN|Phosphorylation|Downstream|COS-7|nan,2.1868567089496924,-0.0421164103754621,-0.02105820518773105,0.04501789270978077
10.1021/acsptsci.9b00083,CALRL_HUMAN,AM2,Phosphorylation,Downstream,COS-7,,89.6,9.27,9.07,11.222308009662123,-0.066177009216525,10.1021/acsptsci.9b00083|CALRL_HUMAN|Phosphorylation|Downstream|COS-7|nan,2.152308009662123,-0.0766651096630313,-0.03833255483151565,0.055076972083471565
10.1021/acsptsci.9b00083,CALRL_HUMAN,αCGRP,Phosphorylation,Downstream,COS-7,,100.0,8.8,8.61,10.8,-0.0284850188786487,10.1021/acsptsci.9b00083|CALRL_HUMAN|Phosphorylation|Downstream|COS-7|nan,2.1900000000000013,-0.03897311932515324,-0.01948655966257662,0.04451035621072396
10.1021/acsptsci.9b00083,CALRL_HUMAN,αCGRP,Phosphorylation,Downstream,COS-7,,69.4,7.57,8.03,9.411359470454856,-0.8371255484237947,10.1021/acsptsci.9b00083|CALRL_HUMAN|Phosphorylation|Downstream|COS-7|nan,1.381359470454857,-0.8476136488702974,-0.4238068244351487,1.0
10.1021/acsptsci.9b00083,CALRL_HUMAN,αCGRP,Phosphorylation,Downstream,COS-7,,48.1,7.46,7.03,9.142145076373833,-0.1063399425048192,10.1021/acsptsci.9b00083|CALRL_HUMAN|Phosphorylation|Downstream|COS-7|nan,2.1121450763738325,-0.11682804295132199,-0.05841402147566099,0.08263078339803616
10.1021/acsptsci.9b00083,CALRL_HUMAN,αCGRP,Phosphorylation,Downstream,COS-7,,100.0,7.68,7.67,9.68,-0.2084850188786502,10.1021/acsptsci.9b00083|CALRL_HUMAN|Phosphorylation|Downstream|COS-7|nan,2.01,-0.21897311932515473,-0.10948655966257737,0.40442109508521623
10.1021/acsptsci.9b00083,CALRL_HUMAN,αCGRP,Accumulation,Downstream,COS-7,,100.0,6.4,6.14,8.4,0.020120913598765,10.1021/acsptsci.9b00083|CALRL_HUMAN|Accumulation|Downstream|COS-7|nan,2.2600000000000007,0.03567764519009797,0.017838822595048986,0.043436798321609196
10.1021/acsptsci.9b00083,CALRL_HUMAN,αCGRP,Accumulation,Downstream,COS-7,,100.0,9.46,9.29,11.46,-0.0698790864012339,10.1021/acsptsci.9b00083|CALRL_HUMAN|Accumulation|Downstream|COS-7|nan,2.1700000000000017,-0.054322354809901,-0.0271611774049505,0.056747008906963464
10.1021/acsptsci.9b00083,CALRL_HUMAN,αCGRP,Accumulation,Downstream,COS-7,,72.0,6.7,6.29,8.557332496431268,0.0274534100300325,10.1021/acsptsci.9b00083|CALRL_HUMAN|Accumulation|Downstream|COS-7|nan,2.267332496431268,0.043010141621365516,0.021505070810682758,0.04435644471762594
10.1021/acsptsci.9b00083,CALRL_HUMAN,αCGRP,Accumulation,Downstream,COS-7,,78.4,6.91,6.74,8.804316062684439,-0.1755630237167968,10.1021/acsptsci.9b00083|CALRL_HUMAN|Accumulation|Downstream|COS-7|nan,2.064316062684439,-0.1600062921254639,-0.08000314606273196,0.23481688998551153
10.1021/acsptsci.9b00083,CALRL_HUMAN,αCGRP,Phosphorylation,Downstream,COS-7,,100.0,9.31,9.03,11.31,0.0615149811213511,10.1021/acsptsci.9b00083|CALRL_HUMAN|Phosphorylation|Downstream|COS-7|nan,2.280000000000001,0.05102688067484662,0.02551344033742331,0.05316287226968602
10.1021/acsptsci.9b00083,CALRL_HUMAN,αCGRP,Phosphorylation,Downstream,COS-7,,82.1,6.88,6.52,8.79434315711944,0.055858138240791,10.1021/acsptsci.9b00083|CALRL_HUMAN|Phosphorylation|Downstream|COS-7|nan,2.274343157119441,0.0453700377942865,0.02268501889714325,0.05110214262920034
10.1021/acsptsci.9b00083,CALRL_HUMAN,αCGRP,Phosphorylation,Downstream,COS-7,,72.4,6.95,7.23,8.809738566197147,-0.6387464526815032,10.1021/acsptsci.9b00083|CALRL_HUMAN|Phosphorylation|Downstream|COS-7|nan,1.5797385661971468,-0.6492345531280077,-0.32461727656400385,0.9999999998327591
10.1021/acsptsci.9b00083,CALRL_HUMAN,βCGRP,Phosphorylation,Downstream,COS-7,,111.0,8.55,8.39,10.595322978786658,-0.0131620400919922,10.1021/acsptsci.9b00083|CALRL_HUMAN|Phosphorylation|Downstream|COS-7|nan,2.2053229787866577,-0.02365014053849679,-0.011825070269248394,0.042836281745434475
10.1021/acsptsci.9b00083,CALRL_HUMAN,βCGRP,Phosphorylation,Downstream,COS-7,,64.8,8.25,7.7,10.061575005870594,0.1430899869919439,10.1021/acsptsci.9b00083|CALRL_HUMAN|Phosphorylation|Downstream|COS-7|nan,2.361575005870594,0.13260188654543947,0.06630094327271974,0.1380818197392739
10.1021/acsptsci.9b00083,CALRL_HUMAN,βCGRP,Phosphorylation,Downstream,COS-7,,45.2,8.14,7.72,9.795138434811385,-0.1433465840672667,10.1021/acsptsci.9b00083|CALRL_HUMAN|Phosphorylation|Downstream|COS-7|nan,2.075138434811385,-0.15383468451376947,-0.07691734225688474,0.13863222663398295
10.1021/acsptsci.9b00083,CALRL_HUMAN,βCGRP,Phosphorylation,Downstream,COS-7,,93.3,7.98,7.94,9.9498816437465,-0.2086033751321494,10.1021/acsptsci.9b00083|CALRL_HUMAN|Phosphorylation|Downstream|COS-7|nan,2.009881643746499,-0.21909147557865571,-0.10954573778932786,0.4051682255456282
10.1021/acsptsci.9b00083,CALRL_HUMAN,βCGRP,Accumulation,Downstream,COS-7,,138.0,7.46,7.36,9.599879086401236,0.0,10.1021/acsptsci.9b00083|CALRL_HUMAN|Accumulation|Downstream|COS-7|nan,2.2398790864012357,0.015556731591332973,0.0077783657956664864,0.04239230469906874
10.1021/acsptsci.9b00083,CALRL_HUMAN,βCGRP,Accumulation,Downstream,COS-7,,104.0,10.0,9.84,12.01703333929878,-0.0628457471024548,10.1021/acsptsci.9b00083|CALRL_HUMAN|Accumulation|Downstream|COS-7|nan,2.177033339298781,-0.04728901551112186,-0.02364450775556093,0.05368860192402246
10.1021/acsptsci.9b00083,CALRL_HUMAN,βCGRP,Accumulation,Downstream,COS-7,,108.0,7.34,7.17,9.37342375548695,-0.0364553309142854,10.1021/acsptsci.9b00083|CALRL_HUMAN|Accumulation|Downstream|COS-7|nan,2.2034237554869502,-0.02089859932295246,-0.01044929966147623,0.0459137955352451
10.1021/acsptsci.9b00083,CALRL_HUMAN,βCGRP,Accumulation,Downstream,COS-7,,90.9,7.75,7.64,9.708563883221968,-0.1713152031792688,10.1021/acsptsci.9b00083|CALRL_HUMAN|Accumulation|Downstream|COS-7|nan,2.0685638832219686,-0.1557584715879341,-0.07787923579396705,0.2185958019518197
10.1021/acsptsci.9b00083,CALRL_HUMAN,βCGRP,Phosphorylation,Downstream,COS-7,,76.0,9.83,8.82,11.710813592280791,0.6723285734021411,10.1021/acsptsci.9b00083|CALRL_HUMAN|Phosphorylation|Downstream|COS-7|nan,2.890813592280791,0.6618404729556366,0.3309202364778183,0.9999999999894756
10.1021/acsptsci.9b00083,CALRL_HUMAN,βCGRP,Phosphorylation,Downstream,COS-7,,103.0,7.22,7.0,9.232837224705172,0.0143522058265217,10.1021/acsptsci.9b00083|CALRL_HUMAN|Phosphorylation|Downstream|COS-7|nan,2.2328372247051718,0.0038641053800172465,0.0019320526900086232,0.042920702092238805
10.1021/acsptsci.9b00083,CALRL_HUMAN,βCGRP,Phosphorylation,Downstream,COS-7,,57.5,7.61,8.12,9.36966784468963,-0.9688171741890192,10.1021/acsptsci.9b00083|CALRL_HUMAN|Phosphorylation|Downstream|COS-7|nan,1.2496678446896308,-0.9793052746355237,-0.4896526373177619,1.0
10.1021/jm401318w,DRD2_HUMAN,4,Phosphorylation,Downstream,CHO,,19.0,7.16,6.54,8.438753600952829,0.0093768004764145,10.1021/jm401318w|DRD2_HUMAN|Phosphorylation|Downstream|CHO|nan,1.898753600952829,-0.014471393266388244,-0.007235696633194122,0.04261708464681043
10.1021/jm401318w,DRD2_HUMAN,4,Accumulation,Downstream,CHO,,78.0,7.26,7.06,9.15209460269048,-0.0122863764155445,10.1021/jm401318w|DRD2_HUMAN|Accumulation|Downstream|CHO|nan,2.092094602690481,-0.01828542036862757,-0.009142710184313785,0.04277892376964466
10.1021/jm401318w,DRD2_HUMAN,30,Accumulation,Downstream,CHO,,49.0,7.2,6.82,8.890196080028513,-0.0341848990775126,10.1021/jm401318w|DRD2_HUMAN|Accumulation|Downstream|CHO|nan,2.070196080028513,-0.04018394303059569,-0.020091971515297846,0.04547447544061226
10.1021/jm401318w,DRD2_HUMAN,32,Phosphorylation,Downstream,CHO,,30.0,7.6,7.21,9.077121254719662,-0.0222555457567521,10.1021/jm401318w|DRD2_HUMAN|Phosphorylation|Downstream|CHO|nan,1.8671212547196623,-0.04610373949955493,-0.023051869749777465,0.043673511161518734
10.1021/jm401318w,DRD2_HUMAN,32,Accumulation,Downstream,CHO,,84.0,8.1,7.92,10.024279286061882,-0.0001016930441437,10.1021/jm401318w|DRD2_HUMAN|Accumulation|Downstream|CHO|nan,2.1042792860618817,-0.006100736997226797,-0.0030503684986133983,0.042392331070452066
10.1021/jm401318w,DRD2_HUMAN,35,Accumulation,Downstream,CHO,,33.0,7.1,6.54,8.618513939877888,-0.0258670392281379,10.1021/jm401318w|DRD2_HUMAN|Accumulation|Downstream|CHO|nan,2.0785139398778876,-0.03186608318122097,-0.015933041590610486,0.0441317589225661
10.1021/jm401318w,DRD2_HUMAN,37,Accumulation,Downstream,CHO,,46.0,7.56,7.12,9.222757831681571,-0.0016231474244525,10.1021/jm401318w|DRD2_HUMAN|Accumulation|Downstream|CHO|nan,2.102757831681571,-0.007622191377537391,-0.0038110956887686953,0.04239902361351403
10.1021/jm401318w,DRD2_HUMAN,38,Accumulation,Downstream,CHO,,51.0,6.69,6.29,8.397570176097936,0.0031891969919106,10.1021/jm401318w|DRD2_HUMAN|Accumulation|Downstream|CHO|nan,2.107570176097936,-0.0028098469611723687,-0.0014049234805861843,0.042418248879509436
10.1021/jm401318w,DRD2_HUMAN,39,Accumulation,Downstream,CHO,,68.0,6.69,6.4,8.522508912706236,0.0181279336002102,10.1021/jm401318w|DRD2_HUMAN|Accumulation|Downstream|CHO|nan,2.1225089127062358,0.012128889647127217,0.006064444823563608,0.04323827152538515
10.1021/jm401318w,DRD2_HUMAN,40,Accumulation,Downstream,CHO,,54.0,6.22,5.72,7.952393759822968,0.1280127807169426,10.1021/jm401318w|DRD2_HUMAN|Accumulation|Downstream|CHO|nan,2.232393759822968,0.12201373676385963,0.06100686838192981,0.11026120691646527
10.1021/jm401318w,DRD2_HUMAN,41,Accumulation,Downstream,CHO,,62.0,7.77,7.4,9.562391689498254,0.058010710392228,10.1021/jm401318w|DRD2_HUMAN|Accumulation|Downstream|CHO|nan,2.1623916894982536,0.05201166643914501,0.026005833219572505,0.05185393922567845
10.1021/jm401318w,DRD2_HUMAN,42,Accumulation,Downstream,CHO,,37.0,7.03,6.51,8.598201724066996,-0.0161792550390291,10.1021/jm401318w|DRD2_HUMAN|Accumulation|Downstream|CHO|nan,2.0882017240669963,-0.02217829899211221,-0.011089149496056105,0.043064875079560354
10.1021/jm401318w,DRD2_HUMAN,44,Phosphorylation,Downstream,CHO,,7.0,6.72,5.7,7.565098040014257,-0.0242787604621579,10.1021/jm401318w|DRD2_HUMAN|Phosphorylation|Downstream|CHO|nan,1.8650980400142565,-0.048126954204960715,-0.024063477102480357,0.043921189211182106
10.1021/jm401318w,DRD2_HUMAN,44,Accumulation,Downstream,CHO,,65.0,7.42,7.09,9.232913356642856,0.0385323775368302,10.1021/jm401318w|DRD2_HUMAN|Accumulation|Downstream|CHO|nan,2.1429133566428558,0.032533333583747215,0.016266666791873607,0.04634429542443944
10.1021/jm401318w,DRD2_HUMAN,45,Accumulation,Downstream,CHO,,69.0,8.01,7.7,9.848849090737255,0.0444681116312297,10.1021/jm401318w|DRD2_HUMAN|Accumulation|Downstream|CHO|nan,2.1488490907372553,0.03846906767814673,0.019234533839073364,0.047731447327820385
10.1021/jm401318w,DRD2_HUMAN,46,Accumulation,Downstream,CHO,,49.0,6.3,5.89,7.990196080028514,-0.0041848990775115,10.1021/jm401318w|DRD2_HUMAN|Accumulation|Downstream|CHO|nan,2.100196080028514,-0.010183943030594556,-0.005091971515297278,0.042436987348106844
10.1021/jm401318w,DRD2_HUMAN,47,Phosphorylation,Downstream,CHO,,86.0,6.13,6.15,8.064498451243567,0.0251216507671525,10.1021/jm401318w|DRD2_HUMAN|Phosphorylation|Downstream|CHO|nan,1.914498451243567,0.0012734570243497778,0.0006367285121748889,0.044031156415566604
10.1021/jm401318w,DRD2_HUMAN,47,Accumulation,Downstream,CHO,,98.0,7.67,7.61,9.661226075692497,-0.0531549034135307,10.1021/jm401318w|DRD2_HUMAN|Accumulation|Downstream|CHO|nan,2.0512260756924965,-0.05915394736661206,-0.02957697368330603,0.05021193729252407
10.1021/jm401318w,DRD2_HUMAN,48,Phosphorylation,Downstream,CHO,,10.0,6.88,6.0,7.88,-0.0093768004764145,10.1021/jm401318w|DRD2_HUMAN|Phosphorylation|Downstream|CHO|nan,1.88,-0.03322499421921732,-0.01661249710960866,0.04261708464681043
10.1021/jm401318w,DRD2_HUMAN,48,Accumulation,Downstream,CHO,,52.0,7.41,6.96,9.1260033436348,0.0616223645287741,10.1021/jm401318w|DRD2_HUMAN|Accumulation|Downstream|CHO|nan,2.1660033436347996,0.05562332057569108,0.02781166028784554,0.053204698383002236
10.1021/jm401318w,DRD2_HUMAN,49,Phosphorylation,Downstream,CHO,,38.0,6.96,6.62,8.539783596616811,0.0304067961403964,10.1021/jm401318w|DRD2_HUMAN|Phosphorylation|Downstream|CHO|nan,1.9197835966168109,0.006558602397593649,0.0032793011987968246,0.04481369467355237
10.1021/jm401318w,DRD2_HUMAN,49,Accumulation,Downstream,CHO,,78.0,7.49,7.3,9.38209460269048,-0.0222863764155443,10.1021/jm401318w|DRD2_HUMAN|Accumulation|Downstream|CHO|nan,2.0820946026904794,-0.028285420368629133,-0.014142710184314566,0.04367711419900367
10.1021/jm401318w,DRD2_HUMAN,54,Accumulation,Downstream,CHO,,69.0,7.68,7.33,9.518849090737255,0.0844681116312298,10.1021/jm401318w|DRD2_HUMAN|Accumulation|Downstream|CHO|nan,2.1888490907372553,0.07846906767814676,0.03923453383907338,0.06481045310085885
10.1021/jm401318w,DRD2_HUMAN,55,Phosphorylation,Downstream,CHO,,12.0,7.6,6.8,8.679181246047625,-0.0101955544287895,10.1021/jm401318w|DRD2_HUMAN|Phosphorylation|Downstream|CHO|nan,1.879181246047625,-0.03404374817159228,-0.01702187408579614,0.04265817515375198
10.1021/jm401318w,DRD2_HUMAN,55,Accumulation,Downstream,CHO,,67.0,7.52,7.22,9.346074802700826,0.0216938235948012,10.1021/jm401318w|DRD2_HUMAN|Accumulation|Downstream|CHO|nan,2.1260748027008267,0.01569477964171817,0.007847389820859085,0.043608786942390614
10.1021/jm401318w,DRD2_HUMAN,cis-Cariprazine (56),Accumulation,Downstream,CHO,,52.0,7.17,6.95,8.8860033436348,-0.1683776354712263,10.1021/jm401318w|DRD2_HUMAN|Accumulation|Downstream|CHO|nan,1.9360033436347992,-0.17437667942430934,-0.08718833971215467,0.20807778406732655
10.1021/jm401318w,DRD2_HUMAN,trans-Cariprazine (2),Phosphorylation,Downstream,CHO,,27.0,7.9,7.25,9.331363764158988,0.1919869636825737,10.1021/jm401318w|DRD2_HUMAN|Phosphorylation|Downstream|CHO|nan,2.081363764158988,0.16813876993977095,0.08406938496988547,0.3095747314671142
10.1021/jm401318w,DRD2_HUMAN,trans-Cariprazine (2),Accumulation,Downstream,CHO,,88.0,9.75,9.59,11.69448267215017,0.0001016930441437,10.1021/jm401318w|DRD2_HUMAN|Accumulation|Downstream|CHO|nan,2.1044826721501693,-0.005897350908939281,-0.0029486754544696403,0.042392331070452066
10.1021/jm500457x,DRD2_HUMAN,19,Phosphorylation,Downstream,CHO,,22.0,7.07,6.6,8.412422680822207,-0.1680262405560668,10.1021/jm500457x|DRD2_HUMAN|Phosphorylation|Downstream|CHO|nan,1.8124226808222073,-0.101697764868103,-0.0508488824340515,0.20685683388832407
10.1021/jm500457x,DRD2_HUMAN,19,Accumulation,Downstream,CHO,,73.0,8.42,8.17,10.283322860120457,0.0667814381644138,10.1021/jm500457x|DRD2_HUMAN|Accumulation|Downstream|CHO|nan,2.113322860120457,0.05664936483578531,0.028324682417892655,0.05534028910633704
10.1021/jm500457x,DRD2_HUMAN,35,Phosphorylation,Downstream,CHO,,17.0,7.17,6.42,8.400448921378274,0.0,10.1021/jm500457x|DRD2_HUMAN|Phosphorylation|Downstream|CHO|nan,1.980448921378274,0.06632847568796385,0.033164237843981925,0.04239230469906874
10.1021/jm500457x,DRD2_HUMAN,35,Accumulation,Downstream,CHO,,71.0,7.23,7.18,9.081258348719077,-0.1452830732369676,10.1021/jm500457x|DRD2_HUMAN|Accumulation|Downstream|CHO|nan,1.901258348719077,-0.1554151465655944,-0.0777075732827972,0.1428782728868698
10.1021/jm500457x,DRD2_HUMAN,36,Phosphorylation,Downstream,CHO,,13.0,7.88,7.08,8.993943352306836,-0.0665055690714382,10.1021/jm500457x|DRD2_HUMAN|Phosphorylation|Downstream|CHO|nan,1.9139433523068359,-0.00017709338347438042,-8.854669173719021e-05,0.055219664112891455
10.1021/jm500457x,DRD2_HUMAN,36,Accumulation,Downstream,CHO,,50.0,9.46,8.96,11.15897000433602,0.1524285823799758,10.1021/jm500457x|DRD2_HUMAN|Accumulation|Downstream|CHO|nan,2.1989700043360187,0.14229650905134728,0.07114825452567364,0.1600364752000841
10.1021/jm500457x,DRD2_HUMAN,37,Accumulation,Downstream,CHO,,33.0,8.88,8.45,10.398513939877889,-0.0980274820781534,10.1021/jm500457x|DRD2_HUMAN|Accumulation|Downstream|CHO|nan,1.9485139398778895,-0.10815955540678202,-0.05407977770339101,0.07489357853751216
10.1021/jm500457x,DRD2_HUMAN,18d,Phosphorylation,Downstream,CHO,,16.0,8.89,8.07,10.094119982655926,0.0436710612776511,10.1021/jm500457x|DRD2_HUMAN|Phosphorylation|Downstream|CHO|nan,2.0241199826559253,0.10999953696561504,0.05499976848280752,0.047531264056208174
10.1021/jm500457x,DRD2_HUMAN,18d,Accumulation,Downstream,CHO,,64.0,7.47,7.26,9.276179973983886,-0.0303614479721563,10.1021/jm500457x|DRD2_HUMAN|Accumulation|Downstream|CHO|nan,2.0161799739838866,-0.040493521300784874,-0.020246760650392437,0.04480628538197531
10.1021/jm500457x,DRD2_HUMAN,34d,Phosphorylation,Downstream,CHO,,17.0,8.57,8.18,9.800448921378274,-0.3599999999999994,10.1021/jm500457x|DRD2_HUMAN|Phosphorylation|Downstream|CHO|nan,1.6204489213782747,-0.2936715243120356,-0.1468357621560178,0.9934621175903053
10.1021/jm500457x,DRD2_HUMAN,34d,Accumulation,Downstream,CHO,,40.0,7.81,7.23,9.41205999132796,0.1355185693719178,10.1021/jm500457x|DRD2_HUMAN|Accumulation|Downstream|CHO|nan,2.182059991327959,0.12538649604328755,0.06269324802164378,0.12305385005261842
10.1021/jm500457x,DRD2_HUMAN,Aripiprazole,Phosphorylation,Downstream,CHO,,25.0,7.03,6.39,8.427940008672039,0.0574910872937648,10.1021/jm500457x|DRD2_HUMAN|Phosphorylation|Downstream|CHO|nan,2.037940008672039,0.12381956298172869,0.061909781490864346,0.05166889473327423
10.1021/jm500457x,DRD2_HUMAN,Aripiprazole,Accumulation,Downstream,CHO,,88.0,9.01,8.88,10.954482672150167,0.0279412501941251,10.1021/jm500457x|DRD2_HUMAN|Accumulation|Downstream|CHO|nan,2.0744826721501664,0.01780917686549488,0.00890458843274744,0.04442845751687605
10.1021/jm500457x,DRD2_HUMAN,Dopamine,Phosphorylation,Downstream,CHO,,87.0,8.79,8.72,10.729519252618616,0.0290703312403426,10.1021/jm500457x|DRD2_HUMAN|Phosphorylation|Downstream|CHO|nan,2.009519252618615,0.09539880692830471,0.04769940346415236,0.044600441677585076
10.1021/jm500457x,DRD2_HUMAN,Dopamine,Accumulation,Downstream,CHO,,102.0,8.57,8.56,10.578600171761918,-0.0279412501941251,10.1021/jm500457x|DRD2_HUMAN|Accumulation|Downstream|CHO|nan,2.0186001717619177,-0.03807332352275372,-0.01903666176137686,0.04442845751687605
10.1038/nchembio.2527,DRD2_HUMAN,1,Recruitment ,Transducer,HTLA,Arrestin-3 (β-arrestin-2),69.0,9.148741651280924,9.13,10.98759074201818,-0.1321121711740467,10.1038/nchembio.2527|DRD2_HUMAN|Recruitment |Transducer|HTLA|Arrestin-3 (β-arrestin-2),1.8575907420181785,-0.11453269213319928,-0.05726634606659964,0.11700624000424688
10.1038/nchembio.2527,DRD2_HUMAN,1,Accumulation,Downstream,HEK-293T,,66.0,9.008773924307503,8.82,10.828317859849374,0.0140154886343193,10.1038/nchembio.2527|DRD2_HUMAN|Accumulation|Downstream|HEK-293T|nan,2.008317859849374,0.11863664470588087,0.059318322352940434,0.04289606096347784
10.1038/nchembio.2527,DRD2_HUMAN,2,Recruitment ,Transducer,HTLA,Arrestin-3 (β-arrestin-2),36.0,8.200659450546418,7.68,9.756961951313706,0.0872590381214788,10.1038/nchembio.2527|DRD2_HUMAN|Recruitment |Transducer|HTLA|Arrestin-3 (β-arrestin-2),2.076961951313706,0.10483851716232806,0.05241925858116403,0.06665930548018138
10.1038/nchembio.2527,DRD2_HUMAN,3,Recruitment ,Transducer,HTLA,Arrestin-3 (β-arrestin-2),32.0,7.091514981121351,6.7,8.596664959441256,-0.0930379537509713,10.1038/nchembio.2527|DRD2_HUMAN|Recruitment |Transducer|HTLA|Arrestin-3 (β-arrestin-2),1.8966649594412557,-0.07545847471012213,-0.03772923735506106,0.07084866404796222
10.1038/nchembio.2527,DRD2_HUMAN,6,Recruitment ,Transducer,HTLA,Arrestin-3 (β-arrestin-2),78.0,9.207608310501746,9.11,11.099702913192226,0.0,10.1038/nchembio.2527|DRD2_HUMAN|Recruitment |Transducer|HTLA|Arrestin-3 (β-arrestin-2),1.989702913192227,0.017579479040849222,0.008789739520424611,0.04239230469906874
10.1038/nchembio.2527,DRD2_HUMAN,6,Accumulation,Downstream,HEK-293T,,86.0,9.309803919971486,9.25,11.244302371215054,0.0,10.1038/nchembio.2527|DRD2_HUMAN|Accumulation|Downstream|HEK-293T|nan,1.9943023712150545,0.10462115607156153,0.052310578035780764,0.04239230469906874
10.1038/nchembio.2527,DRD2_HUMAN,7,Recruitment ,Transducer,HTLA,Arrestin-3 (β-arrestin-2),78.0,8.537602002101044,8.39,10.429696604791523,0.0499936915992975,10.1038/nchembio.2527|DRD2_HUMAN|Recruitment |Transducer|HTLA|Arrestin-3 (β-arrestin-2),2.039696604791523,0.06757317064014501,0.033786585320072504,0.049244042054618624
10.1038/nchembio.2527,DRD2_HUMAN,7,Accumulation,Downstream,HEK-293T,,60.0,7.638272163982407,7.75,9.41642341436605,-0.3278789568490037,10.1038/nchembio.2527|DRD2_HUMAN|Accumulation|Downstream|HEK-293T|nan,1.6664234143660508,-0.22325780077744217,-0.11162890038872109,0.9743098444880275
10.1038/ncomms13958,CNR2_HUMAN,(R)-AM1241,Recruitment ,Transducer,CHO-K1,,29.0,7.52,7.21,8.982397997898955,0.0611567605233673,10.1038/ncomms13958|CNR2_HUMAN|Recruitment |Transducer|CHO-K1|nan,1.7723979978989552,0.33132016934152975,0.16566008467076487,0.05302409484976009
10.1038/ncomms13958,CNR2_HUMAN,(R)-AM1241,Phosphorylation,Downstream,Flp-In-293 ,,75.0,7.84,8.12,9.7150612633917,0.5516490165579571,10.1038/ncomms13958|CNR2_HUMAN|Phosphorylation|Downstream|Flp-In-293 |nan,1.5950612633917007,0.6133497590599936,0.3066748795299968,0.9999998873204964
10.1038/ncomms13958,CNR2_HUMAN,(R)-AM1241,Activation,Transducer,CHO-K1,,33.0,7.4,7.3,8.918513939877888,-0.8568158951328799,10.1038/ncomms13958|CNR2_HUMAN|Activation|Transducer|CHO-K1|nan,1.6185139398778885,-0.9967209422521788,-0.4983604711260894,1.0
10.1038/ncomms13958,CNR2_HUMAN,(R)-AM1241,Activation,Downstream,AtT20,,47.0,5.0,5.48,6.672097857935718,-0.8984967915992512,10.1038/ncomms13958|CNR2_HUMAN|Activation|Downstream|AtT20|nan,1.1920978579357175,-0.6791486727559783,-0.33957433637798917,1.0
10.1038/ncomms13958,CNR2_HUMAN,(rac)-AM1241,Recruitment ,Transducer,CHO-K1,,14.0,5.0,7.95,6.146128035678238,-3.51511320169735,10.1038/ncomms13958|CNR2_HUMAN|Recruitment |Transducer|CHO-K1|nan,-1.803871964321762,-3.2449497928791873,-1.6224748964395936,1.0
10.1038/ncomms13958,CNR2_HUMAN,(rac)-AM1241,Phosphorylation,Downstream,Flp-In-293 ,,32.0,7.6,8.67,9.105149978319906,-0.6082622685138377,10.1038/ncomms13958|CNR2_HUMAN|Phosphorylation|Downstream|Flp-In-293 |nan,0.435149978319906,-0.5465615260118012,-0.2732807630059006,0.999999998178611
10.1038/ncomms13958,CNR2_HUMAN,(rac)-AM1241,Activation,Transducer,CHO-K1,,56.0,6.89,5.9,8.6381880270062,0.2628581919954307,10.1038/ncomms13958|CNR2_HUMAN|Activation|Transducer|CHO-K1|nan,2.738188027006199,0.12295314487613185,0.061476572438065924,0.7725590530212276
10.1038/ncomms13958,CNR2_HUMAN,(rac)-AM1241,Activation,Downstream,AtT20,,59.0,5.23,5.52,7.000852011642145,-0.6097426378928232,10.1038/ncomms13958|CNR2_HUMAN|Activation|Downstream|AtT20|nan,1.4808520116421455,-0.39039451904955036,-0.19519725952477518,0.9999999983736558
10.1038/ncomms13958,CNR2_HUMAN,(S)-AM1241,Recruitment ,Transducer,CHO-K1,,29.0,6.54,5.97,8.002397997898957,0.3211567605233689,10.1038/ncomms13958|CNR2_HUMAN|Recruitment |Transducer|CHO-K1|nan,2.032397997898957,0.5913201693415313,0.29566008467076565,0.9664811989989968
10.1038/ncomms13958,CNR2_HUMAN,(S)-AM1241,Phosphorylation,Downstream,Flp-In-293 ,,60.0,6.92,7.54,8.698151250383644,0.1147390035499,10.1038/ncomms13958|CNR2_HUMAN|Phosphorylation|Downstream|Flp-In-293 |nan,1.1581512503836437,0.17643974605193657,0.08821987302596829,0.09191397264207228
10.1038/ncomms13958,CNR2_HUMAN,(S)-AM1241,Activation,Downstream,AtT20,,68.0,5.6,5.7,7.432508912706236,-0.3580857368287327,10.1038/ncomms13958|CNR2_HUMAN|Activation|Downstream|AtT20|nan,1.732508912706236,-0.1387376179854598,-0.0693688089927299,0.9928766926838968
10.1038/ncomms13958,CNR2_HUMAN,∆9-THC,Phosphorylation,Downstream,Flp-In-293 ,,41.0,6.7,7.89,8.312783856719737,-0.6206283901140068,10.1038/ncomms13958|CNR2_HUMAN|Phosphorylation|Downstream|Flp-In-293 |nan,0.42278385671973684,-0.5589276476119703,-0.27946382380598517,0.9999999992988284
10.1038/ncomms13958,CNR2_HUMAN,∆9-THC,Activation,Transducer,CHO-K1,,21.0,7.07,4.51,8.39221929473392,1.4068894597231516,10.1038/ncomms13958|CNR2_HUMAN|Activation|Transducer|CHO-K1|nan,3.88221929473392,1.2669844126038527,0.6334922063019264,1.0
10.1038/ncomms13958,CNR2_HUMAN,2-AG,Recruitment ,Transducer,CHO-K1,,80.0,5.7,5.9,7.603089986991944,-0.0081512503836442,10.1038/ncomms13958|CNR2_HUMAN|Recruitment |Transducer|CHO-K1|nan,1.7030899869919436,0.2620121584345181,0.13100607921725904,0.04256206197097149
10.1038/ncomms13958,CNR2_HUMAN,2-AG,Phosphorylation,Downstream,Flp-In-293 ,,99.0,5.41,6.37,7.40563519459755,-0.0077770522361939,10.1038/ncomms13958|CNR2_HUMAN|Phosphorylation|Downstream|Flp-In-293 |nan,1.0356351945975497,0.05392369026584254,0.02696184513292127,0.04254680720061032
10.1038/ncomms13958,CNR2_HUMAN,2-AG,Activation,Transducer,CHO-K1,,57.0,6.19,4.63,7.945874855672492,0.8405450206617235,10.1038/ncomms13958|CNR2_HUMAN|Activation|Transducer|CHO-K1|nan,3.315874855672492,0.7006399735424247,0.35031998677121234,1.0
10.1038/ncomms13958,CNR2_HUMAN,2-AG,Accumulation,Downstream,CHO,,94.0,6.82,6.99,8.7931278535997,-0.2363469868909726,10.1038/ncomms13958|CNR2_HUMAN|Accumulation|Downstream|CHO|nan,1.8031278535996993,-0.21643478264650629,-0.10821739132325314,0.5966358670277805
10.1038/ncomms13958,CNR2_HUMAN,2-AG,Activation,Downstream,AtT20,,100.0,6.51,6.4,8.51,0.0194053504650306,10.1038/ncomms13958|CNR2_HUMAN|Activation|Downstream|AtT20|nan,2.1099999999999994,0.23875346930830355,0.11937673465415177,0.04336303701934173
10.1038/ncomms13958,CNR2_HUMAN,Anandamide,Recruitment ,Transducer,CHO-K1,,38.0,6.21,5.54,7.78978359661681,0.5385423592412222,10.1038/ncomms13958|CNR2_HUMAN|Recruitment |Transducer|CHO-K1|nan,2.24978359661681,0.8087057680593845,0.40435288402969227,0.9999997235247002
10.1038/ncomms13958,CNR2_HUMAN,Anandamide,Phosphorylation,Downstream,Flp-In-293 ,,62.0,5.41,6.03,7.202391689498255,0.1289794426645105,10.1038/ncomms13958|CNR2_HUMAN|Phosphorylation|Downstream|Flp-In-293 |nan,1.1723916894982551,0.19068018516654794,0.09534009258327397,0.1118014741107131
10.1038/ncomms13958,CNR2_HUMAN,Anandamide,Activation,Transducer,CHO-K1,,31.0,6.37,4.54,7.861361693834272,0.8460318588235038,10.1038/ncomms13958|CNR2_HUMAN|Activation|Transducer|CHO-K1|nan,3.3213616938342723,0.706126811704205,0.3530634058521025,1.0
10.1038/ncomms13958,CNR2_HUMAN,Anandamide,Accumulation,Downstream,CHO,,87.0,5.93,5.96,7.869519252618618,-0.1299555878720539,10.1038/ncomms13958|CNR2_HUMAN|Accumulation|Downstream|CHO|nan,1.909519252618618,-0.11004338362758759,-0.055021691813793794,0.11338788019519963
10.1038/ncomms13958,CNR2_HUMAN,Anandamide,Activation,Downstream,AtT20,,51.0,5.29,4.53,6.997570176097936,0.3769755265629668,10.1038/ncomms13958|CNR2_HUMAN|Activation|Downstream|AtT20|nan,2.4675701760979356,0.5963236454062397,0.29816182270311986,0.9970099029419726
10.1038/ncomms13958,CNR2_HUMAN,"CP55,940",Recruitment ,Transducer,CHO-K1,,80.0,8.39,8.5,10.293089986991944,0.0818487496163564,10.1038/ncomms13958|CNR2_HUMAN|Recruitment |Transducer|CHO-K1|nan,1.7930899869919443,0.35201215843451883,0.17600607921725941,0.06317143491648844
10.1038/ncomms13958,CNR2_HUMAN,"CP55,940",Phosphorylation,Downstream,Flp-In-293 ,,102.0,7.96,9.03,9.968600171761915,-0.104812075071826,10.1038/ncomms13958|CNR2_HUMAN|Phosphorylation|Downstream|Flp-In-293 |nan,0.9386001717619159,-0.04311133256979127,-0.021555666284895636,0.08110753776498308
10.1038/ncomms13958,CNR2_HUMAN,"CP55,940",Activation,Transducer,CHO-K1,,95.0,8.43,8.28,10.407723605288847,-0.3476062297219204,10.1038/ncomms13958|CNR2_HUMAN|Activation|Transducer|CHO-K1|nan,2.127723605288848,-0.4875112768412193,-0.24375563842060965,0.9887122493176672
10.1038/ncomms13958,CNR2_HUMAN,"CP55,940",Accumulation,Downstream,CHO,,98.0,10.33,10.17,12.321226075692495,0.1117512352018232,10.1038/ncomms13958|CNR2_HUMAN|Accumulation|Downstream|CHO|nan,2.1512260756924952,0.13166343944628967,0.06583171972314483,0.08842701074857415
10.1038/ncomms13958,CNR2_HUMAN,"CP55,940",Activation,Downstream,AtT20,,100.0,7.98,7.863,9.98,0.0264053504650312,10.1038/ncomms13958|CNR2_HUMAN|Activation|Downstream|AtT20|nan,2.117,0.2457534693083041,0.12287673465415205,0.044206383292609744
10.1038/ncomms13958,CNR2_HUMAN,HU210,Phosphorylation,Downstream,Flp-In-293 ,,105.0,7.25,8.22,9.271189299069938,0.0077770522361939,10.1038/ncomms13958|CNR2_HUMAN|Phosphorylation|Downstream|Flp-In-293 |nan,1.0511892990699376,0.06947779473823046,0.03473889736911523,0.04254680720061032
10.1038/ncomms13958,CNR2_HUMAN,HU210,Activation,Downstream,AtT20,,105.0,7.24,7.19,9.261189299069938,-0.0194053504650306,10.1038/ncomms13958|CNR2_HUMAN|Activation|Downstream|AtT20|nan,2.071189299069938,0.1999427683782422,0.0999713841891211,0.04336303701934173
10.1038/ncomms13958,CNR2_HUMAN,HU308,Recruitment ,Transducer,CHO-K1,,57.0,7.45,7.72,9.20587485567249,-0.2253663817030968,10.1038/ncomms13958|CNR2_HUMAN|Recruitment |Transducer|CHO-K1|nan,1.485874855672491,0.0447970271150655,0.02239851355753275,0.5182401533726052
10.1038/ncomms13958,CNR2_HUMAN,HU308,Phosphorylation,Downstream,Flp-In-293 ,,93.0,6.86,7.55,8.828482948553935,0.2350707017201916,10.1038/ncomms13958|CNR2_HUMAN|Phosphorylation|Downstream|Flp-In-293 |nan,1.2784829485539353,0.2967714442222281,0.14838572211111406,0.5875079209879743
10.1038/ncomms13958,CNR2_HUMAN,HU308,Activation,Transducer,CHO-K1,,97.0,7.29,6.95,9.276771734266244,-0.1485581007445242,10.1038/ncomms13958|CNR2_HUMAN|Activation|Transducer|CHO-K1|nan,2.326771734266244,-0.2884631478638231,-0.14423157393191155,0.15044233649779662
10.1038/ncomms13958,CNR2_HUMAN,HU308,Accumulation,Downstream,CHO,,98.0,8.53,8.49,10.521226075692494,-0.0082487647981777,10.1038/ncomms13958|CNR2_HUMAN|Accumulation|Downstream|CHO|nan,2.0312260756924942,0.01166343944628867,0.005831719723144335,0.042566155915447206
10.1038/ncomms13958,CNR2_HUMAN,HU308,Activation,Downstream,AtT20,,82.0,6.58,6.281,8.493813852383717,0.1222192028487483,10.1038/ncomms13958|CNR2_HUMAN|Activation|Downstream|AtT20|nan,2.212813852383717,0.3415673216920212,0.1707836608460106,0.10163909201232153
10.1038/ncomms13958,CNR2_HUMAN,HU910,Recruitment ,Transducer,CHO-K1,,48.0,7.75,7.72,9.431241237375588,0.0,10.1038/ncomms13958|CNR2_HUMAN|Recruitment |Transducer|CHO-K1|nan,1.7112412373755879,0.27016340881816236,0.13508170440908118,0.04239230469906874
10.1038/ncomms13958,CNR2_HUMAN,HU910,Phosphorylation,Downstream,Flp-In-293 ,,104.0,5.5,6.94,7.517033339298781,-0.4663789075349633,10.1038/ncomms13958|CNR2_HUMAN|Phosphorylation|Downstream|Flp-In-293 |nan,0.5770333392987803,-0.40467816503292686,-0.20233908251646343,0.9999736959240091
10.1038/ncomms13958,CNR2_HUMAN,HU910,Activation,Transducer,CHO-K1,,61.0,7.27,6.82,9.055329835010768,-0.240000000000002,10.1038/ncomms13958|CNR2_HUMAN|Activation|Transducer|CHO-K1|nan,2.235329835010768,-0.37990504711929907,-0.18995252355964953,0.6226414090760497
10.1038/ncomms13958,CNR2_HUMAN,HU910,Accumulation,Downstream,CHO,,98.0,8.41,8.37,10.401226075692495,-0.0082487647981759,10.1038/ncomms13958|CNR2_HUMAN|Accumulation|Downstream|CHO|nan,2.031226075692496,0.011663439446290447,0.005831719723145223,0.04256615591544712
10.1038/ncomms13958,CNR2_HUMAN,HU910,Activation,Downstream,AtT20,,74.0,5.87,5.9,7.739231719730976,-0.2513629298039928,10.1038/ncomms13958|CNR2_HUMAN|Activation|Downstream|AtT20|nan,1.839231719730976,-0.0320148109607199,-0.01600740548035995,0.7008819520214207
10.1038/ncomms13958,CNR2_HUMAN,JWH015,Recruitment ,Transducer,CHO-K1,,70.0,7.53,7.62,9.375098040014258,0.04385680263867,10.1038/ncomms13958|CNR2_HUMAN|Recruitment |Transducer|CHO-K1|nan,1.755098040014258,0.31402021145683245,0.15701010572841623,0.04757751934172564
10.1038/ncomms13958,CNR2_HUMAN,JWH015,Activation,Transducer,CHO-K1,,67.0,6.7,5.96,8.526074802700826,0.0907449676900578,10.1038/ncomms13958|CNR2_HUMAN|Activation|Transducer|CHO-K1|nan,2.566074802700826,-0.049160079429241055,-0.024580039714620527,0.0691257274013819
10.1038/ncomms13958,CNR2_HUMAN,JWH015,Accumulation,Downstream,CHO,,95.0,8.52,8.45,10.497723605288847,0.0082487647981759,10.1038/ncomms13958|CNR2_HUMAN|Accumulation|Downstream|CHO|nan,2.047723605288848,0.028160969042642314,0.014080484521321157,0.04256615591544712
10.1038/ncomms13958,CNR2_HUMAN,JWH015,Activation,Downstream,AtT20,,76.0,7.32,6.78,9.200813592280792,0.3302189427458226,10.1038/ncomms13958|CNR2_HUMAN|Activation|Downstream|AtT20|nan,2.4208135922807914,0.5495670615890955,0.27478353079454776,0.9766231709007095
10.1038/ncomms13958,CNR2_HUMAN,JWH133,Recruitment ,Transducer,CHO-K1,,62.0,7.81,8.02,9.602391689498251,-0.1288495478773343,10.1038/ncomms13958|CNR2_HUMAN|Recruitment |Transducer|CHO-K1|nan,1.5823916894982517,0.1413138609408262,0.0706569304704131,0.1115927358867148
10.1038/ncomms13958,CNR2_HUMAN,JWH133,Phosphorylation,Downstream,Flp-In-293 ,,96.0,6.19,7.07,8.172271233039568,0.0588589862058244,10.1038/ncomms13958|CNR2_HUMAN|Phosphorylation|Downstream|Flp-In-293 |nan,1.102271233039568,0.12055972870786091,0.06027986435393046,0.05216097145272061
10.1038/ncomms13958,CNR2_HUMAN,JWH133,Activation,Transducer,CHO-K1,,61.0,6.96,6.27,8.745329835010768,0.0,10.1038/ncomms13958|CNR2_HUMAN|Activation|Transducer|CHO-K1|nan,2.4753298350107684,-0.13990504711929885,-0.06995252355964943,0.04239230469906874
10.1038/ncomms13958,CNR2_HUMAN,JWH133,Accumulation,Downstream,CHO,,98.0,8.38,8.28,10.371226075692496,0.0517512352018245,10.1038/ncomms13958|CNR2_HUMAN|Accumulation|Downstream|CHO|nan,2.0912260756924965,0.07166343944629094,0.03583171972314547,0.04977262996157612
10.1038/ncomms13958,CNR2_HUMAN,JWH133,Activation,Downstream,AtT20,,31.0,5.0,5.98,6.491361693834273,-1.579232955700696,10.1038/ncomms13958|CNR2_HUMAN|Activation|Downstream|AtT20|nan,0.5113616938342727,-1.3598848368574232,-0.6799424184287116,1.0
10.1038/ncomms13958,CNR2_HUMAN,WIN55212-2,Recruitment ,Transducer,CHO-K1,,55.0,7.93,8.1,9.670362689494244,-0.1408785478813436,10.1038/ncomms13958|CNR2_HUMAN|Recruitment |Transducer|CHO-K1|nan,1.5703626894942442,0.12928486093681868,0.06464243046840934,0.13345362777328412
10.1038/ncomms13958,CNR2_HUMAN,WIN55212-2,Phosphorylation,Downstream,Flp-In-293 ,,92.0,8.34,9.29,10.303787827345555,-0.0296244194881873,10.1038/ncomms13958|CNR2_HUMAN|Phosphorylation|Downstream|Flp-In-293 |nan,1.0137878273455563,0.032076323013849106,0.016038161506924553,0.044687574566021335
10.1038/ncomms13958,CNR2_HUMAN,WIN55212-2,Activation,Transducer,CHO-K1,,49.0,7.96,7.49,9.650196080028511,-0.3151337549822557,10.1038/ncomms13958|CNR2_HUMAN|Activation|Transducer|CHO-K1|nan,2.160196080028511,-0.45503880210155634,-0.22751940105077817,0.9577433260027387
10.1038/ncomms13958,CNR2_HUMAN,WIN55212-2,Accumulation,Downstream,CHO,,98.0,9.5,9.4,11.491226075692497,0.0517512352018227,10.1038/ncomms13958|CNR2_HUMAN|Accumulation|Downstream|CHO|nan,2.0912260756924965,0.07166343944629094,0.03583171972314547,0.049772629961575575
10.1038/ncomms13958,CNR2_HUMAN,WIN55212-2,Activation,Downstream,AtT20,,87.0,7.98,7.62,9.91951925261862,0.2089246030836498,10.1038/ncomms13958|CNR2_HUMAN|Activation|Downstream|AtT20|nan,2.2995192526186203,0.42827272192692445,0.21413636096346222,0.4072003421987682
10.1038/ncomms13958,CNR2_MOUSE,"CP55,940",Recruitment ,Transducer,CHO-K1,,96.0,8.02,8.0,10.002271233039568,-0.027171009458156,10.1038/ncomms13958|CNR2_MOUSE|Recruitment |Transducer|CHO-K1|nan,2.0022712330395684,-0.03522996915349985,-0.017614984576749926,0.04431538755250754
10.1038/ncomms13958,CNR2_MOUSE,"CP55,940",Activation,Transducer,CHO-K1,,102.0,7.79,7.82,9.798600171761915,-0.0167472154642815,10.1038/ncomms13958|CNR2_MOUSE|Activation|Transducer|CHO-K1|nan,1.978600171761915,-0.022850636287369053,-0.011425318143684526,0.04311331213187338
10.1038/ncomms13958,CNR2_MOUSE,"CP55,940",Accumulation,Downstream,CHO,,100.0,10.17,10.52,12.17,-0.2329558161475233,10.1038/ncomms13958|CNR2_MOUSE|Accumulation|Downstream|CHO|nan,1.6500000000000004,-0.2854966087489683,-0.14274830437448416,0.5723621595311797
10.1038/ncomms13958,CNR2_MOUSE,HU308,Recruitment ,Transducer,CHO-K1,,69.0,6.47,6.22,8.308849090737255,0.0594068482395302,10.1038/ncomms13958|CNR2_MOUSE|Recruitment |Transducer|CHO-K1|nan,2.0888490907372548,0.05134788854418648,0.02567394427209324,0.0523625656972751
10.1038/ncomms13958,CNR2_MOUSE,HU308,Activation,Transducer,CHO-K1,,96.0,6.83,6.77,8.812271233039569,0.0469238458133709,10.1038/ncomms13958|CNR2_MOUSE|Activation|Transducer|CHO-K1|nan,2.0422712330395694,0.040820424990285264,0.020410212495142632,0.04837635832535003
10.1038/ncomms13958,CNR2_MOUSE,HU308,Accumulation,Downstream,CHO,,56.0,8.43,8.07,10.1781880270062,0.2252322108586764,10.1038/ncomms13958|CNR2_MOUSE|Accumulation|Downstream|CHO|nan,2.1081880270062,0.17269141825723144,0.08634570912861572,0.5172919208708756
10.1038/ncomms13958,CNR2_MOUSE,HU910,Recruitment ,Transducer,CHO-K1,,66.0,6.78,6.57,8.599543935541869,0.0001016930441437,10.1038/ncomms13958|CNR2_MOUSE|Recruitment |Transducer|CHO-K1|nan,2.0295439355418683,-0.007957266651200001,-0.003978633325600001,0.042392331070452066
10.1038/ncomms13958,CNR2_MOUSE,HU910,Activation,Transducer,CHO-K1,,78.0,7.27,7.15,9.16209460269048,0.0167472154642815,10.1038/ncomms13958|CNR2_MOUSE|Activation|Transducer|CHO-K1|nan,2.01209460269048,0.010643794641195914,0.005321897320597957,0.04311331213187338
10.1038/ncomms13958,CNR2_MOUSE,HU910,Accumulation,Downstream,CHO,,67.0,8.98,8.48,10.806074802700827,0.4431189865533032,10.1038/ncomms13958|CNR2_MOUSE|Accumulation|Downstream|CHO|nan,2.326074802700827,0.3905781939518582,0.1952890969759291,0.999900661793741
10.1038/ncomms13958,CNR2_MOUSE,JWH133,Recruitment ,Transducer,CHO-K1,,63.0,6.8,6.57,8.599340549453581,-0.0001016930441437,10.1038/ncomms13958|CNR2_MOUSE|Recruitment |Transducer|CHO-K1|nan,2.0293405494535808,-0.008160652739487517,-0.004080326369743759,0.042392331070452066
10.1038/ncomms13958,CNR2_MOUSE,JWH133,Activation,Transducer,CHO-K1,,103.0,7.03,7.07,9.042837224705172,-0.0225101625210264,10.1038/ncomms13958|CNR2_MOUSE|Activation|Transducer|CHO-K1|nan,1.972837224705172,-0.028613583344112126,-0.014306791672056063,0.043703425147096416
10.1038/ncomms13958,CNR2_MOUSE,JWH133,Accumulation,Downstream,CHO,,95.0,7.75,8.07,9.727723605288848,-0.2252322108586764,10.1038/ncomms13958|CNR2_MOUSE|Accumulation|Downstream|CHO|nan,1.6577236052888473,-0.27777300346012135,-0.13888650173006067,0.5172919208708756
10.1124/mol.113.088880,ADRB2_HUMAN,Isoproterenol ,Accumulation,Downstream,HEK,,100.0,7.47,7.0,9.47,0.2044746647809248,10.1124/mol.113.088880|ADRB2_HUMAN|Accumulation|Downstream|HEK|nan,2.4700000000000006,0.5325574889049722,0.2662787444524861,0.37963234883097285
10.1038/s41401-018-0200-x,ADRB2_HUMAN,"(R,R')-Fenoterol",Recruitment ,Transducer,CHO-K1,,91.0,7.39,7.4,9.349041392321093,0.1555729367415059,10.1038/s41401-018-0200-x|ADRB2_HUMAN|Recruitment |Transducer|CHO-K1|nan,1.9490413923210923,0.11992772396631968,0.05996386198315984,0.168384407028777
10.1038/s41401-018-0200-x,ADRB2_HUMAN,"(R,R')-Fenoterol",Accumulation,Downstream,HEK-293,,86.0,7.42,7.5,9.354498451243568,0.0213705976438696,10.1038/s41401-018-0200-x|ADRB2_HUMAN|Accumulation|Downstream|HEK-293|nan,1.8544984512435683,0.02809743808794196,0.01404871904397098,0.043572333650860995
10.1038/s41401-018-0200-x,ADRB2_HUMAN,"(R,R')-MNF",Recruitment ,Transducer,CHO-K1,,74.0,6.92,6.85,8.789231719730976,0.1457632641513901,10.1038/s41401-018-0200-x|ADRB2_HUMAN|Recruitment |Transducer|CHO-K1|nan,1.9392317197309765,0.1101180513762039,0.05505902568810195,0.14395677587673952
10.1038/s41401-018-0200-x,ADRB2_HUMAN,"(R,R')-MNF",Accumulation,Downstream,HEK-293,,52.0,7.11,7.02,8.826003343634799,-0.0271245099648993,10.1038/s41401-018-0200-x|ADRB2_HUMAN|Accumulation|Downstream|HEK-293|nan,1.8060033436347993,-0.020397669520827,-0.0101988347604135,0.04430867132185312
10.1038/s41401-018-0200-x,ADRB2_HUMAN,(R)-Epinephrine,Recruitment ,Transducer,CHO-K1,,112.0,6.92,6.99,8.969218022670182,0.1857495670905953,10.1038/s41401-018-0200-x|ADRB2_HUMAN|Recruitment |Transducer|CHO-K1|nan,1.9792180226701817,0.15010435431540903,0.07505217715770451,0.27886263001447836
10.1038/s41401-018-0200-x,ADRB2_HUMAN,(R)-Epinephrine,Accumulation,Downstream,HEK-293,,61.0,7.13,7.03,8.915329835010766,0.0522019814110672,10.1038/s41401-018-0200-x|ADRB2_HUMAN|Accumulation|Downstream|HEK-293|nan,1.885329835010766,0.05892882185513959,0.029464410927569795,0.04991202244663118
10.1038/s41401-018-0200-x,ADRB2_HUMAN,(R)-Isoproterenol,Recruitment ,Transducer,CHO-K1,,104.0,7.28,7.3,9.29703333929878,0.2035648837191939,10.1038/s41401-018-0200-x|ADRB2_HUMAN|Recruitment |Transducer|CHO-K1|nan,1.9970333392987802,0.16791967094400762,0.08395983547200381,0.37415601132730636
10.1038/s41401-018-0200-x,ADRB2_HUMAN,(R)-Isoproterenol,Accumulation,Downstream,HEK-293,,91.0,7.16,7.23,9.119041392321094,0.0559135387213949,10.1038/s41401-018-0200-x|ADRB2_HUMAN|Accumulation|Downstream|HEK-293|nan,1.8890413923210936,0.06264037916546727,0.03132018958273364,0.051121007565330424
10.1038/s41401-018-0200-x,ADRB2_HUMAN,A-17,Recruitment ,Transducer,CHO-K1,,29.0,8.37,8.08,9.832397997898957,-0.0410704576806315,10.1038/s41401-018-0200-x|ADRB2_HUMAN|Recruitment |Transducer|CHO-K1|nan,1.7523979978989566,-0.07671567045581607,-0.03835783522790803,0.046908451433339424
10.1038/s41401-018-0200-x,ADRB2_HUMAN,A-17,Accumulation,Downstream,HEK-293,,36.0,8.21,8.05,9.766302500767289,-0.1168253528324108,10.1038/s41401-018-0200-x|ADRB2_HUMAN|Accumulation|Downstream|HEK-293|nan,1.7163025007672879,-0.11009851238833845,-0.05504925619416923,0.09447858268627829
10.1038/s41401-018-0200-x,ADRB2_HUMAN,A-18,Recruitment ,Transducer,CHO-K1,,19.0,7.31,6.88,8.588753600952828,-0.0847148546267586,10.1038/s41401-018-0200-x|ADRB2_HUMAN|Recruitment |Transducer|CHO-K1|nan,1.7087536009528277,-0.12036006740194494,-0.06018003370097247,0.06496957041675729
10.1038/s41401-018-0200-x,ADRB2_HUMAN,A-18,Accumulation,Downstream,HEK-293,,23.0,7.11,6.72,8.471727836017592,-0.0814000175821059,10.1038/s41401-018-0200-x|ADRB2_HUMAN|Accumulation|Downstream|HEK-293|nan,1.7517278360175927,-0.07467317713803356,-0.03733658856901678,0.06289965296924575
10.1038/s41401-018-0200-x,ADRB2_HUMAN,A-23,Recruitment ,Transducer,CHO-K1,,20.0,7.63,7.25,8.93102999566398,-0.112438459915606,10.1038/s41401-018-0200-x|ADRB2_HUMAN|Recruitment |Transducer|CHO-K1|nan,1.6810299956639803,-0.14808367269079237,-0.07404183634539618,0.08921025351134329
10.1038/s41401-018-0200-x,ADRB2_HUMAN,A-23,Accumulation,Downstream,HEK-293,,27.0,7.77,7.42,9.201363764158987,-0.0517640894407112,10.1038/s41401-018-0200-x|ADRB2_HUMAN|Accumulation|Downstream|HEK-293|nan,1.7813637641589875,-0.04503724899663886,-0.02251862449831943,0.049776583273792425
10.1038/s41401-018-0200-x,ADRB2_HUMAN,A-31,Recruitment ,Transducer,CHO-K1,,33.0,6.89,6.64,8.408513939877887,-0.0249545157016992,10.1038/s41401-018-0200-x|ADRB2_HUMAN|Recruitment |Transducer|CHO-K1|nan,1.768513939877887,-0.06059972847688555,-0.030299864238442775,0.04400903188812228
10.1038/s41401-018-0200-x,ADRB2_HUMAN,A-31,Accumulation,Downstream,HEK-293,,39.0,6.81,6.56,8.401064607026498,0.0079367534268,10.1038/s41401-018-0200-x|ADRB2_HUMAN|Accumulation|Downstream|HEK-293|nan,1.8410646070264987,0.014663593870872349,0.0073317969354361745,0.0425532293589375
10.1038/s41401-018-0200-x,ADRB2_HUMAN,A-32,Recruitment ,Transducer,CHO-K1,,38.0,8.13,7.91,9.709783596616813,0.0063151410372244,10.1038/s41401-018-0200-x|ADRB2_HUMAN|Recruitment |Transducer|CHO-K1|nan,1.7997835966168125,-0.029330071737960095,-0.014665035868980048,0.04249412029954675
10.1038/s41401-018-0200-x,ADRB2_HUMAN,A-32,Accumulation,Downstream,HEK-293,,43.0,8.09,7.95,9.723468455579589,-0.0596593980201118,10.1038/s41401-018-0200-x|ADRB2_HUMAN|Accumulation|Downstream|HEK-293|nan,1.7734684555795885,-0.052932557576037764,-0.026466278788018882,0.052456374081910034
10.1038/s41401-018-0200-x,ADRB2_HUMAN,A-33,Recruitment ,Transducer,CHO-K1,,28.0,6.68,6.39,8.12715803134222,-0.0563104242373668,10.1038/s41401-018-0200-x|ADRB2_HUMAN|Recruitment |Transducer|CHO-K1|nan,1.7371580313422195,-0.09195563701255316,-0.04597781850627658,0.05125689591020976
10.1038/s41401-018-0200-x,ADRB2_HUMAN,A-33,Accumulation,Downstream,HEK-293,,28.0,6.56,6.17,8.007158031342218,0.0040301777425195,10.1038/s41401-018-0200-x|ADRB2_HUMAN|Accumulation|Downstream|HEK-293|nan,1.8371580313422182,0.010757018186591916,0.005378509093295958,0.04243374295473489
10.1038/s41401-018-0200-x,ADRB2_HUMAN,A-35,Recruitment ,Transducer,CHO-K1,,25.0,6.55,6.18,7.947940008672037,-0.0255284469075487,10.1038/s41401-018-0200-x|ADRB2_HUMAN|Recruitment |Transducer|CHO-K1|nan,1.7679400086720376,-0.061173659682735027,-0.030586829841367513,0.04408566851257445
10.1038/s41401-018-0200-x,ADRB2_HUMAN,A-35,Accumulation,Downstream,HEK-293,,25.0,6.02,5.68,7.417940008672037,-0.0951878449276613,10.1038/s41401-018-0200-x|ADRB2_HUMAN|Accumulation|Downstream|HEK-293|nan,1.7379400086720374,-0.08846100448358896,-0.04423050224179448,0.07254038781207818
10.1038/s41401-018-0200-x,ADRB2_HUMAN,B-24,Recruitment ,Transducer,CHO-K1,,43.0,4.18,4.02,5.813468455579586,0.0,10.1038/s41401-018-0200-x|ADRB2_HUMAN|Recruitment |Transducer|CHO-K1|nan,1.7934684555795863,-0.035645212775186286,-0.017822606387593143,0.04239230469906874
10.1038/s41401-018-0200-x,ADRB2_HUMAN,B-24,Accumulation,Downstream,HEK-293,,60.0,4.19,4.01,5.968151250383644,0.1250233967839458,10.1038/s41401-018-0200-x|ADRB2_HUMAN|Accumulation|Downstream|HEK-293|nan,1.9581512503836445,0.13175023722801815,0.06587511861400908,0.10568531313054635
10.1038/s41401-018-0200-x,ADRB2_HUMAN,B-30,Recruitment ,Transducer,CHO-K1,,33.0,5.42,5.18,6.938513939877888,-0.0349545157016981,10.1038/s41401-018-0200-x|ADRB2_HUMAN|Recruitment |Transducer|CHO-K1|nan,1.7585139398778882,-0.07059972847688445,-0.035299864238442225,0.04561978390746656
10.1038/s41401-018-0200-x,ADRB2_HUMAN,B-30,Accumulation,Downstream,HEK-293,,37.0,5.43,5.22,6.998201724066995,-0.0549261295327037,10.1038/s41401-018-0200-x|ADRB2_HUMAN|Accumulation|Downstream|HEK-293|nan,1.778201724066995,-0.04819928908863136,-0.02409964454431568,0.05078854835362252
10.1038/s41401-018-0200-x,ADRB2_HUMAN,Fenoterol,Recruitment ,Transducer,CHO-K1,,91.0,7.18,7.19,9.139041392321094,0.1555729367415068,10.1038/s41401-018-0200-x|ADRB2_HUMAN|Recruitment |Transducer|CHO-K1|nan,1.9490413923210932,0.11992772396632057,0.05996386198316028,0.1683844070287795
10.1038/s41401-018-0200-x,ADRB2_HUMAN,Fenoterol,Accumulation,Downstream,HEK-293,,94.0,7.11,7.25,9.0831278535997,0.0,10.1038/s41401-018-0200-x|ADRB2_HUMAN|Accumulation|Downstream|HEK-293|nan,1.8331278535997004,0.0067268404440741225,0.0033634202220370613,0.04239230469906874
10.1038/s41401-018-0200-x,ADRB2_HUMAN,L-12,Recruitment ,Transducer,CHO-K1,,32.0,5.21,4.9,6.715149978319906,0.0216815227403195,10.1038/s41401-018-0200-x|ADRB2_HUMAN|Recruitment |Transducer|CHO-K1|nan,1.8151499783199059,-0.01396369003486675,-0.006981845017433375,0.043607389104502715
10.1038/s41401-018-0200-x,ADRB2_HUMAN,L-12,Accumulation,Downstream,HEK-293,,36.0,4.45,4.12,6.006302500767287,0.0531746471675882,10.1038/s41401-018-0200-x|ADRB2_HUMAN|Accumulation|Downstream|HEK-293|nan,1.886302500767287,0.05990148761166059,0.029950743805830293,0.050218226831126214
10.1038/s41401-018-0200-x,ADRB2_HUMAN,L-2,Recruitment ,Transducer,CHO-K1,,54.0,5.12,5.0,6.852393759822968,0.0589253042433819,10.1038/s41401-018-0200-x|ADRB2_HUMAN|Recruitment |Transducer|CHO-K1|nan,1.8523937598229683,0.02328009146819565,0.011640045734097826,0.052185235897669664
10.1038/s41401-018-0200-x,ADRB2_HUMAN,L-2,Accumulation,Downstream,HEK-293,,44.0,4.72,4.51,6.363452676486187,0.0203248228864882,10.1038/s41401-018-0200-x|ADRB2_HUMAN|Accumulation|Downstream|HEK-293|nan,1.853452676486187,0.027051663330560638,0.013525831665280319,0.04345832909296354
10.1038/s41401-018-0200-x,ADRB2_HUMAN,L-4,Recruitment ,Transducer,CHO-K1,,90.0,5.3,5.29,7.254242509439325,0.1707740538597386,10.1038/s41401-018-0200-x|ADRB2_HUMAN|Recruitment |Transducer|CHO-K1|nan,1.964242509439325,0.13512884108455236,0.06756442054227618,0.2166159805725548
10.1038/s41401-018-0200-x,ADRB2_HUMAN,L-4,Accumulation,Downstream,HEK-293,,54.0,4.76,4.59,6.492393759822969,0.0692659062232703,10.1038/s41401-018-0200-x|ADRB2_HUMAN|Accumulation|Downstream|HEK-293|nan,1.902393759822969,0.07599274666734268,0.03799637333367134,0.0564608080433389
10.1038/s41401-018-0200-x,ADRB2_HUMAN,L-6,Recruitment ,Transducer,CHO-K1,,14.0,4.46,3.84,5.606128035678238,-0.027340419901348,10.1038/s41401-018-0200-x|ADRB2_HUMAN|Recruitment |Transducer|CHO-K1|nan,1.7661280356782383,-0.06298563267653434,-0.03149281633826717,0.04433996220189799
10.1038/s41401-018-0200-x,ADRB2_HUMAN,L-6,Accumulation,Downstream,HEK-293,,10.0,4.42,3.63,5.42,-0.0431278535996986,10.1038/s41401-018-0200-x|ADRB2_HUMAN|Accumulation|Downstream|HEK-293|nan,1.79,-0.03640101315562627,-0.018200506577813136,0.047397356838959126
10.1038/s41401-018-0200-x,ADRB2_HUMAN,Salmeterol,Recruitment ,Transducer,CHO-K1,,16.0,8.06,7.49,9.264119982655926,-0.019348472923661,10.1038/s41401-018-0200-x|ADRB2_HUMAN|Recruitment |Transducer|CHO-K1|nan,1.7741199826559253,-0.05499368569884733,-0.027496842849423664,0.043357293601784336
10.1038/s41401-018-0200-x,ADRB2_HUMAN,Salmeterol,Accumulation,Downstream,HEK-293,,15.0,8.93,8.28,10.10609125905568,-0.0070365945440169,10.1038/s41401-018-0200-x|ADRB2_HUMAN|Accumulation|Downstream|HEK-293|nan,1.82609125905568,-0.0003097540999463799,-0.00015487704997318996,0.04251874734011724
10.1038/s41467-018-03941-2,GLP1R_HUMAN,Exendin-4,Recruitment ,Transducer,CHO-K1,Arrestin-3 (β-arrestin-2),97.0,7.66,7.65,9.646771734266244,0.0647116275281449,10.1038/s41467-018-03941-2|GLP1R_HUMAN|Recruitment |Transducer|CHO-K1|Arrestin-3 (β-arrestin-2),1.9967717342662432,0.26655233786700006,0.13327616893350003,0.05445328357937945
10.1038/s41467-018-03941-2,GLP1R_HUMAN,Exendin-4,Accumulation,Downstream,CHO-K1,,105.0,10.3,10.28,12.32118929906994,0.0521903940905694,10.1038/s41467-018-03941-2|GLP1R_HUMAN|Accumulation|Downstream|CHO-K1|nan,2.0411892990699414,0.058989474390415575,0.029494737195207787,0.04990841930305125
10.1038/s41467-018-03941-2,GLP1R_HUMAN,Exendin-AIB2,Recruitment ,Transducer,CHO-K1,Arrestin-3 (β-arrestin-2),89.0,7.64,7.56,9.589390006644912,0.0973298999068124,10.1038/s41467-018-03941-2|GLP1R_HUMAN|Recruitment |Transducer|CHO-K1|Arrestin-3 (β-arrestin-2),2.0293900066449124,0.29917061024566927,0.14958530512283463,0.07430262018293815
10.1038/s41467-018-03941-2,GLP1R_HUMAN,Exendin-AIB2,Accumulation,Downstream,CHO-K1,,101.0,9.87,9.86,11.874321373782642,0.0253224688032727,10.1038/s41467-018-03941-2|GLP1R_HUMAN|Accumulation|Downstream|CHO-K1|nan,2.014321373782643,0.03212154910311704,0.01606077455155852,0.04405794925476828
10.1038/s41467-018-03941-2,GLP1R_HUMAN,Exendin-ala2,Recruitment ,Transducer,CHO-K1,Arrestin-3 (β-arrestin-2),99.0,7.62,7.65,9.61563519459755,0.0335750878594494,10.1038/s41467-018-03941-2|GLP1R_HUMAN|Recruitment |Transducer|CHO-K1|Arrestin-3 (β-arrestin-2),1.9656351945975494,0.23541579819830627,0.11770789909915313,0.04536194052674672
10.1038/s41467-018-03941-2,GLP1R_HUMAN,Exendin-ala2,Accumulation,Downstream,CHO-K1,,106.0,9.84,9.82,11.86530586526477,0.0563069602853989,10.1038/s41467-018-03941-2|GLP1R_HUMAN|Accumulation|Downstream|CHO-K1|nan,2.045305865264769,0.06310604058524327,0.031553020292621636,0.05125570425919314
10.1038/s41467-018-03941-2,GLP1R_HUMAN,Exendin-asn1,Recruitment ,Transducer,CHO-K1,Arrestin-3 (β-arrestin-2),15.0,7.12,6.62,8.296091259055682,-0.2559688476824178,10.1038/s41467-018-03941-2|GLP1R_HUMAN|Recruitment |Transducer|CHO-K1|Arrestin-3 (β-arrestin-2),1.6760912590556822,-0.05412813734356092,-0.02706406867178046,0.7307216325210916
10.1038/s41467-018-03941-2,GLP1R_HUMAN,Exendin-asn1,Accumulation,Downstream,CHO-K1,,100.0,9.85,9.89,11.85,-0.028998904979371,10.1038/s41467-018-03941-2|GLP1R_HUMAN|Accumulation|Downstream|CHO-K1|nan,1.959999999999999,-0.022199824679526747,-0.011099912339763374,0.04458934092743635
10.1038/s41467-018-03941-2,GLP1R_HUMAN,Exendin-asp3,Recruitment ,Transducer,CHO-K1,Arrestin-3 (β-arrestin-2),98.0,7.66,7.67,9.651226075692495,0.0491659689543952,10.1038/s41467-018-03941-2|GLP1R_HUMAN|Recruitment |Transducer|CHO-K1|Arrestin-3 (β-arrestin-2),1.9812260756924953,0.25100667929325216,0.12550333964662608,0.049003212846728365
10.1038/s41467-018-03941-2,GLP1R_HUMAN,Exendin-asp3,Accumulation,Downstream,CHO-K1,,110.0,9.93,9.95,11.971392685158223,0.0323937801788556,10.1038/s41467-018-03941-2|GLP1R_HUMAN|Accumulation|Downstream|CHO-K1|nan,2.021392685158224,0.03919286047869819,0.019596430239349094,0.04515042526389729
10.1038/s41467-018-03941-2,GLP1R_HUMAN,Exendin-dGln3,Recruitment ,Transducer,CHO-K1,Arrestin-3 (β-arrestin-2),31.0,7.1,6.94,8.591361693834273,-0.2806984129038277,10.1038/s41467-018-03941-2|GLP1R_HUMAN|Recruitment |Transducer|CHO-K1|Arrestin-3 (β-arrestin-2),1.6513616938342723,-0.07885770256497082,-0.03942885128248541,0.8619953804685493
10.1038/s41467-018-03941-2,GLP1R_HUMAN,Exendin-dGln3,Accumulation,Downstream,CHO-K1,,95.0,9.94,10.01,11.917723605288849,-0.0812752996905228,10.1038/s41467-018-03941-2|GLP1R_HUMAN|Accumulation|Downstream|CHO-K1|nan,1.907723605288849,-0.07447621939067672,-0.03723810969533836,0.06282457396925727
10.1038/s41467-018-03941-2,GLP1R_HUMAN,Exendin-dHis1,Recruitment ,Transducer,CHO-K1,Arrestin-3 (β-arrestin-2),48.0,7.14,6.8,8.821241237375586,0.0891811306374865,10.1038/s41467-018-03941-2|GLP1R_HUMAN|Recruitment |Transducer|CHO-K1|Arrestin-3 (β-arrestin-2),2.0212412373755866,0.2910218409763434,0.1455109204881717,0.06799700830630862
10.1038/s41467-018-03941-2,GLP1R_HUMAN,Exendin-dHis1,Accumulation,Downstream,CHO-K1,,96.0,10.35,10.41,12.332271233039569,-0.0667276719398017,10.1038/s41467-018-03941-2|GLP1R_HUMAN|Accumulation|Downstream|CHO-K1|nan,1.9222712330395684,-0.05992859163995745,-0.029964295819978726,0.05531672093891446
10.1038/s41467-018-03941-2,GLP1R_HUMAN,Exendin-dTyr1,Recruitment ,Transducer,CHO-K1,Arrestin-3 (β-arrestin-2),5.0,6.25,6.33,6.948970004336019,-1.3130901024020811,10.1038/s41467-018-03941-2|GLP1R_HUMAN|Recruitment |Transducer|CHO-K1|Arrestin-3 (β-arrestin-2),0.6189700043360187,-1.1112493920632245,-0.5556246960316122,1.0
10.1038/s41467-018-03941-2,GLP1R_HUMAN,Exendin-dTyr1,Accumulation,Downstream,CHO-K1,,95.0,9.14,9.19,11.117723605288848,-0.0612752996905214,10.1038/s41467-018-03941-2|GLP1R_HUMAN|Accumulation|Downstream|CHO-K1|nan,1.9277236052888487,-0.05447621939067715,-0.027238109695338575,0.05306989024687509
10.1038/s41467-018-03941-2,GLP1R_HUMAN,Exendin-gln1,Recruitment ,Transducer,CHO-K1,Arrestin-3 (β-arrestin-2),7.0,6.36,5.87,7.205098040014257,-0.5969620667238429,10.1038/s41467-018-03941-2|GLP1R_HUMAN|Recruitment |Transducer|CHO-K1|Arrestin-3 (β-arrestin-2),1.3350980400142571,-0.395121356384986,-0.197560678192493,0.9999999957150089
10.1038/s41467-018-03941-2,GLP1R_HUMAN,Exendin-gln1,Accumulation,Downstream,CHO-K1,,103.0,9.21,9.23,11.222837224705174,0.0038383197258031,10.1038/s41467-018-03941-2|GLP1R_HUMAN|Accumulation|Downstream|CHO-K1|nan,1.9928372247051733,0.010637400025647503,0.005318700012823752,0.042429889868562415
10.1038/s41467-018-03941-2,GLP1R_HUMAN,Exendin-gln3,Recruitment ,Transducer,CHO-K1,Arrestin-3 (β-arrestin-2),81.0,7.75,7.76,9.65848501887865,-0.0335750878594494,10.1038/s41467-018-03941-2|GLP1R_HUMAN|Recruitment |Transducer|CHO-K1|Arrestin-3 (β-arrestin-2),1.8984850188786506,0.16826562247940746,0.08413281123970373,0.04536194052674672
10.1038/s41467-018-03941-2,GLP1R_HUMAN,Exendin-gln3,Accumulation,Downstream,CHO-K1,,97.0,10.2,10.2,12.186771734266244,-0.0022271707131249,10.1038/s41467-018-03941-2|GLP1R_HUMAN|Accumulation|Downstream|CHO-K1|nan,1.9867717342662452,0.00457190958671938,0.00228595479335969,0.04240495553506714
10.1038/s41467-018-03941-2,GLP1R_HUMAN,Exendin-phe1,Recruitment ,Transducer,CHO-K1,Arrestin-3 (β-arrestin-2),12.0,7.29,6.27,8.369181246047624,0.1671211393095246,10.1038/s41467-018-03941-2|GLP1R_HUMAN|Recruitment |Transducer|CHO-K1|Arrestin-3 (β-arrestin-2),2.0991812460476247,0.3689618496483815,0.18448092482419076,0.2037479975037221
10.1038/s41467-018-03941-2,GLP1R_HUMAN,Exendin-phe1,Accumulation,Downstream,CHO-K1,,99.0,9.89,9.91,11.885635194597551,-0.0133637103818191,10.1038/s41467-018-03941-2|GLP1R_HUMAN|Accumulation|Downstream|CHO-K1|nan,1.975635194597551,-0.0065646300819748316,-0.0032823150409874158,0.04285006176856795
10.1038/s41467-018-03941-2,GLP1R_HUMAN,Exendin-tyr1,Recruitment ,Transducer,CHO-K1,Arrestin-3 (β-arrestin-2),12.0,7.03,6.62,8.109181246047624,-0.4428788606904756,10.1038/s41467-018-03941-2|GLP1R_HUMAN|Recruitment |Transducer|CHO-K1|Arrestin-3 (β-arrestin-2),1.4891812460476244,-0.2410381503516188,-0.1205190751758094,0.9998993254287654
10.1038/s41467-018-03941-2,GLP1R_HUMAN,Exendin-tyr1,Accumulation,Downstream,CHO-K1,,98.0,9.67,9.67,11.661226075692497,0.0022271707131249,10.1038/s41467-018-03941-2|GLP1R_HUMAN|Accumulation|Downstream|CHO-K1|nan,1.9912260756924969,0.009026251012971054,0.004513125506485527,0.04240495553506714
10.1038/s41467-019-11875-6,ADRB2_HUMAN,Isoproterenol ,Recruitment ,Transducer,HEK-293,Arrestin-3 (β-arrestin-2),99.02,6.793,6.701,8.788722921995465,-0.582335168847206,10.1038/s41467-019-11875-6|ADRB2_HUMAN|Recruitment |Transducer|HEK-293|Arrestin-3 (β-arrestin-2),2.087722921995465,-1.1223412952024714,-0.5611706476012357,0.9999999873371318
10.1038/s41467-019-11875-6,ADRB2_HUMAN,Isoproterenol ,Accumulation,Downstream,HEK-293,,99.98,9.098,9.251,11.097913132416572,-0.6543433414048447,10.1038/s41467-019-11875-6|ADRB2_HUMAN|Accumulation|Downstream|HEK-293|nan,1.8469131324165726,-0.6117570817694578,-0.3058785408847289,0.9999999999528876
10.1038/s41467-019-11875-6,ADRB2_HUMAN,Norepinephrine,Recruitment ,Transducer,HEK-293,Arrestin-3 (β-arrestin-2),46.86,4.943,4.236,6.613802284260943,-0.2922558065817275,10.1038/s41467-019-11875-6|ADRB2_HUMAN|Recruitment |Transducer|HEK-293|Arrestin-3 (β-arrestin-2),2.3778022842609436,-0.8322619329369929,-0.41613096646849645,0.9044715272506153
10.1038/s41467-019-11875-6,ADRB2_HUMAN,Norepinephrine,Accumulation,Downstream,HEK-293,,42.88,6.755,5.402,8.387254776684713,0.4839983028632959,10.1038/s41467-019-11875-6|ADRB2_HUMAN|Accumulation|Downstream|HEK-293|nan,2.9852547766847133,0.5265845624986829,0.26329228124934145,0.999990812263275
10.1038/s41467-019-11875-6,ADRB2_HUMAN,Salbutamol ,Recruitment ,Transducer,HEK-293,Arrestin-3 (β-arrestin-2),16.38,5.741,3.993,6.955313897424399,0.292255806581728,10.1038/s41467-019-11875-6|ADRB2_HUMAN|Recruitment |Transducer|HEK-293|Arrestin-3 (β-arrestin-2),2.962313897424399,-0.24775031977353734,-0.12387515988676867,0.9044715272506169
10.1038/s41467-019-11875-6,ADRB2_HUMAN,Salbutamol ,Accumulation,Downstream,HEK-293,,70.2,6.519,5.725,8.365337112129806,0.1390806383083891,10.1038/s41467-019-11875-6|ADRB2_HUMAN|Accumulation|Downstream|HEK-293|nan,2.6403371121298065,0.1816668979437761,0.09083344897188805,0.1298393603292544
10.1038/s41467-019-11875-6,ADRB2_HUMAN,Salmeterol ,Recruitment ,Transducer,HEK-293,Arrestin-3 (β-arrestin-2),7.681,8.031,3.504,8.916417765110937,2.7423596742682665,10.1038/s41467-019-11875-6|ADRB2_HUMAN|Recruitment |Transducer|HEK-293|Arrestin-3 (β-arrestin-2),5.412417765110938,2.202353547913001,1.1011767739565006,1.0
10.1038/s41467-019-11875-6,ADRB2_HUMAN,Salmeterol ,Accumulation,Downstream,HEK-293,,72.64,9.0,8.499,10.861175835513029,-0.1390806383083891,10.1038/s41467-019-11875-6|ADRB2_HUMAN|Accumulation|Downstream|HEK-293|nan,2.3621758355130282,-0.09649437867300215,-0.04824718933650107,0.1298393603292544
10.1038/s41467-019-11875-6,OPRD_HUMAN,Buprenorphine,Accumulation,Downstream,HEK-293,,101.3,8.519,8.454,10.52460944536028,-0.0173789043723093,10.1038/s41467-019-11875-6|OPRD_HUMAN|Accumulation|Downstream|HEK-293|nan,2.0706094453602795,0.032509887066111354,0.016254943533055677,0.04316921143655571
10.1038/s41467-019-11875-6,OPRD_HUMAN,Buprenorphine,Dissociation,Transducer,HEK-293,Gi1,13.34,7.347,5.508,8.472155829580531,0.3329141647024496,10.1038/s41467-019-11875-6|OPRD_HUMAN|Dissociation|Transducer|HEK-293|Gi1,2.9641558295805313,0.4298515470364497,0.21492577351822484,0.9790537601220044
10.1038/s41467-019-11875-6,OPRD_HUMAN,Buprenorphine,Dissociation,Transducer,HEK-293,Gi2,72.84,7.05,6.732,8.912369937122882,-0.0558527308807859,10.1038/s41467-019-11875-6|OPRD_HUMAN|Dissociation|Transducer|HEK-293|Gi2,2.180369937122882,-0.10237456683237456,-0.05118728341618728,0.05110030267283238
10.1038/s41467-019-11875-6,OPRD_HUMAN,Buprenorphine,Binding/coupling,Downstream,HEK-293,,63.5,5.315,4.877,7.117773725291976,0.2153730199940304,10.1038/s41467-019-11875-6|OPRD_HUMAN|Binding/coupling|Downstream|HEK-293|nan,2.2407737252919766,0.21692806425014233,0.10846403212507116,0.449254942677256
10.1038/s41467-019-11875-6,OPRD_HUMAN,Buprenorphine,Dissociation,Transducer,HEK-293,GoA,42.38,7.442,6.61,9.069160952374776,0.0,10.1038/s41467-019-11875-6|OPRD_HUMAN|Dissociation|Transducer|HEK-293|GoA,2.459160952374776,0.003805136763470607,0.0019025683817353034,0.04239230469906874
10.1038/s41467-019-11875-6,OPRD_HUMAN,Compound 1,Recruitment ,Transducer,HEK-293,Arrestin-3 (β-arrestin-2),49.28,4.569,4.189,6.261670699156369,0.026609300211088,10.1038/s41467-019-11875-6|OPRD_HUMAN|Recruitment |Transducer|HEK-293|Arrestin-3 (β-arrestin-2),2.072670699156369,-0.05448260153332374,-0.02724130076666187,0.04423508966171083
10.1038/s41467-019-11875-6,OPRD_HUMAN,Compound 1,Recruitment ,Transducer,HEK-293,Arrestin-3 (β-arrestin-2),45.1,4.621,4.088,6.275176541877961,0.1411151429326804,10.1038/s41467-019-11875-6|OPRD_HUMAN|Recruitment |Transducer|HEK-293|Arrestin-3 (β-arrestin-2),2.187176541877961,0.06002324118826863,0.030011620594134314,0.13393903910909444
10.1038/s41467-019-11875-6,OPRD_HUMAN,Compound 1,Recruitment ,Transducer,HEK-293,Arrestin-3 (β-arrestin-2),43.78,5.109,4.526,6.750275757231913,0.1782143582866324,10.1038/s41467-019-11875-6|OPRD_HUMAN|Recruitment |Transducer|HEK-293|Arrestin-3 (β-arrestin-2),2.224275757231913,0.09712245654222063,0.04856122827111031,0.24556857878678415
10.1038/s41467-019-11875-6,OPRD_HUMAN,Compound 1,Recruitment ,Transducer,HEK-293,Arrestin-3 (β-arrestin-2),47.22,4.897,4.641,6.571125982742709,-0.1159354162025718,10.1038/s41467-019-11875-6|OPRD_HUMAN|Recruitment |Transducer|HEK-293|Arrestin-3 (β-arrestin-2),1.9301259827427089,-0.1970273179469837,-0.09851365897349185,0.09337123270433331
10.1038/s41467-019-11875-6,OPRD_HUMAN,Compound 1,Accumulation,Downstream,HEK-293,,111.0,6.522,6.653,8.567322978786658,-0.1736653709459306,10.1038/s41467-019-11875-6|OPRD_HUMAN|Accumulation|Downstream|HEK-293|nan,1.9143229787866582,-0.12377657950750987,-0.06188828975375493,0.22741970465249503
10.1038/s41467-019-11875-6,OPRD_HUMAN,Compound 1,Dissociation,Transducer,HEK-293,Gi2,81.6,5.738,5.384,7.649690158753861,0.0294674907501928,10.1038/s41467-019-11875-6|OPRD_HUMAN|Dissociation|Transducer|HEK-293|Gi2,2.265690158753861,-0.017054345201395815,-0.008527172600697908,0.044662713304047245
10.1038/s41467-019-11875-6,OPRD_HUMAN,Compound 1,Dissociation,Transducer,HEK-293,GoA,22.39,5.43,3.518,6.78005409357903,0.8028931412042537,10.1038/s41467-019-11875-6|OPRD_HUMAN|Dissociation|Transducer|HEK-293|GoA,3.26205409357903,0.8066982779677243,0.40334913898386215,1.0
10.1038/s41467-019-11875-6,OPRD_HUMAN,Compound 10,Recruitment ,Transducer,HEK-293,Arrestin-2 (β-arrestin-1),20.43,4.859,4.18,6.169268366632448,-0.0542634239098998,10.1038/s41467-019-11875-6|OPRD_HUMAN|Recruitment |Transducer|HEK-293|Arrestin-2 (β-arrestin-1),1.989268366632448,-0.04831756843708357,-0.024158784218541784,0.05056986308418998
10.1038/s41467-019-11875-6,OPRD_HUMAN,Compound 10,Recruitment ,Transducer,HEK-293,Arrestin-3 (β-arrestin-2),20.7,4.552,3.713,5.867970345456918,0.108908946511637,10.1038/s41467-019-11875-6|OPRD_HUMAN|Recruitment |Transducer|HEK-293|Arrestin-3 (β-arrestin-2),2.154970345456918,0.02781704476722524,0.01390852238361262,0.0853023466026257
10.1038/s41467-019-11875-6,OPRD_HUMAN,Compound 10,Recruitment ,Transducer,HEK-293,Arrestin-3 (β-arrestin-2),21.14,5.079,4.323,6.404104982971408,0.0350435840261265,10.1038/s41467-019-11875-6|OPRD_HUMAN|Recruitment |Transducer|HEK-293|Arrestin-3 (β-arrestin-2),2.0811049829714072,-0.046048317718285325,-0.023024158859142663,0.0456368383332145
10.1038/s41467-019-11875-6,OPRD_HUMAN,Compound 10,Recruitment ,Transducer,HEK-293,Arrestin-3 (β-arrestin-2),45.8,4.635,3.946,6.2958654780038685,0.3038040790585876,10.1038/s41467-019-11875-6|OPRD_HUMAN|Recruitment |Transducer|HEK-293|Arrestin-3 (β-arrestin-2),2.3498654780038684,0.2227121773141758,0.1113560886570879,0.9358555373297395
10.1038/s41467-019-11875-6,OPRD_HUMAN,Compound 10,Recruitment ,Transducer,HEK-293,Arrestin-3 (β-arrestin-2),36.04,4.264,4.029,5.820784782307026,-0.2542766166382546,10.1038/s41467-019-11875-6|OPRD_HUMAN|Recruitment |Transducer|HEK-293|Arrestin-3 (β-arrestin-2),1.791784782307026,-0.33536851838266646,-0.16768425919133323,0.7199165221636222
10.1038/s41467-019-11875-6,OPRD_HUMAN,Compound 10,Accumulation,Downstream,HEK-293,,96.23,6.253,6.351,8.236310485794116,-0.2026778639384732,10.1038/s41467-019-11875-6|OPRD_HUMAN|Accumulation|Downstream|HEK-293|nan,1.8853104857941156,-0.15278907250005247,-0.07639453625002623,0.3688708345412526
10.1038/s41467-019-11875-6,OPRD_HUMAN,Compound 10,Dissociation,Transducer,HEK-293,Gi1,100.7,5.782,5.353,7.785029470553618,-0.1992121943244633,10.1038/s41467-019-11875-6|OPRD_HUMAN|Dissociation|Transducer|HEK-293|Gi1,2.4320294705536183,-0.10227481199046329,-0.051137405995231644,0.3487458925821717
10.1038/s41467-019-11875-6,OPRD_HUMAN,Compound 10,Dissociation,Transducer,HEK-293,Gi2,110.4,5.955,5.864,7.997969073393181,-0.1022535946104872,10.1038/s41467-019-11875-6|OPRD_HUMAN|Dissociation|Transducer|HEK-293|Gi2,2.133969073393181,-0.14877543056207587,-0.07438771528103794,0.07866163108630278
10.1038/s41467-019-11875-6,OPRD_HUMAN,Compound 10,Binding/coupling,Downstream,HEK-293,,150.6,5.827,6.044,8.004824971864682,-0.0645757334332635,10.1038/s41467-019-11875-6|OPRD_HUMAN|Binding/coupling|Downstream|HEK-293|nan,1.9608249718646826,-0.06302068917715165,-0.03151034458857582,0.0543964865260956
10.1038/s41467-019-11875-6,OPRD_HUMAN,Compound 10,Dissociation,Transducer,HEK-293,GoA,113.5,5.909,5.673,7.963995861529142,-0.1681650908456342,10.1038/s41467-019-11875-6|OPRD_HUMAN|Dissociation|Transducer|HEK-293|GoA,2.290995861529142,-0.16435995408216364,-0.08217997704108182,0.2073383419399922
10.1038/s41467-019-11875-6,OPRD_HUMAN,Compound 11,Recruitment ,Transducer,HEK-293,Arrestin-2 (β-arrestin-1),89.44,6.088,5.996,8.039531790542348,0.0,10.1038/s41467-019-11875-6|OPRD_HUMAN|Recruitment |Transducer|HEK-293|Arrestin-2 (β-arrestin-1),2.043531790542348,0.0059458554728162305,0.0029729277364081153,0.04239230469906874
10.1038/s41467-019-11875-6,OPRD_HUMAN,Compound 11,Recruitment ,Transducer,HEK-293,Arrestin-3 (β-arrestin-2),98.3,6.118,6.104,8.110553517832136,-0.039507881113145,10.1038/s41467-019-11875-6|OPRD_HUMAN|Recruitment |Transducer|HEK-293|Arrestin-3 (β-arrestin-2),2.0065535178321356,-0.1205997828575569,-0.06029989142877845,0.04655610884126558
10.1038/s41467-019-11875-6,OPRD_HUMAN,Compound 11,Recruitment ,Transducer,HEK-293,Arrestin-3 (β-arrestin-2),94.42,6.383,6.303,8.358063996095236,0.0090025971499554,10.1038/s41467-019-11875-6|OPRD_HUMAN|Recruitment |Transducer|HEK-293|Arrestin-3 (β-arrestin-2),2.055063996095236,-0.0720893045944564,-0.0360446522972282,0.04259946090416378
10.1038/s41467-019-11875-6,OPRD_HUMAN,Compound 11,Recruitment ,Transducer,HEK-293,Arrestin-3 (β-arrestin-2),100.3,6.805,6.859,8.806300933020417,-0.0987604659248639,10.1038/s41467-019-11875-6|OPRD_HUMAN|Recruitment |Transducer|HEK-293|Arrestin-3 (β-arrestin-2),1.9473009330204167,-0.17985236766927581,-0.08992618383463791,0.07552377778794335
10.1038/s41467-019-11875-6,OPRD_HUMAN,Compound 11,Recruitment ,Transducer,HEK-293,Arrestin-3 (β-arrestin-2),94.29,6.661,6.653,8.635465635737242,-0.0635957632080379,10.1038/s41467-019-11875-6|OPRD_HUMAN|Recruitment |Transducer|HEK-293|Arrestin-3 (β-arrestin-2),1.9824656357372428,-0.14468766495244978,-0.07234383247622489,0.05399206578696498
10.1038/s41467-019-11875-6,OPRD_HUMAN,Compound 11,Accumulation,Downstream,HEK-293,,86.77,9.588,9.347,11.526369597451806,0.0913812477192177,10.1038/s41467-019-11875-6|OPRD_HUMAN|Accumulation|Downstream|HEK-293|nan,2.1793695974518066,0.14127003915763847,0.07063501957881924,0.06959561016562214
10.1038/s41467-019-11875-6,OPRD_HUMAN,Compound 11,Dissociation,Transducer,HEK-293,Gi1,116.5,6.946,6.674,9.012325925362038,-0.2929157395160437,10.1038/s41467-019-11875-6|OPRD_HUMAN|Dissociation|Transducer|HEK-293|Gi1,2.338325925362038,-0.1959783571820437,-0.09798917859102185,0.9065470373842455
10.1038/s41467-019-11875-6,OPRD_HUMAN,Compound 11,Dissociation,Transducer,HEK-293,Gi2,118.8,7.3,7.133,9.374816440645176,0.0055937726415065,10.1038/s41467-019-11875-6|OPRD_HUMAN|Dissociation|Transducer|HEK-293|Gi2,2.2418164406451764,-0.040928063310080365,-0.020464031655040182,0.042472168609478285
10.1038/s41467-019-11875-6,OPRD_HUMAN,Compound 11,Binding/coupling,Downstream,HEK-293,,111.4,7.433,7.404,9.47988519083771,0.0504844855397634,10.1038/s41467-019-11875-6|OPRD_HUMAN|Binding/coupling|Downstream|HEK-293|nan,2.0758851908377096,0.05203952979587534,0.02601976489793767,0.04938927856791428
10.1038/s41467-019-11875-6,OPRD_HUMAN,Compound 11,Dissociation,Transducer,HEK-293,GoA,96.18,7.186,6.945,9.169084772737788,-0.2350761796369882,10.1038/s41467-019-11875-6|OPRD_HUMAN|Dissociation|Transducer|HEK-293|GoA,2.224084772737788,-0.23127104287351763,-0.11563552143675881,0.5875471265616063
10.1038/s41467-019-11875-6,OPRD_HUMAN,Compound 12,Accumulation,Downstream,HEK-293,,81.72,7.529,7.326,9.44132835796041,0.0273400082278216,10.1038/s41467-019-11875-6|OPRD_HUMAN|Accumulation|Downstream|HEK-293|nan,2.1153283579604105,0.07722879966624241,0.038614399833121205,0.04433990228367271
10.1038/s41467-019-11875-6,OPRD_HUMAN,Compound 12,Dissociation,Transducer,HEK-293,Gi1,28.79,5.383,4.211,6.842241664878082,0.0,10.1038/s41467-019-11875-6|OPRD_HUMAN|Dissociation|Transducer|HEK-293|Gi1,2.6312416648780816,0.09693738233400007,0.04846869116700003,0.04239230469906874
10.1038/s41467-019-11875-6,OPRD_HUMAN,Compound 12,Dissociation,Transducer,HEK-293,Gi2,30.52,6.92,5.853,8.404584529282843,0.3153618612791753,10.1038/s41467-019-11875-6|OPRD_HUMAN|Dissociation|Transducer|HEK-293|Gi2,2.5515845292828434,0.26884002532758666,0.13442001266379333,0.9581074457262242
10.1038/s41467-019-11875-6,OPRD_HUMAN,Compound 12,Binding/coupling,Downstream,HEK-293,,40.81,5.555,5.064,7.16576659477327,0.076365889475324,10.1038/s41467-019-11875-6|OPRD_HUMAN|Binding/coupling|Downstream|HEK-293|nan,2.10176659477327,0.07792093373143594,0.03896046686571797,0.060022318032369154
10.1038/s41467-019-11875-6,OPRD_HUMAN,Compound 12,Dissociation,Transducer,HEK-293,GoA,19.37,6.752,5.353,8.03912962071911,0.2269686683443348,10.1038/s41467-019-11875-6|OPRD_HUMAN|Dissociation|Transducer|HEK-293|GoA,2.686129620719111,0.23077380510780543,0.11538690255390271,0.5295955496699644
10.1038/s41467-019-11875-6,OPRD_HUMAN,Compound 13,Accumulation,Downstream,HEK-293,,122.2,6.135,6.43,8.222071205906534,-0.2959171438260544,10.1038/s41467-019-11875-6|OPRD_HUMAN|Accumulation|Downstream|HEK-293|nan,1.7920712059065345,-0.24602835238763365,-0.12301417619381683,0.9155373992054622
10.1038/s41467-019-11875-6,OPRD_HUMAN,Compound 13,Dissociation,Transducer,HEK-293,Gi1,23.93,5.443,4.026,6.821942698613437,0.1647010337353558,10.1038/s41467-019-11875-6|OPRD_HUMAN|Dissociation|Transducer|HEK-293|Gi1,2.7959426986134375,0.2616384160693559,0.13081920803467795,0.19568630399519849
10.1038/s41467-019-11875-6,OPRD_HUMAN,Compound 13,Dissociation,Transducer,HEK-293,Gi2,33.97,5.684,4.767,7.215095546870028,0.2118728788663597,10.1038/s41467-019-11875-6|OPRD_HUMAN|Dissociation|Transducer|HEK-293|Gi2,2.448095546870028,0.1653510429147711,0.08267552145738555,0.4261396405325538
10.1038/s41467-019-11875-6,OPRD_HUMAN,Compound 13,Binding/coupling,Downstream,HEK-293,,50.66,5.154,4.932,6.858665185454529,-0.0987355198434172,10.1038/s41467-019-11875-6|OPRD_HUMAN|Binding/coupling|Downstream|HEK-293|nan,1.926665185454529,-0.09718047558730536,-0.04859023779365268,0.07550217257063777
10.1038/s41467-019-11875-6,OPRD_HUMAN,Compound 13,Dissociation,Transducer,HEK-293,GoA,63.03,5.297,4.629,7.096547307125615,0.0083863547508391,10.1038/s41467-019-11875-6|OPRD_HUMAN|Dissociation|Transducer|HEK-293|GoA,2.4675473071256153,0.01219149151430976,0.00609574575715488,0.04257201581333457
10.1038/s41467-019-11875-6,OPRD_HUMAN,Compound 14,Accumulation,Downstream,HEK-293,,100.0,6.308,6.355,8.308,-0.1349883497325894,10.1038/s41467-019-11875-6|OPRD_HUMAN|Accumulation|Downstream|HEK-293|nan,1.9529999999999994,-0.08509955829416871,-0.042549779147084354,0.12208489733471152
10.1038/s41467-019-11875-6,OPRD_HUMAN,Compound 15,Dissociation,Transducer,HEK-293,Gi1,12.9,5.394,3.682,6.504589710299249,0.1913480454211673,10.1038/s41467-019-11875-6|OPRD_HUMAN|Dissociation|Transducer|HEK-293|Gi1,2.822589710299249,0.2882854277551674,0.1441427138775837,0.306296024808568
10.1038/s41467-019-11875-6,OPRD_HUMAN,Compound 15,Dissociation,Transducer,HEK-293,Gi2,13.04,6.615,5.225,7.730277591395902,0.2690549233922343,10.1038/s41467-019-11875-6|OPRD_HUMAN|Dissociation|Transducer|HEK-293|Gi2,2.5052775913959024,0.2225330874406457,0.11126654372032285,0.8068809994135585
10.1038/s41467-019-11875-6,OPRD_HUMAN,Compound 15,Binding/coupling,Downstream,HEK-293,,29.14,4.702,3.913,6.166489547433971,0.2280888421360254,10.1038/s41467-019-11875-6|OPRD_HUMAN|Binding/coupling|Downstream|HEK-293|nan,2.2534895474339716,0.2296438863921373,0.11482194319606864,0.5375643809935688
10.1038/s41467-019-11875-6,OPRD_HUMAN,Compound 16,Accumulation,Downstream,HEK-293,,85.33,8.4,8.102,10.33110174563264,0.1411133959000494,10.1038/s41467-019-11875-6|OPRD_HUMAN|Accumulation|Downstream|HEK-293|nan,2.22910174563264,0.19100218733847196,0.09550109366923598,0.133935446348385
10.1038/s41467-019-11875-6,OPRD_HUMAN,Compound 16,Dissociation,Transducer,HEK-293,Gi1,21.36,5.607,5.966,6.936601248356519,-1.660640416521563,10.1038/s41467-019-11875-6|OPRD_HUMAN|Dissociation|Transducer|HEK-293|Gi1,0.9706012483565187,-1.5637030341875628,-0.7818515170937814,1.0
10.1038/s41467-019-11875-6,OPRD_HUMAN,Compound 16,Dissociation,Transducer,HEK-293,Gi2,29.57,6.988,5.966,8.458851324526119,0.2566286565224507,10.1038/s41467-019-11875-6|OPRD_HUMAN|Dissociation|Transducer|HEK-293|Gi2,2.492851324526119,0.21010682057086205,0.10505341028543103,0.7348815410769812
10.1038/s41467-019-11875-6,OPRD_HUMAN,Compound 16,Binding/coupling,Downstream,HEK-293,,61.34,7.66,7.881,9.447743771646469,-0.4586569336514796,10.1038/s41467-019-11875-6|OPRD_HUMAN|Binding/coupling|Downstream|HEK-293|nan,1.5667437716464683,-0.457101889395366,-0.228550944697683,0.9999588009302836
10.1038/s41467-019-11875-6,OPRD_HUMAN,Compound 16,Dissociation,Transducer,HEK-293,GoA,34.45,6.519,5.438,8.056189226243644,0.1590282738688682,10.1038/s41467-019-11875-6|OPRD_HUMAN|Dissociation|Transducer|HEK-293|GoA,2.6181892262436444,0.1628334106323388,0.0814167053161694,0.17816411155263853
10.1038/s41467-019-11875-6,OPRD_HUMAN,Compound 3,Recruitment ,Transducer,HEK-293,Arrestin-3 (β-arrestin-2),15.71,7.184,5.787,8.380176185039973,0.5471147860946926,10.1038/s41467-019-11875-6|OPRD_HUMAN|Recruitment |Transducer|HEK-293|Arrestin-3 (β-arrestin-2),2.5931761850399733,0.4660228843502807,0.23301144217514036,0.9999998459151075
10.1038/s41467-019-11875-6,OPRD_HUMAN,Compound 3,Accumulation,Downstream,HEK-293,,97.72,8.953,8.636,10.9429834583014,0.2189951085688104,10.1038/s41467-019-11875-6|OPRD_HUMAN|Accumulation|Downstream|HEK-293|nan,2.306983458301401,0.26888390000723295,0.13444195000361647,0.47381133638486456
10.1038/s41467-019-11875-6,OPRD_HUMAN,Compound 3,Dissociation,Transducer,HEK-293,Gi1,49.45,7.204,6.152,8.898166295933198,0.1149246310551159,10.1038/s41467-019-11875-6|OPRD_HUMAN|Dissociation|Transducer|HEK-293|Gi1,2.7461662959331976,0.21186201338911603,0.10593100669455802,0.09213773825277173
10.1038/s41467-019-11875-6,OPRD_HUMAN,Compound 3,Dissociation,Transducer,HEK-293,Gi2,45.6,7.523,6.746,9.181964842664437,0.1997421746607663,10.1038/s41467-019-11875-6|OPRD_HUMAN|Dissociation|Transducer|HEK-293|Gi2,2.4359648426644362,0.1532203387091795,0.07661016935458975,0.35176852363079003
10.1038/s41467-019-11875-6,OPRD_HUMAN,Compound 3,Binding/coupling,Downstream,HEK-293,,42.27,6.914,6.5,8.540032247829018,0.0146315425310716,10.1038/s41467-019-11875-6|OPRD_HUMAN|Binding/coupling|Downstream|HEK-293|nan,2.040032247829018,0.016186586787183543,0.008093293393591772,0.04294159860831429
10.1038/s41467-019-11875-6,OPRD_HUMAN,Compound 3,Dissociation,Transducer,HEK-293,GoA,53.5,7.592,6.795,9.320353782021227,0.0661928296464529,10.1038/s41467-019-11875-6|OPRD_HUMAN|Dissociation|Transducer|HEK-293|GoA,2.5253537820212273,0.06999796640992173,0.034998983204960865,0.05508381868197491
10.1038/s41467-019-11875-6,OPRD_HUMAN,Compound 5,Recruitment ,Transducer,HEK-293,Arrestin-2 (β-arrestin-1),61.18,5.508,5.235,7.29460947264866,0.0160776821063119,10.1038/s41467-019-11875-6|OPRD_HUMAN|Recruitment |Transducer|HEK-293|Arrestin-2 (β-arrestin-1),2.05960947264866,0.022023537579128227,0.011011768789564114,0.04305639418631862
10.1038/s41467-019-11875-6,OPRD_HUMAN,Compound 5,Recruitment ,Transducer,HEK-293,Arrestin-3 (β-arrestin-2),69.51,5.534,5.378,7.376047288509637,-0.0480141104356435,10.1038/s41467-019-11875-6|OPRD_HUMAN|Recruitment |Transducer|HEK-293|Arrestin-3 (β-arrestin-2),1.9980472885096372,-0.12910601218005535,-0.06455300609002768,0.04867656576781393
10.1038/s41467-019-11875-6,OPRD_HUMAN,Compound 5,Recruitment ,Transducer,HEK-293,Arrestin-3 (β-arrestin-2),82.92,5.764,3.628,7.682659293421823,2.008597894476542,10.1038/s41467-019-11875-6|OPRD_HUMAN|Recruitment |Transducer|HEK-293|Arrestin-3 (β-arrestin-2),4.054659293421823,1.9275059927321303,0.9637529963660652,1.0
10.1038/s41467-019-11875-6,OPRD_HUMAN,Compound 5,Recruitment ,Transducer,HEK-293,Arrestin-3 (β-arrestin-2),98.63,6.219,6.231,8.213009033123614,-0.0640523658216669,10.1038/s41467-019-11875-6|OPRD_HUMAN|Recruitment |Transducer|HEK-293|Arrestin-3 (β-arrestin-2),1.9820090331236138,-0.1451442675660788,-0.0725721337830394,0.054179376437786295
10.1038/s41467-019-11875-6,OPRD_HUMAN,Compound 5,Recruitment ,Transducer,HEK-293,Arrestin-3 (β-arrestin-2),88.98,6.047,5.962,7.996292401412026,-0.0117689975332546,10.1038/s41467-019-11875-6|OPRD_HUMAN|Recruitment |Transducer|HEK-293|Arrestin-3 (β-arrestin-2),2.034292401412026,-0.0928608992776665,-0.04643044963883325,0.0427469213133545
10.1038/s41467-019-11875-6,OPRD_HUMAN,Compound 5,Accumulation,Downstream,HEK-293,,86.96,10.19,9.93,12.129319531078238,0.1113311813456494,10.1038/s41467-019-11875-6|OPRD_HUMAN|Accumulation|Downstream|HEK-293|nan,2.1993195310782383,0.1612199727840702,0.0806099863920351,0.08795367401184848
10.1038/s41467-019-11875-6,OPRD_HUMAN,Compound 5,Dissociation,Transducer,HEK-293,Gi1,112.9,6.072,5.745,8.124693941924967,-0.2515477229531146,10.1038/s41467-019-11875-6|OPRD_HUMAN|Dissociation|Transducer|HEK-293|Gi1,2.379693941924967,-0.1546103406191146,-0.0773051703095573,0.7021043977553615
10.1038/s41467-019-11875-6,OPRD_HUMAN,Compound 5,Dissociation,Transducer,HEK-293,Gi2,108.8,6.523,6.329,8.559628895362161,-0.0055937726415065,10.1038/s41467-019-11875-6|OPRD_HUMAN|Dissociation|Transducer|HEK-293|Gi2,2.2306288953621616,-0.052115608593095164,-0.026057804296547582,0.042472168609478285
10.1038/s41467-019-11875-6,OPRD_HUMAN,Compound 5,Binding/coupling,Downstream,HEK-293,,95.05,6.644,6.679,8.621952121201462,-0.0824485840964848,10.1038/s41467-019-11875-6|OPRD_HUMAN|Binding/coupling|Downstream|HEK-293|nan,1.9429521212014613,-0.08089353984037295,-0.040446769920186476,0.06353879594747815
10.1038/s41467-019-11875-6,OPRD_HUMAN,Compound 5,Dissociation,Transducer,HEK-293,GoA,100.2,6.731,6.471,8.731867721531227,-0.1982932308435492,10.1038/s41467-019-11875-6|OPRD_HUMAN|Dissociation|Transducer|HEK-293|GoA,2.260867721531227,-0.1944880940800786,-0.0972440470400393,0.34355248017842305
10.1038/s41467-019-11875-6,OPRD_HUMAN,Compound 6,Recruitment ,Transducer,HEK-293,Arrestin-3 (β-arrestin-2),11.94,6.19,5.24,7.267004326793351,-0.0190570721519303,10.1038/s41467-019-11875-6|OPRD_HUMAN|Recruitment |Transducer|HEK-293|Arrestin-3 (β-arrestin-2),2.0270043267933504,-0.10014897389634214,-0.05007448694817107,0.04332814398982787
10.1038/s41467-019-11875-6,OPRD_HUMAN,Compound 6,Accumulation,Downstream,HEK-293,,92.09,7.716,7.475,9.68021247296982,0.1172241232372304,10.1038/s41467-019-11875-6|OPRD_HUMAN|Accumulation|Downstream|HEK-293|nan,2.205212472969821,0.16711291467565292,0.08355645733782646,0.09498135440016346
10.1038/s41467-019-11875-6,OPRD_HUMAN,Compound 6,Dissociation,Transducer,HEK-293,Gi1,24.75,5.551,4.156,6.944575203269588,0.1573335383915068,10.1038/s41467-019-11875-6|OPRD_HUMAN|Dissociation|Transducer|HEK-293|Gi1,2.7885752032695885,0.25427092072550694,0.12713546036275347,0.1732860838290696
10.1038/s41467-019-11875-6,OPRD_HUMAN,Compound 6,Dissociation,Transducer,HEK-293,Gi2,42.93,6.087,5.283,7.719760888479438,0.2005382204757699,10.1038/s41467-019-11875-6|OPRD_HUMAN|Dissociation|Transducer|HEK-293|Gi2,2.436760888479438,0.15401638452418132,0.07700819226209066,0.3563461572816367
10.1038/s41467-019-11875-6,OPRD_HUMAN,Compound 6,Binding/coupling,Downstream,HEK-293,,32.1,5.966,5.343,7.472505032404872,0.1041043271069264,10.1038/s41467-019-11875-6|OPRD_HUMAN|Binding/coupling|Downstream|HEK-293|nan,2.1295050324048717,0.10565937136303738,0.05282968568151869,0.08041799190142965
10.1038/s41467-019-11875-6,OPRD_HUMAN,Compound 6,Dissociation,Transducer,HEK-293,GoA,42.57,5.865,4.92,7.494103650177137,0.1149426978023608,10.1038/s41467-019-11875-6|OPRD_HUMAN|Dissociation|Transducer|HEK-293|GoA,2.574103650177137,0.11874783456583149,0.059373917282915745,0.09215956236414474
10.1038/s41467-019-11875-6,OPRD_HUMAN,Compound 7,Recruitment ,Transducer,HEK-293,Arrestin-2 (β-arrestin-1),23.98,4.25,3.462,5.62984917876283,0.1243173882204824,10.1038/s41467-019-11875-6|OPRD_HUMAN|Recruitment |Transducer|HEK-293|Arrestin-2 (β-arrestin-1),2.1678491787628302,0.13026324369329867,0.06513162184664933,0.10464469843211323
10.1038/s41467-019-11875-6,OPRD_HUMAN,Compound 7,Recruitment ,Transducer,HEK-293,Arrestin-3 (β-arrestin-2),27.07,4.385,3.481,5.817488255770506,0.2904268568252255,10.1038/s41467-019-11875-6|OPRD_HUMAN|Recruitment |Transducer|HEK-293|Arrestin-3 (β-arrestin-2),2.3364882557705062,0.20933495508081368,0.10466747754040684,0.8985287148303267
10.1038/s41467-019-11875-6,OPRD_HUMAN,Compound 7,Recruitment ,Transducer,HEK-293,Arrestin-3 (β-arrestin-2),55.56,4.14,3.856,5.884762237065578,-0.0172991618797024,10.1038/s41467-019-11875-6|OPRD_HUMAN|Recruitment |Transducer|HEK-293|Arrestin-3 (β-arrestin-2),2.0287622370655782,-0.09839106362411432,-0.04919553181205716,0.043162036879336944
10.1038/s41467-019-11875-6,OPRD_HUMAN,Compound 7,Recruitment ,Transducer,HEK-293,Arrestin-3 (β-arrestin-2),67.61,4.501,4.117,6.331010935936118,0.1679495369908372,10.1038/s41467-019-11875-6|OPRD_HUMAN|Recruitment |Transducer|HEK-293|Arrestin-3 (β-arrestin-2),2.214010935936118,0.08685763524642542,0.04342881762321271,0.20659136448707535
10.1038/s41467-019-11875-6,OPRD_HUMAN,Compound 7,Recruitment ,Transducer,HEK-293,Arrestin-3 (β-arrestin-2),44.32,4.422,3.874,6.068599751720373,0.1485383527750921,10.1038/s41467-019-11875-6|OPRD_HUMAN|Recruitment |Transducer|HEK-293|Arrestin-3 (β-arrestin-2),2.194599751720373,0.06744645103068025,0.03372322551534013,0.15039523849128503
10.1038/s41467-019-11875-6,OPRD_HUMAN,Compound 7,Accumulation,Downstream,HEK-293,,93.08,7.187,7.002,9.155856374614691,0.0658680248821044,10.1038/s41467-019-11875-6|OPRD_HUMAN|Accumulation|Downstream|HEK-293|nan,2.1538563746146915,0.11575681632052337,0.057878408160261685,0.054943741026482015
10.1038/s41467-019-11875-6,OPRD_HUMAN,Compound 7,Dissociation,Transducer,HEK-293,Gi1,115.5,4.983,4.681,7.045581984228162,-0.2666596806499193,10.1038/s41467-019-11875-6|OPRD_HUMAN|Dissociation|Transducer|HEK-293|Gi1,2.3645819842281623,-0.16972229831591923,-0.08486114915795961,0.7940094768622388
10.1038/s41467-019-11875-6,OPRD_HUMAN,Compound 7,Dissociation,Transducer,HEK-293,Gi2,100.6,5.356,5.211,7.358597980719908,-0.0886246872837599,10.1038/s41467-019-11875-6|OPRD_HUMAN|Dissociation|Transducer|HEK-293|Gi2,2.1475979807199073,-0.13514652323534948,-0.06757326161767474,0.06760419716483049
10.1038/s41467-019-11875-6,OPRD_HUMAN,Compound 7,Binding/coupling,Downstream,HEK-293,,135.9,5.051,5.472,7.184219456732494,-0.3131812485654524,10.1038/s41467-019-11875-6|OPRD_HUMAN|Binding/coupling|Downstream|HEK-293|nan,1.7122194567324938,-0.3116262043093405,-0.15581310215467026,0.9545121266393994
10.1038/s41467-019-11875-6,OPRD_HUMAN,Compound 7,Dissociation,Transducer,HEK-293,GoA,115.4,5.279,5.063,7.341205808819712,-0.1809551435550638,10.1038/s41467-019-11875-6|OPRD_HUMAN|Dissociation|Transducer|HEK-293|GoA,2.2782058088197124,-0.1771500067915932,-0.0885750033957966,0.25720419300083136
10.1038/s41467-019-11875-6,OPRD_HUMAN,Compound 8,Recruitment ,Transducer,HEK-293,Arrestin-2 (β-arrestin-1),89.97,6.594,6.638,8.54809772047919,-0.1334340700631582,10.1038/s41467-019-11875-6|OPRD_HUMAN|Recruitment |Transducer|HEK-293|Arrestin-2 (β-arrestin-1),1.9100977204791896,-0.12748821459034199,-0.06374410729517099,0.11930369060408003
10.1038/s41467-019-11875-6,OPRD_HUMAN,Compound 8,Recruitment ,Transducer,HEK-293,Arrestin-3 (β-arrestin-2),109.3,6.577,6.652,8.615620161949703,-0.0824412369955776,10.1038/s41467-019-11875-6|OPRD_HUMAN|Recruitment |Transducer|HEK-293|Arrestin-3 (β-arrestin-2),1.9636201619497031,-0.16353313873998943,-0.08176656936999471,0.06353426801618503
10.1038/s41467-019-11875-6,OPRD_HUMAN,Compound 8,Recruitment ,Transducer,HEK-293,Arrestin-3 (β-arrestin-2),104.6,6.8,6.814,8.819531684531256,-0.0405297144140246,10.1038/s41467-019-11875-6|OPRD_HUMAN|Recruitment |Transducer|HEK-293|Arrestin-3 (β-arrestin-2),2.005531684531256,-0.12162161615843647,-0.06081080807921824,0.046784686335718875
10.1038/s41467-019-11875-6,OPRD_HUMAN,Compound 8,Recruitment ,Transducer,HEK-293,Arrestin-3 (β-arrestin-2),90.22,7.183,7.019,9.138302822761691,0.0732414238164103,10.1038/s41467-019-11875-6|OPRD_HUMAN|Recruitment |Transducer|HEK-293|Arrestin-3 (β-arrestin-2),2.119302822761691,-0.007850477928001531,-0.003925238964000766,0.05838689948722309
10.1038/s41467-019-11875-6,OPRD_HUMAN,Compound 8,Recruitment ,Transducer,HEK-293,Arrestin-3 (β-arrestin-2),88.63,6.932,6.78,8.879580749304322,0.0535193503590414,10.1038/s41467-019-11875-6|OPRD_HUMAN|Recruitment |Transducer|HEK-293|Arrestin-3 (β-arrestin-2),2.099580749304322,-0.027572551385370403,-0.013786275692685201,0.050328532402846654
10.1038/s41467-019-11875-6,OPRD_HUMAN,Compound 8,Accumulation,Downstream,HEK-293,,98.71,9.081,9.003,11.075361151908,-0.0156271978245889,10.1038/s41467-019-11875-6|OPRD_HUMAN|Accumulation|Downstream|HEK-293|nan,2.072361151908,0.03426159361383174,0.01713079680691587,0.04301944308811565
10.1038/s41467-019-11875-6,OPRD_HUMAN,Compound 8,Dissociation,Transducer,HEK-293,Gi1,140.8,8.053,7.932,10.201602654806097,-0.361639010071987,10.1038/s41467-019-11875-6|OPRD_HUMAN|Dissociation|Transducer|HEK-293|Gi1,2.2696026548060964,-0.2647016277379852,-0.1323508138689926,0.9939274200073928
10.1038/s41467-019-11875-6,OPRD_HUMAN,Compound 8,Dissociation,Transducer,HEK-293,Gi2,121.6,8.195,8.173,10.279933574936717,-0.1292890930669514,10.1038/s41467-019-11875-6|OPRD_HUMAN|Dissociation|Transducer|HEK-293|Gi2,2.1069335749367166,-0.17581092901854012,-0.08790546450927006,0.11230130514545182
10.1038/s41467-019-11875-6,OPRD_HUMAN,Compound 8,Binding/coupling,Downstream,HEK-293,,102.3,8.489,8.475,10.49887563371216,-0.0015250715857857,10.1038/s41467-019-11875-6|OPRD_HUMAN|Binding/coupling|Downstream|HEK-293|nan,2.0238756337121604,2.9972670326117168e-05,1.4986335163058584e-05,0.042398236134153694
10.1038/s41467-019-11875-6,OPRD_HUMAN,Compound 8,Dissociation,Transducer,HEK-293,GoA,126.3,8.41,8.355,10.51140335055533,-0.3027576018194464,10.1038/s41467-019-11875-6|OPRD_HUMAN|Dissociation|Transducer|HEK-293|GoA,2.1564033505553297,-0.29895246505597584,-0.14947623252798792,0.9334199497581553
10.1038/s41467-019-11875-6,OPRD_HUMAN,Compound 9,Recruitment ,Transducer,HEK-293,Arrestin-3 (β-arrestin-2),9.309,6.103,5.294,7.071903030303828,-0.2681583686414526,10.1038/s41467-019-11875-6|OPRD_HUMAN|Recruitment |Transducer|HEK-293|Arrestin-3 (β-arrestin-2),1.7779030303038281,-0.3492502703858644,-0.1746251351929322,0.8021227040563618
10.1038/s41467-019-11875-6,OPRD_HUMAN,Compound 9,Recruitment ,Transducer,HEK-293,Arrestin-3 (β-arrestin-2),28.74,6.541,5.907,7.999486763798207,0.0464253648529262,10.1038/s41467-019-11875-6|OPRD_HUMAN|Recruitment |Transducer|HEK-293|Arrestin-3 (β-arrestin-2),2.092486763798207,-0.03466653689148558,-0.01733326844574279,0.04824197047645911
10.1038/s41467-019-11875-6,OPRD_HUMAN,Compound 9,Recruitment ,Transducer,HEK-293,Arrestin-3 (β-arrestin-2),16.19,6.316,5.409,7.525246848753373,0.0701854498080929,10.1038/s41467-019-11875-6|OPRD_HUMAN|Recruitment |Transducer|HEK-293|Arrestin-3 (β-arrestin-2),2.1162468487533728,-0.010906451936319783,-0.005453225968159892,0.05689146331993343
10.1038/s41467-019-11875-6,OPRD_HUMAN,Compound 9,Accumulation,Downstream,HEK-293,,93.77,9.142,8.995,11.11406391600802,0.0310755662754331,10.1038/s41467-019-11875-6|OPRD_HUMAN|Accumulation|Downstream|HEK-293|nan,2.1190639160080202,0.08096435771385213,0.040482178856926065,0.044924385731985525
10.1038/s41467-019-11875-6,OPRD_HUMAN,Compound 9,Dissociation,Transducer,HEK-293,Gi1,52.16,6.507,5.622,8.224337582723864,-0.0289040821542174,10.1038/s41467-019-11875-6|OPRD_HUMAN|Dissociation|Transducer|HEK-293|Gi1,2.602337582723864,0.0680333001797826,0.0340166500898913,0.04457465023006518
10.1038/s41467-019-11875-6,OPRD_HUMAN,Compound 9,Dissociation,Transducer,HEK-293,Gi2,56.36,6.811,6.195,8.56197098443732,0.1307483164336513,10.1038/s41467-019-11875-6|OPRD_HUMAN|Dissociation|Transducer|HEK-293|Gi2,2.3669709844373195,0.08422648048206272,0.04211324024103136,0.11469955774116024
10.1038/s41467-019-11875-6,OPRD_HUMAN,Compound 9,Binding/coupling,Downstream,HEK-293,,64.11,6.655,6.435,8.461925776883731,0.0015250715857857,10.1038/s41467-019-11875-6|OPRD_HUMAN|Binding/coupling|Downstream|HEK-293|nan,2.026925776883732,0.0030801158418976016,0.0015400579209488008,0.042398236134153694
10.1038/s41467-019-11875-6,OPRD_HUMAN,Compound 9,Dissociation,Transducer,HEK-293,GoA,62.52,6.852,6.291,8.648018969347149,-0.1021419830276277,10.1038/s41467-019-11875-6|OPRD_HUMAN|Dissociation|Transducer|HEK-293|GoA,2.3570189693471484,-0.09833684626415717,-0.04916842313207859,0.07855783612298675
10.1038/s41467-019-11875-6,OPRD_HUMAN,Fentanyl,Recruitment ,Transducer,HEK-293,Arrestin-3 (β-arrestin-2),14.44,4.766,4.024,5.92556719323362,-0.1444942057116605,10.1038/s41467-019-11875-6|OPRD_HUMAN|Recruitment |Transducer|HEK-293|Arrestin-3 (β-arrestin-2),1.9015671932336202,-0.22558610745607233,-0.11279305372803616,0.1411287328854425
10.1038/s41467-019-11875-6,OPRD_HUMAN,Fentanyl,Recruitment ,Transducer,HEK-293,Arrestin-3 (β-arrestin-2),16.31,5.035,4.231,6.247453961040276,-0.0296074379050046,10.1038/s41467-019-11875-6|OPRD_HUMAN|Recruitment |Transducer|HEK-293|Arrestin-3 (β-arrestin-2),2.016453961040276,-0.11069933964941647,-0.055349669824708236,0.04468487726836135
10.1038/s41467-019-11875-6,OPRD_HUMAN,Fentanyl,Recruitment ,Transducer,HEK-293,Arrestin-3 (β-arrestin-2),30.44,5.299,4.729,6.782444648098536,0.0073832491532548,10.1038/s41467-019-11875-6|OPRD_HUMAN|Recruitment |Transducer|HEK-293|Arrestin-3 (β-arrestin-2),2.0534446480985356,-0.073708652591157,-0.0368543262955785,0.042531532503753994
10.1038/s41467-019-11875-6,OPRD_HUMAN,Fentanyl,Recruitment ,Transducer,HEK-293,Arrestin-3 (β-arrestin-2),26.13,4.742,3.997,6.1591394097273255,0.1160780107820449,10.1038/s41467-019-11875-6|OPRD_HUMAN|Recruitment |Transducer|HEK-293|Arrestin-3 (β-arrestin-2),2.1621394097273257,0.034986109037633106,0.017493054518816553,0.09354730918933607
10.1038/s41467-019-11875-6,OPRD_HUMAN,Fentanyl,Accumulation,Downstream,HEK-293,,95.41,7.909,8.108,9.88859389584893,-0.3073944538836599,10.1038/s41467-019-11875-6|OPRD_HUMAN|Accumulation|Downstream|HEK-293|nan,1.780593895848929,-0.2575056624452392,-0.1287528312226196,0.9436498611980683
10.1038/s41467-019-11875-6,OPRD_HUMAN,Fentanyl,Dissociation,Transducer,HEK-293,Gi1,21.71,5.581,4.193,6.917659823454421,0.0934181585763394,10.1038/s41467-019-11875-6|OPRD_HUMAN|Dissociation|Transducer|HEK-293|Gi1,2.724659823454421,0.19035554091033946,0.09517777045516973,0.07114237358631874
10.1038/s41467-019-11875-6,OPRD_HUMAN,Fentanyl,Dissociation,Transducer,HEK-293,Gi2,98.75,5.792,5.659,7.786537104298498,-0.10868556370517,10.1038/s41467-019-11875-6|OPRD_HUMAN|Dissociation|Transducer|HEK-293|Gi2,2.127537104298498,-0.15520739965675867,-0.07760369982837934,0.08506440961694335
10.1038/s41467-019-11875-6,OPRD_HUMAN,Fentanyl,Dissociation,Transducer,HEK-293,GoA,46.56,5.608,4.727,7.276012971641832,0.0898520192670551,10.1038/s41467-019-11875-6|OPRD_HUMAN|Dissociation|Transducer|HEK-293|GoA,2.5490129716418313,0.09365715603052571,0.046828578015262856,0.06847672235735813
10.1038/s41467-019-11875-6,OPRD_HUMAN,Loperamide,Recruitment ,Transducer,HEK-293,Arrestin-2 (β-arrestin-1),39.72,4.565,4.047,6.164009239823344,0.0734774492809959,10.1038/s41467-019-11875-6|OPRD_HUMAN|Recruitment |Transducer|HEK-293|Arrestin-2 (β-arrestin-1),2.1170092398233447,0.0794233047538131,0.03971165237690655,0.05850660815896531
10.1038/s41467-019-11875-6,OPRD_HUMAN,Loperamide,Recruitment ,Transducer,HEK-293,Arrestin-3 (β-arrestin-2),35.56,4.797,4.367,6.347961752298176,-0.0650996466471052,10.1038/s41467-019-11875-6|OPRD_HUMAN|Recruitment |Transducer|HEK-293|Arrestin-3 (β-arrestin-2),1.9809617522981764,-0.14619154839151616,-0.07309577419575808,0.05461642360943936
10.1038/s41467-019-11875-6,OPRD_HUMAN,Loperamide,Recruitment ,Transducer,HEK-293,Arrestin-3 (β-arrestin-2),35.13,5.118,4.625,6.663678149792026,-0.0073832491532548,10.1038/s41467-019-11875-6|OPRD_HUMAN|Recruitment |Transducer|HEK-293|Arrestin-3 (β-arrestin-2),2.038678149792026,-0.08847515089766667,-0.04423757544883333,0.042531532503753994
10.1038/s41467-019-11875-6,OPRD_HUMAN,Loperamide,Recruitment ,Transducer,HEK-293,Arrestin-3 (β-arrestin-2),55.19,5.057,4.712,6.798860394065263,0.0407989951199829,10.1038/s41467-019-11875-6|OPRD_HUMAN|Recruitment |Transducer|HEK-293|Arrestin-3 (β-arrestin-2),2.0868603940652637,-0.04029290662442886,-0.02014645331221443,0.04684607529579112
10.1038/s41467-019-11875-6,OPRD_HUMAN,Loperamide,Recruitment ,Transducer,HEK-293,Arrestin-3 (β-arrestin-2),48.48,4.911,4.632,6.596562611158229,-0.081498787787051,10.1038/s41467-019-11875-6|OPRD_HUMAN|Recruitment |Transducer|HEK-293|Arrestin-3 (β-arrestin-2),1.9645626111582297,-0.16259068953146283,-0.08129534476573141,0.0629592528922976
10.1038/s41467-019-11875-6,OPRD_HUMAN,Loperamide,Accumulation,Downstream,HEK-293,,114.1,7.058,7.278,9.115285644418217,-0.2507027053143735,10.1038/s41467-019-11875-6|OPRD_HUMAN|Accumulation|Downstream|HEK-293|nan,1.837285644418217,-0.20081391387595104,-0.10040695693797552,0.6964984634537104
10.1038/s41467-019-11875-6,OPRD_HUMAN,Loperamide,Dissociation,Transducer,HEK-293,Gi1,62.24,5.3,4.518,7.094069583981632,-0.0551720808964493,10.1038/s41467-019-11875-6|OPRD_HUMAN|Dissociation|Transducer|HEK-293|Gi1,2.5760695839816323,0.04176530143755075,0.020882650718775375,0.050870614826005016
10.1038/s41467-019-11875-6,OPRD_HUMAN,Loperamide,Dissociation,Transducer,HEK-293,Gi2,118.3,5.809,5.789,7.88198474462793,-0.1432379233757377,10.1038/s41467-019-11875-6|OPRD_HUMAN|Dissociation|Transducer|HEK-293|Gi2,2.0929847446279304,-0.18975975932732636,-0.09487987966366318,0.13839880204891689
10.1038/s41467-019-11875-6,OPRD_HUMAN,Loperamide,Binding/coupling,Downstream,HEK-293,,253.0,5.387,5.542,7.790120521175817,0.2227198158778711,10.1038/s41467-019-11875-6|OPRD_HUMAN|Binding/coupling|Downstream|HEK-293|nan,2.2481205211758173,0.224274860133983,0.1121374300669915,0.499624811219163
10.1038/s41467-019-11875-6,OPRD_HUMAN,Loperamide,Dissociation,Transducer,HEK-293,GoA,88.89,5.699,5.277,7.647852906199713,-0.0883080461750633,10.1038/s41467-019-11875-6|OPRD_HUMAN|Dissociation|Transducer|HEK-293|GoA,2.370852906199713,-0.08450290941159277,-0.04225145470579639,0.06738270199058519
10.1038/s41467-019-11875-6,OPRD_HUMAN,Met-enkephalin,Recruitment ,Transducer,HEK-293,Arrestin-2 (β-arrestin-1),99.48,6.218,6.24,8.2157357765979,-0.0677960139444486,10.1038/s41467-019-11875-6|OPRD_HUMAN|Recruitment |Transducer|HEK-293|Arrestin-2 (β-arrestin-1),1.9757357765978991,-0.061850158471632444,-0.030925079235816222,0.055790386041184685
10.1038/s41467-019-11875-6,OPRD_HUMAN,Met-enkephalin,Recruitment ,Transducer,HEK-293,Arrestin-3 (β-arrestin-2),100.3,6.283,6.28,8.284300933020418,-0.0417604659248627,10.1038/s41467-019-11875-6|OPRD_HUMAN|Recruitment |Transducer|HEK-293|Arrestin-3 (β-arrestin-2),2.004300933020418,-0.12285236766927454,-0.06142618383463727,0.04706922502189278
10.1038/s41467-019-11875-6,OPRD_HUMAN,Met-enkephalin,Recruitment ,Transducer,HEK-293,Arrestin-3 (β-arrestin-2),100.0,6.55,6.572,8.55,-0.06806139894528,10.1038/s41467-019-11875-6|OPRD_HUMAN|Recruitment |Transducer|HEK-293|Arrestin-3 (β-arrestin-2),1.9780000000000006,-0.1491533006896919,-0.07457665034484595,0.05590981237190679
10.1038/s41467-019-11875-6,OPRD_HUMAN,Met-enkephalin,Recruitment ,Transducer,HEK-293,Arrestin-3 (β-arrestin-2),102.5,7.049,7.116,9.059723865391774,-0.1023375335535061,10.1038/s41467-019-11875-6|OPRD_HUMAN|Recruitment |Transducer|HEK-293|Arrestin-3 (β-arrestin-2),1.9437238653917746,-0.183429435297918,-0.091714717648959,0.07873984885621324
10.1038/s41467-019-11875-6,OPRD_HUMAN,Met-enkephalin,Recruitment ,Transducer,HEK-293,Arrestin-3 (β-arrestin-2),99.38,6.859,6.882,8.856298992409513,-0.0717624065357669,10.1038/s41467-019-11875-6|OPRD_HUMAN|Recruitment |Transducer|HEK-293|Arrestin-3 (β-arrestin-2),1.9742989924095138,-0.15285430828017876,-0.07642715414008938,0.05765063541075324
10.1038/s41467-019-11875-6,OPRD_HUMAN,Met-enkephalin,Accumulation,Downstream,HEK-293,,103.9,9.072,8.985,11.088615547557175,0.0156271978245889,10.1038/s41467-019-11875-6|OPRD_HUMAN|Accumulation|Downstream|HEK-293|nan,2.103615547557176,0.06551598926300795,0.03275799463150397,0.04301944308811565
10.1038/s41467-019-11875-6,OPRD_HUMAN,Met-enkephalin,Dissociation,Transducer,HEK-293,Gi1,107.8,6.141,5.918,8.17361876085072,-0.3756229040273613,10.1038/s41467-019-11875-6|OPRD_HUMAN|Dissociation|Transducer|HEK-293|Gi1,2.2556187608507203,-0.27868552169336125,-0.13934276084668062,0.9968130806286176
10.1038/s41467-019-11875-6,OPRD_HUMAN,Met-enkephalin,Dissociation,Transducer,HEK-293,Gi2,111.3,7.197,7.023,9.243495164334709,-0.015727503668959,10.1038/s41467-019-11875-6|OPRD_HUMAN|Dissociation|Transducer|HEK-293|Gi2,2.220495164334709,-0.06224933962054768,-0.03112466981027384,0.043027577228196376
10.1038/s41467-019-11875-6,OPRD_HUMAN,Met-enkephalin,Binding/coupling,Downstream,HEK-293,,100.5,7.289,7.268,9.291166061756508,-0.0022346435414379,10.1038/s41467-019-11875-6|OPRD_HUMAN|Binding/coupling|Downstream|HEK-293|nan,2.023166061756508,-0.0006795992853261268,-0.0003397996426630634,0.04240504058442531
10.1038/s41467-019-11875-6,OPRD_HUMAN,Met-enkephalin,Dissociation,Transducer,HEK-293,GoA,103.9,6.599,6.589,8.615615547557178,-0.4325454048175983,10.1038/s41467-019-11875-6|OPRD_HUMAN|Dissociation|Transducer|HEK-293|GoA,2.026615547557178,-0.4287402680541277,-0.21437013402706384,0.9998223053401427
10.1038/s41467-019-11875-6,OPRD_HUMAN,Morphine,Recruitment ,Transducer,HEK-293,Arrestin-3 (β-arrestin-2),27.55,4.84,4.035,6.280121603187804,0.1990602042425231,10.1038/s41467-019-11875-6|OPRD_HUMAN|Recruitment |Transducer|HEK-293|Arrestin-3 (β-arrestin-2),2.245121603187804,0.1179683024981113,0.05898415124905565,0.3478827541937745
10.1038/s41467-019-11875-6,OPRD_HUMAN,Morphine,Recruitment ,Transducer,HEK-293,Arrestin-3 (β-arrestin-2),16.35,4.827,3.937,6.040517756996305,0.0574563580510245,10.1038/s41467-019-11875-6|OPRD_HUMAN|Recruitment |Transducer|HEK-293|Arrestin-3 (β-arrestin-2),2.1035177569963053,-0.023635543693387273,-0.011817771846693637,0.0516566087304765
10.1038/s41467-019-11875-6,OPRD_HUMAN,Morphine,Accumulation,Downstream,HEK-293,,120.6,7.705,8.185,9.786347307804132,-0.4866410419284577,10.1038/s41467-019-11875-6|OPRD_HUMAN|Accumulation|Downstream|HEK-293|nan,1.6013473078041311,-0.43675225049003696,-0.21837612524501848,0.9999921795916807
10.1038/s41467-019-11875-6,OPRD_HUMAN,Morphine,Dissociation,Transducer,HEK-293,Gi1,37.76,5.397,4.26,6.974031985626032,0.0827903207479501,10.1038/s41467-019-11875-6|OPRD_HUMAN|Dissociation|Transducer|HEK-293|Gi1,2.7140319856260327,0.17972770308195107,0.08986385154097554,0.06375018413062675
10.1038/s41467-019-11875-6,OPRD_HUMAN,Morphine,Dissociation,Transducer,HEK-293,Gi2,98.11,5.95,5.75,7.94171327571309,-0.0445093922905783,10.1038/s41467-019-11875-6|OPRD_HUMAN|Dissociation|Transducer|HEK-293|Gi2,2.1917132757130897,-0.09103122824216703,-0.045515614121083514,0.047741935790578637
10.1038/s41467-019-11875-6,OPRD_HUMAN,Morphine,Binding/coupling,Downstream,HEK-293,,63.86,5.173,5.053,6.978228914203426,-0.1001717910945196,10.1038/s41467-019-11875-6|OPRD_HUMAN|Binding/coupling|Downstream|HEK-293|nan,1.9252289142034265,-0.09861674683840782,-0.04930837341920391,0.07676439980026456
10.1038/s41467-019-11875-6,OPRD_HUMAN,Morphine,Dissociation,Transducer,HEK-293,GoA,70.84,5.808,5.235,7.658278552518037,-0.0358823998567396,10.1038/s41467-019-11875-6|OPRD_HUMAN|Dissociation|Transducer|HEK-293|GoA,2.4232785525180365,-0.03207726309326908,-0.01603863154663454,0.045799885932822436
10.1038/s41467-019-11875-6,OPRD_HUMAN,Nalfurafine (Compound 4),Accumulation,Downstream,HEK-293,,104.1,8.32,8.152,10.337450729510536,0.0974623797779479,10.1038/s41467-019-11875-6|OPRD_HUMAN|Accumulation|Downstream|HEK-293|nan,2.1854507295105368,0.14735117121636865,0.07367558560818432,0.0744141960157081
10.1038/s41467-019-11875-6,OPRD_HUMAN,Nalfurafine (Compound 4),Dissociation,Transducer,HEK-293,Gi1,23.48,6.44,5.04,7.810698092575578,0.1394564276974961,10.1038/s41467-019-11875-6|OPRD_HUMAN|Dissociation|Transducer|HEK-293|Gi1,2.7706980925755778,0.23639381003149618,0.11819690501574809,0.1305840334347962
10.1038/s41467-019-11875-6,OPRD_HUMAN,Nalfurafine (Compound 4),Dissociation,Transducer,HEK-293,Gi2,45.01,5.912,5.338,7.565309012938479,-0.0089136550651893,10.1038/s41467-019-11875-6|OPRD_HUMAN|Dissociation|Transducer|HEK-293|Gi2,2.2273090129384787,-0.05543549101677803,-0.027717745508389013,0.04259537857527669
10.1038/s41467-019-11875-6,OPRD_HUMAN,Nalfurafine (Compound 4),Binding/coupling,Downstream,HEK-293,,45.81,5.86,5.619,7.520960291776084,-0.123440413521862,10.1038/s41467-019-11875-6|OPRD_HUMAN|Binding/coupling|Downstream|HEK-293|nan,1.901960291776084,-0.12188536926575022,-0.06094268463287511,0.10337278139377207
10.1038/s41467-019-11875-6,OPRD_HUMAN,Nalfurafine (Compound 4),Dissociation,Transducer,HEK-293,GoA,30.72,6.531,5.368,8.018421211359474,0.1912602589846974,10.1038/s41467-019-11875-6|OPRD_HUMAN|Dissociation|Transducer|HEK-293|GoA,2.6504212113594736,0.19506539574816806,0.09753269787408403,0.3058479037334024
10.1038/s41467-019-11875-6,OPRD_HUMAN,Oxycodone,Recruitment ,Transducer,HEK-293,Arrestin-3 (β-arrestin-2),11.86,4.584,3.824,5.658084689028243,-0.2119767099170375,10.1038/s41467-019-11875-6|OPRD_HUMAN|Recruitment |Transducer|HEK-293|Arrestin-3 (β-arrestin-2),1.8340846890282432,-0.2930686116614494,-0.1465343058307247,0.42681581881259617
10.1038/s41467-019-11875-6,OPRD_HUMAN,Oxycodone,Recruitment ,Transducer,HEK-293,Arrestin-3 (β-arrestin-2),25.62,4.503,3.15,5.911579125408668,0.7155177264633874,10.1038/s41467-019-11875-6|OPRD_HUMAN|Recruitment |Transducer|HEK-293|Arrestin-3 (β-arrestin-2),2.761579125408668,0.6344258247189756,0.3172129123594878,0.9999999999997562
10.1038/s41467-019-11875-6,OPRD_HUMAN,Oxycodone,Recruitment ,Transducer,HEK-293,Arrestin-3 (β-arrestin-2),14.05,4.254,3.023,5.401676324241098,0.3326149252958172,10.1038/s41467-019-11875-6|OPRD_HUMAN|Recruitment |Transducer|HEK-293|Arrestin-3 (β-arrestin-2),2.378676324241098,0.25152302355140543,0.12576151177570272,0.9787956655094571
10.1038/s41467-019-11875-6,OPRD_HUMAN,Oxycodone,Accumulation,Downstream,HEK-293,,110.1,6.648,6.632,8.689787318971751,-0.0302010307608373,10.1038/s41467-019-11875-6|OPRD_HUMAN|Accumulation|Downstream|HEK-293|nan,2.0577873189717515,0.019687760677583377,0.009843880338791688,0.04478017339082803
10.1038/s41467-019-11875-6,OPRD_HUMAN,Oxycodone,Dissociation,Transducer,HEK-293,Gi1,21.67,5.191,3.522,6.526858911319818,0.3736172464417362,10.1038/s41467-019-11875-6|OPRD_HUMAN|Dissociation|Transducer|HEK-293|Gi1,3.004858911319818,0.4705546287757363,0.23527731438786814,0.9964986967044536
10.1038/s41467-019-11875-6,OPRD_HUMAN,Oxycodone,Dissociation,Transducer,HEK-293,Gi2,90.02,5.504,5.208,7.45833900860246,0.0141163405987914,10.1038/s41467-019-11875-6|OPRD_HUMAN|Dissociation|Transducer|HEK-293|Gi2,2.2503390086024595,-0.03240549535279724,-0.01620274767639862,0.04290337858365147
10.1038/s41467-019-11875-6,OPRD_HUMAN,Oxycodone,Binding/coupling,Downstream,HEK-293,,52.01,4.335,3.722,6.051086853774832,0.3036861484768858,10.1038/s41467-019-11875-6|OPRD_HUMAN|Binding/coupling|Downstream|HEK-293|nan,2.329086853774832,0.30524119273299766,0.15262059636649883,0.9355848541211932
10.1038/s41467-019-11875-6,OPRD_HUMAN,Oxycodone,Dissociation,Transducer,HEK-293,GoA,66.14,4.91,4.259,6.730464190577685,0.0123032382029082,10.1038/s41467-019-11875-6|OPRD_HUMAN|Dissociation|Transducer|HEK-293|GoA,2.4714641905776844,0.016108374966378847,0.008054187483189423,0.04277999031232686
10.1038/s41467-019-11875-6,OPRD_RAT,Buprenorphine,Accumulation,Downstream,HEK-293,,99.79,7.783,7.868,9.78208702262589,-0.0506668825638483,10.1038/s41467-019-11875-6|OPRD_RAT|Accumulation|Downstream|HEK-293|nan,1.914087022625889,-0.04033036278592661,-0.020165181392963305,0.049443719724837354
10.1038/s41467-019-11875-6,OPRD_RAT,Buprenorphine,Dissociation,Transducer,HEK-293,Gi1,15.54,7.485,6.157,8.676451014464895,0.0777019405733385,10.1038/s41467-019-11875-6|OPRD_RAT|Dissociation|Transducer|HEK-293|Gi1,2.519451014464895,0.10564514206189557,0.052822571030947785,0.060756008154772154
10.1038/s41467-019-11875-6,OPRD_RAT,Buprenorphine,Dissociation,Transducer,HEK-293,Gi2,45.46,6.883,6.139,8.540629431388952,0.0681630213080861,10.1038/s41467-019-11875-6|OPRD_RAT|Dissociation|Transducer|HEK-293|Gi2,2.401629431388952,0.048276714217662775,0.024138357108831388,0.055955731023633805
10.1038/s41467-019-11875-6,OPRD_RAT,Buprenorphine,Binding/coupling,Downstream,HEK-293,,193.1,5.525,4.599,7.810782273779395,0.0442244999166092,10.1038/s41467-019-11875-6|OPRD_RAT|Binding/coupling|Downstream|HEK-293|nan,3.211782273779395,0.028710706114988493,0.014355353057494247,0.047669793688887845
10.1038/s41467-019-11875-6,OPRD_RAT,Buprenorphine,Dissociation,Transducer,HEK-293,GoA,30.59,7.279,6.059,8.764579476984679,0.1533611115774076,10.1038/s41467-019-11875-6|OPRD_RAT|Dissociation|Transducer|HEK-293|GoA,2.7055794769846786,0.2867293532797306,0.1433646766398653,0.162459073608632
10.1038/s41467-019-11875-6,OPRD_RAT,Compound 1,Accumulation,Downstream,HEK-293,,141.3,5.195,5.464,7.345142161848559,-0.0836117433411791,10.1038/s41467-019-11875-6|OPRD_RAT|Accumulation|Downstream|HEK-293|nan,1.8811421618485582,-0.07327522356325744,-0.03663761178162872,0.0642645845311008
10.1038/s41467-019-11875-6,OPRD_RAT,Compound 1,Dissociation,Transducer,HEK-293,Gi2,25.13,5.62,4.522,7.020192488592576,0.1647260785117099,10.1038/s41467-019-11875-6|OPRD_RAT|Dissociation|Transducer|HEK-293|Gi2,2.4981924885925757,0.14483977142128657,0.07241988571064328,0.1957678882804939
10.1038/s41467-019-11875-6,OPRD_RAT,Compound 1,Binding/coupling,Downstream,HEK-293,,65.42,4.458,2.725,6.273710539788963,0.3811527659261773,10.1038/s41467-019-11875-6|OPRD_RAT|Binding/coupling|Downstream|HEK-293|nan,3.548710539788963,0.36563897212455654,0.18281948606227827,0.9975479804353186
10.1038/s41467-019-11875-6,OPRD_RAT,Compound 1,Dissociation,Transducer,HEK-293,GoA,32.09,4.575,3.276,6.081369717095504,0.2531513516882335,10.1038/s41467-019-11875-6|OPRD_RAT|Dissociation|Transducer|HEK-293|GoA,2.8053697170955045,0.3865195933905565,0.19325979669527826,0.7126275416026139
10.1038/s41467-019-11875-6,OPRD_RAT,Compound 10,Accumulation,Downstream,HEK-293,,84.48,4.872,4.834,6.798753905189737,0.0,10.1038/s41467-019-11875-6|OPRD_RAT|Accumulation|Downstream|HEK-293|nan,1.9647539051897374,0.010336519777921716,0.005168259888960858,0.04239230469906874
10.1038/s41467-019-11875-6,OPRD_RAT,Compound 10,Dissociation,Transducer,HEK-293,Gi1,25.31,4.575,3.424,5.978292145158255,0.1125430712666983,10.1038/s41467-019-11875-6|OPRD_RAT|Dissociation|Transducer|HEK-293|Gi1,2.554292145158255,0.14048627275525538,0.07024313637762769,0.08933045171448716
10.1038/s41467-019-11875-6,OPRD_RAT,Compound 10,Dissociation,Transducer,HEK-293,Gi2,82.44,5.061,4.727,6.977137983107175,-0.0833284269736909,10.1038/s41467-019-11875-6|OPRD_RAT|Dissociation|Transducer|HEK-293|Gi2,2.250137983107175,-0.1032147340641143,-0.05160736703205715,0.06408615335746219
10.1038/s41467-019-11875-6,OPRD_RAT,Compound 10,Binding/coupling,Downstream,HEK-293,,187.1,5.174,4.201,7.44607378750001,0.0775160136372248,10.1038/s41467-019-11875-6|OPRD_RAT|Binding/coupling|Downstream|HEK-293|nan,3.2450737875000106,0.062002219835604055,0.031001109917802028,0.06065264119215723
10.1038/s41467-019-11875-6,OPRD_RAT,Compound 10,Dissociation,Transducer,HEK-293,GoA,44.08,4.941,3.914,6.585241585843729,0.1190232204364578,10.1038/s41467-019-11875-6|OPRD_RAT|Dissociation|Transducer|HEK-293|GoA,2.671241585843729,0.25239146213878083,0.12619573106939042,0.09730135919286925
10.1038/s41467-019-11875-6,OPRD_RAT,Compound 11,Recruitment ,Transducer,HEK-293,Arrestin-2 (β-arrestin-1),95.74,6.325,6.267,8.30609342314593,-0.1012561608279005,10.1038/s41467-019-11875-6|OPRD_RAT|Recruitment |Transducer|HEK-293|Arrestin-2 (β-arrestin-1),2.0390934231459292,-0.11230132400151449,-0.056150662000757245,0.07774246458134558
10.1038/s41467-019-11875-6,OPRD_RAT,Compound 11,Recruitment ,Transducer,HEK-293,Arrestin-3 (β-arrestin-2),88.02,6.299,6.156,8.243581364226927,-0.0106894116725637,10.1038/s41467-019-11875-6|OPRD_RAT|Recruitment |Transducer|HEK-293|Arrestin-3 (β-arrestin-2),2.087581364226927,0.013360929703333912,0.006680464851666956,0.04268464240447228
10.1038/s41467-019-11875-6,OPRD_RAT,Compound 11,Recruitment ,Transducer,HEK-293,Arrestin-3 (β-arrestin-2),101.7,6.407,6.362,8.414320952922745,-0.0459498229767456,10.1038/s41467-019-11875-6|OPRD_RAT|Recruitment |Transducer|HEK-293|Arrestin-3 (β-arrestin-2),2.052320952922745,-0.02189948160084798,-0.01094974080042399,0.04811542984635042
10.1038/s41467-019-11875-6,OPRD_RAT,Compound 11,Recruitment ,Transducer,HEK-293,Arrestin-3 (β-arrestin-2),105.8,6.802,6.862,8.826485667699167,-0.1337851082003238,10.1038/s41467-019-11875-6|OPRD_RAT|Recruitment |Transducer|HEK-293|Arrestin-3 (β-arrestin-2),1.9644856676991669,-0.10973476682442618,-0.05486738341221309,0.11992420473225501
10.1038/s41467-019-11875-6,OPRD_RAT,Compound 11,Recruitment ,Transducer,HEK-293,Arrestin-3 (β-arrestin-2),96.88,6.65,6.594,8.636234130134996,-0.0560366457644949,10.1038/s41467-019-11875-6|OPRD_RAT|Recruitment |Transducer|HEK-293|Arrestin-3 (β-arrestin-2),2.0422341301349958,-0.031986304388597286,-0.015993152194298643,0.05116301850133811
10.1038/s41467-019-11875-6,OPRD_RAT,Compound 11,Accumulation,Downstream,HEK-293,,101.9,9.822,10.2,11.830174184006426,-0.334579721183311,10.1038/s41467-019-11875-6|OPRD_RAT|Accumulation|Downstream|HEK-293|nan,1.6301741840064263,-0.3242432014053893,-0.16212160070269466,0.9804390236605416
10.1038/s41467-019-11875-6,OPRD_RAT,Compound 11,Dissociation,Transducer,HEK-293,Gi1,105.8,6.498,6.258,8.522485667699167,-0.1772634061923899,10.1038/s41467-019-11875-6|OPRD_RAT|Dissociation|Transducer|HEK-293|Gi1,2.2644856676991667,-0.1493202047038329,-0.07466010235191645,0.2416558210247275
10.1038/s41467-019-11875-6,OPRD_RAT,Compound 11,Dissociation,Transducer,HEK-293,Gi2,97.72,7.085,6.845,9.0749834583014,-0.1034829517794655,10.1038/s41467-019-11875-6|OPRD_RAT|Dissociation|Transducer|HEK-293|Gi2,2.2299834583014,-0.12336925886988892,-0.06168462943494446,0.07982082228284254
10.1038/s41467-019-11875-6,OPRD_RAT,Compound 11,Binding/coupling,Downstream,HEK-293,,110.6,7.174,6.06,9.21775512696868,-0.0098026468941059,10.1038/s41467-019-11875-6|OPRD_RAT|Binding/coupling|Downstream|HEK-293|nan,3.15775512696868,-0.025316440695726694,-0.012658220347863347,0.04263802268773177
10.1038/s41467-019-11875-6,OPRD_RAT,Compound 11,Dissociation,Transducer,HEK-293,GoA,123.5,6.891,7.016,8.982666957595685,-0.5855514078115864,10.1038/s41467-019-11875-6|OPRD_RAT|Dissociation|Transducer|HEK-293|GoA,1.9666669575956846,-0.45218316610926346,-0.22609158305463173,0.9999999899986366
10.1038/s41467-019-11875-6,OPRD_RAT,Compound 12,Accumulation,Downstream,HEK-293,,118.8,5.15,5.319,7.224816440645175,-0.0589374645445621,10.1038/s41467-019-11875-6|OPRD_RAT|Accumulation|Downstream|HEK-293|nan,1.9058164406451752,-0.04860094476664045,-0.024300472383320226,0.052189689231294405
10.1038/s41467-019-11875-6,OPRD_RAT,Compound 12,Dissociation,Transducer,HEK-293,Gi1,31.87,4.737,3.689,6.240382063473733,0.1096329895821766,10.1038/s41467-019-11875-6|OPRD_RAT|Dissociation|Transducer|HEK-293|Gi1,2.551382063473733,0.1375761910707336,0.0687880955353668,0.08608110658508683
10.1038/s41467-019-11875-6,OPRD_RAT,Compound 12,Dissociation,Transducer,HEK-293,Gi2,35.96,5.951,4.939,7.506819683061191,0.234353272980325,10.1038/s41467-019-11875-6|OPRD_RAT|Dissociation|Transducer|HEK-293|Gi2,2.567819683061191,0.21446696588990166,0.10723348294495083,0.5823717731388521
10.1038/s41467-019-11875-6,OPRD_RAT,Compound 12,Binding/coupling,Downstream,HEK-293,,168.0,4.638,3.627,6.863309281725863,0.0687515078630776,10.1038/s41467-019-11875-6|OPRD_RAT|Binding/coupling|Downstream|HEK-293|nan,3.2363092817258634,0.05323771406145683,0.026618857030728416,0.056223694045734955
10.1038/s41467-019-11875-6,OPRD_RAT,Compound 12,Dissociation,Transducer,HEK-293,GoA,41.97,5.22,4.129,6.84293896921149,0.1617206038042193,10.1038/s41467-019-11875-6|OPRD_RAT|Dissociation|Transducer|HEK-293|GoA,2.7139389692114904,0.29508884550654235,0.14754442275327118,0.18624604092149752
10.1038/s41467-019-11875-6,OPRD_RAT,Compound 13,Recruitment ,Transducer,HEK-293,Arrestin-3 (β-arrestin-2),12.99,4.886,3.633,5.999609151073028,0.2683383751735375,10.1038/s41467-019-11875-6|OPRD_RAT|Recruitment |Transducer|HEK-293|Arrestin-3 (β-arrestin-2),2.3666091510730283,0.2923887165494352,0.1461943582747176,0.8030838098344734
10.1038/s41467-019-11875-6,OPRD_RAT,Compound 13,Recruitment ,Transducer,HEK-293,Arrestin-3 (β-arrestin-2),14.01,4.372,3.285,5.518438135285774,0.1351673593862834,10.1038/s41467-019-11875-6|OPRD_RAT|Recruitment |Transducer|HEK-293|Arrestin-3 (β-arrestin-2),2.233438135285774,0.1592177007621811,0.07960885038109056,0.12241086854067347
10.1038/s41467-019-11875-6,OPRD_RAT,Compound 13,Accumulation,Downstream,HEK-293,,116.1,4.92,4.903,6.984832219738574,0.1170783145488369,10.1038/s41467-019-11875-6|OPRD_RAT|Accumulation|Downstream|HEK-293|nan,2.0818322197385744,0.1274148343267587,0.06370741716337935,0.09479704213229148
10.1038/s41467-019-11875-6,OPRD_RAT,Compound 13,Dissociation,Transducer,HEK-293,Gi1,110.1,4.767,4.523,6.808787318971753,-0.1559617549198035,10.1038/s41467-019-11875-6|OPRD_RAT|Dissociation|Transducer|HEK-293|Gi1,2.285787318971753,-0.12801855343124657,-0.06400927671562329,0.16945259634388324
10.1038/s41467-019-11875-6,OPRD_RAT,Compound 13,Dissociation,Transducer,HEK-293,Gi2,52.41,5.854,5.242,7.573414159702594,-0.0020522503782718,10.1038/s41467-019-11875-6|OPRD_RAT|Dissociation|Transducer|HEK-293|Gi2,2.331414159702594,-0.02193855746869522,-0.01096927873434761,0.042403046164994115
10.1038/s41467-019-11875-6,OPRD_RAT,Compound 13,Binding/coupling,Downstream,HEK-293,,151.9,5.284,4.298,7.465557773862786,0.0,10.1038/s41467-019-11875-6|OPRD_RAT|Binding/coupling|Downstream|HEK-293|nan,3.167557773862786,-0.015513793801620768,-0.007756896900810384,0.04239230469906874
10.1038/s41467-019-11875-6,OPRD_RAT,Compound 13,Dissociation,Transducer,HEK-293,GoA,95.8,5.082,4.862,7.063365509078544,-0.3508528563287272,10.1038/s41467-019-11875-6|OPRD_RAT|Dissociation|Transducer|HEK-293|GoA,2.201365509078544,-0.21748461462640423,-0.10874230731320211,0.9901961780664039
10.1038/s41467-019-11875-6,OPRD_RAT,Compound 14,Accumulation,Downstream,HEK-293,,110.7,5.941,5.938,7.985147620878722,0.0823937156889851,10.1038/s41467-019-11875-6|OPRD_RAT|Accumulation|Downstream|HEK-293|nan,2.0471476208787225,0.09273023546690684,0.04636511773345342,0.06350499820219695
10.1038/s41467-019-11875-6,OPRD_RAT,Compound 14,Dissociation,Transducer,HEK-293,Gi1,30.43,4.865,3.768,6.348301952358168,0.1385528784666112,10.1038/s41467-019-11875-6|OPRD_RAT|Dissociation|Transducer|HEK-293|Gi1,2.580301952358168,0.16649607995516824,0.08324803997758412,0.12880300310407866
10.1038/s41467-019-11875-6,OPRD_RAT,Compound 14,Dissociation,Transducer,HEK-293,Gi2,33.66,6.115,5.142,7.642114111639805,0.1666477015589391,10.1038/s41467-019-11875-6|OPRD_RAT|Dissociation|Transducer|HEK-293|Gi2,2.500114111639805,0.14676139446851577,0.07338069723425789,0.20214235300202404
10.1038/s41467-019-11875-6,OPRD_RAT,Compound 14,Dissociation,Transducer,HEK-293,GoA,48.12,4.922,3.979,6.604325618667807,0.0731072532605359,10.1038/s41467-019-11875-6|OPRD_RAT|Dissociation|Transducer|HEK-293|GoA,2.625325618667807,0.20647549496285889,0.10323774748142944,0.058319123944712996
10.1038/s41467-019-11875-6,OPRD_RAT,Compound 15,Dissociation,Transducer,HEK-293,Gi2,23.56,6.689,5.329,8.061175286115065,0.398708876034199,10.1038/s41467-019-11875-6|OPRD_RAT|Dissociation|Transducer|HEK-293|Gi2,2.7321752861150648,0.37882256894377564,0.18941128447188782,0.998960975962733
10.1038/s41467-019-11875-6,OPRD_RAT,Compound 15,Binding/coupling,Downstream,HEK-293,,133.9,4.589,3.565,6.715780577012009,-0.0167771968507763,10.1038/s41467-019-11875-6|OPRD_RAT|Binding/coupling|Downstream|HEK-293|nan,3.1507805770120094,-0.032290990652397156,-0.016145495326198578,0.043115916923256455
10.1038/s41467-019-11875-6,OPRD_RAT,Compound 16,Accumulation,Downstream,HEK-293,,59.36,6.487,6.342,8.26049389227097,-0.0462600129187666,10.1038/s41467-019-11875-6|OPRD_RAT|Accumulation|Downstream|HEK-293|nan,1.9184938922709707,-0.035923493140844975,-0.017961746570422488,0.04819778710520245
10.1038/s41467-019-11875-6,OPRD_RAT,Compound 16,Dissociation,Transducer,HEK-293,Gi1,28.33,6.356,5.262,7.808246574520437,0.1044975006288808,10.1038/s41467-019-11875-6|OPRD_RAT|Dissociation|Transducer|HEK-293|Gi1,2.5462465745204375,0.13244070211743786,0.06622035105871893,0.08079981355984307
10.1038/s41467-019-11875-6,OPRD_RAT,Compound 16,Dissociation,Transducer,HEK-293,Gi2,53.45,6.998,6.308,8.725947709544798,0.0844812994639321,10.1038/s41467-019-11875-6|OPRD_RAT|Dissociation|Transducer|HEK-293|Gi2,2.417947709544798,0.06459499237350874,0.03229749618675437,0.06481893663665576
10.1038/s41467-019-11875-6,OPRD_RAT,Compound 16,Dissociation,Transducer,HEK-293,GoA,48.57,6.344,5.467,8.030368103473037,0.0111497380657668,10.1038/s41467-019-11875-6|OPRD_RAT|Dissociation|Transducer|HEK-293|GoA,2.563368103473038,0.14451797976808978,0.07225898988404489,0.0427104548607581
10.1038/s41467-019-11875-6,OPRD_RAT,Compound 3,Recruitment ,Transducer,HEK-293,Arrestin-3 (β-arrestin-2),10.05,7.24,6.09,8.242166061756508,0.0538952858570178,10.1038/s41467-019-11875-6|OPRD_RAT|Recruitment |Transducer|HEK-293|Arrestin-3 (β-arrestin-2),2.1521660617565086,0.07794562723291554,0.03897281361645777,0.05044990915378674
10.1038/s41467-019-11875-6,OPRD_RAT,Compound 3,Accumulation,Downstream,HEK-293,,73.98,8.105,8.073,9.974114326979375,-0.0636395782103624,10.1038/s41467-019-11875-6|OPRD_RAT|Accumulation|Downstream|HEK-293|nan,1.9011143269793749,-0.053303058432440764,-0.026651529216220382,0.0540099553109767
10.1038/s41467-019-11875-6,OPRD_RAT,Compound 3,Dissociation,Transducer,HEK-293,Gi1,29.16,6.801,5.986,8.265787519645936,-0.1619615542456198,10.1038/s41467-019-11875-6|OPRD_RAT|Dissociation|Transducer|HEK-293|Gi1,2.2797875196459367,-0.13401835275706286,-0.06700917637853143,0.18698969248292543
10.1038/s41467-019-11875-6,OPRD_RAT,Compound 3,Dissociation,Transducer,HEK-293,Gi2,59.63,6.927,6.28,8.702464809345738,0.0889983992648719,10.1038/s41467-019-11875-6|OPRD_RAT|Dissociation|Transducer|HEK-293|Gi2,2.4224648093457377,0.06911209217444858,0.03455604608722429,0.06786750824817431
10.1038/s41467-019-11875-6,OPRD_RAT,Compound 3,Binding/coupling,Downstream,HEK-293,,117.2,6.959,6.337,9.027927611682072,-0.4766301621807134,10.1038/s41467-019-11875-6|OPRD_RAT|Binding/coupling|Downstream|HEK-293|nan,2.6909276116820724,-0.4921439559823342,-0.2460719779911671,0.9999856681478483
10.1038/s41467-019-11875-6,OPRD_RAT,Compound 3,Dissociation,Transducer,HEK-293,GoA,82.58,7.106,6.712,9.022874878538683,-0.2413434868685873,10.1038/s41467-019-11875-6|OPRD_RAT|Dissociation|Transducer|HEK-293|GoA,2.3108748785386837,-0.10797524516626433,-0.05398762258313217,0.6321373653783892
10.1038/s41467-019-11875-6,OPRD_RAT,Compound 5,Recruitment ,Transducer,HEK-293,Arrestin-2 (β-arrestin-1),49.29,5.47,4.995,7.162758818154724,0.0274092341808938,10.1038/s41467-019-11875-6|OPRD_RAT|Recruitment |Transducer|HEK-293|Arrestin-2 (β-arrestin-1),2.1677588181547236,0.01636407100727988,0.00818203550363994,0.04434999174517731
10.1038/s41467-019-11875-6,OPRD_RAT,Compound 5,Recruitment ,Transducer,HEK-293,Arrestin-3 (β-arrestin-2),55.0,5.772,5.44,7.512362689494244,-0.0259080864052467,10.1038/s41467-019-11875-6|OPRD_RAT|Recruitment |Transducer|HEK-293|Arrestin-3 (β-arrestin-2),2.072362689494244,-0.0018577450293491005,-0.0009288725146745502,0.04413739083362481
10.1038/s41467-019-11875-6,OPRD_RAT,Compound 5,Recruitment ,Transducer,HEK-293,Arrestin-3 (β-arrestin-2),65.54,5.743,5.456,7.559506437046357,0.005235661146866,10.1038/s41467-019-11875-6|OPRD_RAT|Recruitment |Transducer|HEK-293|Arrestin-3 (β-arrestin-2),2.1035064370463568,0.0292860025227637,0.01464300126138185,0.042462262409765555
10.1038/s41467-019-11875-6,OPRD_RAT,Compound 5,Recruitment ,Transducer,HEK-293,Arrestin-3 (β-arrestin-2),81.19,6.024,5.818,7.933502541405415,0.017231765505925,10.1038/s41467-019-11875-6|OPRD_RAT|Recruitment |Transducer|HEK-293|Arrestin-3 (β-arrestin-2),2.115502541405416,0.04128210688182277,0.020641053440911383,0.043155999732647325
10.1038/s41467-019-11875-6,OPRD_RAT,Compound 5,Recruitment ,Transducer,HEK-293,Arrestin-3 (β-arrestin-2),82.14,5.729,5.597,7.643554698517634,-0.0517160773818572,10.1038/s41467-019-11875-6|OPRD_RAT|Recruitment |Transducer|HEK-293|Arrestin-3 (β-arrestin-2),2.0465546985176335,-0.027665736005959563,-0.013832868002979781,0.04976182373217365
10.1038/s41467-019-11875-6,OPRD_RAT,Compound 5,Accumulation,Downstream,HEK-293,,99.4,9.376,9.325,11.373386384397312,0.0836324792075755,10.1038/s41467-019-11875-6|OPRD_RAT|Accumulation|Downstream|HEK-293|nan,2.048386384397313,0.09396899898549727,0.04698449949274863,0.06427768584755435
10.1038/s41467-019-11875-6,OPRD_RAT,Compound 5,Dissociation,Transducer,HEK-293,Gi1,132.7,5.611,5.707,7.733870922864435,-0.4148781510271213,10.1038/s41467-019-11875-6|OPRD_RAT|Dissociation|Transducer|HEK-293|Gi1,2.0268709228644353,-0.38693494953856433,-0.19346747476928217,0.9995450170802673
10.1038/s41467-019-11875-6,OPRD_RAT,Compound 5,Dissociation,Transducer,HEK-293,Gi2,94.71,5.895,5.691,7.871395836611879,-0.1530705734689865,10.1038/s41467-019-11875-6|OPRD_RAT|Dissociation|Transducer|HEK-293|Gi2,2.180395836611879,-0.17295688055940994,-0.08647844027970497,0.16169954833516886
10.1038/s41467-019-11875-6,OPRD_RAT,Compound 5,Binding/coupling,Downstream,HEK-293,,193.5,6.607,6.031,8.89368096935493,-0.3048768045078551,10.1038/s41467-019-11875-6|OPRD_RAT|Binding/coupling|Downstream|HEK-293|nan,2.8626809693549307,-0.3203905983094759,-0.16019529915473796,0.9382741522092017
10.1038/s41467-019-11875-6,OPRD_RAT,Compound 5,Dissociation,Transducer,HEK-293,GoA,120.0,6.021,6.221,8.100181246047624,-0.6730371193596469,10.1038/s41467-019-11875-6|OPRD_RAT|Dissociation|Transducer|HEK-293|GoA,1.879181246047624,-0.539668877657324,-0.269834438828662,0.9999999999900874
10.1038/s41467-019-11875-6,OPRD_RAT,Compound 6,Accumulation,Downstream,HEK-293,,100.7,6.785,6.773,8.788029470553617,0.0502755653638802,10.1038/s41467-019-11875-6|OPRD_RAT|Accumulation|Downstream|HEK-293|nan,2.0150294705536176,0.06061208514180194,0.03030604257090097,0.049327231535233176
10.1038/s41467-019-11875-6,OPRD_RAT,Compound 6,Dissociation,Transducer,HEK-293,Gi2,46.3,6.267,5.416,7.932580991017954,0.1831145809370875,10.1038/s41467-019-11875-6|OPRD_RAT|Dissociation|Transducer|HEK-293|Gi2,2.5165809910179533,0.16322827384666416,0.08161413692333208,0.2667518741934202
10.1038/s41467-019-11875-6,OPRD_RAT,Compound 6,Binding/coupling,Downstream,HEK-293,,108.7,5.147,3.808,7.183229544086295,0.2076717702235093,10.1038/s41467-019-11875-6|OPRD_RAT|Binding/coupling|Downstream|HEK-293|nan,3.375229544086295,0.1921579764218886,0.0960789882109443,0.39931097420839895
10.1038/s41467-019-11875-6,OPRD_RAT,Compound 6,Dissociation,Transducer,HEK-293,GoA,40.18,5.529,4.4,7.133009932412231,0.1807915670049591,10.1038/s41467-019-11875-6|OPRD_RAT|Dissociation|Transducer|HEK-293|GoA,2.733009932412231,0.314159808707283,0.1570799043536415,0.2564946863273275
10.1038/s41467-019-11875-6,OPRD_RAT,Compound 7,Recruitment ,Transducer,HEK-293,Arrestin-2 (β-arrestin-1),18.74,4.478,3.495,5.750769586551759,0.1154200025779292,10.1038/s41467-019-11875-6|OPRD_RAT|Recruitment |Transducer|HEK-293|Arrestin-2 (β-arrestin-1),2.255769586551759,0.10437483940431536,0.05218741970215768,0.09273906693335718
10.1038/s41467-019-11875-6,OPRD_RAT,Compound 7,Recruitment ,Transducer,HEK-293,Arrestin-3 (β-arrestin-2),26.79,4.836,5.322,6.263972713608209,-1.156298062291282,10.1038/s41467-019-11875-6|OPRD_RAT|Recruitment |Transducer|HEK-293|Arrestin-3 (β-arrestin-2),0.9419727136082088,-1.1322477209153843,-0.5661238604576921,1.0
10.1038/s41467-019-11875-6,OPRD_RAT,Compound 7,Recruitment ,Transducer,HEK-293,Arrestin-3 (β-arrestin-2),54.2,4.345,3.914,6.078999286538386,0.0667285106388955,10.1038/s41467-019-11875-6|OPRD_RAT|Recruitment |Transducer|HEK-293|Arrestin-3 (β-arrestin-2),2.1649992865383862,0.09077885201479319,0.045389426007396594,0.05531708836037326
10.1038/s41467-019-11875-6,OPRD_RAT,Compound 7,Recruitment ,Transducer,HEK-293,Arrestin-3 (β-arrestin-2),58.31,4.608,4.217,6.373743041421044,0.0584722655215532,10.1038/s41467-019-11875-6|OPRD_RAT|Recruitment |Transducer|HEK-293|Arrestin-3 (β-arrestin-2),2.156743041421044,0.08252260689745095,0.04126130344872547,0.05202023302548428
10.1038/s41467-019-11875-6,OPRD_RAT,Compound 7,Recruitment ,Transducer,HEK-293,Arrestin-3 (β-arrestin-2),55.14,4.271,3.921,6.012466761769755,-0.0068040141297358,10.1038/s41467-019-11875-6|OPRD_RAT|Recruitment |Transducer|HEK-293|Arrestin-3 (β-arrestin-2),2.091466761769755,0.01724632724616182,0.00862316362308091,0.042510515924589015
10.1038/s41467-019-11875-6,OPRD_RAT,Compound 7,Accumulation,Downstream,HEK-293,,117.7,5.225,5.608,7.295776462843435,-0.2769774423463023,10.1038/s41467-019-11875-6|OPRD_RAT|Accumulation|Downstream|HEK-293|nan,1.687776462843435,-0.26664092256838057,-0.13332046128419028,0.8457451476567607
10.1038/s41467-019-11875-6,OPRD_RAT,Compound 7,Dissociation,Transducer,HEK-293,Gi1,111.0,4.741,4.504,6.786322978786657,-0.1594260951048989,10.1038/s41467-019-11875-6|OPRD_RAT|Dissociation|Transducer|HEK-293|Gi1,2.2823229787866577,-0.1314828936163419,-0.06574144680817096,0.1793323394751318
10.1038/s41467-019-11875-6,OPRD_RAT,Compound 7,Dissociation,Transducer,HEK-293,Gi2,105.8,5.324,5.429,7.348485667699167,-0.4139807423816988,10.1038/s41467-019-11875-6|OPRD_RAT|Dissociation|Transducer|HEK-293|Gi2,1.919485667699167,-0.4338670494721222,-0.2169335247360611,0.9995232640318586
10.1038/s41467-019-11875-6,OPRD_RAT,Compound 7,Binding/coupling,Downstream,HEK-293,,284.6,5.095,4.428,7.549234895748265,-0.0463228781145206,10.1038/s41467-019-11875-6|OPRD_RAT|Binding/coupling|Downstream|HEK-293|nan,3.121234895748265,-0.061836671916141395,-0.030918335958070697,0.04821456209210214
10.1038/s41467-019-11875-6,OPRD_RAT,Compound 7,Dissociation,Transducer,HEK-293,GoA,111.7,4.98,5.046,7.028053173115609,-0.5701651922916624,10.1038/s41467-019-11875-6|OPRD_RAT|Dissociation|Transducer|HEK-293|GoA,1.9820531731156086,-0.4367969505893394,-0.2183984752946697,0.9999999694386584
10.1038/s41467-019-11875-6,OPRD_RAT,Compound 8,Recruitment ,Transducer,HEK-293,Arrestin-2 (β-arrestin-1),75.36,6.653,6.452,8.530140889784821,-0.0622086941890085,10.1038/s41467-019-11875-6|OPRD_RAT|Recruitment |Transducer|HEK-293|Arrestin-2 (β-arrestin-1),2.0781408897848213,-0.07325385736262247,-0.03662692868131123,0.05343491586666665
10.1038/s41467-019-11875-6,OPRD_RAT,Compound 8,Recruitment ,Transducer,HEK-293,Arrestin-3 (β-arrestin-2),88.38,6.789,6.674,8.735353997226275,-0.0369167786732163,10.1038/s41467-019-11875-6|OPRD_RAT|Recruitment |Transducer|HEK-293|Arrestin-3 (β-arrestin-2),2.0613539972262744,-0.012866437297318623,-0.006433218648659311,0.046007052108197326
10.1038/s41467-019-11875-6,OPRD_RAT,Compound 8,Recruitment ,Transducer,HEK-293,Arrestin-3 (β-arrestin-2),95.13,6.844,6.773,8.822317496746752,-0.0489532791527382,10.1038/s41467-019-11875-6|OPRD_RAT|Recruitment |Transducer|HEK-293|Arrestin-3 (β-arrestin-2),2.0493174967467525,-0.024902937776840606,-0.012451468888420303,0.04894215754761596
10.1038/s41467-019-11875-6,OPRD_RAT,Compound 8,Recruitment ,Transducer,HEK-293,Arrestin-3 (β-arrestin-2),93.48,7.424,7.362,9.394718703720187,-0.0655520721793019,10.1038/s41467-019-11875-6|OPRD_RAT|Recruitment |Transducer|HEK-293|Arrestin-3 (β-arrestin-2),2.032718703720187,-0.04150173080340602,-0.02075086540170301,0.054808461748585835
10.1038/s41467-019-11875-6,OPRD_RAT,Compound 8,Recruitment ,Transducer,HEK-293,Arrestin-3 (β-arrestin-2),85.56,7.203,7.037,9.13527077589949,0.0,10.1038/s41467-019-11875-6|OPRD_RAT|Recruitment |Transducer|HEK-293|Arrestin-3 (β-arrestin-2),2.0982707758994907,0.024050341375897677,0.012025170687948838,0.04239230469906874
10.1038/s41467-019-11875-6,OPRD_RAT,Compound 8,Accumulation,Downstream,HEK-293,,104.2,8.901,8.852,10.918867718963504,0.1021138137737667,10.1038/s41467-019-11875-6|OPRD_RAT|Accumulation|Downstream|HEK-293|nan,2.066867718963504,0.11245033355168843,0.056225166775844215,0.07853167738388606
10.1038/s41467-019-11875-6,OPRD_RAT,Compound 8,Dissociation,Transducer,HEK-293,Gi1,104.9,7.478,7.233,9.49877548819356,-0.1759735856979976,10.1038/s41467-019-11875-6|OPRD_RAT|Dissociation|Transducer|HEK-293|Gi1,2.265775488193561,-0.14803038420943881,-0.07401519210471941,0.23644979918045334
10.1038/s41467-019-11875-6,OPRD_RAT,Compound 8,Dissociation,Transducer,HEK-293,Gi2,95.01,8.458,8.26,10.435769318091577,-0.1576970919892906,10.1038/s41467-019-11875-6|OPRD_RAT|Dissociation|Transducer|HEK-293|Gi2,2.175769318091577,-0.1775833990797122,-0.0887916995398561,0.17431916854987645
10.1038/s41467-019-11875-6,OPRD_RAT,Compound 8,Binding/coupling,Downstream,HEK-293,,172.6,8.182,7.335,10.419040791379192,-0.0835169824835935,10.1038/s41467-019-11875-6|OPRD_RAT|Binding/coupling|Downstream|HEK-293|nan,3.0840407913791923,-0.09903077628521428,-0.04951538814260714,0.06420478576406427
10.1038/s41467-019-11875-6,OPRD_RAT,Compound 8,Dissociation,Transducer,HEK-293,GoA,85.83,7.779,7.59,9.712639112524926,-0.4295792528823452,10.1038/s41467-019-11875-6|OPRD_RAT|Dissociation|Transducer|HEK-293|GoA,2.1226391125249258,-0.29621101118002224,-0.14810550559001112,0.9997913474731583
10.1038/s41467-019-11875-6,OPRD_RAT,Compound 9,Recruitment ,Transducer,HEK-293,Arrestin-3 (β-arrestin-2),8.84,6.594,5.297,7.540452265013073,0.1451814891135825,10.1038/s41467-019-11875-6|OPRD_RAT|Recruitment |Transducer|HEK-293|Arrestin-3 (β-arrestin-2),2.2434522650130733,0.1692318304894802,0.0846159152447401,0.1426514348825035
10.1038/s41467-019-11875-6,OPRD_RAT,Compound 9,Recruitment ,Transducer,HEK-293,Arrestin-3 (β-arrestin-2),14.35,6.679,5.666,7.835851901070011,0.0715811251705202,10.1038/s41467-019-11875-6|OPRD_RAT|Recruitment |Transducer|HEK-293|Arrestin-3 (β-arrestin-2),2.169851901070011,0.09563146654641796,0.04781573327320898,0.05756201997733804
10.1038/s41467-019-11875-6,OPRD_RAT,Compound 9,Recruitment ,Transducer,HEK-293,Arrestin-3 (β-arrestin-2),10.83,6.609,5.429,7.64362845662532,0.1163576807258293,10.1038/s41467-019-11875-6|OPRD_RAT|Recruitment |Transducer|HEK-293|Arrestin-3 (β-arrestin-2),2.21462845662532,0.14040802210172698,0.07020401105086349,0.09389414304656142
10.1038/s41467-019-11875-6,OPRD_RAT,Compound 9,Accumulation,Downstream,HEK-293,,79.38,8.632,8.456,10.531711094571143,0.1109571893814065,10.1038/s41467-019-11875-6|OPRD_RAT|Accumulation|Downstream|HEK-293|nan,2.075711094571144,0.12129370915932824,0.06064685457966412,0.08753565981170261
10.1038/s41467-019-11875-6,OPRD_RAT,Compound 9,Dissociation,Transducer,HEK-293,Gi1,55.42,5.841,5.114,7.584666521446213,0.0289174475546563,10.1038/s41467-019-11875-6|OPRD_RAT|Dissociation|Transducer|HEK-293|Gi1,2.470666521446213,0.05686064904321331,0.028430324521606654,0.04457671771088355
10.1038/s41467-019-11875-6,OPRD_RAT,Compound 9,Dissociation,Transducer,HEK-293,Gi2,61.98,7.185,6.675,8.977251571903263,-0.0312148381776022,10.1038/s41467-019-11875-6|OPRD_RAT|Dissociation|Transducer|HEK-293|Gi2,2.3022515719032635,-0.05110114526802567,-0.025550572634012836,0.044947773452682055
10.1038/s41467-019-11875-6,OPRD_RAT,Compound 9,Binding/coupling,Downstream,HEK-293,,110.4,6.73,5.523,8.772969073393181,0.0824112995303956,10.1038/s41467-019-11875-6|OPRD_RAT|Binding/coupling|Downstream|HEK-293|nan,3.2499690733931814,0.06689750572877484,0.03344875286438742,0.0635158251911394
10.1038/s41467-019-11875-6,OPRD_RAT,Compound 9,Dissociation,Transducer,HEK-293,GoA,43.86,6.876,5.977,8.518068627341504,-0.0111497380657668,10.1038/s41467-019-11875-6|OPRD_RAT|Dissociation|Transducer|HEK-293|GoA,2.541068627341504,0.12221850363655617,0.06110925181827809,0.0427104548607581
10.1038/s41467-019-11875-6,OPRD_RAT,Fentanyl,Recruitment ,Transducer,HEK-293,Arrestin-3 (β-arrestin-2),9.069,4.999,3.693,5.956559401897479,0.1652886259979884,10.1038/s41467-019-11875-6|OPRD_RAT|Recruitment |Transducer|HEK-293|Arrestin-3 (β-arrestin-2),2.263559401897479,0.1893389673738861,0.09466948368694306,0.19761048212840798
10.1038/s41467-019-11875-6,OPRD_RAT,Fentanyl,Recruitment ,Transducer,HEK-293,Arrestin-3 (β-arrestin-2),17.95,4.798,3.932,6.052064452914338,0.021793677014847,10.1038/s41467-019-11875-6|OPRD_RAT|Recruitment |Transducer|HEK-293|Arrestin-3 (β-arrestin-2),2.1200644529143378,0.0458440183907447,0.02292200919537235,0.04362016496188216
10.1038/s41467-019-11875-6,OPRD_RAT,Fentanyl,Recruitment ,Transducer,HEK-293,Arrestin-3 (β-arrestin-2),12.83,4.904,3.827,6.012226656374929,0.086955880475438,10.1038/s41467-019-11875-6|OPRD_RAT|Recruitment |Transducer|HEK-293|Arrestin-3 (β-arrestin-2),2.1852266563749287,0.11100622185133568,0.05550311092566784,0.06645319210992644
10.1038/s41467-019-11875-6,OPRD_RAT,Fentanyl,Dissociation,Transducer,HEK-293,Gi1,19.52,4.651,3.338,5.941479813330673,0.1617307394391165,10.1038/s41467-019-11875-6|OPRD_RAT|Dissociation|Transducer|HEK-293|Gi1,2.603479813330673,0.18967394092767353,0.09483697046383677,0.18627725451520577
10.1038/s41467-019-11875-6,OPRD_RAT,Fentanyl,Dissociation,Transducer,HEK-293,Gi2,55.46,5.655,4.973,7.398979865241843,0.0925134551609776,10.1038/s41467-019-11875-6|OPRD_RAT|Dissociation|Transducer|HEK-293|Gi2,2.4259798652418434,0.07262714807055426,0.03631357403527713,0.07044727726367066
10.1038/s41467-019-11875-6,OPRD_RAT,Fentanyl,Binding/coupling,Downstream,HEK-293,,76.89,4.891,3.361,6.776869860903906,0.2483120870411199,10.1038/s41467-019-11875-6|OPRD_RAT|Binding/coupling|Downstream|HEK-293|nan,3.4158698609039058,0.2327982932394992,0.1163991466197496,0.6804284322397095
10.1038/s41467-019-11875-6,OPRD_RAT,Fentanyl,Dissociation,Transducer,HEK-293,GoA,34.81,5.263,4.07,6.804704023284288,0.1824856578770171,10.1038/s41467-019-11875-6|OPRD_RAT|Dissociation|Transducer|HEK-293|GoA,2.734704023284288,0.31585389957934007,0.15792694978967003,0.26393628124596036
10.1038/s41467-019-11875-6,OPRD_RAT,Loperamide,Recruitment ,Transducer,HEK-293,Arrestin-2 (β-arrestin-1),46.63,4.546,3.96,6.214665415454492,0.1143158314806624,10.1038/s41467-019-11875-6|OPRD_RAT|Recruitment |Transducer|HEK-293|Arrestin-2 (β-arrestin-1),2.2546654154544923,0.10327066830704856,0.05163533415352428,0.09140702687126066
10.1038/s41467-019-11875-6,OPRD_RAT,Loperamide,Recruitment ,Transducer,HEK-293,Arrestin-3 (β-arrestin-2),58.62,4.475,4.104,6.243045814102416,0.0407750382029252,10.1038/s41467-019-11875-6|OPRD_RAT|Recruitment |Transducer|HEK-293|Arrestin-3 (β-arrestin-2),2.139045814102416,0.06482537957882295,0.032412689789411475,0.04684059415964765
10.1038/s41467-019-11875-6,OPRD_RAT,Loperamide,Recruitment ,Transducer,HEK-293,Arrestin-3 (β-arrestin-2),95.37,4.363,4.295,6.342411782634436,-0.0508589932650549,10.1038/s41467-019-11875-6|OPRD_RAT|Recruitment |Transducer|HEK-293|Arrestin-3 (β-arrestin-2),2.047411782634436,-0.026808651889157264,-0.013404325944578632,0.049501334338553665
10.1038/s41467-019-11875-6,OPRD_RAT,Loperamide,Recruitment ,Transducer,HEK-293,Arrestin-3 (β-arrestin-2),83.51,4.829,4.614,6.750738483684598,0.0384677077851076,10.1038/s41467-019-11875-6|OPRD_RAT|Recruitment |Transducer|HEK-293|Arrestin-3 (β-arrestin-2),2.1367384836845984,0.06251804916100534,0.03125902458050267,0.04633047267936225
10.1038/s41467-019-11875-6,OPRD_RAT,Loperamide,Recruitment ,Transducer,HEK-293,Arrestin-3 (β-arrestin-2),93.47,4.542,4.482,6.512672242689719,-0.0675985332097717,10.1038/s41467-019-11875-6|OPRD_RAT|Recruitment |Transducer|HEK-293|Arrestin-3 (β-arrestin-2),2.030672242689719,-0.04354819183387404,-0.02177409591693702,0.0557019752410081
10.1038/s41467-019-11875-6,OPRD_RAT,Loperamide,Accumulation,Downstream,HEK-293,,73.36,6.101,5.901,7.966459322661965,0.1007054174722279,10.1038/s41467-019-11875-6|OPRD_RAT|Accumulation|Downstream|HEK-293|nan,2.0654593226619653,0.11104193725014966,0.05552096862507483,0.07724297897044188
10.1038/s41467-019-11875-6,OPRD_RAT,Loperamide,Dissociation,Transducer,HEK-293,Gi1,106.6,5.049,4.784,7.076757204690554,-0.1489918692010023,10.1038/s41467-019-11875-6|OPRD_RAT|Dissociation|Transducer|HEK-293|Gi1,2.292757204690554,-0.12104866771244538,-0.06052433385622269,0.1514815065637498
10.1038/s41467-019-11875-6,OPRD_RAT,Loperamide,Dissociation,Transducer,HEK-293,Gi2,97.02,5.416,5.24,7.402861270290045,-0.1706051397908208,10.1038/s41467-019-11875-6|OPRD_RAT|Dissociation|Transducer|HEK-293|Gi2,2.162861270290045,-0.1904914468812442,-0.0952457234406221,0.21600193916282595
10.1038/s41467-019-11875-6,OPRD_RAT,Loperamide,Binding/coupling,Downstream,HEK-293,,428.6,5.231,5.019,7.86305216670581,-0.3235056071569762,10.1038/s41467-019-11875-6|OPRD_RAT|Binding/coupling|Downstream|HEK-293|nan,2.8440521667058096,-0.33901940095859695,-0.16950970047929848,0.9694295313030523
10.1038/s41467-019-11875-6,OPRD_RAT,Loperamide,Dissociation,Transducer,HEK-293,GoA,87.37,5.51,5.22,7.451362335711761,-0.3208560296955096,10.1038/s41467-019-11875-6|OPRD_RAT|Dissociation|Transducer|HEK-293|GoA,2.2313623357117613,-0.18748778799318666,-0.09374389399659333,0.9660860709781816
10.1038/s41467-019-11875-6,OPRD_RAT,Met-enkephalin,Recruitment ,Transducer,HEK-293,Arrestin-2 (β-arrestin-1),103.5,6.387,6.289,8.401940349792936,-0.0274092341808938,10.1038/s41467-019-11875-6|OPRD_RAT|Recruitment |Transducer|HEK-293|Arrestin-2 (β-arrestin-1),2.112940349792936,-0.03845439735450773,-0.019227198677253865,0.04434999174517731
10.1038/s41467-019-11875-6,OPRD_RAT,Met-enkephalin,Recruitment ,Transducer,HEK-293,Arrestin-3 (β-arrestin-2),98.44,6.567,6.575,8.560171605030765,-0.1130991708687254,10.1038/s41467-019-11875-6|OPRD_RAT|Recruitment |Transducer|HEK-293|Arrestin-3 (β-arrestin-2),1.9851716050307653,-0.08904882949282777,-0.04452441474641389,0.08997375355944805
10.1038/s41467-019-11875-6,OPRD_RAT,Met-enkephalin,Recruitment ,Transducer,HEK-293,Arrestin-3 (β-arrestin-2),98.58,6.657,6.67,8.650788813818705,-0.1174819620807854,10.1038/s41467-019-11875-6|OPRD_RAT|Recruitment |Transducer|HEK-293|Arrestin-3 (β-arrestin-2),1.9807888138187053,-0.09343162070488775,-0.046715810352443876,0.09530862942581626
10.1038/s41467-019-11875-6,OPRD_RAT,Met-enkephalin,Recruitment ,Transducer,HEK-293,Arrestin-3 (β-arrestin-2),99.52,6.857,7.025,8.854910367346744,-0.2683604085527475,10.1038/s41467-019-11875-6|OPRD_RAT|Recruitment |Transducer|HEK-293|Arrestin-3 (β-arrestin-2),1.8299103673467432,-0.2443100671768499,-0.12215503358842494,0.8032012541121005
10.1038/s41467-019-11875-6,OPRD_RAT,Met-enkephalin,Recruitment ,Transducer,HEK-293,Arrestin-3 (β-arrestin-2),99.89,6.741,6.825,8.740522013128903,-0.1827487627705881,10.1038/s41467-019-11875-6|OPRD_RAT|Recruitment |Transducer|HEK-293|Arrestin-3 (β-arrestin-2),1.9155220131289026,-0.15869842139469048,-0.07934921069734524,0.26511066149479373
10.1038/s41467-019-11875-6,OPRD_RAT,Met-enkephalin,Accumulation,Downstream,HEK-293,,96.16,9.363,9.404,11.345994454658664,-0.0227594505310735,10.1038/s41467-019-11875-6|OPRD_RAT|Accumulation|Downstream|HEK-293|nan,1.9419944546586638,-0.012422930753151817,-0.006211465376575909,0.043733062019086534
10.1038/s41467-019-11875-6,OPRD_RAT,Met-enkephalin,Dissociation,Transducer,HEK-293,Gi1,102.5,6.086,5.858,8.096723865391773,-0.203025208499783,10.1038/s41467-019-11875-6|OPRD_RAT|Dissociation|Transducer|HEK-293|Gi1,2.2387238653917736,-0.175082007011226,-0.087541003505613,0.3709340214143013
10.1038/s41467-019-11875-6,OPRD_RAT,Met-enkephalin,Dissociation,Transducer,HEK-293,Gi2,117.7,6.554,6.552,8.624776462843435,-0.26068994723743,10.1038/s41467-019-11875-6|OPRD_RAT|Dissociation|Transducer|HEK-293|Gi2,2.0727764628434358,-0.2805762543278534,-0.1402881271639267,0.7597865145320346
10.1038/s41467-019-11875-6,OPRD_RAT,Met-enkephalin,Binding/coupling,Downstream,HEK-293,,93.42,6.11,4.967,8.080439862951764,-0.0541179109110219,10.1038/s41467-019-11875-6|OPRD_RAT|Binding/coupling|Downstream|HEK-293|nan,3.113439862951764,-0.06963170471264268,-0.03481585235632134,0.0505223193432556
10.1038/s41467-019-11875-6,OPRD_RAT,Met-enkephalin,Dissociation,Transducer,HEK-293,GoA,98.46,6.513,6.442,8.506259831436736,-0.4879585339705348,10.1038/s41467-019-11875-6|OPRD_RAT|Dissociation|Transducer|HEK-293|GoA,2.064259831436736,-0.3545902922682118,-0.1772951461341059,0.9999927856007259
10.1038/s41467-019-11875-6,OPRD_RAT,Morphine,Recruitment ,Transducer,HEK-293,Arrestin-3 (β-arrestin-2),7.51,5.582,4.244,6.457639937004168,0.1153691611046774,10.1038/s41467-019-11875-6|OPRD_RAT|Recruitment |Transducer|HEK-293|Arrestin-3 (β-arrestin-2),2.213639937004168,0.1394195024805751,0.06970975124028755,0.09267706949620495
10.1038/s41467-019-11875-6,OPRD_RAT,Morphine,Recruitment ,Transducer,HEK-293,Arrestin-3 (β-arrestin-2),17.23,5.413,4.528,6.649285277448029,0.0230145015485385,10.1038/s41467-019-11875-6|OPRD_RAT|Recruitment |Transducer|HEK-293|Arrestin-3 (β-arrestin-2),2.1212852774480293,0.047064842924436245,0.023532421462218123,0.04376374202601084
10.1038/s41467-019-11875-6,OPRD_RAT,Morphine,Recruitment ,Transducer,HEK-293,Arrestin-3 (β-arrestin-2),12.85,5.183,4.202,6.291903127667313,-0.0083676482321779,10.1038/s41467-019-11875-6|OPRD_RAT|Recruitment |Transducer|HEK-293|Arrestin-3 (β-arrestin-2),2.089903127667313,0.015682693143719728,0.007841346571859864,0.04257121337140818
10.1038/s41467-019-11875-6,OPRD_RAT,Morphine,Accumulation,Downstream,HEK-293,,83.74,6.762,6.682,8.684932956555212,0.038179051365474,10.1038/s41467-019-11875-6|OPRD_RAT|Accumulation|Downstream|HEK-293|nan,2.0029329565552114,0.048515571143395775,0.024257785571697887,0.04626910474923633
10.1038/s41467-019-11875-6,OPRD_RAT,Morphine,Dissociation,Transducer,HEK-293,Gi1,54.67,5.109,4.405,6.846749073891557,0.0,10.1038/s41467-019-11875-6|OPRD_RAT|Dissociation|Transducer|HEK-293|Gi1,2.4417490738915566,0.027943201488557,0.0139716007442785,0.04239230469906874
10.1038/s41467-019-11875-6,OPRD_RAT,Morphine,Dissociation,Transducer,HEK-293,Gi2,92.39,5.573,5.311,7.538624967109243,-0.1058414429716227,10.1038/s41467-019-11875-6|OPRD_RAT|Dissociation|Transducer|HEK-293|Gi2,2.227624967109243,-0.12572775006204617,-0.06286387503102309,0.08212852243470317
10.1038/s41467-019-11875-6,OPRD_RAT,Morphine,Binding/coupling,Downstream,HEK-293,,175.5,5.669,4.79,7.913277120801842,-0.0442806530609436,10.1038/s41467-019-11875-6|OPRD_RAT|Binding/coupling|Downstream|HEK-293|nan,3.123277120801842,-0.05979444686256441,-0.029897223431282205,0.04768396827637209
10.1038/s41467-019-11875-6,OPRD_RAT,Morphine,Dissociation,Transducer,HEK-293,GoA,78.72,5.49,5.142,7.386085085423286,-0.3081332799839855,10.1038/s41467-019-11875-6|OPRD_RAT|Dissociation|Transducer|HEK-293|GoA,2.2440850854232854,-0.17476503828166257,-0.08738251914083128,0.9451497968618034
10.1038/s41467-019-11875-6,OPRD_RAT,Nalfurafine (Compound 4),Recruitment ,Transducer,HEK-293,Arrestin-3 (β-arrestin-2),5.724,6.026,4.655,6.783699625087738,0.0304288491882473,10.1038/s41467-019-11875-6|OPRD_RAT|Recruitment |Transducer|HEK-293|Arrestin-3 (β-arrestin-2),2.128699625087738,0.054479190564145075,0.027239595282072537,0.04481730226931697
10.1038/s41467-019-11875-6,OPRD_RAT,Nalfurafine (Compound 4),Accumulation,Downstream,HEK-293,,102.0,7.619,7.56,9.627600171761918,0.1028462665721807,10.1038/s41467-019-11875-6|OPRD_RAT|Accumulation|Downstream|HEK-293|nan,2.067600171761918,0.11318278635010248,0.05659139317505124,0.07921681242411462
10.1038/s41467-019-11875-6,OPRD_RAT,Nalfurafine (Compound 4),Dissociation,Transducer,HEK-293,Gi2,52.28,6.188,5.155,7.906335578908506,0.4178691688276403,10.1038/s41467-019-11875-6|OPRD_RAT|Dissociation|Transducer|HEK-293|Gi2,2.751335578908506,0.397982861737217,0.1989914308686085,0.9996108891979553
10.1038/s41467-019-11875-6,OPRD_RAT,Nalfurafine (Compound 4),Binding/coupling,Downstream,HEK-293,,80.57,6.275,4.624,8.18117336364405,0.3896155897812638,10.1038/s41467-019-11875-6|OPRD_RAT|Binding/coupling|Downstream|HEK-293|nan,3.5571733636440497,0.3741017959796431,0.18705089798982155,0.9983709604977974
10.1038/s41467-019-11875-6,OPRD_RAT,Nalfurafine (Compound 4),Dissociation,Transducer,HEK-293,GoA,28.4,6.171,4.908,7.624318340047038,0.1640999746397669,10.1038/s41467-019-11875-6|OPRD_RAT|Dissociation|Transducer|HEK-293|GoA,2.716318340047038,0.29746821634208986,0.14873410817104493,0.1937397400947178
10.1038/s41467-019-11875-6,OPRD_RAT,Oxycodone,Recruitment ,Transducer,HEK-293,Arrestin-3 (β-arrestin-2),17.51,4.48,3.497,5.723286146083447,0.1280153701839559,10.1038/s41467-019-11875-6|OPRD_RAT|Recruitment |Transducer|HEK-293|Arrestin-3 (β-arrestin-2),2.2262861460834475,0.1520657115598545,0.07603285577992724,0.11026529261248137
10.1038/s41467-019-11875-6,OPRD_RAT,Oxycodone,Recruitment ,Transducer,HEK-293,Arrestin-3 (β-arrestin-2),14.66,4.158,3.305,5.32413397030511,-0.079136805594381,10.1038/s41467-019-11875-6|OPRD_RAT|Recruitment |Transducer|HEK-293|Arrestin-3 (β-arrestin-2),2.0191339703051097,-0.0550864642184834,-0.0275432321092417,0.061567726783578226
10.1038/s41467-019-11875-6,OPRD_RAT,Oxycodone,Accumulation,Downstream,HEK-293,,130.5,5.887,6.085,8.002610511674298,-0.047143393515439,10.1038/s41467-019-11875-6|OPRD_RAT|Accumulation|Downstream|HEK-293|nan,1.9176105116742983,-0.03680687373751734,-0.01840343686875867,0.04843611628838551
10.1038/s41467-019-11875-6,OPRD_RAT,Oxycodone,Dissociation,Transducer,HEK-293,Gi1,25.8,4.4,2.981,5.81161970596323,0.3888706320716739,10.1038/s41467-019-11875-6|OPRD_RAT|Dissociation|Transducer|HEK-293|Gi1,2.8306197059632305,0.41681383356023094,0.20840691678011547,0.9983106226021623
10.1038/s41467-019-11875-6,OPRD_RAT,Oxycodone,Dissociation,Transducer,HEK-293,Gi2,74.04,4.874,4.41,6.743466410080866,0.0,10.1038/s41467-019-11875-6|OPRD_RAT|Dissociation|Transducer|HEK-293|Gi2,2.3334664100808657,-0.019886307090423383,-0.009943153545211691,0.04239230469906874
10.1038/s41467-019-11875-6,OPRD_RAT,Oxycodone,Binding/coupling,Downstream,HEK-293,,111.3,4.568,3.292,6.614495164334707,0.1549373904719218,10.1038/s41467-019-11875-6|OPRD_RAT|Binding/coupling|Downstream|HEK-293|nan,3.3224951643347076,0.13942359667030102,0.06971179833515051,0.16665564130986366
10.1038/s41467-019-11875-6,OPRD_RAT,Oxycodone,Dissociation,Transducer,HEK-293,GoA,59.51,4.591,3.801,6.365589950264795,0.0123715848575236,10.1038/s41467-019-11875-6|OPRD_RAT|Dissociation|Transducer|HEK-293|GoA,2.5645899502647946,0.14573982655984663,0.07286991327992332,0.04278432862077124
10.1038/s41467-019-11875-6,OPRM_HUMAN,Buprenorphine,Recruitment ,Transducer,HEK-293,Arrestin-3 (β-arrestin-2),15.86,4.643,3.995,5.843303182981584,-0.1155471370350804,10.1038/s41467-019-11875-6|OPRM_HUMAN|Recruitment |Transducer|HEK-293|Arrestin-3 (β-arrestin-2),1.8483031829815841,-0.09246040044686232,-0.04623020022343116,0.09289438081667722
10.1038/s41467-019-11875-6,OPRM_HUMAN,Buprenorphine,Recruitment ,Transducer,HEK-293,Arrestin-3 (β-arrestin-2),14.99,4.709,4.286,5.884801632848279,-0.3650486871683851,10.1038/s41467-019-11875-6|OPRM_HUMAN|Recruitment |Transducer|HEK-293|Arrestin-3 (β-arrestin-2),1.5988016328482795,-0.341961950580167,-0.1709809752900835,0.994798153385389
10.1038/s41467-019-11875-6,OPRM_HUMAN,Buprenorphine,Recruitment ,Transducer,HEK-293,Arrestin-3 (β-arrestin-2),7.405,4.555,3.699,5.424525062857227,-0.2383252571594374,10.1038/s41467-019-11875-6|OPRM_HUMAN|Recruitment |Transducer|HEK-293|Arrestin-3 (β-arrestin-2),1.7255250628572272,-0.21523852057121928,-0.10761926028560964,0.6107471982789338
10.1038/s41467-019-11875-6,OPRM_HUMAN,Buprenorphine,Accumulation,Downstream,HEK-293,,88.35,9.248,9.157,11.194206553842784,0.0,10.1038/s41467-019-11875-6|OPRM_HUMAN|Accumulation|Downstream|HEK-293|nan,2.0372065538427844,0.008548191007446082,0.004274095503723041,0.04239230469906874
10.1038/s41467-019-11875-6,OPRM_HUMAN,Buprenorphine,Dissociation,Transducer,HEK-293,Gi1,40.91,8.252,7.356,9.863829479498374,0.2710738573897506,10.1038/s41467-019-11875-6|OPRM_HUMAN|Dissociation|Transducer|HEK-293|Gi1,2.5078294794983744,0.2170585047611322,0.1085292523805661,0.8173312900690829
10.1038/s41467-019-11875-6,OPRM_HUMAN,Buprenorphine,Dissociation,Transducer,HEK-293,Gi2,58.86,8.212,7.881,9.981820257763593,-0.0318860511412593,10.1038/s41467-019-11875-6|OPRM_HUMAN|Dissociation|Transducer|HEK-293|Gi2,2.1008202577635924,-0.02376614600791349,-0.011883073003956746,0.045062122515413486
10.1038/s41467-019-11875-6,OPRM_HUMAN,Buprenorphine,Binding/coupling,Downstream,HEK-293,,60.85,8.371,7.404,10.155260582566084,0.2825367171743114,10.1038/s41467-019-11875-6|OPRM_HUMAN|Binding/coupling|Downstream|HEK-293|nan,2.7512605825660845,0.3099841675321837,0.15499208376609186,0.869551957961609
10.1038/s41467-019-11875-6,OPRM_HUMAN,Buprenorphine,Dissociation,Transducer,HEK-293,GoA,79.93,8.577,8.264,10.479709812969878,0.0423843785798077,10.1038/s41467-019-11875-6|OPRM_HUMAN|Dissociation|Transducer|HEK-293|GoA,2.2157098129698785,0.03613052016271601,0.018065260081358003,0.0472173656316819
10.1038/s41467-019-11875-6,OPRM_HUMAN,Compound 1,Recruitment ,Transducer,HEK-293,Arrestin-3 (β-arrestin-2),13.11,4.504,3.689,5.621602691690084,-0.0312476283265805,10.1038/s41467-019-11875-6|OPRM_HUMAN|Recruitment |Transducer|HEK-293|Arrestin-3 (β-arrestin-2),1.932602691690084,-0.00816089173836243,-0.004080445869181215,0.04495329675584679
10.1038/s41467-019-11875-6,OPRM_HUMAN,Compound 1,Accumulation,Downstream,HEK-293,,102.6,8.83,8.865,10.841147360775798,-0.0610591930669848,10.1038/s41467-019-11875-6|OPRM_HUMAN|Accumulation|Downstream|HEK-293|nan,1.9761473607757978,-0.05251100205954051,-0.026255501029770256,0.05298649593523714
10.1038/s41467-019-11875-6,OPRM_HUMAN,Compound 1,Dissociation,Transducer,HEK-293,Gi1,38.27,6.776,5.814,8.3588584622245,0.3081028401158763,10.1038/s41467-019-11875-6|OPRM_HUMAN|Dissociation|Transducer|HEK-293|Gi1,2.5448584622245,0.25408748748725785,0.12704374374362892,0.9450886784241149
10.1038/s41467-019-11875-6,OPRM_HUMAN,Compound 1,Dissociation,Transducer,HEK-293,Gi2,60.52,6.701,6.152,8.482898919351149,0.1981926104462967,10.1038/s41467-019-11875-6|OPRM_HUMAN|Dissociation|Transducer|HEK-293|Gi2,2.3308989193511485,0.20631251557964259,0.10315625778982129,0.3429875276245912
10.1038/s41467-019-11875-6,OPRM_HUMAN,Compound 1,Dissociation,Transducer,HEK-293,GoA,60.28,7.139,6.646,8.919173243642595,0.0998478092525241,10.1038/s41467-019-11875-6|OPRM_HUMAN|Dissociation|Transducer|HEK-293|GoA,2.273173243642595,0.09359395083543243,0.04679697541771621,0.076476399412509
10.1038/s41467-019-11875-6,OPRM_HUMAN,Compound 10,Recruitment ,Transducer,HEK-293,Arrestin-2 (β-arrestin-1),14.76,4.677,3.814,5.846086357487023,0.1234946816278048,10.1038/s41467-019-11875-6|OPRM_HUMAN|Recruitment |Transducer|HEK-293|Arrestin-2 (β-arrestin-1),2.0320863574870227,0.15515087622091306,0.07757543811045653,0.10345083019412704
10.1038/s41467-019-11875-6,OPRM_HUMAN,Compound 10,Recruitment ,Transducer,HEK-293,Arrestin-3 (β-arrestin-2),10.31,4.915,3.919,5.928258665283517,0.0454083452668521,10.1038/s41467-019-11875-6|OPRM_HUMAN|Recruitment |Transducer|HEK-293|Arrestin-3 (β-arrestin-2),2.0092586652835167,0.06849508185507025,0.034247540927535125,0.04797330745894476
10.1038/s41467-019-11875-6,OPRM_HUMAN,Compound 10,Recruitment ,Transducer,HEK-293,Arrestin-3 (β-arrestin-2),57.12,5.313,5.155,7.0697881987681175,-0.0490621212485473,10.1038/s41467-019-11875-6|OPRM_HUMAN|Recruitment |Transducer|HEK-293|Arrestin-3 (β-arrestin-2),1.9147881987681172,-0.025975384660329226,-0.012987692330164613,0.048973359959542315
10.1038/s41467-019-11875-6,OPRM_HUMAN,Compound 10,Recruitment ,Transducer,HEK-293,Arrestin-3 (β-arrestin-2),56.46,5.27,5.079,7.0217408738109,-0.0211094462057639,10.1038/s41467-019-11875-6|OPRM_HUMAN|Recruitment |Transducer|HEK-293|Arrestin-3 (β-arrestin-2),1.9427408738109007,0.0019772903824542,0.0009886451912271,0.043543301592536755
10.1038/s41467-019-11875-6,OPRM_HUMAN,Compound 10,Recruitment ,Transducer,HEK-293,Arrestin-3 (β-arrestin-2),36.32,4.984,4.653,6.544145839849048,-0.0727044801676166,10.1038/s41467-019-11875-6|OPRM_HUMAN|Recruitment |Transducer|HEK-293|Arrestin-3 (β-arrestin-2),1.8911458398490488,-0.04961774357939763,-0.024808871789698816,0.058116851964792826
10.1038/s41467-019-11875-6,OPRM_HUMAN,Compound 10,Accumulation,Downstream,HEK-293,,98.45,8.711,8.669,10.704215720474137,-0.0019908333686462,10.1038/s41467-019-11875-6|OPRM_HUMAN|Accumulation|Downstream|HEK-293|nan,2.0352157204741363,0.006557357638798056,0.003278678819399028,0.04240241280044978
10.1038/s41467-019-11875-6,OPRM_HUMAN,Compound 10,Dissociation,Transducer,HEK-293,Gi1,66.95,6.311,5.898,8.136750581348029,0.001994959239405,10.1038/s41467-019-11875-6|OPRM_HUMAN|Dissociation|Transducer|HEK-293|Gi1,2.238750581348029,-0.05202039338921338,-0.02601019669460669,0.04240245474540803
10.1038/s41467-019-11875-6,OPRM_HUMAN,Compound 10,Dissociation,Transducer,HEK-293,Gi2,88.86,6.983,6.799,8.931706308904852,0.0,10.1038/s41467-019-11875-6|OPRM_HUMAN|Dissociation|Transducer|HEK-293|Gi2,2.1327063089048517,0.008119905133345817,0.004059952566672909,0.04239230469906874
10.1038/s41467-019-11875-6,OPRM_HUMAN,Compound 10,Binding/coupling,Downstream,HEK-293,,150.7,6.057,5.983,8.235113252314632,-0.2166106130771412,10.1038/s41467-019-11875-6|OPRM_HUMAN|Binding/coupling|Downstream|HEK-293|nan,2.252113252314632,-0.18916316271926892,-0.09458158135963446,0.4575776405760176
10.1038/s41467-019-11875-6,OPRM_HUMAN,Compound 10,Dissociation,Transducer,HEK-293,GoA,84.08,7.086,6.816,9.010692703020188,0.021367268630116,10.1038/s41467-019-11875-6|OPRM_HUMAN|Dissociation|Transducer|HEK-293|GoA,2.1946927030201886,0.015113410213026146,0.007556705106513073,0.043571961203213376
10.1038/s41467-019-11875-6,OPRM_HUMAN,Compound 11,Recruitment ,Transducer,HEK-293,Arrestin-3 (β-arrestin-2),15.34,5.392,4.68,6.577825359612962,-0.0660249604037019,10.1038/s41467-019-11875-6|OPRM_HUMAN|Recruitment |Transducer|HEK-293|Arrestin-3 (β-arrestin-2),1.8978253596129626,-0.042938223815483845,-0.021469111907741922,0.05501129420679302
10.1038/s41467-019-11875-6,OPRM_HUMAN,Compound 11,Recruitment ,Transducer,HEK-293,Arrestin-3 (β-arrestin-2),17.05,5.74,5.047,6.9717243833285165,-0.0391259366881477,10.1038/s41467-019-11875-6|OPRM_HUMAN|Recruitment |Transducer|HEK-293|Arrestin-3 (β-arrestin-2),1.9247243833285168,-0.01603920009992965,-0.008019600049964826,0.046472435813521444
10.1038/s41467-019-11875-6,OPRM_HUMAN,Compound 11,Recruitment ,Transducer,HEK-293,Arrestin-3 (β-arrestin-2),6.336,5.545,4.532,6.346815168581437,-0.1490351514352275,10.1038/s41467-019-11875-6|OPRM_HUMAN|Recruitment |Transducer|HEK-293|Arrestin-3 (β-arrestin-2),1.814815168581437,-0.12594841484700936,-0.06297420742350468,0.1515856866013879
10.1038/s41467-019-11875-6,OPRM_HUMAN,Compound 11,Accumulation,Downstream,HEK-293,,96.03,8.134,8.165,10.116406928863796,-0.0857996249789856,10.1038/s41467-019-11875-6|OPRM_HUMAN|Accumulation|Downstream|HEK-293|nan,1.951406928863797,-0.07725143397154133,-0.038625716985770664,0.06567899514264133
10.1038/s41467-019-11875-6,OPRM_HUMAN,Compound 11,Dissociation,Transducer,HEK-293,Gi1,60.38,6.467,5.906,8.247893108687078,0.1051374865784549,10.1038/s41467-019-11875-6|OPRM_HUMAN|Dissociation|Transducer|HEK-293|Gi1,2.3418931086870787,0.051122133949836446,0.025561066974918223,0.08142796557178493
10.1038/s41467-019-11875-6,OPRM_HUMAN,Compound 11,Dissociation,Transducer,HEK-293,Gi2,88.64,6.199,6.002,8.146629747384354,0.0119234384795028,10.1038/s41467-019-11875-6|OPRM_HUMAN|Dissociation|Transducer|HEK-293|Gi2,2.1446297473843545,0.020043343612848652,0.010021671806424326,0.042756327748376774
10.1038/s41467-019-11875-6,OPRM_HUMAN,Compound 11,Binding/coupling,Downstream,HEK-293,,77.39,6.174,5.495,8.0626848466597,0.0989609812679264,10.1038/s41467-019-11875-6|OPRM_HUMAN|Binding/coupling|Downstream|HEK-293|nan,2.5676848466596995,0.12640843162579873,0.06320421581289937,0.07569784444885219
10.1038/s41467-019-11875-6,OPRM_HUMAN,Compound 11,Dissociation,Transducer,HEK-293,GoA,88.38,6.938,6.697,8.884353997226274,0.0140285628362031,10.1038/s41467-019-11875-6|OPRM_HUMAN|Dissociation|Transducer|HEK-293|GoA,2.187353997226274,0.007774704419111433,0.0038873522095557167,0.042897006574798974
10.1038/s41467-019-11875-6,OPRM_HUMAN,Compound 12,Recruitment ,Transducer,HEK-293,Arrestin-2 (β-arrestin-1),17.46,5.182,4.961,6.424044239369551,-0.445547436489667,10.1038/s41467-019-11875-6|OPRM_HUMAN|Recruitment |Transducer|HEK-293|Arrestin-2 (β-arrestin-1),1.4630442393695509,-0.4138912418965588,-0.2069456209482794,0.9999132544516185
10.1038/s41467-019-11875-6,OPRM_HUMAN,Compound 12,Recruitment ,Transducer,HEK-293,Arrestin-3 (β-arrestin-2),23.91,5.27,4.995,6.648579576115774,-0.3102707439008902,10.1038/s41467-019-11875-6|OPRM_HUMAN|Recruitment |Transducer|HEK-293|Arrestin-3 (β-arrestin-2),1.6535795761157743,-0.28718400731267213,-0.14359200365633606,0.9492985953190548
10.1038/s41467-019-11875-6,OPRM_HUMAN,Compound 12,Recruitment ,Transducer,HEK-293,Arrestin-3 (β-arrestin-2),66.12,6.513,6.403,8.33333284489941,-0.0335174751172546,10.1038/s41467-019-11875-6|OPRM_HUMAN|Recruitment |Transducer|HEK-293|Arrestin-3 (β-arrestin-2),1.93033284489941,-0.010430738529036532,-0.005215369264518266,0.04535142693792058
10.1038/s41467-019-11875-6,OPRM_HUMAN,Compound 12,Recruitment ,Transducer,HEK-293,Arrestin-3 (β-arrestin-2),65.83,6.498,6.373,8.31642385509208,-0.0204264649245855,10.1038/s41467-019-11875-6|OPRM_HUMAN|Recruitment |Transducer|HEK-293|Arrestin-3 (β-arrestin-2),1.943423855092079,0.002660271663632585,0.0013301358318162926,0.04346914639215219
10.1038/s41467-019-11875-6,OPRM_HUMAN,Compound 12,Recruitment ,Transducer,HEK-293,Arrestin-3 (β-arrestin-2),49.53,6.025,5.911,7.719868327982456,-0.1549819920342079,10.1038/s41467-019-11875-6|OPRM_HUMAN|Recruitment |Transducer|HEK-293|Arrestin-3 (β-arrestin-2),1.8088683279824567,-0.1318952554459898,-0.0659476277229949,0.16677626834542286
10.1038/s41467-019-11875-6,OPRM_HUMAN,Compound 12,Accumulation,Downstream,HEK-293,,93.65,9.069,8.989,11.040507781711256,0.0143012278684739,10.1038/s41467-019-11875-6|OPRM_HUMAN|Accumulation|Downstream|HEK-293|nan,2.051507781711255,0.022849418875916516,0.011424709437958258,0.04291693304773472
10.1038/s41467-019-11875-6,OPRM_HUMAN,Compound 12,Dissociation,Transducer,HEK-293,Gi1,81.27,7.644,7.38,9.55393025975283,-0.0628253623557935,10.1038/s41467-019-11875-6|OPRM_HUMAN|Dissociation|Transducer|HEK-293|Gi1,2.1739302597528303,-0.11684071498441195,-0.058420357492205977,0.05368042666779466
10.1038/s41467-019-11875-6,OPRM_HUMAN,Compound 12,Dissociation,Transducer,HEK-293,Gi2,93.05,7.726,7.492,9.694716377466786,0.0700100685619347,10.1038/s41467-019-11875-6|OPRM_HUMAN|Dissociation|Transducer|HEK-293|Gi2,2.2027163774667864,0.07812997369528052,0.03906498684764026,0.056808649182476495
10.1038/s41467-019-11875-6,OPRM_HUMAN,Compound 12,Binding/coupling,Downstream,HEK-293,,159.7,7.024,7.048,9.227304916138484,-0.2894189492532906,10.1038/s41467-019-11875-6|OPRM_HUMAN|Binding/coupling|Downstream|HEK-293|nan,2.1793049161384843,-0.2619714988954165,-0.13098574944770824,0.8951321844336776
10.1038/s41467-019-11875-6,OPRM_HUMAN,Compound 12,Dissociation,Transducer,HEK-293,GoA,119.3,8.36,8.482,10.436640443670342,-0.2186849907197281,10.1038/s41467-019-11875-6|OPRM_HUMAN|Dissociation|Transducer|HEK-293|GoA,1.9546404436703426,-0.22493884913681983,-0.11246942456840991,0.4716861034616085
10.1038/s41467-019-11875-6,OPRM_HUMAN,Compound 13,Recruitment ,Transducer,HEK-293,Arrestin-2 (β-arrestin-1),52.62,5.077,4.894,6.798150843749684,-0.0044408321095339,10.1038/s41467-019-11875-6|OPRM_HUMAN|Recruitment |Transducer|HEK-293|Arrestin-2 (β-arrestin-1),1.904150843749684,0.027215362483574257,0.013607681241787128,0.04244262291173269
10.1038/s41467-019-11875-6,OPRM_HUMAN,Compound 13,Recruitment ,Transducer,HEK-293,Arrestin-3 (β-arrestin-2),68.96,4.882,4.737,6.720597252816656,0.0197469327999915,10.1038/s41467-019-11875-6|OPRM_HUMAN|Recruitment |Transducer|HEK-293|Arrestin-3 (β-arrestin-2),1.983597252816656,0.04283366938820965,0.021416834694104825,0.043397899764908765
10.1038/s41467-019-11875-6,OPRM_HUMAN,Compound 13,Recruitment ,Transducer,HEK-293,Arrestin-3 (β-arrestin-2),93.47,5.711,5.679,7.68167224268972,0.0388219226730548,10.1038/s41467-019-11875-6|OPRM_HUMAN|Recruitment |Transducer|HEK-293|Arrestin-3 (β-arrestin-2),2.0026722426897194,0.06190865926127298,0.03095432963063649,0.046406517067404986
10.1038/s41467-019-11875-6,OPRM_HUMAN,Compound 13,Recruitment ,Transducer,HEK-293,Arrestin-3 (β-arrestin-2),95.3,5.636,5.617,7.615092900638326,0.0342425806216617,10.1038/s41467-019-11875-6|OPRM_HUMAN|Recruitment |Transducer|HEK-293|Arrestin-3 (β-arrestin-2),1.9980929006383263,0.05732931720987988,0.02866465860493994,0.04548523878510977
10.1038/s41467-019-11875-6,OPRM_HUMAN,Compound 13,Recruitment ,Transducer,HEK-293,Arrestin-3 (β-arrestin-2),85.82,5.328,5.281,7.261588510196653,0.0167381901799892,10.1038/s41467-019-11875-6|OPRM_HUMAN|Recruitment |Transducer|HEK-293|Arrestin-3 (β-arrestin-2),1.980588510196653,0.03982492676820648,0.01991246338410324,0.04311252895434025
10.1038/s41467-019-11875-6,OPRM_HUMAN,Compound 13,Accumulation,Downstream,HEK-293,,97.54,8.565,8.578,10.554182751255548,-0.0610238025872345,10.1038/s41467-019-11875-6|OPRM_HUMAN|Accumulation|Downstream|HEK-293|nan,1.976182751255548,-0.05247561157979019,-0.026237805789895097,0.05297287879401359
10.1038/s41467-019-11875-6,OPRM_HUMAN,Compound 13,Dissociation,Transducer,HEK-293,Gi1,72.7,7.157,6.793,9.018534410859038,-0.0112212112495857,10.1038/s41467-019-11875-6|OPRM_HUMAN|Dissociation|Transducer|HEK-293|Gi1,2.225534410859038,-0.0652365638782042,-0.0326182819391021,0.04271456163314253
10.1038/s41467-019-11875-6,OPRM_HUMAN,Compound 13,Dissociation,Transducer,HEK-293,Gi2,94.85,6.756,6.57,8.733037335224681,0.0303310263198293,10.1038/s41467-019-11875-6|OPRM_HUMAN|Dissociation|Transducer|HEK-293|Gi2,2.163037335224681,0.03845093145317513,0.019225465726587565,0.04480132173665509
10.1038/s41467-019-11875-6,OPRM_HUMAN,Compound 13,Binding/coupling,Downstream,HEK-293,,115.1,6.749,6.401,8.81007532362979,-0.059648541761982,10.1038/s41467-019-11875-6|OPRM_HUMAN|Binding/coupling|Downstream|HEK-293|nan,2.409075323629791,-0.03220109140410976,-0.01610054570205488,0.05245233012232575
10.1038/s41467-019-11875-6,OPRM_HUMAN,Compound 13,Dissociation,Transducer,HEK-293,GoA,95.72,7.353,7.177,9.3340026899414,-0.0163227444486704,10.1038/s41467-019-11875-6|OPRM_HUMAN|Dissociation|Transducer|HEK-293|GoA,2.1570026899414003,-0.02257660286576213,-0.011288301432881065,0.04307694958588501
10.1038/s41467-019-11875-6,OPRM_HUMAN,Compound 14,Accumulation,Downstream,HEK-293,,90.29,9.203,9.12,11.15863965302325,0.0014330991804687,10.1038/s41467-019-11875-6|OPRM_HUMAN|Accumulation|Downstream|HEK-293|nan,2.0386396530232513,0.00998129018791305,0.004990645093956525,0.04239754225195387
10.1038/s41467-019-11875-6,OPRM_HUMAN,Compound 14,Dissociation,Transducer,HEK-293,Gi1,48.39,6.183,5.631,7.867755622108624,0.0,10.1038/s41467-019-11875-6|OPRM_HUMAN|Dissociation|Transducer|HEK-293|Gi1,2.2367556221086238,-0.05401535262861845,-0.027007676314309226,0.04239230469906874
10.1038/s41467-019-11875-6,OPRM_HUMAN,Compound 14,Dissociation,Transducer,HEK-293,Gi2,40.67,7.404,6.658,9.013274172404588,0.2225678634997354,10.1038/s41467-019-11875-6|OPRM_HUMAN|Dissociation|Transducer|HEK-293|Gi2,2.355274172404587,0.23068776863308127,0.11534388431654063,0.498562229771359
10.1038/s41467-019-11875-6,OPRM_HUMAN,Compound 14,Dissociation,Transducer,HEK-293,GoA,56.52,7.606,6.863,9.35820215317652,0.3218767187864495,10.1038/s41467-019-11875-6|OPRM_HUMAN|Dissociation|Transducer|HEK-293|GoA,2.4952021531765203,0.3156228603693578,0.1578114301846789,0.9674106279710956
10.1038/s41467-019-11875-6,OPRM_HUMAN,Compound 15,Recruitment ,Transducer,HEK-293,Arrestin-3 (β-arrestin-2),21.35,4.712,3.955,6.0413978793610426,0.1225475593443778,10.1038/s41467-019-11875-6|OPRM_HUMAN|Recruitment |Transducer|HEK-293|Arrestin-3 (β-arrestin-2),2.0863978793610425,0.14563429593259603,0.07281714796629801,0.10210100343974582
10.1038/s41467-019-11875-6,OPRM_HUMAN,Compound 15,Recruitment ,Transducer,HEK-293,Arrestin-3 (β-arrestin-2),15.66,5.047,4.507,6.241791757721924,-0.2290585622947398,10.1038/s41467-019-11875-6|OPRM_HUMAN|Recruitment |Transducer|HEK-293|Arrestin-3 (β-arrestin-2),1.7347917577219247,-0.20597182570652173,-0.10298591285326086,0.5444791548837472
10.1038/s41467-019-11875-6,OPRM_HUMAN,Compound 15,Accumulation,Downstream,HEK-293,,92.98,8.674,8.553,10.642389541847068,0.0521829880042847,10.1038/s41467-019-11875-6|OPRM_HUMAN|Accumulation|Downstream|HEK-293|nan,2.0893895418470674,0.060731179011729086,0.030365589505864543,0.04990611688623729
10.1038/s41467-019-11875-6,OPRM_HUMAN,Compound 15,Dissociation,Transducer,HEK-293,Gi1,66.23,6.216,5.89,8.037054755046888,-0.0897008670617349,10.1038/s41467-019-11875-6|OPRM_HUMAN|Dissociation|Transducer|HEK-293|Gi1,2.147054755046889,-0.14371621969035342,-0.07185810984517671,0.06836805485167419
10.1038/s41467-019-11875-6,OPRM_HUMAN,Compound 15,Dissociation,Transducer,HEK-293,Gi2,79.92,6.221,5.956,8.123655475217927,0.0349491663130745,10.1038/s41467-019-11875-6|OPRM_HUMAN|Dissociation|Transducer|HEK-293|Gi2,2.1676554752179262,0.04306907144642036,0.02153453572321018,0.04561876120371509
10.1038/s41467-019-11875-6,OPRM_HUMAN,Compound 15,Binding/coupling,Downstream,HEK-293,,102.5,4.836,4.378,6.846723865391773,0.0,10.1038/s41467-019-11875-6|OPRM_HUMAN|Binding/coupling|Downstream|HEK-293|nan,2.468723865391773,0.027447450357872327,0.013723725178936164,0.04239230469906874
10.1038/s41467-019-11875-6,OPRM_HUMAN,Compound 15,Dissociation,Transducer,HEK-293,GoA,62.38,6.806,6.135,8.601045370421126,0.2927199360310553,10.1038/s41467-019-11875-6|OPRM_HUMAN|Dissociation|Transducer|HEK-293|GoA,2.466045370421126,0.2864660776139636,0.1432330388069818,0.9059349988417692
10.1038/s41467-019-11875-6,OPRM_HUMAN,Compound 16,Recruitment ,Transducer,HEK-293,Arrestin-3 (β-arrestin-2),10.76,5.792,4.874,6.82381227133037,-0.0140380486862943,10.1038/s41467-019-11875-6|OPRM_HUMAN|Recruitment |Transducer|HEK-293|Arrestin-3 (β-arrestin-2),1.9498122713303703,0.009048687901923813,0.0045243439509619066,0.04289769321757219
10.1038/s41467-019-11875-6,OPRM_HUMAN,Compound 16,Recruitment ,Transducer,HEK-293,Arrestin-3 (β-arrestin-2),59.56,6.396,6.207,8.170954689080139,0.0001043690634743,10.1038/s41467-019-11875-6|OPRM_HUMAN|Recruitment |Transducer|HEK-293|Arrestin-3 (β-arrestin-2),1.963954689080139,0.023191105651692467,0.011595552825846234,0.0423923324766224
10.1038/s41467-019-11875-6,OPRM_HUMAN,Compound 16,Recruitment ,Transducer,HEK-293,Arrestin-3 (β-arrestin-2),54.16,6.283,6.06,8.016678655677088,-0.0071716643395758,10.1038/s41467-019-11875-6|OPRM_HUMAN|Recruitment |Transducer|HEK-293|Arrestin-3 (β-arrestin-2),1.9566786556770888,0.015915072248642304,0.007957536124321152,0.042523655395189756
10.1038/s41467-019-11875-6,OPRM_HUMAN,Compound 16,Recruitment ,Transducer,HEK-293,Arrestin-3 (β-arrestin-2),30.37,6.094,5.658,7.576444791918266,-0.0454055280983993,10.1038/s41467-019-11875-6|OPRM_HUMAN|Recruitment |Transducer|HEK-293|Arrestin-3 (β-arrestin-2),1.9184447919182652,-0.022318791510181235,-0.011159395755090618,0.0479725734754761
10.1038/s41467-019-11875-6,OPRM_HUMAN,Compound 16,Accumulation,Downstream,HEK-293,,99.02,9.511,9.447,11.506722921995465,0.0225163681526829,10.1038/s41467-019-11875-6|OPRM_HUMAN|Accumulation|Downstream|HEK-293|nan,2.0597229219954656,0.031064559160127292,0.015532279580063646,0.04370415871726852
10.1038/s41467-019-11875-6,OPRM_HUMAN,Compound 16,Dissociation,Transducer,HEK-293,Gi1,70.81,7.682,7.304,9.5320945943867,-0.0086610277219234,10.1038/s41467-019-11875-6|OPRM_HUMAN|Dissociation|Transducer|HEK-293|Gi1,2.2280945943867003,-0.0626763803505419,-0.03133819017527095,0.04258400633358081
10.1038/s41467-019-11875-6,OPRM_HUMAN,Compound 16,Dissociation,Transducer,HEK-293,Gi2,90.18,7.624,7.401,9.579110230970551,0.0454039220656996,10.1038/s41467-019-11875-6|OPRM_HUMAN|Dissociation|Transducer|HEK-293|Gi2,2.1781102309705513,0.05352382719904547,0.026761913599522735,0.04797215506578133
10.1038/s41467-019-11875-6,OPRM_HUMAN,Compound 16,Binding/coupling,Downstream,HEK-293,,79.97,7.401,6.909,9.303927096017263,-0.0737967693745096,10.1038/s41467-019-11875-6|OPRM_HUMAN|Binding/coupling|Downstream|HEK-293|nan,2.3949270960172635,-0.0463493190166373,-0.02317465950831865,0.058669544243243485
10.1038/s41467-019-11875-6,OPRM_HUMAN,Compound 16,Dissociation,Transducer,HEK-293,GoA,96.07,8.061,7.9,10.043587790701665,-0.0297376436884082,10.1038/s41467-019-11875-6|OPRM_HUMAN|Dissociation|Transducer|HEK-293|GoA,2.1435877907016643,-0.035991502105498174,-0.017995751052749087,0.04470560223512944
10.1038/s41467-019-11875-6,OPRM_HUMAN,Compound 3,Accumulation,Downstream,HEK-293,,90.03,8.987,8.857,10.941387250144516,0.0471806963017336,10.1038/s41467-019-11875-6|OPRM_HUMAN|Accumulation|Downstream|HEK-293|nan,2.084387250144516,0.05572888730917791,0.027864443654588955,0.04844630431651939
10.1038/s41467-019-11875-6,OPRM_HUMAN,Compound 3,Dissociation,Transducer,HEK-293,Gi1,25.97,7.794,6.856,9.208471949629304,0.1157163275206789,10.1038/s41467-019-11875-6|OPRM_HUMAN|Dissociation|Transducer|HEK-293|Gi1,2.3524719496293045,0.06170097489206228,0.03085048744603114,0.0931017004614148
10.1038/s41467-019-11875-6,OPRM_HUMAN,Compound 3,Dissociation,Transducer,HEK-293,Gi2,62.0,7.678,7.495,9.470391689498252,-0.1573146194065984,10.1038/s41467-019-11875-6|OPRM_HUMAN|Dissociation|Transducer|HEK-293|Gi2,1.9753916894982515,-0.14919471427325437,-0.07459735713662718,0.17323252087380364
10.1038/s41467-019-11875-6,OPRM_HUMAN,Compound 3,Binding/coupling,Downstream,HEK-293,,48.31,5.688,4.893,7.372037037486519,0.0103131720947464,10.1038/s41467-019-11875-6|OPRM_HUMAN|Binding/coupling|Downstream|HEK-293|nan,2.4790370374865196,0.0377606224526188,0.0188803112263094,0.042664363666422
10.1038/s41467-019-11875-6,OPRM_HUMAN,Compound 3,Dissociation,Transducer,HEK-293,GoA,69.1,8.76,8.332,10.599478047374198,0.0941526129841268,10.1038/s41467-019-11875-6|OPRM_HUMAN|Dissociation|Transducer|HEK-293|GoA,2.2674780473741976,0.08789875456703511,0.043949377283517554,0.07171635150814096
10.1038/s41467-019-11875-6,OPRM_HUMAN,Compound 5,Recruitment ,Transducer,HEK-293,Arrestin-2 (β-arrestin-1),103.5,7.03,7.058,9.044940349792936,0.0783486739337187,10.1038/s41467-019-11875-6|OPRM_HUMAN|Recruitment |Transducer|HEK-293|Arrestin-2 (β-arrestin-1),1.9869403497929365,0.1100048685268269,0.05500243426341345,0.06111878839678741
10.1038/s41467-019-11875-6,OPRM_HUMAN,Compound 5,Recruitment ,Transducer,HEK-293,Arrestin-3 (β-arrestin-2),100.7,7.058,7.082,9.061029470553615,0.0151791505369525,10.1038/s41467-019-11875-6|OPRM_HUMAN|Recruitment |Transducer|HEK-293|Arrestin-3 (β-arrestin-2),1.9790294705536153,0.038265887125168874,0.019132943562584437,0.04298376220997739
10.1038/s41467-019-11875-6,OPRM_HUMAN,Compound 5,Recruitment ,Transducer,HEK-293,Arrestin-3 (β-arrestin-2),101.3,7.741,7.768,9.74660944536028,0.0147591253436152,10.1038/s41467-019-11875-6|OPRM_HUMAN|Recruitment |Transducer|HEK-293|Arrestin-3 (β-arrestin-2),1.9786094453602798,0.03784586193183337,0.018922930965916684,0.04295128006400566
10.1038/s41467-019-11875-6,OPRM_HUMAN,Compound 5,Recruitment ,Transducer,HEK-293,Arrestin-3 (β-arrestin-2),99.19,7.763,7.754,9.759467890261718,0.0416175702450534,10.1038/s41467-019-11875-6|OPRM_HUMAN|Recruitment |Transducer|HEK-293|Arrestin-3 (β-arrestin-2),2.005467890261718,0.06470430683327155,0.032352153416635776,0.047035666905308894
10.1038/s41467-019-11875-6,OPRM_HUMAN,Compound 5,Recruitment ,Transducer,HEK-293,Arrestin-3 (β-arrestin-2),102.3,7.37,7.38,9.37987563371216,0.0360253136954957,10.1038/s41467-019-11875-6|OPRM_HUMAN|Recruitment |Transducer|HEK-293|Arrestin-3 (β-arrestin-2),1.9998756337121604,0.05911205028371391,0.029556025141856956,0.04582810590604585
10.1038/s41467-019-11875-6,OPRM_HUMAN,Compound 5,Accumulation,Downstream,HEK-293,,90.32,11.07,10.99,13.025783928916912,-0.0014226249258708,10.1038/s41467-019-11875-6|OPRM_HUMAN|Accumulation|Downstream|HEK-293|nan,2.0357839289169117,0.007125566081573442,0.003562783040786721,0.04239746596670542
10.1038/s41467-019-11875-6,OPRM_HUMAN,Compound 5,Dissociation,Transducer,HEK-293,Gi1,110.1,7.96,7.94,10.001787318971752,-0.1749683031368718,10.1038/s41467-019-11875-6|OPRM_HUMAN|Dissociation|Transducer|HEK-293|Gi1,2.061787318971752,-0.2289836557654903,-0.11449182788274515,0.23247212988060698
10.1038/s41467-019-11875-6,OPRM_HUMAN,Compound 5,Dissociation,Transducer,HEK-293,Gi2,97.22,9.052,9.072,11.039755616738525,-0.1649506921663279,10.1038/s41467-019-11875-6|OPRM_HUMAN|Dissociation|Transducer|HEK-293|Gi2,1.9677556167385255,-0.15683078703298037,-0.07841539351649018,0.19650128209944528
10.1038/s41467-019-11875-6,OPRM_HUMAN,Compound 5,Binding/coupling,Downstream,HEK-293,,131.2,9.024,8.907,11.14193383503964,-0.2337900303521323,10.1038/s41467-019-11875-6|OPRM_HUMAN|Binding/coupling|Downstream|HEK-293|nan,2.234933835039641,-0.20634257999425998,-0.10317128999712999,0.5783378917939502
10.1038/s41467-019-11875-6,OPRM_HUMAN,Compound 5,Dissociation,Transducer,HEK-293,GoA,107.6,8.808,8.824,10.83981227133037,-0.1575131630597006,10.1038/s41467-019-11875-6|OPRM_HUMAN|Dissociation|Transducer|HEK-293|GoA,2.01581227133037,-0.16376702147679234,-0.08188351073839617,0.17379560660326465
10.1038/s41467-019-11875-6,OPRM_HUMAN,Compound 6,Recruitment ,Transducer,HEK-293,Arrestin-3 (β-arrestin-2),16.42,7.317,6.617,8.532373152783421,-0.0484771672332433,10.1038/s41467-019-11875-6|OPRM_HUMAN|Recruitment |Transducer|HEK-293|Arrestin-3 (β-arrestin-2),1.9153731527834212,-0.02539043064502522,-0.01269521532251261,0.048806701415130695
10.1038/s41467-019-11875-6,OPRM_HUMAN,Compound 6,Recruitment ,Transducer,HEK-293,Arrestin-3 (β-arrestin-2),18.82,7.411,6.763,8.685619619091238,-0.0412307009254266,10.1038/s41467-019-11875-6|OPRM_HUMAN|Recruitment |Transducer|HEK-293|Arrestin-3 (β-arrestin-2),1.922619619091238,-0.01814396433720855,-0.009071982168604276,0.04694550329615455
10.1038/s41467-019-11875-6,OPRM_HUMAN,Compound 6,Recruitment ,Transducer,HEK-293,Arrestin-3 (β-arrestin-2),7.337,7.492,6.329,8.357518519074773,0.0646681990581088,10.1038/s41467-019-11875-6|OPRM_HUMAN|Recruitment |Transducer|HEK-293|Arrestin-3 (β-arrestin-2),2.0285185190747734,0.08775493564632697,0.043877467823163485,0.054435113555653135
10.1038/s41467-019-11875-6,OPRM_HUMAN,Compound 6,Accumulation,Downstream,HEK-293,,92.11,8.951,8.866,10.915306782303936,0.0121002284611542,10.1038/s41467-019-11875-6|OPRM_HUMAN|Accumulation|Downstream|HEK-293|nan,2.049306782303937,0.020648419468598522,0.010324209734299261,0.04276724839769775
10.1038/s41467-019-11875-6,OPRM_HUMAN,Compound 6,Dissociation,Transducer,HEK-293,Gi1,57.37,6.678,6.085,8.436684849882441,0.1149292277738176,10.1038/s41467-019-11875-6|OPRM_HUMAN|Dissociation|Transducer|HEK-293|Gi1,2.3516848498824414,0.06091387514519919,0.030456937572599596,0.0921432901909957
10.1038/s41467-019-11875-6,OPRM_HUMAN,Compound 6,Dissociation,Transducer,HEK-293,Gi2,76.27,7.424,7.068,9.306353746388714,0.1056474374838627,10.1038/s41467-019-11875-6|OPRM_HUMAN|Dissociation|Transducer|HEK-293|Gi2,2.2383537463887144,0.11376734261720856,0.05688367130860428,0.08193444039844545
10.1038/s41467-019-11875-6,OPRM_HUMAN,Compound 6,Binding/coupling,Downstream,HEK-293,,55.64,7.516,6.768,9.26138712132001,0.0246632559282362,10.1038/s41467-019-11875-6|OPRM_HUMAN|Binding/coupling|Downstream|HEK-293|nan,2.4933871213200094,0.05211070628610859,0.026055353143054294,0.04397085423488061
10.1038/s41467-019-11875-6,OPRM_HUMAN,Compound 6,Dissociation,Transducer,HEK-293,GoA,66.73,7.584,7.213,9.40832112485077,0.0219956904606997,10.1038/s41467-019-11875-6|OPRM_HUMAN|Dissociation|Transducer|HEK-293|GoA,2.1953211248507705,0.015741832043608017,0.007870916021804009,0.04364335238218572
10.1038/s41467-019-11875-6,OPRM_HUMAN,Compound 7,Recruitment ,Transducer,HEK-293,Arrestin-2 (β-arrestin-1),118.1,5.151,5.398,7.223249897613515,-0.0833417782457024,10.1038/s41467-019-11875-6|OPRM_HUMAN|Recruitment |Transducer|HEK-293|Arrestin-2 (β-arrestin-1),1.8252498976135154,-0.051685583652594236,-0.025842791826297118,0.0640945379659002
10.1038/s41467-019-11875-6,OPRM_HUMAN,Compound 7,Recruitment ,Transducer,HEK-293,Arrestin-3 (β-arrestin-2),101.2,5.314,5.514,7.319180512503781,-0.1586698075128838,10.1038/s41467-019-11875-6|OPRM_HUMAN|Recruitment |Transducer|HEK-293|Arrestin-3 (β-arrestin-2),1.8051805125037808,-0.1355830709246657,-0.06779153546233285,0.17711904643391485
10.1038/s41467-019-11875-6,OPRM_HUMAN,Compound 7,Recruitment ,Transducer,HEK-293,Arrestin-3 (β-arrestin-2),97.35,6.6,6.583,8.58833595585605,0.0414856358393844,10.1038/s41467-019-11875-6|OPRM_HUMAN|Recruitment |Transducer|HEK-293|Arrestin-3 (β-arrestin-2),2.005335955856049,0.06457237242760261,0.032286186213801304,0.04700480519829654
10.1038/s41467-019-11875-6,OPRM_HUMAN,Compound 7,Recruitment ,Transducer,HEK-293,Arrestin-3 (β-arrestin-2),100.1,6.552,6.559,8.552434077479319,0.029583757462654,10.1038/s41467-019-11875-6|OPRM_HUMAN|Recruitment |Transducer|HEK-293|Arrestin-3 (β-arrestin-2),1.9934340774793187,0.05267049405087221,0.026335247025436104,0.044681118787320506
10.1038/s41467-019-11875-6,OPRM_HUMAN,Compound 7,Recruitment ,Transducer,HEK-293,Arrestin-3 (β-arrestin-2),104.4,6.102,6.163,8.120700498666244,-0.0061498213504211,10.1038/s41467-019-11875-6|OPRM_HUMAN|Recruitment |Transducer|HEK-293|Arrestin-3 (β-arrestin-2),1.9577004986662434,0.016936915237796946,0.008468457618898473,0.042488853633878915
10.1038/s41467-019-11875-6,OPRM_HUMAN,Compound 7,Accumulation,Downstream,HEK-293,,81.84,9.527,9.395,11.439965620704102,0.0077590668613201,10.1038/s41467-019-11875-6|OPRM_HUMAN|Accumulation|Downstream|HEK-293|nan,2.0449656207041027,0.016307257868764413,0.008153628934382207,0.04254609217975854
10.1038/s41467-019-11875-6,OPRM_HUMAN,Compound 7,Dissociation,Transducer,HEK-293,Gi1,112.8,7.278,7.367,9.330309099647325,-0.2734465224613007,10.1038/s41467-019-11875-6|OPRM_HUMAN|Dissociation|Transducer|HEK-293|Gi1,1.9633090996473248,-0.3274618750899174,-0.1637309375449587,0.8291375710608921
10.1038/s41467-019-11875-6,OPRM_HUMAN,Compound 7,Dissociation,Transducer,HEK-293,Gi2,100.9,8.009,8.103,10.01289116623691,-0.2228151426679412,10.1038/s41467-019-11875-6|OPRM_HUMAN|Dissociation|Transducer|HEK-293|Gi2,1.9098911662369105,-0.2146952375345954,-0.1073476187672977,0.5002917904765781
10.1038/s41467-019-11875-6,OPRM_HUMAN,Compound 7,Binding/coupling,Downstream,HEK-293,,151.5,7.456,7.312,9.636412632838324,-0.1443112325534494,10.1038/s41467-019-11875-6|OPRM_HUMAN|Binding/coupling|Downstream|HEK-293|nan,2.3244126328383237,-0.11686378219557714,-0.05843189109778857,0.1407268546841904
10.1038/s41467-019-11875-6,OPRM_HUMAN,Compound 7,Dissociation,Transducer,HEK-293,GoA,113.5,8.187,8.145,10.24199586152914,-0.0763295728609296,10.1038/s41467-019-11875-6|OPRM_HUMAN|Dissociation|Transducer|HEK-293|GoA,2.096995861529141,-0.08258343127802137,-0.041291715639010684,0.06000266765648225
10.1038/s41467-019-11875-6,OPRM_HUMAN,Compound 8,Recruitment ,Transducer,HEK-293,Arrestin-2 (β-arrestin-1),41.84,4.936,4.649,6.557591675859218,0.0,10.1038/s41467-019-11875-6|OPRM_HUMAN|Recruitment |Transducer|HEK-293|Arrestin-2 (β-arrestin-1),1.9085916758592179,0.0316561945931082,0.0158280972965541,0.04239230469906874
10.1038/s41467-019-11875-6,OPRM_HUMAN,Compound 8,Recruitment ,Transducer,HEK-293,Arrestin-3 (β-arrestin-2),39.18,4.738,4.143,6.331064431658718,0.2242141116420537,10.1038/s41467-019-11875-6|OPRM_HUMAN|Recruitment |Transducer|HEK-293|Arrestin-3 (β-arrestin-2),2.1880644316587183,0.24730084823027187,0.12365042411513594,0.5101115012121756
10.1038/s41467-019-11875-6,OPRM_HUMAN,Compound 8,Recruitment ,Transducer,HEK-293,Arrestin-3 (β-arrestin-2),76.98,5.126,5.004,7.012377906758573,0.0445275867419088,10.1038/s41467-019-11875-6|OPRM_HUMAN|Recruitment |Transducer|HEK-293|Arrestin-3 (β-arrestin-2),2.0083779067585734,0.06761432333012696,0.03380716166506348,0.04774656236637839
10.1038/s41467-019-11875-6,OPRM_HUMAN,Compound 8,Recruitment ,Transducer,HEK-293,Arrestin-3 (β-arrestin-2),81.76,5.079,5.008,6.991540882790638,0.0196905627739729,10.1038/s41467-019-11875-6|OPRM_HUMAN|Recruitment |Transducer|HEK-293|Arrestin-3 (β-arrestin-2),1.9835408827906376,0.0427772993621911,0.02138864968109555,0.04339210273495115
10.1038/s41467-019-11875-6,OPRM_HUMAN,Compound 8,Recruitment ,Transducer,HEK-293,Arrestin-3 (β-arrestin-2),70.43,4.914,4.813,6.761757688392331,-0.0150926316243333,10.1038/s41467-019-11875-6|OPRM_HUMAN|Recruitment |Transducer|HEK-293|Arrestin-3 (β-arrestin-2),1.9487576883923312,0.007994104963884752,0.003997052481942376,0.04297699490497506
10.1038/s41467-019-11875-6,OPRM_HUMAN,Compound 8,Accumulation,Downstream,HEK-293,,92.16,8.284,8.161,10.248542466079137,0.0503359122363544,10.1038/s41467-019-11875-6|OPRM_HUMAN|Accumulation|Downstream|HEK-293|nan,2.087542466079137,0.05888410324379878,0.02944205162189939,0.049345119888840175
10.1038/s41467-019-11875-6,OPRM_HUMAN,Compound 8,Dissociation,Transducer,HEK-293,Gi1,93.53,6.592,6.382,8.562950934345423,-0.0558046877632003,10.1038/s41467-019-11875-6|OPRM_HUMAN|Dissociation|Transducer|HEK-293|Gi1,2.1809509343454234,-0.10982004039181881,-0.054910020195909404,0.051083965666282365
10.1038/s41467-019-11875-6,OPRM_HUMAN,Compound 8,Dissociation,Transducer,HEK-293,Gi2,101.4,6.797,6.759,8.803037954997317,-0.0886683539075354,10.1038/s41467-019-11875-6|OPRM_HUMAN|Dissociation|Transducer|HEK-293|Gi2,2.044037954997316,-0.08054844877418965,-0.040274224387094826,0.06763485787637079
10.1038/s41467-019-11875-6,OPRM_HUMAN,Compound 8,Binding/coupling,Downstream,HEK-293,,181.3,5.728,5.969,7.986397804095509,-0.4513260612962648,10.1038/s41467-019-11875-6|OPRM_HUMAN|Binding/coupling|Downstream|HEK-293|nan,2.0173978040955083,-0.4238786109383925,-0.21193930546919626,0.9999373575604068
10.1038/s41467-019-11875-6,OPRM_HUMAN,Compound 8,Dissociation,Transducer,HEK-293,GoA,89.68,7.405,7.196,9.357695599586917,-0.0116298348031538,10.1038/s41467-019-11875-6|OPRM_HUMAN|Dissociation|Transducer|HEK-293|GoA,2.161695599586917,-0.017883693220245522,-0.008941846610122761,0.042738552117115435
10.1038/s41467-019-11875-6,OPRM_HUMAN,Compound 9,Recruitment ,Transducer,HEK-293,Arrestin-3 (β-arrestin-2),17.59,7.042,6.355,8.287265839457461,-0.0315844805592036,10.1038/s41467-019-11875-6|OPRM_HUMAN|Recruitment |Transducer|HEK-293|Arrestin-3 (β-arrestin-2),1.932265839457461,-0.00849774397098546,-0.00424887198549273,0.04501041115558135
10.1038/s41467-019-11875-6,OPRM_HUMAN,Compound 9,Recruitment ,Transducer,HEK-293,Arrestin-3 (β-arrestin-2),16.78,7.193,6.522,8.417791956492682,-0.068058363523983,10.1038/s41467-019-11875-6|OPRM_HUMAN|Recruitment |Transducer|HEK-293|Arrestin-3 (β-arrestin-2),1.8957919564926815,-0.04497162693576495,-0.022485813467882476,0.05590844239797505
10.1038/s41467-019-11875-6,OPRM_HUMAN,Compound 9,Recruitment ,Transducer,HEK-293,Arrestin-3 (β-arrestin-2),7.541,6.622,5.69,7.49942894078822,-0.1544213792284452,10.1038/s41467-019-11875-6|OPRM_HUMAN|Recruitment |Transducer|HEK-293|Arrestin-3 (β-arrestin-2),1.8094289407882194,-0.1313346426402271,-0.06566732132011355,0.1652676432857099
10.1038/s41467-019-11875-6,OPRM_HUMAN,Compound 9,Accumulation,Downstream,HEK-293,,89.75,9.153,9.038,11.106034457250358,0.0308279034075749,10.1038/s41467-019-11875-6|OPRM_HUMAN|Accumulation|Downstream|HEK-293|nan,2.0680344572503575,0.039376094415019214,0.019688047207509607,0.044883082779536204
10.1038/s41467-019-11875-6,OPRM_HUMAN,Compound 9,Dissociation,Transducer,HEK-293,Gi1,45.57,7.568,6.817,9.22667902858245,0.1729234064738252,10.1038/s41467-019-11875-6|OPRM_HUMAN|Dissociation|Transducer|HEK-293|Gi1,2.409679028582449,0.11890805384520675,0.059454026922603376,0.22459399543077596
10.1038/s41467-019-11875-6,OPRM_HUMAN,Compound 9,Dissociation,Transducer,HEK-293,Gi2,64.8,8.016,7.76,9.827575005870592,-0.065131303034259,10.1038/s41467-019-11875-6|OPRM_HUMAN|Dissociation|Transducer|HEK-293|Gi2,2.0675750058705926,-0.05701139790091325,-0.028505698950456626,0.054629796724814016
10.1038/s41467-019-11875-6,OPRM_HUMAN,Compound 9,Binding/coupling,Downstream,HEK-293,,55.83,7.838,7.01,9.584867627850429,0.1061437624586556,10.1038/s41467-019-11875-6|OPRM_HUMAN|Binding/coupling|Downstream|HEK-293|nan,2.5748676278504288,0.13359121281652797,0.06679560640826399,0.08243250860654146
10.1038/s41467-019-11875-6,OPRM_HUMAN,Compound 9,Dissociation,Transducer,HEK-293,GoA,79.23,8.398,8.1,10.296889655926586,0.0235642215365157,10.1038/s41467-019-11875-6|OPRM_HUMAN|Dissociation|Transducer|HEK-293|GoA,2.1968896559265865,0.01731036311942402,0.00865518155971201,0.04383110218680096
10.1038/s41467-019-11875-6,OPRM_HUMAN,DAMGO,Recruitment ,Transducer,HEK-293,Arrestin-2 (β-arrestin-1),103.9,5.933,5.974,7.949615547557178,0.0670238716979598,10.1038/s41467-019-11875-6|OPRM_HUMAN|Recruitment |Transducer|HEK-293|Arrestin-2 (β-arrestin-1),1.9756155475571777,0.09868006629106807,0.049340033145534035,0.05544691238275795
10.1038/s41467-019-11875-6,OPRM_HUMAN,DAMGO,Recruitment ,Transducer,HEK-293,Arrestin-3 (β-arrestin-2),86.58,5.899,5.827,7.8364175814771375,0.0455672614604729,10.1038/s41467-019-11875-6|OPRM_HUMAN|Recruitment |Transducer|HEK-293|Arrestin-3 (β-arrestin-2),2.0094175814771376,0.0686539980486911,0.03432699902434555,0.048014802464312945
10.1038/s41467-019-11875-6,OPRM_HUMAN,DAMGO,Recruitment ,Transducer,HEK-293,Arrestin-3 (β-arrestin-2),98.99,6.612,6.615,8.607591324252354,0.0287410042356892,10.1038/s41467-019-11875-6|OPRM_HUMAN|Recruitment |Transducer|HEK-293|Arrestin-3 (β-arrestin-2),1.9925913242523539,0.0518277408239074,0.0259138704119537,0.04454950816219869
10.1038/s41467-019-11875-6,OPRM_HUMAN,DAMGO,Recruitment ,Transducer,HEK-293,Arrestin-3 (β-arrestin-2),104.0,6.576,6.627,8.59303333929878,0.002183019282115,10.1038/s41467-019-11875-6|OPRM_HUMAN|Recruitment |Transducer|HEK-293|Arrestin-3 (β-arrestin-2),1.9660333392987797,0.0252697558703332,0.0126348779351666,0.042404458858367876
10.1038/s41467-019-11875-6,OPRM_HUMAN,DAMGO,Recruitment ,Transducer,HEK-293,Arrestin-3 (β-arrestin-2),104.8,6.207,6.241,8.227361282647708,0.0225109626310437,10.1038/s41467-019-11875-6|OPRM_HUMAN|Recruitment |Transducer|HEK-293|Arrestin-3 (β-arrestin-2),1.9863612826477084,0.045597699219261933,0.022798849609630967,0.04370351971640353
10.1038/s41467-019-11875-6,OPRM_HUMAN,DAMGO,Accumulation,Downstream,HEK-293,,93.71,10.23,10.17,12.201785937879116,-0.0054206159636667,10.1038/s41467-019-11875-6|OPRM_HUMAN|Accumulation|Downstream|HEK-293|nan,2.031785937879116,0.003127575043777586,0.001563787521888793,0.04246729660915987
10.1038/s41467-019-11875-6,OPRM_HUMAN,DAMGO,Dissociation,Transducer,HEK-293,Gi1,100.9,6.643,6.585,8.64689116623691,-0.1748644558717131,10.1038/s41467-019-11875-6|OPRM_HUMAN|Dissociation|Transducer|HEK-293|Gi1,2.0618911662369106,-0.22887980850033163,-0.11443990425016581,0.23206518933237968
10.1038/s41467-019-11875-6,OPRM_HUMAN,DAMGO,Dissociation,Transducer,HEK-293,Gi2,100.4,7.195,7.209,9.196733712809,-0.1449725960958501,10.1038/s41467-019-11875-6|OPRM_HUMAN|Dissociation|Transducer|HEK-293|Gi2,1.9877337128089998,-0.13685269096250607,-0.06842634548125304,0.14218641576810676
10.1038/s41467-019-11875-6,OPRM_HUMAN,DAMGO,Binding/coupling,Downstream,HEK-293,,115.3,7.272,6.752,9.3338293072947,0.1131054419029267,10.1038/s41467-019-11875-6|OPRM_HUMAN|Binding/coupling|Downstream|HEK-293|nan,2.5818293072947,0.14055289226079903,0.07027644613039952,0.08998104984599918
10.1038/s41467-019-11875-6,OPRM_HUMAN,DAMGO,Dissociation,Transducer,HEK-293,GoA,107.4,7.636,7.424,9.667004281363536,0.0696788469734661,10.1038/s41467-019-11875-6|OPRM_HUMAN|Dissociation|Transducer|HEK-293|GoA,2.243004281363535,0.06342498855637269,0.03171249427818634,0.05665312027288403
10.1038/s41467-019-11875-6,OPRM_HUMAN,Endomorphin-1,Recruitment ,Transducer,HEK-293,Arrestin-2 (β-arrestin-1),45.44,6.108,5.847,7.765438322702963,0.0098466468437443,10.1038/s41467-019-11875-6|OPRM_HUMAN|Recruitment |Transducer|HEK-293|Arrestin-2 (β-arrestin-1),1.9184383227029622,0.04150284143685257,0.020751420718426283,0.042640239652412384
10.1038/s41467-019-11875-6,OPRM_HUMAN,Endomorphin-1,Recruitment ,Transducer,HEK-293,Arrestin-3 (β-arrestin-2),50.73,6.027,5.754,7.732264862317404,0.0144145423007397,10.1038/s41467-019-11875-6|OPRM_HUMAN|Recruitment |Transducer|HEK-293|Arrestin-3 (β-arrestin-2),1.9782648623174044,0.037501278888957934,0.018750639444478967,0.04292532958488393
10.1038/s41467-019-11875-6,OPRM_HUMAN,Endomorphin-1,Recruitment ,Transducer,HEK-293,Arrestin-3 (β-arrestin-2),84.44,6.66,6.606,8.586548224635619,0.0166979046189545,10.1038/s41467-019-11875-6|OPRM_HUMAN|Recruitment |Transducer|HEK-293|Arrestin-3 (β-arrestin-2),1.9805482246356192,0.03978464120717273,0.019892320603586366,0.04310903845007464
10.1038/s41467-019-11875-6,OPRM_HUMAN,Endomorphin-1,Recruitment ,Transducer,HEK-293,Arrestin-3 (β-arrestin-2),82.6,6.591,6.521,8.507980047320382,0.0231297273037176,10.1038/s41467-019-11875-6|OPRM_HUMAN|Recruitment |Transducer|HEK-293|Arrestin-3 (β-arrestin-2),1.9869800473203822,0.04621646389193579,0.023108231945967894,0.04377772142249517
10.1038/s41467-019-11875-6,OPRM_HUMAN,Endomorphin-1,Recruitment ,Transducer,HEK-293,Arrestin-3 (β-arrestin-2),68.26,6.334,6.211,8.16816628394262,-0.0066840360740449,10.1038/s41467-019-11875-6|OPRM_HUMAN|Recruitment |Transducer|HEK-293|Arrestin-3 (β-arrestin-2),1.9571662839426196,0.01640270051417314,0.00820135025708657,0.04250637843593356
10.1038/s41467-019-11875-6,OPRM_HUMAN,Endomorphin-1,Accumulation,Downstream,HEK-293,,93.91,9.646,9.515,11.618711840547068,0.0665052867042845,10.1038/s41467-019-11875-6|OPRM_HUMAN|Accumulation|Downstream|HEK-293|nan,2.103711840547067,0.07505347771172888,0.03752673885586444,0.05521954102904912
10.1038/s41467-019-11875-6,OPRM_HUMAN,Endomorphin-1,Dissociation,Transducer,HEK-293,Gi1,85.29,6.66,6.38,8.590898114410106,-0.0258575076985181,10.1038/s41467-019-11875-6|OPRM_HUMAN|Dissociation|Transducer|HEK-293|Gi1,2.2108981144101056,-0.07987286032713659,-0.03993643016356829,0.04413045251686762
10.1038/s41467-019-11875-6,OPRM_HUMAN,Endomorphin-1,Dissociation,Transducer,HEK-293,Gi2,91.58,7.126,6.998,9.08780063919168,-0.0429056697131731,10.1038/s41467-019-11875-6|OPRM_HUMAN|Dissociation|Transducer|HEK-293|Gi2,2.0898006391916804,-0.03478576457982552,-0.01739288228991276,0.04734317100120941
10.1038/s41467-019-11875-6,OPRM_HUMAN,Endomorphin-1,Binding/coupling,Downstream,HEK-293,,116.4,6.195,5.941,8.26095298031387,-0.1487708850779023,10.1038/s41467-019-11875-6|OPRM_HUMAN|Binding/coupling|Downstream|HEK-293|nan,2.3199529803138708,-0.12132343472003004,-0.06066171736001502,0.150950986018169
10.1038/s41467-019-11875-6,OPRM_HUMAN,Endomorphin-1,Dissociation,Transducer,HEK-293,GoA,107.4,7.549,7.466,9.580004281363538,-0.0593211530265334,10.1038/s41467-019-11875-6|OPRM_HUMAN|Dissociation|Transducer|HEK-293|GoA,2.1140042813635374,-0.0655750114436251,-0.03278750572181255,0.05233086095480457
10.1038/s41467-019-11875-6,OPRM_HUMAN,Fentanyl,Recruitment ,Transducer,HEK-293,Arrestin-2 (β-arrestin-1),26.62,6.171,5.78,7.596208051138657,-0.0923836247205613,10.1038/s41467-019-11875-6|OPRM_HUMAN|Recruitment |Transducer|HEK-293|Arrestin-2 (β-arrestin-1),1.8162080511386565,-0.060727430127453186,-0.030363715063726593,0.07034859498850471
10.1038/s41467-019-11875-6,OPRM_HUMAN,Fentanyl,Recruitment ,Transducer,HEK-293,Arrestin-3 (β-arrestin-2),27.5,6.221,5.692,7.660332693830263,0.0044823738135981,10.1038/s41467-019-11875-6|OPRM_HUMAN|Recruitment |Transducer|HEK-293|Arrestin-3 (β-arrestin-2),1.9683326938302628,0.02756911040181631,0.013784555200908155,0.04244356926329327
10.1038/s41467-019-11875-6,OPRM_HUMAN,Fentanyl,Recruitment ,Transducer,HEK-293,Arrestin-3 (β-arrestin-2),72.67,6.794,6.705,8.65535516019326,-0.0134951598234049,10.1038/s41467-019-11875-6|OPRM_HUMAN|Recruitment |Transducer|HEK-293|Arrestin-3 (β-arrestin-2),1.9503551601932596,0.009591576764813148,0.004795788382406574,0.04285915875563117
10.1038/s41467-019-11875-6,OPRM_HUMAN,Fentanyl,Recruitment ,Transducer,HEK-293,Arrestin-3 (β-arrestin-2),72.7,6.8,6.695,8.661534410859037,0.0026840908423722,10.1038/s41467-019-11875-6|OPRM_HUMAN|Recruitment |Transducer|HEK-293|Arrestin-3 (β-arrestin-2),1.9665344108590368,0.025770827430590337,0.012885413715295169,0.04241068000794292
10.1038/s41467-019-11875-6,OPRM_HUMAN,Fentanyl,Recruitment ,Transducer,HEK-293,Arrestin-3 (β-arrestin-2),52.33,6.43,6.223,8.148750734739664,-0.038099585277,10.1038/s41467-019-11875-6|OPRM_HUMAN|Recruitment |Transducer|HEK-293|Arrestin-3 (β-arrestin-2),1.9257507347396645,-0.015012848688781943,-0.007506424344390972,0.0462523050190252
10.1038/s41467-019-11875-6,OPRM_HUMAN,Fentanyl,Accumulation,Downstream,HEK-293,,94.44,10.52,10.53,12.49515597840669,-0.0720505754360925,10.1038/s41467-019-11875-6|OPRM_HUMAN|Accumulation|Downstream|HEK-293|nan,1.96515597840669,-0.0635023844286482,-0.0317511922143241,0.05779222686116548
10.1038/s41467-019-11875-6,OPRM_HUMAN,Fentanyl,Dissociation,Transducer,HEK-293,Gi1,80.97,7.475,7.148,9.383324139276178,-0.0014314828324453,10.1038/s41467-019-11875-6|OPRM_HUMAN|Dissociation|Transducer|HEK-293|Gi1,2.2353241392761785,-0.05544683546106377,-0.027723417730531885,0.04239753044337474
10.1038/s41467-019-11875-6,OPRM_HUMAN,Fentanyl,Dissociation,Transducer,HEK-293,Gi2,97.09,7.648,7.615,9.63517450108754,-0.1125318078173114,10.1038/s41467-019-11875-6|OPRM_HUMAN|Dissociation|Transducer|HEK-293|Gi2,2.0201745010875403,-0.10441190268396561,-0.052205951341982804,0.08931749765130732
10.1038/s41467-019-11875-6,OPRM_HUMAN,Fentanyl,Binding/coupling,Downstream,HEK-293,,83.54,7.476,6.941,9.397894470929105,-0.0118293944626701,10.1038/s41467-019-11875-6|OPRM_HUMAN|Binding/coupling|Downstream|HEK-293|nan,2.4568944709291047,0.01561805589520393,0.007809027947601965,0.04275058503351668
10.1038/s41467-019-11875-6,OPRM_HUMAN,Fentanyl,Dissociation,Transducer,HEK-293,GoA,102.7,8.156,8.037,10.16757044359728,-0.0427549907927922,10.1038/s41467-019-11875-6|OPRM_HUMAN|Dissociation|Transducer|HEK-293|GoA,2.1305704435972785,-0.04900884920988391,-0.024504424604941955,0.047306616236519806
10.1038/s41467-019-11875-6,OPRM_HUMAN,Loperamide,Recruitment ,Transducer,HEK-293,Arrestin-2 (β-arrestin-1),75.4,6.27,6.159,8.147371345869773,0.0797796700105557,10.1038/s41467-019-11875-6|OPRM_HUMAN|Recruitment |Transducer|HEK-293|Arrestin-2 (β-arrestin-1),1.9883713458697736,0.11143586460366395,0.055717932301831974,0.06193955484905725
10.1038/s41467-019-11875-6,OPRM_HUMAN,Loperamide,Recruitment ,Transducer,HEK-293,Arrestin-3 (β-arrestin-2),81.41,6.059,5.982,7.969677754742706,0.0238274347260407,10.1038/s41467-019-11875-6|OPRM_HUMAN|Recruitment |Transducer|HEK-293|Arrestin-3 (β-arrestin-2),1.9876777547427054,0.0469141713142589,0.02345708565712945,0.043863953853862006
10.1038/s41467-019-11875-6,OPRM_HUMAN,Loperamide,Recruitment ,Transducer,HEK-293,Arrestin-3 (β-arrestin-2),89.42,6.649,6.589,8.600434665532013,0.0475843455153484,10.1038/s41467-019-11875-6|OPRM_HUMAN|Recruitment |Transducer|HEK-293|Arrestin-3 (β-arrestin-2),2.011434665532013,0.07067108210356654,0.03533554105178327,0.048557194504046705
10.1038/s41467-019-11875-6,OPRM_HUMAN,Loperamide,Recruitment ,Transducer,HEK-293,Arrestin-3 (β-arrestin-2),89.3,6.678,6.624,8.628851458888546,0.0410011388718816,10.1038/s41467-019-11875-6|OPRM_HUMAN|Recruitment |Transducer|HEK-293|Arrestin-3 (β-arrestin-2),2.004851458888546,0.06408787546009975,0.032043937730049876,0.04689247664923522
10.1038/s41467-019-11875-6,OPRM_HUMAN,Loperamide,Recruitment ,Transducer,HEK-293,Arrestin-3 (β-arrestin-2),87.73,6.361,6.321,8.304148129358563,0.0192978093418982,10.1038/s41467-019-11875-6|OPRM_HUMAN|Recruitment |Transducer|HEK-293|Arrestin-3 (β-arrestin-2),1.9831481293585629,0.042384545930116424,0.021192272965058212,0.04335219246720818
10.1038/s41467-019-11875-6,OPRM_HUMAN,Loperamide,Accumulation,Downstream,HEK-293,,97.73,9.727,9.701,11.717027898770295,-0.0211786550724877,10.1038/s41467-019-11875-6|OPRM_HUMAN|Accumulation|Downstream|HEK-293|nan,2.016027898770295,-0.012630464065043423,-0.0063152320325217115,0.04355095894554535
10.1038/s41467-019-11875-6,OPRM_HUMAN,Loperamide,Dissociation,Transducer,HEK-293,Gi1,110.9,8.038,7.885,10.08293154614916,-0.0388240759594635,10.1038/s41467-019-11875-6|OPRM_HUMAN|Dissociation|Transducer|HEK-293|Gi1,2.19793154614916,-0.09283942858808203,-0.046419714294041015,0.04640698184033803
10.1038/s41467-019-11875-6,OPRM_HUMAN,Loperamide,Dissociation,Transducer,HEK-293,Gi2,103.1,8.21,8.056,10.223258665283517,0.0345523563786658,10.1038/s41467-019-11875-6|OPRM_HUMAN|Dissociation|Transducer|HEK-293|Gi2,2.1672586652835175,0.042672261512011644,0.021336130756005822,0.04554339510635165
10.1038/s41467-019-11875-6,OPRM_HUMAN,Loperamide,Binding/coupling,Downstream,HEK-293,,181.8,6.657,6.96,8.916593878885948,-0.5121299865058253,10.1038/s41467-019-11875-6|OPRM_HUMAN|Binding/coupling|Downstream|HEK-293|nan,1.9565938788859478,-0.484682536147953,-0.2423412680739765,0.9999984197588256
10.1038/s41467-019-11875-6,OPRM_HUMAN,Loperamide,Dissociation,Transducer,HEK-293,GoA,121.6,8.785,8.895,10.869933574936717,-0.1983918594533538,10.1038/s41467-019-11875-6|OPRM_HUMAN|Dissociation|Transducer|HEK-293|GoA,1.974933574936717,-0.2046457178704455,-0.10232285893522275,0.3441069581774612
10.1038/s41467-019-11875-6,OPRM_HUMAN,Meptazinol,Accumulation,Downstream,HEK-293,,91.15,8.11,8.021,10.069756672990994,0.011550119148211,10.1038/s41467-019-11875-6|OPRM_HUMAN|Accumulation|Downstream|HEK-293|nan,2.0487566729909936,0.02009831015565533,0.010049155077827665,0.04273380358759689
10.1038/s41467-019-11875-6,OPRM_HUMAN,Meptazinol,Dissociation,Transducer,HEK-293,Gi1,39.86,6.16,5.231,7.760537294364469,0.2927816722558454,10.1038/s41467-019-11875-6|OPRM_HUMAN|Dissociation|Transducer|HEK-293|Gi1,2.529537294364469,0.23876631962722694,0.11938315981361347,0.906128315195047
10.1038/s41467-019-11875-6,OPRM_HUMAN,Meptazinol,Dissociation,Transducer,HEK-293,Gi2,62.68,6.586,6.099,8.383128987796553,0.1514226788917012,10.1038/s41467-019-11875-6|OPRM_HUMAN|Dissociation|Transducer|HEK-293|Gi2,2.284128987796553,0.15954258402504706,0.07977129201252353,0.1574723830204651
10.1038/s41467-019-11875-6,OPRM_HUMAN,Meptazinol,Binding/coupling,Downstream,HEK-293,,84.82,5.567,4.837,7.495498268123691,0.1897744027319179,10.1038/s41467-019-11875-6|OPRM_HUMAN|Binding/coupling|Downstream|HEK-293|nan,2.658498268123691,0.21722185308979025,0.10861092654489513,0.2983499434590681
10.1038/s41467-019-11875-6,OPRM_HUMAN,Meptazinol,Dissociation,Transducer,HEK-293,GoA,69.87,6.709,6.31,8.553290743254342,0.0699653088642717,10.1038/s41467-019-11875-6|OPRM_HUMAN|Dissociation|Transducer|HEK-293|GoA,2.2432907432543425,0.06371145044718007,0.03185572522359004,0.05678756518554008
10.1038/s41467-019-11875-6,OPRM_HUMAN,Met-enkephalin,Recruitment ,Transducer,HEK-293,Arrestin-2 (β-arrestin-1),99.47,5.911,5.896,7.908692117941726,0.1041004420825082,10.1038/s41467-019-11875-6|OPRM_HUMAN|Recruitment |Transducer|HEK-293|Arrestin-2 (β-arrestin-1),2.012692117941726,0.13575663667561644,0.06787831833780822,0.08041423444037388
10.1038/s41467-019-11875-6,OPRM_HUMAN,Met-enkephalin,Recruitment ,Transducer,HEK-293,Arrestin-3 (β-arrestin-2),98.47,5.997,5.967,7.990303937919474,0.0594536179028102,10.1038/s41467-019-11875-6|OPRM_HUMAN|Recruitment |Transducer|HEK-293|Arrestin-3 (β-arrestin-2),2.023303937919474,0.08254035449102748,0.04127017724551374,0.052379896086550554
10.1038/s41467-019-11875-6,OPRM_HUMAN,Met-enkephalin,Recruitment ,Transducer,HEK-293,Arrestin-3 (β-arrestin-2),100.3,6.644,6.658,8.645300933020419,0.0234506130037539,10.1038/s41467-019-11875-6|OPRM_HUMAN|Recruitment |Transducer|HEK-293|Arrestin-3 (β-arrestin-2),1.9873009330204185,0.04653734959197209,0.023268674795986044,0.04381704261711163
10.1038/s41467-019-11875-6,OPRM_HUMAN,Met-enkephalin,Recruitment ,Transducer,HEK-293,Arrestin-3 (β-arrestin-2),99.88,6.646,6.648,8.64547853367931,0.0336282136626451,10.1038/s41467-019-11875-6|OPRM_HUMAN|Recruitment |Transducer|HEK-293|Arrestin-3 (β-arrestin-2),1.9974785336793097,0.05671495025086326,0.02835747512543163,0.04537165337046743
10.1038/s41467-019-11875-6,OPRM_HUMAN,Met-enkephalin,Recruitment ,Transducer,HEK-293,Arrestin-3 (β-arrestin-2),99.06,6.362,6.362,8.357898323646438,0.0320480036297734,10.1038/s41467-019-11875-6|OPRM_HUMAN|Recruitment |Transducer|HEK-293|Arrestin-3 (β-arrestin-2),1.995898323646438,0.055134740217991585,0.027567370108995792,0.045090119469273555
10.1038/s41467-019-11875-6,OPRM_HUMAN,Met-enkephalin,Accumulation,Downstream,HEK-293,,104.1,8.555,8.62,10.572450729510535,-0.0847558243322463,10.1038/s41467-019-11875-6|OPRM_HUMAN|Accumulation|Downstream|HEK-293|nan,1.9524507295105362,-0.07620763332480207,-0.038103816662401035,0.06499607074084376
10.1038/s41467-019-11875-6,OPRM_HUMAN,Met-enkephalin,Dissociation,Transducer,HEK-293,Gi1,101.3,6.508,6.466,8.51360944536028,-0.1891461767483431,10.1038/s41467-019-11875-6|OPRM_HUMAN|Dissociation|Transducer|HEK-293|Gi1,2.0476094453602807,-0.24316152937696156,-0.12158076468848078,0.29522910999145674
10.1038/s41467-019-11875-6,OPRM_HUMAN,Met-enkephalin,Dissociation,Transducer,HEK-293,Gi2,101.8,7.267,7.315,9.27474777800074,-0.1729585309041112,10.1038/s41467-019-11875-6|OPRM_HUMAN|Dissociation|Transducer|HEK-293|Gi2,1.9597477780007404,-0.16483862577076547,-0.08241931288538273,0.22472692799157357
10.1038/s41467-019-11875-6,OPRM_HUMAN,Met-enkephalin,Binding/coupling,Downstream,HEK-293,,96.36,7.067,6.575,9.050896791326306,0.0071729259345323,10.1038/s41467-019-11875-6|OPRM_HUMAN|Binding/coupling|Downstream|HEK-293|nan,2.4758967913263055,0.034620376292404664,0.017310188146202332,0.042523701680437447
10.1038/s41467-019-11875-6,OPRM_HUMAN,Met-enkephalin,Dissociation,Transducer,HEK-293,GoA,103.9,7.519,7.403,9.535615547557178,-0.0407098868328921,10.1038/s41467-019-11875-6|OPRM_HUMAN|Dissociation|Transducer|HEK-293|GoA,2.1326155475571786,-0.04696374524998381,-0.023481872624991906,0.046825707448667174
10.1038/s41467-019-11875-6,OPRM_HUMAN,Morphine,Recruitment ,Transducer,HEK-293,Arrestin-2 (β-arrestin-1),15.11,6.435,5.809,7.614264464339024,-0.1033272115201935,10.1038/s41467-019-11875-6|OPRM_HUMAN|Recruitment |Transducer|HEK-293|Arrestin-2 (β-arrestin-1),1.8052644643390234,-0.07167101692708622,-0.03583550846354311,0.07967234233543549
10.1038/s41467-019-11875-6,OPRM_HUMAN,Morphine,Recruitment ,Transducer,HEK-293,Arrestin-3 (β-arrestin-2),18.83,6.369,5.68,7.643850320016664,0.0,10.1038/s41467-019-11875-6|OPRM_HUMAN|Recruitment |Transducer|HEK-293|Arrestin-3 (β-arrestin-2),1.9638503200166646,0.023086736588218137,0.011543368294109069,0.04239230469906874
10.1038/s41467-019-11875-6,OPRM_HUMAN,Morphine,Recruitment ,Transducer,HEK-293,Arrestin-3 (β-arrestin-2),68.35,6.805,6.686,8.63973851890384,-0.0101118011128242,10.1038/s41467-019-11875-6|OPRM_HUMAN|Recruitment |Transducer|HEK-293|Arrestin-3 (β-arrestin-2),1.9537385189038403,0.012974935475393856,0.006487467737696928,0.04265381221516466
10.1038/s41467-019-11875-6,OPRM_HUMAN,Morphine,Recruitment ,Transducer,HEK-293,Arrestin-3 (β-arrestin-2),65.14,6.869,6.723,8.682847754228854,-0.0040025657878102,10.1038/s41467-019-11875-6|OPRM_HUMAN|Recruitment |Transducer|HEK-293|Arrestin-3 (β-arrestin-2),1.9598477542288544,0.019084170800407918,0.009542085400203959,0.042433176827444276
10.1038/s41467-019-11875-6,OPRM_HUMAN,Morphine,Recruitment ,Transducer,HEK-293,Arrestin-3 (β-arrestin-2),44.03,6.548,6.274,8.191748685459526,-0.0461016345571385,10.1038/s41467-019-11875-6|OPRM_HUMAN|Recruitment |Transducer|HEK-293|Arrestin-3 (β-arrestin-2),1.917748685459526,-0.023014897968920422,-0.011507448984460211,0.04815565077933782
10.1038/s41467-019-11875-6,OPRM_HUMAN,Morphine,Accumulation,Downstream,HEK-293,,97.25,9.991,9.888,11.978889609997744,0.0536830561549628,10.1038/s41467-019-11875-6|OPRM_HUMAN|Accumulation|Downstream|HEK-293|nan,2.0908896099977436,0.062231247162405356,0.031115623581202678,0.050381248976731005
10.1038/s41467-019-11875-6,OPRM_HUMAN,Morphine,Dissociation,Transducer,HEK-293,Gi1,86.58,7.671,7.369,9.608417581477138,0.0026619593685142,10.1038/s41467-019-11875-6|OPRM_HUMAN|Dissociation|Transducer|HEK-293|Gi1,2.239417581477138,-0.05135339326010424,-0.02567669663005212,0.042410378171235955
10.1038/s41467-019-11875-6,OPRM_HUMAN,Morphine,Dissociation,Transducer,HEK-293,Gi2,98.08,7.936,7.911,9.92758045717434,-0.1161258517305112,10.1038/s41467-019-11875-6|OPRM_HUMAN|Dissociation|Transducer|HEK-293|Gi2,2.0165804571743404,-0.10800594659716545,-0.054002973298582724,0.0936064986624041
10.1038/s41467-019-11875-6,OPRM_HUMAN,Morphine,Binding/coupling,Downstream,HEK-293,,116.1,8.161,7.841,10.225832219738574,-0.0838916456531988,10.1038/s41467-019-11875-6|OPRM_HUMAN|Binding/coupling|Downstream|HEK-293|nan,2.3848322197385743,-0.056444195295326516,-0.028222097647663258,0.0644419168365843
10.1038/s41467-019-11875-6,OPRM_HUMAN,Morphine,Dissociation,Transducer,HEK-293,GoA,104.1,8.535,8.519,10.552450729510536,-0.139874704879535,10.1038/s41467-019-11875-6|OPRM_HUMAN|Dissociation|Transducer|HEK-293|GoA,2.0334507295105357,-0.1461285632966267,-0.07306428164831336,0.13141954790674434
10.1038/s41467-019-11875-6,OPRM_HUMAN,Nalfurafine (Compound 4),Accumulation,Downstream,HEK-293,,95.22,8.975,8.925,10.953728177138492,-0.008478376704291,10.1038/s41467-019-11875-6|OPRM_HUMAN|Accumulation|Downstream|HEK-293|nan,2.0287281771384915,6.981430315322612e-05,3.490715157661306e-05,0.042575989523689135
10.1038/s41467-019-11875-6,OPRM_HUMAN,Nalfurafine (Compound 4),Dissociation,Transducer,HEK-293,Gi1,22.65,7.459,6.144,8.81406820634885,0.4333125842402259,10.1038/s41467-019-11875-6|OPRM_HUMAN|Dissociation|Transducer|HEK-293|Gi1,2.6700682063488497,0.37929723161160744,0.18964861580580372,0.9998295662351558
10.1038/s41467-019-11875-6,OPRM_HUMAN,Nalfurafine (Compound 4),Dissociation,Transducer,HEK-293,Gi2,44.81,7.517,6.818,9.168374943913044,0.2176686350081924,10.1038/s41467-019-11875-6|OPRM_HUMAN|Dissociation|Transducer|HEK-293|Gi2,2.350374943913044,0.22578854014153826,0.11289427007076913,0.4647496963877297
10.1038/s41467-019-11875-6,OPRM_HUMAN,Nalfurafine (Compound 4),Binding/coupling,Downstream,HEK-293,,35.13,7.948,6.556,9.493678149792023,0.4689542844002519,10.1038/s41467-019-11875-6|OPRM_HUMAN|Binding/coupling|Downstream|HEK-293|nan,2.9376781497920232,0.49640173475812244,0.24820086737906122,0.9999773895468538
10.1038/s41467-019-11875-6,OPRM_HUMAN,Nalfurafine (Compound 4),Dissociation,Transducer,HEK-293,GoA,61.14,8.06,7.673,9.84632543439007,0.0,10.1038/s41467-019-11875-6|OPRM_HUMAN|Dissociation|Transducer|HEK-293|GoA,2.1733254343900708,-0.0062538584170916955,-0.0031269292085458478,0.04239230469906874
10.1038/s41467-019-11875-6,OPRM_HUMAN,Oxycodone,Recruitment ,Transducer,HEK-293,Arrestin-2 (β-arrestin-1),13.82,4.875,4.252,6.01550804303818,-0.1450836328210378,10.1038/s41467-019-11875-6|OPRM_HUMAN|Recruitment |Transducer|HEK-293|Arrestin-2 (β-arrestin-1),1.76350804303818,-0.11342743822792967,-0.05671371911396483,0.14243335486265862
10.1038/s41467-019-11875-6,OPRM_HUMAN,Oxycodone,Recruitment ,Transducer,HEK-293,Arrestin-3 (β-arrestin-2),11.88,5.229,4.576,6.303816440645175,-0.2360338793714893,10.1038/s41467-019-11875-6|OPRM_HUMAN|Recruitment |Transducer|HEK-293|Arrestin-3 (β-arrestin-2),1.7278164406451753,-0.2129471427832712,-0.1064735713916356,0.5943978930176851
10.1038/s41467-019-11875-6,OPRM_HUMAN,Oxycodone,Recruitment ,Transducer,HEK-293,Arrestin-3 (β-arrestin-2),58.31,5.719,5.539,7.484743041421044,-0.01810727859562,10.1038/s41467-019-11875-6|OPRM_HUMAN|Recruitment |Transducer|HEK-293|Arrestin-3 (β-arrestin-2),1.9457430414210446,0.004979457992598135,0.0024897289962990676,0.04323632663768949
10.1038/s41467-019-11875-6,OPRM_HUMAN,Oxycodone,Recruitment ,Transducer,HEK-293,Arrestin-3 (β-arrestin-2),60.37,5.744,5.559,7.524821175853472,0.0019708558368076,10.1038/s41467-019-11875-6|OPRM_HUMAN|Recruitment |Transducer|HEK-293|Arrestin-3 (β-arrestin-2),1.9658211758534723,0.02505759242502581,0.012528796212512905,0.04240221093105106
10.1038/s41467-019-11875-6,OPRM_HUMAN,Oxycodone,Recruitment ,Transducer,HEK-293,Arrestin-3 (β-arrestin-2),34.76,5.553,5.163,7.094079767776629,-0.0327705522400361,10.1038/s41467-019-11875-6|OPRM_HUMAN|Recruitment |Transducer|HEK-293|Arrestin-3 (β-arrestin-2),1.9310797677766285,-0.009683815651817973,-0.0048419078259089865,0.045216962653430844
10.1038/s41467-019-11875-6,OPRM_HUMAN,Oxycodone,Accumulation,Downstream,HEK-293,,104.6,8.709,8.765,10.728531684531257,-0.0736748693115281,10.1038/s41467-019-11875-6|OPRM_HUMAN|Accumulation|Downstream|HEK-293|nan,1.9635316845312563,-0.06512667830408203,-0.032563339152041015,0.05860721003318919
10.1038/s41467-019-11875-6,OPRM_HUMAN,Oxycodone,Dissociation,Transducer,HEK-293,Gi1,79.61,6.315,5.951,8.215967623919125,0.0282120018105018,10.1038/s41467-019-11875-6|OPRM_HUMAN|Dissociation|Transducer|HEK-293|Gi1,2.2649676239191256,-0.025803350818116577,-0.012901675409058289,0.04446902097848676
10.1038/s41467-019-11875-6,OPRM_HUMAN,Oxycodone,Dissociation,Transducer,HEK-293,Gi2,99.97,6.462,6.407,8.461869692108268,-0.077836616796584,10.1038/s41467-019-11875-6|OPRM_HUMAN|Dissociation|Transducer|HEK-293|Gi2,2.0548696921082676,-0.06971671166323823,-0.034858355831619114,0.06083113987036557
10.1038/s41467-019-11875-6,OPRM_HUMAN,Oxycodone,Binding/coupling,Downstream,HEK-293,,97.9,6.813,6.278,8.803782691803137,0.0570588264113647,10.1038/s41467-019-11875-6|OPRM_HUMAN|Binding/coupling|Downstream|HEK-293|nan,2.525782691803138,0.08450627676923705,0.04225313838461853,0.051516699884508035
10.1038/s41467-019-11875-6,OPRM_HUMAN,Oxycodone,Dissociation,Transducer,HEK-293,GoA,104.1,7.012,6.903,9.029450729510536,-0.0468747048795341,10.1038/s41467-019-11875-6|OPRM_HUMAN|Dissociation|Transducer|HEK-293|GoA,2.1264507295105366,-0.05312856329662585,-0.026564281648312926,0.0483630305774356
10.1038/s41467-019-11875-6,OPRM_HUMAN,Tramadol,Accumulation,Downstream,HEK-293,,85.7,6.287,6.29,8.219980821923198,-0.107225731919585,10.1038/s41467-019-11875-6|OPRM_HUMAN|Accumulation|Downstream|HEK-293|nan,1.9299808219231975,-0.09867754091214076,-0.04933877045607038,0.0835360527301209
10.1038/s41467-019-11875-6,OPRM_HUMAN,Tramadol,Dissociation,Transducer,HEK-293,Gi1,27.8,4.796,3.393,6.2400447959180765,0.6102891738094529,10.1038/s41467-019-11875-6|OPRM_HUMAN|Dissociation|Transducer|HEK-293|Gi1,2.8470447959180767,0.5562738211808345,0.27813691059041723,0.9999999984403695
10.1038/s41467-019-11875-6,OPRM_HUMAN,Tramadol,Dissociation,Transducer,HEK-293,Gi2,59.86,4.967,4.539,6.744136712504172,0.0724304035993208,10.1038/s41467-019-11875-6|OPRM_HUMAN|Dissociation|Transducer|HEK-293|Gi2,2.2051367125041725,0.08055030873266666,0.04027515436633333,0.05798022419770737
10.1038/s41467-019-11875-6,OPRM_HUMAN,Tramadol,Binding/coupling,Downstream,HEK-293,,74.52,4.614,3.782,6.486272846224205,0.2355489808324318,10.1038/s41467-019-11875-6|OPRM_HUMAN|Binding/coupling|Downstream|HEK-293|nan,2.704272846224205,0.26299643119030414,0.13149821559515207,0.5909301748762155
10.1038/s41467-019-11875-6,OPRM_HUMAN,Tramadol,Dissociation,Transducer,HEK-293,GoA,63.13,4.763,4.267,6.563235789327354,0.1229103549372832,10.1038/s41467-019-11875-6|OPRM_HUMAN|Dissociation|Transducer|HEK-293|GoA,2.296235789327354,0.1166564965201915,0.05832824826009575,0.10261497462051006
10.1038/s41467-019-11875-6,OPRM_RAT,Buprenorphine,Recruitment ,Transducer,HEK-293,Arrestin-3 (β-arrestin-2),2.929,7.26,5.794,7.7267193716815985,-0.032059232290269,10.1038/s41467-019-11875-6|OPRM_RAT|Recruitment |Transducer|HEK-293|Arrestin-3 (β-arrestin-2),1.932719371681599,0.009894511583004917,0.004947255791502458,0.04509206645756807
10.1038/s41467-019-11875-6,OPRM_RAT,Buprenorphine,Accumulation,Downstream,HEK-293,,105.6,7.045,6.926,9.068663918197792,-0.2389730437339103,10.1038/s41467-019-11875-6|OPRM_RAT|Accumulation|Downstream|HEK-293|nan,2.1426639181977922,-0.2129449848880527,-0.10647249244402635,0.615354471081096
10.1038/s41467-019-11875-6,OPRM_RAT,Buprenorphine,Dissociation,Transducer,HEK-293,Gi1,42.79,7.727,6.885,9.358342286483934,0.1989125482993854,10.1038/s41467-019-11875-6|OPRM_RAT|Dissociation|Transducer|HEK-293|Gi1,2.473342286483934,0.17678582271483467,0.08839291135741734,0.3470458144308564
10.1038/s41467-019-11875-6,OPRM_RAT,Buprenorphine,Dissociation,Transducer,HEK-293,Gi2,74.66,8.008,7.626,9.881087985590284,0.243886284564371,10.1038/s41467-019-11875-6|OPRM_RAT|Dissociation|Transducer|HEK-293|Gi2,2.2550879855902837,0.2630539030829464,0.1315269515414732,0.6499690229866755
10.1038/s41467-019-11875-6,OPRM_RAT,Buprenorphine,Binding/coupling,Downstream,HEK-293,,91.15,8.334,8.051,10.293756672990996,0.0333497738531178,10.1038/s41467-019-11875-6|OPRM_RAT|Binding/coupling|Downstream|HEK-293|nan,2.2427566729909962,0.06375404622223702,0.03187702311111851,0.04532093950730269
10.1038/s41467-019-11875-6,OPRM_RAT,Buprenorphine,Dissociation,Transducer,HEK-293,GoA,86.86,7.92,7.277,9.85881982502621,0.0891205358075071,10.1038/s41467-019-11875-6|OPRM_RAT|Dissociation|Transducer|HEK-293|GoA,2.5818198250262094,0.057578627534044635,0.028789313767022318,0.06795401049137287
10.1038/s41467-019-11875-6,OPRM_RAT,Compound 1,Accumulation,Downstream,HEK-293,,119.4,6.541,6.187,8.61800432679335,0.0493673648616477,10.1038/s41467-019-11875-6|OPRM_RAT|Accumulation|Downstream|HEK-293|nan,2.4310043267933503,0.0753954237075054,0.0376977118537527,0.0490613370779596
10.1038/s41467-019-11875-6,OPRM_RAT,Compound 1,Dissociation,Transducer,HEK-293,Gi1,38.14,5.846,4.973,7.427380688709987,0.1799509505254386,10.1038/s41467-019-11875-6|OPRM_RAT|Dissociation|Transducer|HEK-293|Gi1,2.4543806887099873,0.15782422494088788,0.07891211247044394,0.25287883625295515
10.1038/s41467-019-11875-6,OPRM_RAT,Compound 1,Dissociation,Transducer,HEK-293,Gi2,72.84,6.688,6.465,8.550369937122882,0.0741682360969697,10.1038/s41467-019-11875-6|OPRM_RAT|Dissociation|Transducer|HEK-293|Gi2,2.0853699371228824,0.09333585461554517,0.04666792730777258,0.05886051691328784
10.1038/s41467-019-11875-6,OPRM_RAT,Compound 1,Binding/coupling,Downstream,HEK-293,,39.7,7.398,6.856,8.996790506763116,-0.0686163923747606,10.1038/s41467-019-11875-6|OPRM_RAT|Binding/coupling|Downstream|HEK-293|nan,2.140790506763116,-0.038212120005643335,-0.019106060002821668,0.056161859699206784
10.1038/s41467-019-11875-6,OPRM_RAT,Compound 1,Dissociation,Transducer,HEK-293,GoA,61.66,6.807,5.947,8.59700352039049,0.1573042311717882,10.1038/s41467-019-11875-6|OPRM_RAT|Dissociation|Transducer|HEK-293|GoA,2.6500035203904906,0.12576232289832578,0.06288116144916289,0.17320311826924037
10.1038/s41467-019-11875-6,OPRM_RAT,Compound 10,Recruitment ,Transducer,HEK-293,Arrestin-3 (β-arrestin-2),15.21,4.356,5.0,5.538129214052998,-1.42664938991887,10.1038/s41467-019-11875-6|OPRM_RAT|Recruitment |Transducer|HEK-293|Arrestin-3 (β-arrestin-2),0.5381292140529981,-1.384695646045596,-0.692347823022798,1.0
10.1038/s41467-019-11875-6,OPRM_RAT,Compound 10,Recruitment ,Transducer,HEK-293,Arrestin-3 (β-arrestin-2),44.65,4.949,4.861,6.598821463224565,-0.2269571407473023,10.1038/s41467-019-11875-6|OPRM_RAT|Recruitment |Transducer|HEK-293|Arrestin-3 (β-arrestin-2),1.7378214632245657,-0.18500339687402834,-0.09250169843701417,0.5295136618586292
10.1038/s41467-019-11875-6,OPRM_RAT,Compound 10,Recruitment ,Transducer,HEK-293,Arrestin-3 (β-arrestin-2),35.44,5.62,5.27,7.169493713215013,-0.0652848907568541,10.1038/s41467-019-11875-6|OPRM_RAT|Recruitment |Transducer|HEK-293|Arrestin-3 (β-arrestin-2),1.8994937132150138,-0.02333114688358018,-0.01166557344179009,0.054694815461857
10.1038/s41467-019-11875-6,OPRM_RAT,Compound 10,Recruitment ,Transducer,HEK-293,Arrestin-3 (β-arrestin-2),21.3,5.203,4.653,6.531379603438738,-0.0863990005331292,10.1038/s41467-019-11875-6|OPRM_RAT|Recruitment |Transducer|HEK-293|Arrestin-3 (β-arrestin-2),1.8783796034387388,-0.044445256659855215,-0.022222628329927607,0.06607797417558776
10.1038/s41467-019-11875-6,OPRM_RAT,Compound 10,Accumulation,Downstream,HEK-293,,124.4,5.563,5.349,7.657820380354799,-0.0728165815769035,10.1038/s41467-019-11875-6|OPRM_RAT|Accumulation|Downstream|HEK-293|nan,2.308820380354799,-0.046788522731045834,-0.023394261365522917,0.05817297075857352
10.1038/s41467-019-11875-6,OPRM_RAT,Compound 10,Dissociation,Transducer,HEK-293,Gi1,91.12,6.072,5.799,8.031613711071044,-0.041816027113505,10.1038/s41467-019-11875-6|OPRM_RAT|Dissociation|Transducer|HEK-293|Gi1,2.2326137110710436,-0.06394275269805583,-0.031971376349027913,0.04708231042429297
10.1038/s41467-019-11875-6,OPRM_RAT,Compound 10,Dissociation,Transducer,HEK-293,Gi2,89.32,6.554,6.504,8.5049487143994,-0.0102529866265115,10.1038/s41467-019-11875-6|OPRM_RAT|Dissociation|Transducer|HEK-293|Gi2,2.000948714399401,0.008914631892063873,0.004457315946031937,0.042661188002663435
10.1038/s41467-019-11875-6,OPRM_RAT,Compound 10,Binding/coupling,Downstream,HEK-293,,123.5,5.116,4.937,7.207666957595684,0.0612600584578073,10.1038/s41467-019-11875-6|OPRM_RAT|Binding/coupling|Downstream|HEK-293|nan,2.270666957595684,0.09166433082692471,0.045832165413462356,0.05306399502039168
10.1038/s41467-019-11875-6,OPRM_RAT,Compound 10,Dissociation,Transducer,HEK-293,GoA,100.3,5.945,5.35,7.946300933020418,0.1036016438017162,10.1038/s41467-019-11875-6|OPRM_RAT|Dissociation|Transducer|HEK-293|GoA,2.5963009330204185,0.07205973552825373,0.036029867764126866,0.07993430123281059
10.1038/s41467-019-11875-6,OPRM_RAT,Compound 11,Recruitment ,Transducer,HEK-293,Arrestin-3 (β-arrestin-2),12.02,5.427,4.442,6.50690446766672,0.1001258636948518,10.1038/s41467-019-11875-6|OPRM_RAT|Recruitment |Transducer|HEK-293|Arrestin-3 (β-arrestin-2),2.06490446766672,0.14207960756812588,0.07103980378406294,0.07672345586907586
10.1038/s41467-019-11875-6,OPRM_RAT,Compound 11,Accumulation,Downstream,HEK-293,,119.0,7.462,7.015,9.53754696139253,0.1409099994608285,10.1038/s41467-019-11875-6|OPRM_RAT|Accumulation|Downstream|HEK-293|nan,2.522546961392531,0.16693805830668618,0.08346902915334309,0.13351802278768324
10.1038/s41467-019-11875-6,OPRM_RAT,Compound 11,Dissociation,Transducer,HEK-293,Gi1,79.41,5.934,5.456,7.833875196021011,0.1034454578364618,10.1038/s41467-019-11875-6|OPRM_RAT|Dissociation|Transducer|HEK-293|Gi1,2.3778751960210105,0.08131873225191111,0.040659366125955554,0.07978503270878821
10.1038/s41467-019-11875-6,OPRM_RAT,Compound 11,Dissociation,Transducer,HEK-293,Gi2,92.3,6.46,6.414,8.425201701025912,0.0,10.1038/s41467-019-11875-6|OPRM_RAT|Dissociation|Transducer|HEK-293|Gi2,2.0112017010259127,0.019167618518575402,0.009583809259287701,0.04239230469906874
10.1038/s41467-019-11875-6,OPRM_RAT,Compound 11,Binding/coupling,Downstream,HEK-293,,51.63,6.651,6.129,8.363902125047222,0.0254952259093457,10.1038/s41467-019-11875-6|OPRM_RAT|Binding/coupling|Downstream|HEK-293|nan,2.2349021250472223,0.05589949827846308,0.02794974913923154,0.04408118152004245
10.1038/s41467-019-11875-6,OPRM_RAT,Compound 11,Dissociation,Transducer,HEK-293,GoA,143.8,6.429,6.109,8.586758886046864,-0.0149404031718383,10.1038/s41467-019-11875-6|OPRM_RAT|Dissociation|Transducer|HEK-293|GoA,2.477758886046864,-0.046482311445300795,-0.023241155722650397,0.04296518430109995
10.1038/s41467-019-11875-6,OPRM_RAT,Compound 12,Recruitment ,Transducer,HEK-293,Arrestin-2 (β-arrestin-1),14.44,4.556,3.893,5.71556719323362,-0.1907031959614791,10.1038/s41467-019-11875-6|OPRM_RAT|Recruitment |Transducer|HEK-293|Arrestin-2 (β-arrestin-1),1.8225671932336205,-0.17391781309552745,-0.08695890654776373,0.30301762033779955
10.1038/s41467-019-11875-6,OPRM_RAT,Compound 12,Recruitment ,Transducer,HEK-293,Arrestin-3 (β-arrestin-2),13.88,4.646,4.198,5.788389466118836,-0.3743891378530319,10.1038/s41467-019-11875-6|OPRM_RAT|Recruitment |Transducer|HEK-293|Arrestin-3 (β-arrestin-2),1.590389466118836,-0.33243539397975796,-0.16621769698987898,0.9966229894667091
10.1038/s41467-019-11875-6,OPRM_RAT,Compound 12,Recruitment ,Transducer,HEK-293,Arrestin-3 (β-arrestin-2),42.92,6.291,6.008,7.9236597132939135,-0.0491188906779544,10.1038/s41467-019-11875-6|OPRM_RAT|Recruitment |Transducer|HEK-293|Arrestin-3 (β-arrestin-2),1.9156597132939135,-0.0071651468046805,-0.00358257340234025,0.04898966939129329
10.1038/s41467-019-11875-6,OPRM_RAT,Compound 12,Recruitment ,Transducer,HEK-293,Arrestin-3 (β-arrestin-2),53.63,6.439,6.257,8.168407796963068,-0.0533708070087994,10.1038/s41467-019-11875-6|OPRM_RAT|Recruitment |Transducer|HEK-293|Arrestin-3 (β-arrestin-2),1.9114077969630685,-0.011417063135525485,-0.005708531567762742,0.0502808827824079
10.1038/s41467-019-11875-6,OPRM_RAT,Compound 12,Recruitment ,Transducer,HEK-293,Arrestin-3 (β-arrestin-2),32.58,5.944,5.745,7.456951079972491,-0.2528275239993771,10.1038/s41467-019-11875-6|OPRM_RAT|Recruitment |Transducer|HEK-293|Arrestin-3 (β-arrestin-2),1.7119510799724909,-0.21087378012610314,-0.10543689006305157,0.710515135639052
10.1038/s41467-019-11875-6,OPRM_RAT,Compound 12,Accumulation,Downstream,HEK-293,,94.44,7.36,6.953,9.33515597840669,0.0005190164749864,10.1038/s41467-019-11875-6|OPRM_RAT|Accumulation|Downstream|HEK-293|nan,2.382155978406689,0.026547075320844105,0.013273537660422052,0.042392991634530953
10.1038/s41467-019-11875-6,OPRM_RAT,Compound 12,Dissociation,Transducer,HEK-293,Gi1,94.2,6.973,6.645,8.947050902792878,0.0276211646083295,10.1038/s41467-019-11875-6|OPRM_RAT|Dissociation|Transducer|HEK-293|Gi1,2.302050902792878,0.005494439023778774,0.002747219511889387,0.04438105228462736
10.1038/s41467-019-11875-6,OPRM_RAT,Compound 12,Dissociation,Transducer,HEK-293,Gi2,89.07,7.424,7.236,9.373731452315708,0.1265297512897953,10.1038/s41467-019-11875-6|OPRM_RAT|Dissociation|Transducer|HEK-293|Gi2,2.137731452315708,0.14569736980837078,0.07284868490418539,0.10795628822890606
10.1038/s41467-019-11875-6,OPRM_RAT,Compound 12,Binding/coupling,Downstream,HEK-293,,97.36,7.781,7.589,9.769380565222008,-0.0290263339158691,10.1038/s41467-019-11875-6|OPRM_RAT|Binding/coupling|Downstream|HEK-293|nan,2.1803805652220074,0.0013779384532481842,0.0006889692266240921,0.04459360026878535
10.1038/s41467-019-11875-6,OPRM_RAT,Compound 12,Dissociation,Transducer,HEK-293,GoA,143.1,7.285,7.078,9.440639633759776,-0.1300596554589264,10.1038/s41467-019-11875-6|OPRM_RAT|Dissociation|Transducer|HEK-293|GoA,2.362639633759776,-0.16160156373238888,-0.08080078186619444,0.11355887212377688
10.1038/s41467-019-11875-6,OPRM_RAT,Compound 13,Recruitment ,Transducer,HEK-293,Arrestin-2 (β-arrestin-1),52.85,4.951,4.655,6.674044991643445,0.0057746024483451,10.1038/s41467-019-11875-6|OPRM_RAT|Recruitment |Transducer|HEK-293|Arrestin-2 (β-arrestin-1),2.0190449916434448,0.022559985314296815,0.011279992657148408,0.04247742061949461
10.1038/s41467-019-11875-6,OPRM_RAT,Compound 13,Recruitment ,Transducer,HEK-293,Arrestin-3 (β-arrestin-2),36.82,5.314,4.928,6.880083784167996,-0.0126948198038716,10.1038/s41467-019-11875-6|OPRM_RAT|Recruitment |Transducer|HEK-293|Arrestin-3 (β-arrestin-2),1.9520837841679963,0.029258924069402337,0.014629462034701168,0.04280517744521298
10.1038/s41467-019-11875-6,OPRM_RAT,Compound 13,Recruitment ,Transducer,HEK-293,Arrestin-3 (β-arrestin-2),75.44,5.685,5.54,7.562601679729272,0.0578230757574038,10.1038/s41467-019-11875-6|OPRM_RAT|Recruitment |Transducer|HEK-293|Arrestin-3 (β-arrestin-2),2.022601679729272,0.09977681963067786,0.04988840981533893,0.05178685580799731
10.1038/s41467-019-11875-6,OPRM_RAT,Compound 13,Recruitment ,Transducer,HEK-293,Arrestin-3 (β-arrestin-2),85.67,5.83,6.236,7.762828766900847,-0.4379498370710211,10.1038/s41467-019-11875-6|OPRM_RAT|Recruitment |Transducer|HEK-293|Arrestin-3 (β-arrestin-2),1.526828766900847,-0.3959960931977471,-0.19799804659887354,0.999867763949235
10.1038/s41467-019-11875-6,OPRM_RAT,Compound 13,Recruitment ,Transducer,HEK-293,Arrestin-3 (β-arrestin-2),70.37,5.451,5.317,7.298387551027395,0.016608947055527,10.1038/s41467-019-11875-6|OPRM_RAT|Recruitment |Transducer|HEK-293|Arrestin-3 (β-arrestin-2),1.981387551027395,0.058562690928801064,0.029281345464400532,0.04310136154888311
10.1038/s41467-019-11875-6,OPRM_RAT,Compound 13,Accumulation,Downstream,HEK-293,,122.0,6.201,5.986,8.287359830674749,-0.0802771312569534,10.1038/s41467-019-11875-6|OPRM_RAT|Accumulation|Downstream|HEK-293|nan,2.301359830674749,-0.05424907241109578,-0.02712453620554789,0.06223080060043341
10.1038/s41467-019-11875-6,OPRM_RAT,Compound 13,Dissociation,Transducer,HEK-293,Gi1,108.5,6.581,6.342,8.616429738184548,0.0,10.1038/s41467-019-11875-6|OPRM_RAT|Dissociation|Transducer|HEK-293|Gi1,2.2744297381845486,-0.022126725584550755,-0.011063362792275377,0.04239230469906874
10.1038/s41467-019-11875-6,OPRM_RAT,Compound 13,Dissociation,Transducer,HEK-293,Gi2,91.94,6.808,6.816,8.771504499414291,-0.055697201611621,10.1038/s41467-019-11875-6|OPRM_RAT|Dissociation|Transducer|HEK-293|Gi2,1.9555044994142916,-0.03652958309304566,-0.01826479154652283,0.05104748388901949
10.1038/s41467-019-11875-6,OPRM_RAT,Compound 13,Binding/coupling,Downstream,HEK-293,,226.0,4.809,5.287,7.1631084391474005,-0.333298459990476,10.1038/s41467-019-11875-6|OPRM_RAT|Binding/coupling|Downstream|HEK-293|nan,1.8761084391474006,-0.30289418762135867,-0.15144709381067933,0.9793810433313398
10.1038/s41467-019-11875-6,OPRM_RAT,Compound 13,Dissociation,Transducer,HEK-293,GoA,142.9,6.642,6.429,8.797032228790972,-0.1246670604277309,10.1038/s41467-019-11875-6|OPRM_RAT|Dissociation|Transducer|HEK-293|GoA,2.3680322287909714,-0.15620896870119338,-0.07810448435059669,0.10515822222849709
10.1038/s41467-019-11875-6,OPRM_RAT,Compound 14,Recruitment ,Transducer,HEK-293,Arrestin-2 (β-arrestin-1),19.1,5.611,4.822,6.892033367247727,0.0567629780526273,10.1038/s41467-019-11875-6|OPRM_RAT|Recruitment |Transducer|HEK-293|Arrestin-2 (β-arrestin-1),2.070033367247727,0.07354836091857897,0.036774180459289485,0.05141343895853144
10.1038/s41467-019-11875-6,OPRM_RAT,Compound 14,Accumulation,Downstream,HEK-293,,83.9,7.591,7.04,9.5147619608287,0.0931249988969975,10.1038/s41467-019-11875-6|OPRM_RAT|Accumulation|Downstream|HEK-293|nan,2.4747619608287,0.11915305774285523,0.059576528871427614,0.07091570208523199
10.1038/s41467-019-11875-6,OPRM_RAT,Compound 14,Dissociation,Transducer,HEK-293,Gi1,50.63,5.983,5.299,7.68740792738684,0.1139781892022915,10.1038/s41467-019-11875-6|OPRM_RAT|Dissociation|Transducer|HEK-293|Gi1,2.3884079273868393,0.09185146361773988,0.04592573180886994,0.09100568290951676
10.1038/s41467-019-11875-6,OPRM_RAT,Compound 14,Dissociation,Transducer,HEK-293,Gi2,58.02,6.809,6.398,8.572577724466646,0.1633760234407333,10.1038/s41467-019-11875-6|OPRM_RAT|Dissociation|Transducer|HEK-293|Gi2,2.174577724466646,0.18254364195930872,0.09127182097965436,0.19142408388266272
10.1038/s41467-019-11875-6,OPRM_RAT,Compound 14,Binding/coupling,Downstream,HEK-293,,51.6,6.746,6.31,8.458649701627213,-0.0607571975106635,10.1038/s41467-019-11875-6|OPRM_RAT|Binding/coupling|Downstream|HEK-293|nan,2.148649701627213,-0.030352925141546194,-0.015176462570773097,0.05287065696376797
10.1038/s41467-019-11875-6,OPRM_RAT,Compound 14,Dissociation,Transducer,HEK-293,GoA,75.98,6.307,5.695,8.187699289218703,0.0,10.1038/s41467-019-11875-6|OPRM_RAT|Dissociation|Transducer|HEK-293|GoA,2.4926992892187023,-0.03154190827346248,-0.01577095413673124,0.04239230469906874
10.1038/s41467-019-11875-6,OPRM_RAT,Compound 15,Recruitment ,Transducer,HEK-293,Arrestin-3 (β-arrestin-2),6.437,5.257,4.111,6.065683509128969,-0.0100950948428986,10.1038/s41467-019-11875-6|OPRM_RAT|Recruitment |Transducer|HEK-293|Arrestin-3 (β-arrestin-2),1.9546835091289694,0.031858649030375386,0.015929324515187693,0.04265294629593681
10.1038/s41467-019-11875-6,OPRM_RAT,Compound 15,Recruitment ,Transducer,HEK-293,Arrestin-3 (β-arrestin-2),10.02,5.136,4.083,6.136867721531227,0.0890891175593591,10.1038/s41467-019-11875-6|OPRM_RAT|Recruitment |Transducer|HEK-293|Arrestin-3 (β-arrestin-2),2.053867721531227,0.1310428614326331,0.06552143071631655,0.0679317376684781
10.1038/s41467-019-11875-6,OPRM_RAT,Compound 15,Accumulation,Downstream,HEK-293,,61.75,6.818,6.227,8.608636961931703,0.0,10.1038/s41467-019-11875-6|OPRM_RAT|Accumulation|Downstream|HEK-293|nan,2.3816369619317026,0.026028058845857682,0.013014029422928841,0.04239230469906874
10.1038/s41467-019-11875-6,OPRM_RAT,Compound 15,Dissociation,Transducer,HEK-293,Gi1,65.62,5.752,5.517,7.569036226050029,-0.2223935121345199,10.1038/s41467-019-11875-6|OPRM_RAT|Dissociation|Transducer|HEK-293|Gi1,2.0520362260500287,-0.24452023771907072,-0.12226011885953536,0.49734392537133904
10.1038/s41467-019-11875-6,OPRM_RAT,Compound 15,Dissociation,Transducer,HEK-293,Gi2,74.29,6.656,6.475,8.526930358348695,0.0407286573227825,10.1038/s41467-019-11875-6|OPRM_RAT|Dissociation|Transducer|HEK-293|Gi2,2.051930358348695,0.05989627584135793,0.029948137920678963,0.046829993494459446
10.1038/s41467-019-11875-6,OPRM_RAT,Compound 15,Binding/coupling,Downstream,HEK-293,,20.98,8.249,7.33,9.57080548385754,0.0313985847196622,10.1038/s41467-019-11875-6|OPRM_RAT|Binding/coupling|Downstream|HEK-293|nan,2.2408054838575406,0.061802857088781415,0.030901428544390708,0.04497880764072816
10.1038/s41467-019-11875-6,OPRM_RAT,Compound 15,Dissociation,Transducer,HEK-293,GoA,89.05,6.231,5.707,8.180633923799263,-0.019065365419439,10.1038/s41467-019-11875-6|OPRM_RAT|Dissociation|Transducer|HEK-293|GoA,2.4736339237992633,-0.05060727369290152,-0.02530363684645076,0.04332896721566007
10.1038/s41467-019-11875-6,OPRM_RAT,Compound 16,Recruitment ,Transducer,HEK-293,Arrestin-3 (β-arrestin-2),45.49,6.337,6.202,7.994915936829955,-0.1718626671419132,10.1038/s41467-019-11875-6|OPRM_RAT|Recruitment |Transducer|HEK-293|Arrestin-3 (β-arrestin-2),1.7929159368299548,-0.12990892326863923,-0.06495446163431962,0.2206183911094455
10.1038/s41467-019-11875-6,OPRM_RAT,Compound 16,Recruitment ,Transducer,HEK-293,Arrestin-3 (β-arrestin-2),45.74,6.73,6.465,8.39029616027073,-0.0394824437011385,10.1038/s41467-019-11875-6|OPRM_RAT|Recruitment |Transducer|HEK-293|Arrestin-3 (β-arrestin-2),1.9252961602707295,0.002471300172135482,0.001235650086067741,0.04655050650188034
10.1038/s41467-019-11875-6,OPRM_RAT,Compound 16,Recruitment ,Transducer,HEK-293,Arrestin-3 (β-arrestin-2),24.14,6.411,5.905,7.7937372657613295,-0.0760413382105387,10.1038/s41467-019-11875-6|OPRM_RAT|Recruitment |Transducer|HEK-293|Arrestin-3 (β-arrestin-2),1.8887372657613293,-0.034087594337264715,-0.017043797168632357,0.059847252299719635
10.1038/s41467-019-11875-6,OPRM_RAT,Compound 16,Accumulation,Downstream,HEK-293,,57.29,15.48,14.65,17.238078822249612,0.2064418603179092,10.1038/s41467-019-11875-6|OPRM_RAT|Accumulation|Downstream|HEK-293|nan,2.588078822249612,0.2324699191637669,0.11623495958188346,0.39166213259151655
10.1038/s41467-019-11875-6,OPRM_RAT,Compound 16,Dissociation,Transducer,HEK-293,Gi1,86.15,7.706,7.394,9.641255281784048,-0.0271744564005009,10.1038/s41467-019-11875-6|OPRM_RAT|Dissociation|Transducer|HEK-293|Gi1,2.2472552817840477,-0.049301181985051734,-0.024650590992525867,0.044315885913956854
10.1038/s41467-019-11875-6,OPRM_RAT,Compound 16,Dissociation,Transducer,HEK-293,Gi2,98.77,7.734,7.615,9.728625053768605,0.1024233527426918,10.1038/s41467-019-11875-6|OPRM_RAT|Dissociation|Transducer|HEK-293|Gi2,2.1136250537686045,0.12159097126126728,0.06079548563063364,0.07881995869425333
10.1038/s41467-019-11875-6,OPRM_RAT,Compound 16,Binding/coupling,Downstream,HEK-293,,115.9,8.203,7.766,10.267083435963595,0.2916765368257188,10.1038/s41467-019-11875-6|OPRM_RAT|Binding/coupling|Downstream|HEK-293|nan,2.5010834359635954,0.32208080919483617,0.16104040459741809,0.9026197922826285
10.1038/s41467-019-11875-6,OPRM_RAT,Compound 16,Dissociation,Transducer,HEK-293,GoA,110.6,7.957,7.512,10.00075512696868,-0.0039441622500229,10.1038/s41467-019-11875-6|OPRM_RAT|Dissociation|Transducer|HEK-293|GoA,2.488755126968681,-0.035486070523483626,-0.017743035261741813,0.04243199222675529
10.1038/s41467-019-11875-6,OPRM_RAT,Compound 3,Accumulation,Downstream,HEK-293,,108.3,7.652,7.288,9.68662845662532,0.0169914946936184,10.1038/s41467-019-11875-6|OPRM_RAT|Accumulation|Downstream|HEK-293|nan,2.3986284566253193,0.0430195535394744,0.0215097767697372,0.04313467528128094
10.1038/s41467-019-11875-6,OPRM_RAT,Compound 3,Dissociation,Transducer,HEK-293,Gi1,25.03,7.782,6.148,9.180460849608224,0.7580311114236755,10.1038/s41467-019-11875-6|OPRM_RAT|Dissociation|Transducer|HEK-293|Gi1,3.032460849608224,0.7359043858391248,0.3679521929195624,0.9999999999999952
10.1038/s41467-019-11875-6,OPRM_RAT,Compound 3,Dissociation,Transducer,HEK-293,Gi2,65.41,7.768,7.207,9.583644149131963,0.3654424481060525,10.1038/s41467-019-11875-6|OPRM_RAT|Dissociation|Transducer|HEK-293|Gi2,2.3766441491319634,0.38461006662462616,0.19230503331231308,0.9948908232548942
10.1038/s41467-019-11875-6,OPRM_RAT,Compound 3,Binding/coupling,Downstream,HEK-293,,64.91,5.27,5.005,7.082311609131123,-0.1320952900067533,10.1038/s41467-019-11875-6|OPRM_RAT|Binding/coupling|Downstream|HEK-293|nan,2.0773116091311232,-0.101691017637636,-0.050845508818818,0.11697729702461973
10.1038/s41467-019-11875-6,OPRM_RAT,Compound 3,Dissociation,Transducer,HEK-293,GoA,75.63,7.551,6.676,9.429694100396109,0.2609948111774063,10.1038/s41467-019-11875-6|OPRM_RAT|Dissociation|Transducer|HEK-293|GoA,2.7536941003961086,0.22945290290394382,0.11472645145197191,0.7616051660408437
10.1038/s41467-019-11875-6,OPRM_RAT,Compound 5,Recruitment ,Transducer,HEK-293,Arrestin-2 (β-arrestin-1),114.3,6.699,6.83,8.757046230395282,-0.0862241587998173,10.1038/s41467-019-11875-6|OPRM_RAT|Recruitment |Transducer|HEK-293|Arrestin-2 (β-arrestin-1),1.9270462303952822,-0.06943877593386572,-0.03471938796693286,0.06596107004295196
10.1038/s41467-019-11875-6,OPRM_RAT,Compound 5,Recruitment ,Transducer,HEK-293,Arrestin-3 (β-arrestin-2),89.8,6.685,6.645,8.638276336667303,0.0284977326954356,10.1038/s41467-019-11875-6|OPRM_RAT|Recruitment |Transducer|HEK-293|Arrestin-3 (β-arrestin-2),1.9932763366673036,0.07045147656870965,0.035225738284354824,0.044512291701263446
10.1038/s41467-019-11875-6,OPRM_RAT,Compound 5,Recruitment ,Transducer,HEK-293,Arrestin-3 (β-arrestin-2),100.6,7.363,7.354,9.365597980719908,0.04681937674804,10.1038/s41467-019-11875-6|OPRM_RAT|Recruitment |Transducer|HEK-293|Arrestin-3 (β-arrestin-2),2.011597980719908,0.08877312062131404,0.04438656031065702,0.04834804564685728
10.1038/s41467-019-11875-6,OPRM_RAT,Compound 5,Recruitment ,Transducer,HEK-293,Arrestin-3 (β-arrestin-2),101.7,7.421,7.435,9.428320952922745,0.0285423489508769,10.1038/s41467-019-11875-6|OPRM_RAT|Recruitment |Transducer|HEK-293|Arrestin-3 (β-arrestin-2),1.993320952922745,0.07049609282415092,0.03524804641207546,0.04451909133578441
10.1038/s41467-019-11875-6,OPRM_RAT,Compound 5,Recruitment ,Transducer,HEK-293,Arrestin-3 (β-arrestin-2),95.76,7.032,7.019,9.013184137398357,0.0294055334264866,10.1038/s41467-019-11875-6|OPRM_RAT|Recruitment |Transducer|HEK-293|Arrestin-3 (β-arrestin-2),1.9941841373983564,0.07135927729976244,0.03567963864988122,0.04465293775526056
10.1038/s41467-019-11875-6,OPRM_RAT,Compound 5,Accumulation,Downstream,HEK-293,,96.88,10.02,9.771,12.006234130134995,-0.1464028317967081,10.1038/s41467-019-11875-6|OPRM_RAT|Accumulation|Downstream|HEK-293|nan,2.2352341301349945,-0.12037477295085042,-0.06018738647542521,0.1454093340854006
10.1038/s41467-019-11875-6,OPRM_RAT,Compound 5,Dissociation,Transducer,HEK-293,Gi1,146.1,7.159,7.148,9.323650215934297,-0.0987795222502514,10.1038/s41467-019-11875-6|OPRM_RAT|Dissociation|Transducer|HEK-293|Gi1,2.175650215934297,-0.1209062478348022,-0.0604531239174011,0.07554028952856211
10.1038/s41467-019-11875-6,OPRM_RAT,Compound 5,Dissociation,Transducer,HEK-293,Gi2,78.74,8.507,7.748,10.40319541045421,0.6439937094282966,10.1038/s41467-019-11875-6|OPRM_RAT|Dissociation|Transducer|HEK-293|Gi2,2.6551954104542093,0.663161327946872,0.331580663973436,0.9999999998904234
10.1038/s41467-019-11875-6,OPRM_RAT,Compound 5,Binding/coupling,Downstream,HEK-293,,120.7,8.947,8.79,11.028707270097348,0.0293003709594721,10.1038/s41467-019-11875-6|OPRM_RAT|Binding/coupling|Downstream|HEK-293|nan,2.2387072700973487,0.05970464332858949,0.029852321664294745,0.0446363971004232
10.1038/s41467-019-11875-6,OPRM_RAT,Compound 5,Dissociation,Transducer,HEK-293,GoA,193.7,7.356,7.326,9.643129620719112,-0.1755696684995902,10.1038/s41467-019-11875-6|OPRM_RAT|Dissociation|Transducer|HEK-293|GoA,2.317129620719112,-0.2071115767730527,-0.10355578838652635,0.23484322534630303
10.1038/s41467-019-11875-6,OPRM_RAT,Compound 6,Recruitment ,Transducer,HEK-293,Arrestin-3 (β-arrestin-2),5.451,6.587,5.633,7.323476182027696,-0.2743024219441716,10.1038/s41467-019-11875-6|OPRM_RAT|Recruitment |Transducer|HEK-293|Arrestin-3 (β-arrestin-2),1.6904761820276963,-0.23234867807089765,-0.11617433903544883,0.8332693082810283
10.1038/s41467-019-11875-6,OPRM_RAT,Compound 6,Recruitment ,Transducer,HEK-293,Arrestin-3 (β-arrestin-2),8.379,7.327,6.096,8.250192190420668,0.1894135864487998,10.1038/s41467-019-11875-6|OPRM_RAT|Recruitment |Transducer|HEK-293|Arrestin-3 (β-arrestin-2),2.154192190420668,0.2313673303220738,0.1156836651610369,0.2965539358222662
10.1038/s41467-019-11875-6,OPRM_RAT,Compound 6,Accumulation,Downstream,HEK-293,,113.6,7.498,7.208,9.553378331375,-0.036258630556702,10.1038/s41467-019-11875-6|OPRM_RAT|Accumulation|Downstream|HEK-293|nan,2.3453783313750005,-0.010230571710844405,-0.0051152858554222025,0.0458744539167516
10.1038/s41467-019-11875-6,OPRM_RAT,Compound 6,Dissociation,Transducer,HEK-293,Gi1,55.17,6.374,5.706,8.115702983957739,0.13527324577319,10.1038/s41467-019-11875-6|OPRM_RAT|Dissociation|Transducer|HEK-293|Gi1,2.4097029839577386,0.11314652018863924,0.05657326009431962,0.12260424065118185
10.1038/s41467-019-11875-6,OPRM_RAT,Compound 6,Dissociation,Transducer,HEK-293,Gi2,69.13,7.214,7.032,9.053666556882431,0.0104648558565205,10.1038/s41467-019-11875-6|OPRM_RAT|Dissociation|Transducer|HEK-293|Gi2,2.0216665568824315,0.029632474375094198,0.014816237187547099,0.04267245067434617
10.1038/s41467-019-11875-6,OPRM_RAT,Compound 6,Binding/coupling,Downstream,HEK-293,,54.71,7.454,6.933,9.19206671477747,0.0496598156395933,10.1038/s41467-019-11875-6|OPRM_RAT|Binding/coupling|Downstream|HEK-293|nan,2.25906671477747,0.08006408800871068,0.04003204400435534,0.04914628074620456
10.1038/s41467-019-11875-6,OPRM_RAT,Compound 6,Dissociation,Transducer,HEK-293,GoA,84.8,6.822,6.318,8.750395852256714,-0.0603034369619877,10.1038/s41467-019-11875-6|OPRM_RAT|Dissociation|Transducer|HEK-293|GoA,2.4323958522567146,-0.09184534523545018,-0.04592267261772509,0.0526981290694851
10.1038/s41467-019-11875-6,OPRM_RAT,Compound 7,Recruitment ,Transducer,HEK-293,Arrestin-2 (β-arrestin-1),91.7,5.115,5.063,7.077369335670022,0.0010989464749222,10.1038/s41467-019-11875-6|OPRM_RAT|Recruitment |Transducer|HEK-293|Arrestin-2 (β-arrestin-1),2.014369335670022,0.017884329340873917,0.008942164670436958,0.04239538447020029
10.1038/s41467-019-11875-6,OPRM_RAT,Compound 7,Recruitment ,Transducer,HEK-293,Arrestin-3 (β-arrestin-2),96.15,5.062,5.172,7.044949288574498,-0.0918293153973692,10.1038/s41467-019-11875-6|OPRM_RAT|Recruitment |Transducer|HEK-293|Arrestin-3 (β-arrestin-2),1.8729492885744987,-0.049875571524095275,-0.024937785762047637,0.06993025749149874
10.1038/s41467-019-11875-6,OPRM_RAT,Compound 7,Recruitment ,Transducer,HEK-293,Arrestin-3 (β-arrestin-2),107.6,6.085,6.208,8.116812271330371,-0.0559663326414971,10.1038/s41467-019-11875-6|OPRM_RAT|Recruitment |Transducer|HEK-293|Arrestin-3 (β-arrestin-2),1.9088122713303708,-0.0140125887682232,-0.0070062943841116,0.051139008459102575
10.1038/s41467-019-11875-6,OPRM_RAT,Compound 7,Recruitment ,Transducer,HEK-293,Arrestin-3 (β-arrestin-2),105.8,6.185,6.293,8.209485667699166,-0.048292936272702,10.1038/s41467-019-11875-6|OPRM_RAT|Recruitment |Transducer|HEK-293|Arrestin-3 (β-arrestin-2),1.916485667699166,-0.00633919239942804,-0.00316959619971402,0.0487547367352034
10.1038/s41467-019-11875-6,OPRM_RAT,Compound 7,Recruitment ,Transducer,HEK-293,Arrestin-3 (β-arrestin-2),109.4,5.598,5.806,7.637017321997412,-0.133761281974456,10.1038/s41467-019-11875-6|OPRM_RAT|Recruitment |Transducer|HEK-293|Arrestin-3 (β-arrestin-2),1.831017321997412,-0.09180753810118203,-0.045903769050591015,0.11988194849649346
10.1038/s41467-019-11875-6,OPRM_RAT,Compound 7,Accumulation,Downstream,HEK-293,,84.49,11.49,10.99,13.416805310111606,0.045168348179903,10.1038/s41467-019-11875-6|OPRM_RAT|Accumulation|Downstream|HEK-293|nan,2.4268053101116056,0.07119640702576069,0.035598203512880344,0.047910980089641786
10.1038/s41467-019-11875-6,OPRM_RAT,Compound 7,Dissociation,Transducer,HEK-293,Gi1,157.0,6.787,6.978,8.982899652409234,-0.2695300857753144,10.1038/s41467-019-11875-6|OPRM_RAT|Dissociation|Transducer|HEK-293|Gi1,2.004899652409234,-0.2916568113598652,-0.1458284056799326,0.809373641204279
10.1038/s41467-019-11875-6,OPRM_RAT,Compound 7,Dissociation,Transducer,HEK-293,Gi2,99.83,7.47,7.63,9.4692610711131,-0.1719406299128119,10.1038/s41467-019-11875-6|OPRM_RAT|Dissociation|Transducer|HEK-293|Gi2,1.8392610711131008,-0.1527730113942365,-0.07638650569711825,0.2209080381130928
10.1038/s41467-019-11875-6,OPRM_RAT,Compound 7,Binding/coupling,Downstream,HEK-293,,95.61,7.847,7.637,9.827503318193395,-0.0189035809444808,10.1038/s41467-019-11875-6|OPRM_RAT|Binding/coupling|Downstream|HEK-293|nan,2.1905033181933957,0.0115006914246365,0.00575034571231825,0.0433129751172422
10.1038/s41467-019-11875-6,OPRM_RAT,Compound 7,Dissociation,Transducer,HEK-293,GoA,198.5,6.892,6.902,9.189760511099134,-0.2049387781195681,10.1038/s41467-019-11875-6|OPRM_RAT|Dissociation|Transducer|HEK-293|GoA,2.287760511099134,-0.23648068639303066,-0.11824034319651533,0.3824474459294175
10.1038/s41467-019-11875-6,OPRM_RAT,Compound 8,Recruitment ,Transducer,HEK-293,Arrestin-2 (β-arrestin-1),26.4,4.45,3.404,5.871603926869831,0.4543335376747315,10.1038/s41467-019-11875-6|OPRM_RAT|Recruitment |Transducer|HEK-293|Arrestin-2 (β-arrestin-1),2.467603926869831,0.47111892054068316,0.23555946027034158,0.9999472082109165
10.1038/s41467-019-11875-6,OPRM_RAT,Compound 8,Recruitment ,Transducer,HEK-293,Arrestin-3 (β-arrestin-2),16.43,4.587,3.861,5.802637563435061,-0.0231410405368071,10.1038/s41467-019-11875-6|OPRM_RAT|Recruitment |Transducer|HEK-293|Arrestin-3 (β-arrestin-2),1.9416375634350609,0.018812703336466896,0.009406351668233448,0.043779097958575194
10.1038/s41467-019-11875-6,OPRM_RAT,Compound 8,Recruitment ,Transducer,HEK-293,Arrestin-3 (β-arrestin-2),68.65,4.818,4.694,6.654640541572774,-0.004138062399094,10.1038/s41467-019-11875-6|OPRM_RAT|Recruitment |Transducer|HEK-293|Arrestin-3 (β-arrestin-2),1.960640541572774,0.03781568147417991,0.018907840737089954,0.04243599229411757
10.1038/s41467-019-11875-6,OPRM_RAT,Compound 8,Recruitment ,Transducer,HEK-293,Arrestin-3 (β-arrestin-2),63.45,4.934,4.772,6.736431626430724,-0.0003469775411444,10.1038/s41467-019-11875-6|OPRM_RAT|Recruitment |Transducer|HEK-293|Arrestin-3 (β-arrestin-2),1.9644316264307236,0.04160676633212956,0.02080338316606478,0.04239261171048113
10.1038/s41467-019-11875-6,OPRM_RAT,Compound 8,Recruitment ,Transducer,HEK-293,Arrestin-3 (β-arrestin-2),38.39,4.826,4.434,6.410218112117405,0.0114395081455365,10.1038/s41467-019-11875-6|OPRM_RAT|Recruitment |Transducer|HEK-293|Arrestin-3 (β-arrestin-2),1.9762181121174045,0.05339325201881051,0.026696626009405255,0.04272726959795323
10.1038/s41467-019-11875-6,OPRM_RAT,Compound 8,Accumulation,Downstream,HEK-293,,125.0,6.477,6.284,8.573910013008057,-0.0917269489236458,10.1038/s41467-019-11875-6|OPRM_RAT|Accumulation|Downstream|HEK-293|nan,2.2899100130080567,-0.06569889007778817,-0.03284944503889409,0.06985352791952663
10.1038/s41467-019-11875-6,OPRM_RAT,Compound 8,Dissociation,Transducer,HEK-293,Gi1,196.6,5.629,5.967,7.922583513496116,-0.318846224688432,10.1038/s41467-019-11875-6|OPRM_RAT|Dissociation|Transducer|HEK-293|Gi1,1.9555835134961166,-0.3409729502729828,-0.1704864751364914,0.9633380531769596
10.1038/s41467-019-11875-6,OPRM_RAT,Compound 8,Dissociation,Transducer,HEK-293,Gi2,103.5,6.523,6.676,8.537940349792937,-0.1492613512329761,10.1038/s41467-019-11875-6|OPRM_RAT|Dissociation|Transducer|HEK-293|Gi2,1.8619403497929365,-0.13009373271440072,-0.06504686635720036,0.15213159950725616
10.1038/s41467-019-11875-6,OPRM_RAT,Compound 8,Binding/coupling,Downstream,HEK-293,,256.8,5.306,5.9,7.715595019396815,-0.3938118797410617,10.1038/s41467-019-11875-6|OPRM_RAT|Binding/coupling|Downstream|HEK-293|nan,1.815595019396815,-0.36340760737194433,-0.18170380368597217,0.9986745061195308
10.1038/s41467-019-11875-6,OPRM_RAT,Compound 8,Dissociation,Transducer,HEK-293,GoA,200.1,6.135,6.116,8.436247088636211,-0.1724522005824909,10.1038/s41467-019-11875-6|OPRM_RAT|Dissociation|Transducer|HEK-293|GoA,2.3202470886362114,-0.20399410885595337,-0.10199705442797669,0.22281865964738956
10.1038/s41467-019-11875-6,OPRM_RAT,Compound 9,Accumulation,Downstream,HEK-293,,105.9,7.383,7.073,9.407895960107483,-0.046741001824218,10.1038/s41467-019-11875-6|OPRM_RAT|Accumulation|Downstream|HEK-293|nan,2.334895960107483,-0.020712942978362126,-0.010356471489181063,0.04832685659854512
10.1038/s41467-019-11875-6,OPRM_RAT,Compound 9,Dissociation,Transducer,HEK-293,Gi1,39.06,7.411,6.558,9.002732238951836,0.1703025007672876,10.1038/s41467-019-11875-6|OPRM_RAT|Dissociation|Transducer|HEK-293|Gi1,2.4447322389518362,0.14817577518273684,0.07408788759136842,0.21490644567827472
10.1038/s41467-019-11875-6,OPRM_RAT,Compound 9,Dissociation,Transducer,HEK-293,Gi2,61.44,7.841,7.152,9.629451207023456,0.4662495059975429,10.1038/s41467-019-11875-6|OPRM_RAT|Dissociation|Transducer|HEK-293|Gi2,2.4774512070234556,0.4854171245161183,0.24270856225805915,0.9999734957616216
10.1038/s41467-019-11875-6,OPRM_RAT,Compound 9,Binding/coupling,Downstream,HEK-293,,78.55,8.109,7.767,10.004146189375993,0.0277392902381157,10.1038/s41467-019-11875-6|OPRM_RAT|Binding/coupling|Downstream|HEK-293|nan,2.2371461893759923,0.05814356260723308,0.02907178130361654,0.044398477696447065
10.1038/s41467-019-11875-6,OPRM_RAT,Compound 9,Dissociation,Transducer,HEK-293,GoA,68.82,6.966,6.121,8.803714668284911,0.1900153790662084,10.1038/s41467-019-11875-6|OPRM_RAT|Dissociation|Transducer|HEK-293|GoA,2.682714668284911,0.15847347079274599,0.07923673539637299,0.29955481956597796
10.1038/s41467-019-11875-6,OPRM_RAT,DAMGO,Recruitment ,Transducer,HEK-293,Arrestin-2 (β-arrestin-1),94.6,5.684,5.591,7.659891136401793,0.0556207472066931,10.1038/s41467-019-11875-6|OPRM_RAT|Recruitment |Transducer|HEK-293|Arrestin-2 (β-arrestin-1),2.068891136401793,0.07240613007264485,0.036203065036322424,0.05102159234650221
10.1038/s41467-019-11875-6,OPRM_RAT,DAMGO,Recruitment ,Transducer,HEK-293,Arrestin-3 (β-arrestin-2),79.76,5.607,5.507,7.5087851453036,0.0370065413317322,10.1038/s41467-019-11875-6|OPRM_RAT|Recruitment |Transducer|HEK-293|Arrestin-3 (β-arrestin-2),2.0017851453036,0.0789602852050062,0.0394801426025031,0.04602535014756387
10.1038/s41467-019-11875-6,OPRM_RAT,DAMGO,Recruitment ,Transducer,HEK-293,Arrestin-3 (β-arrestin-2),98.11,6.26,6.21,8.25171327571309,0.0769346717412222,10.1038/s41467-019-11875-6|OPRM_RAT|Recruitment |Transducer|HEK-293|Arrestin-3 (β-arrestin-2),2.0417132757130902,0.11888841561449626,0.05944420780724813,0.06033209027691845
10.1038/s41467-019-11875-6,OPRM_RAT,DAMGO,Recruitment ,Transducer,HEK-293,Arrestin-3 (β-arrestin-2),95.52,6.329,6.264,8.309094313785293,0.0803157098134246,10.1038/s41467-019-11875-6|OPRM_RAT|Recruitment |Transducer|HEK-293|Arrestin-3 (β-arrestin-2),2.0450943137852926,0.12226945368669861,0.06113472684334931,0.062253516143799585
10.1038/s41467-019-11875-6,OPRM_RAT,DAMGO,Recruitment ,Transducer,HEK-293,Arrestin-3 (β-arrestin-2),92.14,5.969,5.899,7.933448207916661,0.069669603944793,10.1038/s41467-019-11875-6|OPRM_RAT|Recruitment |Transducer|HEK-293|Arrestin-3 (β-arrestin-2),2.034448207916661,0.11162334781806704,0.05581167390903352,0.056648796411627275
10.1038/s41467-019-11875-6,OPRM_RAT,DAMGO,Accumulation,Downstream,HEK-293,,89.35,8.891,8.443,10.842094556841664,0.0174575949099615,10.1038/s41467-019-11875-6|OPRM_RAT|Accumulation|Downstream|HEK-293|nan,2.399094556841664,0.043485653755819254,0.021742826877909627,0.043176324817571124
10.1038/s41467-019-11875-6,OPRM_RAT,DAMGO,Dissociation,Transducer,HEK-293,Gi1,128.3,6.294,6.178,8.402226656374928,-0.0502030818096201,10.1038/s41467-019-11875-6|OPRM_RAT|Dissociation|Transducer|HEK-293|Gi1,2.2242266563749284,-0.07232980739417094,-0.03616490369708547,0.04930578203662534
10.1038/s41467-019-11875-6,OPRM_RAT,DAMGO,Dissociation,Transducer,HEK-293,Gi2,94.81,7.434,7.503,9.410854146576218,-0.1033475544496944,10.1038/s41467-019-11875-6|OPRM_RAT|Dissociation|Transducer|HEK-293|Gi2,1.9078541465762182,-0.08417993593111905,-0.04208996796555953,0.07969170989276173
10.1038/s41467-019-11875-6,OPRM_RAT,DAMGO,Binding/coupling,Downstream,HEK-293,,90.41,7.391,7.105,9.34721646924339,0.0328095701055133,10.1038/s41467-019-11875-6|OPRM_RAT|Binding/coupling|Downstream|HEK-293|nan,2.24221646924339,0.06321384247463069,0.031606921237315344,0.04522390248913021
10.1038/s41467-019-11875-6,OPRM_RAT,DAMGO,Dissociation,Transducer,HEK-293,GoA,113.0,6.89,6.489,8.943078443483419,-0.0386208457352834,10.1038/s41467-019-11875-6|OPRM_RAT|Dissociation|Transducer|HEK-293|GoA,2.454078443483419,-0.07016275400874594,-0.03508137700437297,0.04636324891749204
10.1038/s41467-019-11875-6,OPRM_RAT,Endomorphin-1,Recruitment ,Transducer,HEK-293,Arrestin-2 (β-arrestin-1),17.6,6.182,5.583,7.427512667814151,-0.168757721380949,10.1038/s41467-019-11875-6|OPRM_RAT|Recruitment |Transducer|HEK-293|Arrestin-2 (β-arrestin-1),1.8445126678141506,-0.15197233851499736,-0.07598616925749868,0.20940728698201544
10.1038/s41467-019-11875-6,OPRM_RAT,Endomorphin-1,Recruitment ,Transducer,HEK-293,Arrestin-3 (β-arrestin-2),20.12,5.74,5.166,7.04362797638389,-0.0871506275879783,10.1038/s41467-019-11875-6|OPRM_RAT|Recruitment |Transducer|HEK-293|Arrestin-3 (β-arrestin-2),1.8776279763838897,-0.04519688371470432,-0.02259844185735216,0.06658544789102266
10.1038/s41467-019-11875-6,OPRM_RAT,Endomorphin-1,Recruitment ,Transducer,HEK-293,Arrestin-3 (β-arrestin-2),65.81,6.239,6.08,8.057291890799995,0.0125132868281268,10.1038/s41467-019-11875-6|OPRM_RAT|Recruitment |Transducer|HEK-293|Arrestin-3 (β-arrestin-2),1.9772918907999948,0.0544670307014008,0.0272335153507004,0.042793401088506954
10.1038/s41467-019-11875-6,OPRM_RAT,Endomorphin-1,Recruitment ,Transducer,HEK-293,Arrestin-3 (β-arrestin-2),62.26,6.297,6.103,8.091209116346496,0.0234305123746283,10.1038/s41467-019-11875-6|OPRM_RAT|Recruitment |Transducer|HEK-293|Arrestin-3 (β-arrestin-2),1.9882091163464963,0.06538425624790234,0.03269212812395117,0.043814562594485136
10.1038/s41467-019-11875-6,OPRM_RAT,Endomorphin-1,Recruitment ,Transducer,HEK-293,Arrestin-3 (β-arrestin-2),43.84,5.997,5.691,7.638870545476313,-0.0169080584955549,10.1038/s41467-019-11875-6|OPRM_RAT|Recruitment |Transducer|HEK-293|Arrestin-3 (β-arrestin-2),1.947870545476313,0.025045685377719007,0.012522842688859503,0.04312734254259579
10.1038/s41467-019-11875-6,OPRM_RAT,Endomorphin-1,Accumulation,Downstream,HEK-293,,122.9,6.895,6.754,8.984551882886453,-0.1510850790452487,10.1038/s41467-019-11875-6|OPRM_RAT|Accumulation|Downstream|HEK-293|nan,2.230551882886454,-0.12505702019939102,-0.06252851009969551,0.1566231083460037
10.1038/s41467-019-11875-6,OPRM_RAT,Endomorphin-1,Dissociation,Transducer,HEK-293,Gi1,66.93,5.99,5.613,7.8156208250035,-0.0718089131810488,10.1038/s41467-019-11875-6|OPRM_RAT|Dissociation|Transducer|HEK-293|Gi1,2.2026208250034998,-0.09393563876559963,-0.046967819382799814,0.05767342596854885
10.1038/s41467-019-11875-6,OPRM_RAT,Endomorphin-1,Dissociation,Transducer,HEK-293,Gi2,87.68,7.279,7.223,9.221900541140291,-0.0123011598856193,10.1038/s41467-019-11875-6|OPRM_RAT|Dissociation|Transducer|HEK-293|Gi2,1.9989005411402916,0.00686645863295432,0.00343322931647716,0.04277985877408309
10.1038/s41467-019-11875-6,OPRM_RAT,Endomorphin-1,Binding/coupling,Downstream,HEK-293,,49.4,5.491,5.18,7.184726948923647,-0.2046799502142295,10.1038/s41467-019-11875-6|OPRM_RAT|Binding/coupling|Downstream|HEK-293|nan,2.004726948923647,-0.17427567784511222,-0.08713783892255611,0.38087574197179613
10.1038/s41467-019-11875-6,OPRM_RAT,Endomorphin-1,Dissociation,Transducer,HEK-293,GoA,84.08,6.768,6.181,8.692692703020185,0.0189934138014828,10.1038/s41467-019-11875-6|OPRM_RAT|Dissociation|Transducer|HEK-293|GoA,2.511692703020185,-0.012548494471979588,-0.006274247235989794,0.0433218374066783
10.1038/s41467-019-11875-6,OPRM_RAT,Fentanyl,Recruitment ,Transducer,HEK-293,Arrestin-2 (β-arrestin-1),19.29,6.611,6.149,7.896332227643884,-0.2659381615512153,10.1038/s41467-019-11875-6|OPRM_RAT|Recruitment |Transducer|HEK-293|Arrestin-2 (β-arrestin-1),1.7473322276438843,-0.24915277868526364,-0.12457638934263182,0.7900332807432068
10.1038/s41467-019-11875-6,OPRM_RAT,Fentanyl,Recruitment ,Transducer,HEK-293,Arrestin-3 (β-arrestin-2),19.81,5.777,5.22,7.073884475538547,-0.1108941284333209,10.1038/s41467-019-11875-6|OPRM_RAT|Recruitment |Transducer|HEK-293|Arrestin-3 (β-arrestin-2),1.853884475538547,-0.06894038456004692,-0.03447019228002346,0.0874654914030079
10.1038/s41467-019-11875-6,OPRM_RAT,Fentanyl,Recruitment ,Transducer,HEK-293,Arrestin-3 (β-arrestin-2),63.92,6.471,6.3,8.276636766305934,0.0118581623340663,10.1038/s41467-019-11875-6|OPRM_RAT|Recruitment |Transducer|HEK-293|Arrestin-3 (β-arrestin-2),1.9766367663059343,0.05381190620734033,0.026905953103670166,0.042752336812455584
10.1038/s41467-019-11875-6,OPRM_RAT,Fentanyl,Recruitment ,Transducer,HEK-293,Arrestin-3 (β-arrestin-2),64.11,6.548,6.374,8.354925776883732,0.0161471729118645,10.1038/s41467-019-11875-6|OPRM_RAT|Recruitment |Transducer|HEK-293|Arrestin-3 (β-arrestin-2),1.9809257768837325,0.05810091678513851,0.029050458392569256,0.043062190419730466
10.1038/s41467-019-11875-6,OPRM_RAT,Fentanyl,Recruitment ,Transducer,HEK-293,Arrestin-3 (β-arrestin-2),41.01,6.279,5.934,7.891889769287484,-0.0068888346843838,10.1038/s41467-019-11875-6|OPRM_RAT|Recruitment |Transducer|HEK-293|Arrestin-3 (β-arrestin-2),1.9578897692874841,0.03506490918889016,0.01753245459444508,0.04251348564412809
10.1038/s41467-019-11875-6,OPRM_RAT,Fentanyl,Accumulation,Downstream,HEK-293,,134.1,8.821,8.725,10.948428777851598,-0.1582081840801041,10.1038/s41467-019-11875-6|OPRM_RAT|Accumulation|Downstream|HEK-293|nan,2.2234287778515984,-0.1321801252342465,-0.06609006261712325,0.17578377918468313
10.1038/s41467-019-11875-6,OPRM_RAT,Fentanyl,Dissociation,Transducer,HEK-293,Gi1,95.29,6.635,6.369,8.614047326947965,-0.0293824112365834,10.1038/s41467-019-11875-6|OPRM_RAT|Dissociation|Transducer|HEK-293|Gi1,2.245047326947965,-0.05150913682113423,-0.025754568410567114,0.044649295358969734
10.1038/s41467-019-11875-6,OPRM_RAT,Fentanyl,Dissociation,Transducer,HEK-293,Gi2,91.23,7.49,7.49,9.450137674863797,-0.051064026162118,10.1038/s41467-019-11875-6|OPRM_RAT|Dissociation|Transducer|HEK-293|Gi2,1.9601376748637964,-0.03189640764354085,-0.015948203821770424,0.04956313551226377
10.1038/s41467-019-11875-6,OPRM_RAT,Fentanyl,Binding/coupling,Downstream,HEK-293,,93.28,8.414,8.266,10.383788537414938,-0.0916183617229382,10.1038/s41467-019-11875-6|OPRM_RAT|Binding/coupling|Downstream|HEK-293|nan,2.1177885374149383,-0.06121408935382089,-0.030607044676910444,0.06977231406157568
10.1038/s41467-019-11875-6,OPRM_RAT,Fentanyl,Dissociation,Transducer,HEK-293,GoA,99.83,7.289,6.717,9.2882610711131,0.0785617818943977,10.1038/s41467-019-11875-6|OPRM_RAT|Dissociation|Transducer|HEK-293|GoA,2.5712610711131,0.04701987362093529,0.023509936810467646,0.061239434407154326
10.1038/s41467-019-11875-6,OPRM_RAT,Loperamide,Recruitment ,Transducer,HEK-293,Arrestin-2 (β-arrestin-1),82.35,6.132,6.081,8.047663603505773,-0.0466067856893266,10.1038/s41467-019-11875-6|OPRM_RAT|Recruitment |Transducer|HEK-293|Arrestin-2 (β-arrestin-1),1.966663603505773,-0.029821402823374976,-0.014910701411687488,0.04829067344847805
10.1038/s41467-019-11875-6,OPRM_RAT,Loperamide,Recruitment ,Transducer,HEK-293,Arrestin-3 (β-arrestin-2),83.98,5.756,5.683,7.680175870301921,0.0323972663300535,10.1038/s41467-019-11875-6|OPRM_RAT|Recruitment |Transducer|HEK-293|Arrestin-3 (β-arrestin-2),1.9971758703019216,0.07435101020332757,0.037175505101663786,0.04515103696103984
10.1038/s41467-019-11875-6,OPRM_RAT,Loperamide,Recruitment ,Transducer,HEK-293,Arrestin-3 (β-arrestin-2),89.33,6.44,6.37,8.390997333988805,0.056218730016937,10.1038/s41467-019-11875-6|OPRM_RAT|Recruitment |Transducer|HEK-293|Arrestin-3 (β-arrestin-2),2.020997333988805,0.098172473890211,0.0490862369451055,0.05122538526702215
10.1038/s41467-019-11875-6,OPRM_RAT,Loperamide,Recruitment ,Transducer,HEK-293,Arrestin-3 (β-arrestin-2),92.33,6.481,6.393,8.446342835560621,0.0885642315887533,10.1038/s41467-019-11875-6|OPRM_RAT|Recruitment |Transducer|HEK-293|Arrestin-3 (β-arrestin-2),2.0533428355606214,0.13051797546202737,0.06525898773101368,0.06756179412249495
10.1038/s41467-019-11875-6,OPRM_RAT,Loperamide,Recruitment ,Transducer,HEK-293,Arrestin-3 (β-arrestin-2),86.74,6.174,6.041,8.112219417812744,0.1064408138408756,10.1038/s41467-019-11875-6|OPRM_RAT|Recruitment |Transducer|HEK-293|Arrestin-3 (β-arrestin-2),2.0712194178127437,0.14839455771414967,0.07419727885707483,0.08273304348948225
10.1038/s41467-019-11875-6,OPRM_RAT,Loperamide,Accumulation,Downstream,HEK-293,,89.43,8.148,7.694,10.099483230752291,0.0238462688205904,10.1038/s41467-019-11875-6|OPRM_RAT|Accumulation|Downstream|HEK-293|nan,2.4054832307522913,0.049874327666446394,0.024937163833223197,0.043866319435330876
10.1038/s41467-019-11875-6,OPRM_RAT,Loperamide,Dissociation,Transducer,HEK-293,Gi1,134.6,7.264,7.204,9.393045059887958,-0.0853846782965899,10.1038/s41467-019-11875-6|OPRM_RAT|Dissociation|Transducer|HEK-293|Gi1,2.1890450598879587,-0.10751140388114067,-0.05375570194057033,0.0654057119432026
10.1038/s41467-019-11875-6,OPRM_RAT,Loperamide,Dissociation,Transducer,HEK-293,Gi2,92.38,8.178,8.273,10.143577957910528,-0.140623743115384,10.1038/s41467-019-11875-6|OPRM_RAT|Dissociation|Transducer|HEK-293|Gi2,1.8705779579105286,-0.12145612459680866,-0.06072806229840433,0.1329334283104486
10.1038/s41467-019-11875-6,OPRM_RAT,Loperamide,Binding/coupling,Downstream,HEK-293,,180.2,6.183,6.463,8.438754786643043,-0.2336521124948332,10.1038/s41467-019-11875-6|OPRM_RAT|Binding/coupling|Downstream|HEK-293|nan,1.9757547866430434,-0.20324784012571584,-0.10162392006285792,0.5773500044398439
10.1038/s41467-019-11875-6,OPRM_RAT,Loperamide,Dissociation,Transducer,HEK-293,GoA,119.3,7.895,7.557,9.971640443670342,-0.0780588455483606,10.1038/s41467-019-11875-6|OPRM_RAT|Dissociation|Transducer|HEK-293|GoA,2.4146404436703417,-0.1096007538218231,-0.05480037691091155,0.06095558963845999
10.1038/s41467-019-11875-6,OPRM_RAT,Meptazinol,Accumulation,Downstream,HEK-293,,98.88,6.988,6.577,8.983108457744741,0.0244714958130387,10.1038/s41467-019-11875-6|OPRM_RAT|Accumulation|Downstream|HEK-293|nan,2.4061084577447414,0.05049955465889644,0.02524977732944822,0.04394598047153097
10.1038/s41467-019-11875-6,OPRM_RAT,Meptazinol,Dissociation,Transducer,HEK-293,Gi1,36.71,5.938,5.15,7.502784384503986,0.0783546463194371,10.1038/s41467-019-11875-6|OPRM_RAT|Dissociation|Transducer|HEK-293|Gi1,2.3527843845039857,0.05622792073488636,0.02811396036744318,0.061122162033141164
10.1038/s41467-019-11875-6,OPRM_RAT,Meptazinol,Dissociation,Transducer,HEK-293,Gi2,66.05,6.522,6.214,8.341872821950545,0.1166711209246322,10.1038/s41467-019-11875-6|OPRM_RAT|Dissociation|Transducer|HEK-293|Gi2,2.127872821950545,0.13583873944320768,0.06791936972160384,0.09428522391679402
10.1038/s41467-019-11875-6,OPRM_RAT,Meptazinol,Binding/coupling,Downstream,HEK-293,,34.23,6.082,5.407,7.616406899137877,0.0,10.1038/s41467-019-11875-6|OPRM_RAT|Binding/coupling|Downstream|HEK-293|nan,2.2094068991378766,0.030404272369117358,0.015202136184558679,0.04239230469906874
10.1038/s41467-019-11875-6,OPRM_RAT,Meptazinol,Dissociation,Transducer,HEK-293,GoA,61.09,6.277,5.375,8.06297012513201,0.1952708359133073,10.1038/s41467-019-11875-6|OPRM_RAT|Dissociation|Transducer|HEK-293|GoA,2.6879701251320096,0.1637289276398448,0.0818644638199224,0.3269034744674882
10.1038/s41467-019-11875-6,OPRM_RAT,Met-enkephalin,Recruitment ,Transducer,HEK-293,Arrestin-2 (β-arrestin-1),98.01,5.651,5.629,7.642270389195099,0.0,10.1038/s41467-019-11875-6|OPRM_RAT|Recruitment |Transducer|HEK-293|Arrestin-2 (β-arrestin-1),2.0132703891950996,0.01678538286595166,0.00839269143297583,0.04239230469906874
10.1038/s41467-019-11875-6,OPRM_RAT,Met-enkephalin,Recruitment ,Transducer,HEK-293,Arrestin-3 (β-arrestin-2),98.49,5.621,5.648,7.614392137449003,0.0016135334771352,10.1038/s41467-019-11875-6|OPRM_RAT|Recruitment |Transducer|HEK-293|Arrestin-3 (β-arrestin-2),1.9663921374490032,0.04356727735040922,0.02178363867520461,0.0423989442506556
10.1038/s41467-019-11875-6,OPRM_RAT,Met-enkephalin,Recruitment ,Transducer,HEK-293,Arrestin-3 (β-arrestin-2),100.8,6.235,6.243,8.238460532109507,0.0306819281376382,10.1038/s41467-019-11875-6|OPRM_RAT|Recruitment |Transducer|HEK-293|Arrestin-3 (β-arrestin-2),1.9954605321095062,0.07263567201091226,0.03631783600545613,0.04485890996655363
10.1038/s41467-019-11875-6,OPRM_RAT,Met-enkephalin,Recruitment ,Transducer,HEK-293,Arrestin-3 (β-arrestin-2),100.6,6.33,6.348,8.332597980719909,0.0198193767480407,10.1038/s41467-019-11875-6|OPRM_RAT|Recruitment |Transducer|HEK-293|Arrestin-3 (β-arrestin-2),1.9845979807199088,0.06177312062131479,0.030886560310657396,0.04340537524403805
10.1038/s41467-019-11875-6,OPRM_RAT,Met-enkephalin,Recruitment ,Transducer,HEK-293,Arrestin-3 (β-arrestin-2),99.43,6.02,6.057,8.017517439414725,-0.0042611645571435,10.1038/s41467-019-11875-6|OPRM_RAT|Recruitment |Transducer|HEK-293|Arrestin-3 (β-arrestin-2),1.9605174394147244,0.03769257931613046,0.01884628965806523,0.0424386316362853
10.1038/s41467-019-11875-6,OPRM_RAT,Met-enkephalin,Accumulation,Downstream,HEK-293,,95.83,8.765,8.444,10.746501488148247,-0.0791354737834559,10.1038/s41467-019-11875-6|OPRM_RAT|Accumulation|Downstream|HEK-293|nan,2.3025014881482466,-0.053107414937598296,-0.026553707468799148,0.06156696175687628
10.1038/s41467-019-11875-6,OPRM_RAT,Met-enkephalin,Dissociation,Transducer,HEK-293,Gi1,98.87,6.351,7.235,8.346064534156142,-1.1633652040284073,10.1038/s41467-019-11875-6|OPRM_RAT|Dissociation|Transducer|HEK-293|Gi1,1.1110645341561414,-1.185491929612958,-0.592745964806479,1.0
10.1038/s41467-019-11875-6,OPRM_RAT,Met-enkephalin,Dissociation,Transducer,HEK-293,Gi2,102.8,7.236,8.73,9.247993114659256,-1.4932085863666558,10.1038/s41467-019-11875-6|OPRM_RAT|Dissociation|Transducer|HEK-293|Gi2,0.5179931146592551,-1.4740409678480821,-0.7370204839240411,1.0
10.1038/s41467-019-11875-6,OPRM_RAT,Met-enkephalin,Binding/coupling,Downstream,HEK-293,,101.2,6.9,6.723,8.905180512503781,-0.0272263866340951,10.1038/s41467-019-11875-6|OPRM_RAT|Binding/coupling|Downstream|HEK-293|nan,2.1821805125037814,0.003177885735022201,0.0015889428675111006,0.044323402323921235
10.1038/s41467-019-11875-6,OPRM_RAT,Met-enkephalin,Dissociation,Transducer,HEK-293,GoA,99.34,6.763,6.214,8.760124155659204,0.0534248664405012,10.1038/s41467-019-11875-6|OPRM_RAT|Dissociation|Transducer|HEK-293|GoA,2.5461241556592036,0.02188295816703878,0.01094147908351939,0.05029820365121728
10.1038/s41467-019-11875-6,OPRM_RAT,Morphine,Recruitment ,Transducer,HEK-293,Arrestin-3 (β-arrestin-2),6.398,6.722,5.686,7.528044235748089,-0.1227343682237789,10.1038/s41467-019-11875-6|OPRM_RAT|Recruitment |Transducer|HEK-293|Arrestin-3 (β-arrestin-2),1.842044235748089,-0.08078062435050493,-0.04039031217525246,0.10236517956550115
10.1038/s41467-019-11875-6,OPRM_RAT,Morphine,Recruitment ,Transducer,HEK-293,Arrestin-3 (β-arrestin-2),37.61,6.682,6.285,8.2573033334224,0.0075247294505311,10.1038/s41467-019-11875-6|OPRM_RAT|Recruitment |Transducer|HEK-293|Arrestin-3 (β-arrestin-2),1.9723033334223992,0.04947847332380517,0.024739236661902586,0.04253692825836347
10.1038/s41467-019-11875-6,OPRM_RAT,Morphine,Recruitment ,Transducer,HEK-293,Arrestin-3 (β-arrestin-2),41.69,6.737,6.365,8.357031895126298,0.0272532911544294,10.1038/s41467-019-11875-6|OPRM_RAT|Recruitment |Transducer|HEK-293|Arrestin-3 (β-arrestin-2),1.9920318951262974,0.06920703502770342,0.03460351751385171,0.044327302620908816
10.1038/s41467-019-11875-6,OPRM_RAT,Morphine,Recruitment ,Transducer,HEK-293,Arrestin-3 (β-arrestin-2),20.99,6.474,5.353,7.796012438582401,0.478233834610533,10.1038/s41467-019-11875-6|OPRM_RAT|Recruitment |Transducer|HEK-293|Arrestin-3 (β-arrestin-2),2.443012438582401,0.520187578483807,0.2600937892419035,0.9999869824928126
10.1038/s41467-019-11875-6,OPRM_RAT,Morphine,Accumulation,Downstream,HEK-293,,80.3,8.692,8.077,10.59671554527868,0.1380785833469779,10.1038/s41467-019-11875-6|OPRM_RAT|Accumulation|Downstream|HEK-293|nan,2.5197155452786806,0.16410664219283566,0.08205332109641783,0.12788098567154854
10.1038/s41467-019-11875-6,OPRM_RAT,Morphine,Dissociation,Transducer,HEK-293,Gi1,79.52,7.141,6.902,9.041476371389257,-0.1349533667952922,10.1038/s41467-019-11875-6|OPRM_RAT|Dissociation|Transducer|HEK-293|Gi1,2.1394763713892564,-0.157080092379843,-0.0785400461899215,0.12202133219460184
10.1038/s41467-019-11875-6,OPRM_RAT,Morphine,Dissociation,Transducer,HEK-293,Gi2,94.96,7.863,8.349,9.840540705946536,-0.5196609950793771,10.1038/s41467-019-11875-6|OPRM_RAT|Dissociation|Transducer|HEK-293|Gi2,1.4915407059465355,-0.5004933765608017,-0.25024668828040086,0.9999990300735684
10.1038/s41467-019-11875-6,OPRM_RAT,Morphine,Binding/coupling,Downstream,HEK-293,,100.4,7.659,7.443,9.660733712809,0.0083268136711236,10.1038/s41467-019-11875-6|OPRM_RAT|Binding/coupling|Downstream|HEK-293|nan,2.2177337128090002,0.038731086040241,0.0193655430201205,0.042569467991586986
10.1038/s41467-019-11875-6,OPRM_RAT,Morphine,Dissociation,Transducer,HEK-293,GoA,106.1,8.45,7.985,10.47571538390134,-0.0019839053173624,10.1038/s41467-019-11875-6|OPRM_RAT|Dissociation|Transducer|HEK-293|GoA,2.49071538390134,-0.03352581359082496,-0.01676290679541248,0.04240234256302569
10.1038/s41467-019-11875-6,OPRM_RAT,Nalfurafine (Compound 4),Accumulation,Downstream,HEK-293,,118.1,7.096,6.854,9.168249897613515,-0.0673870643181873,10.1038/s41467-019-11875-6|OPRM_RAT|Accumulation|Downstream|HEK-293|nan,2.3142498976135153,-0.041359005472329624,-0.020679502736164812,0.05560773350920595
10.1038/s41467-019-11875-6,OPRM_RAT,Nalfurafine (Compound 4),Dissociation,Transducer,HEK-293,Gi1,29.6,5.846,4.969,7.317291711058939,0.0738619728743898,10.1038/s41467-019-11875-6|OPRM_RAT|Dissociation|Transducer|HEK-293|Gi1,2.3482917110589385,0.05173524728983914,0.02586762364491957,0.05870295424120451
10.1038/s41467-019-11875-6,OPRM_RAT,Nalfurafine (Compound 4),Dissociation,Transducer,HEK-293,Gi2,68.21,7.142,7.184,8.975848049531148,-0.2193536514947647,10.1038/s41467-019-11875-6|OPRM_RAT|Dissociation|Transducer|HEK-293|Gi2,1.791848049531148,-0.2001860329761893,-0.10009301648809465,0.47627336037671514
10.1038/s41467-019-11875-6,OPRM_RAT,Nalfurafine (Compound 4),Binding/coupling,Downstream,HEK-293,,29.96,7.379,6.543,8.855541809027429,0.1031349098895519,10.1038/s41467-019-11875-6|OPRM_RAT|Binding/coupling|Downstream|HEK-293|nan,2.3125418090274286,0.13353918225866934,0.06676959112933467,0.07948966116575035
10.1038/s41467-019-11875-6,OPRM_RAT,Nalfurafine (Compound 4),Dissociation,Transducer,HEK-293,GoA,50.9,6.758,5.601,8.46471778233676,0.3710184931180569,10.1038/s41467-019-11875-6|OPRM_RAT|Dissociation|Transducer|HEK-293|GoA,2.863717782336759,0.3394765848445944,0.1697382924222972,0.9960479236639469
10.1038/s41467-019-11875-6,OPRM_RAT,Oxycodone,Recruitment ,Transducer,HEK-293,Arrestin-3 (β-arrestin-2),35.82,5.225,4.814,6.7791255815130125,0.0003469775411444,10.1038/s41467-019-11875-6|OPRM_RAT|Recruitment |Transducer|HEK-293|Arrestin-3 (β-arrestin-2),1.9651255815130124,0.04230072141441843,0.021150360707209215,0.04239261171048113
10.1038/s41467-019-11875-6,OPRM_RAT,Oxycodone,Recruitment ,Transducer,HEK-293,Arrestin-3 (β-arrestin-2),41.49,5.415,5.058,7.032943434828973,0.0101648308571054,10.1038/s41467-019-11875-6|OPRM_RAT|Recruitment |Transducer|HEK-293|Arrestin-3 (β-arrestin-2),1.9749434348289734,0.0521185747303794,0.0260592873651897,0.04265657045015367
10.1038/s41467-019-11875-6,OPRM_RAT,Oxycodone,Recruitment ,Transducer,HEK-293,Arrestin-3 (β-arrestin-2),21.85,5.425,4.806,6.7644514413064405,-0.0063271626654275,10.1038/s41467-019-11875-6|OPRM_RAT|Recruitment |Transducer|HEK-293|Arrestin-3 (β-arrestin-2),1.9584514413064404,0.03562658120784645,0.017813290603923226,0.042494508751519916
10.1038/s41467-019-11875-6,OPRM_RAT,Oxycodone,Accumulation,Downstream,HEK-293,,155.9,7.369,7.453,9.561846115188844,-0.2727908467428603,10.1038/s41467-019-11875-6|OPRM_RAT|Accumulation|Downstream|HEK-293|nan,2.108846115188844,-0.2467627878970009,-0.12338139394850045,0.8259266564119307
10.1038/s41467-019-11875-6,OPRM_RAT,Oxycodone,Dissociation,Transducer,HEK-293,Gi1,96.56,5.819,5.485,7.803797257089293,0.0443675189047443,10.1038/s41467-019-11875-6|OPRM_RAT|Dissociation|Transducer|HEK-293|Gi1,2.318797257089293,0.022240793320193575,0.011120396660096787,0.04770593892947958
10.1038/s41467-019-11875-6,OPRM_RAT,Oxycodone,Dissociation,Transducer,HEK-293,Gi2,96.18,6.5,6.519,8.483084772737788,-0.0471169282881245,10.1038/s41467-019-11875-6|OPRM_RAT|Dissociation|Transducer|HEK-293|Gi2,1.9640847727377881,-0.027949309769549124,-0.013974654884774562,0.04842889430126152
10.1038/s41467-019-11875-6,OPRM_RAT,Oxycodone,Binding/coupling,Downstream,HEK-293,,100.7,6.143,5.972,8.146029470553618,-0.0353774285842591,10.1038/s41467-019-11875-6|OPRM_RAT|Binding/coupling|Downstream|HEK-293|nan,2.1740294705536174,-0.004973156215141827,-0.0024865781075709137,0.04570120230666025
10.1038/s41467-019-11875-6,OPRM_RAT,Oxycodone,Dissociation,Transducer,HEK-293,GoA,120.5,6.36,5.91,8.440987046910887,0.0382877576921849,10.1038/s41467-019-11875-6|OPRM_RAT|Dissociation|Transducer|HEK-293|GoA,2.5309870469108873,0.006745849418722472,0.003372924709361236,0.046292152219467135
10.1038/s41467-019-11875-6,OPRM_RAT,Tramadol,Accumulation,Downstream,HEK-293,,104.8,5.412,5.016,7.432361282647708,0.0347243207160055,10.1038/s41467-019-11875-6|OPRM_RAT|Accumulation|Downstream|HEK-293|nan,2.416361282647708,0.06075237956186319,0.030376189780931595,0.045575936066576964
10.1038/s41467-019-11875-6,OPRM_RAT,Tramadol,Dissociation,Transducer,HEK-293,Gi1,41.7,4.819,2.982,6.4391360549737575,1.182706316789209,10.1038/s41467-019-11875-6|OPRM_RAT|Dissociation|Transducer|HEK-293|Gi1,3.4571360549737573,1.160579591204658,0.580289795602329,1.0
10.1038/s41467-019-11875-6,OPRM_RAT,Tramadol,Dissociation,Transducer,HEK-293,Gi2,62.36,5.087,4.73,6.881906106516804,0.140704405490891,10.1038/s41467-019-11875-6|OPRM_RAT|Dissociation|Transducer|HEK-293|Gi2,2.1519061065168037,0.15987202400946643,0.07993601200473321,0.13309781766995682
10.1038/s41467-019-11875-6,OPRM_RAT,Tramadol,Binding/coupling,Downstream,HEK-293,,45.0,4.537,3.806,6.190212513775344,0.1748056146374672,10.1038/s41467-019-11875-6|OPRM_RAT|Binding/coupling|Downstream|HEK-293|nan,2.384212513775344,0.2052098870065846,0.1026049435032923,0.23183493925107843
10.1038/s41467-019-11875-6,OPRM_RAT,Tramadol,Dissociation,Transducer,HEK-293,GoA,60.57,4.785,3.818,6.567257573663301,0.256558284444599,10.1038/s41467-019-11875-6|OPRM_RAT|Dissociation|Transducer|HEK-293|GoA,2.7492575736633014,0.22501637617113657,0.11250818808556828,0.7344393192300523
10.1038/s41598-017-01078-8,LSHR_HUMAN,rhCG,Recruitment ,Transducer,HEK-293,Arrestin-3 (β-arrestin-2),100.0,7.988852639224202,8.08,9.988852639224202,0.0279350702731515,10.1038/s41598-017-01078-8|LSHR_HUMAN|Recruitment |Transducer|HEK-293|Arrestin-3 (β-arrestin-2),1.908852639224202,0.027935070273151563,0.013967535136575782,0.044427536629533707
10.1038/s41598-017-01078-8,LSHR_HUMAN,rhCG,Accumulation,Downstream,HEK-293,,100.0,10.753501419204198,10.98,12.753501419204198,-0.1245849740979609,10.1038/s41598-017-01078-8|LSHR_HUMAN|Accumulation|Downstream|HEK-293|nan,1.773501419204198,-0.12458497409796099,-0.062292487048980494,0.10503734227781103
10.1038/s41598-017-01078-8,LSHR_HUMAN,rhLH,Recruitment ,Transducer,HEK-293,Arrestin-3 (β-arrestin-2),66.66666666666667,6.88907375773358,6.86,8.7129824986779,-0.0279350702731515,10.1038/s41598-017-01078-8|LSHR_HUMAN|Recruitment |Transducer|HEK-293|Arrestin-3 (β-arrestin-2),1.8529824986778989,-0.027935070273151563,-0.013967535136575782,0.044427536629533707
10.1038/s41598-017-01078-8,LSHR_HUMAN,rhLH,Accumulation,Downstream,HEK-293,,97.67441860465117,9.542890532581806,9.51,11.53267136740012,0.1245849740979609,10.1038/s41598-017-01078-8|LSHR_HUMAN|Accumulation|Downstream|HEK-293|nan,2.02267136740012,0.12458497409796099,0.062292487048980494,0.10503734227781103
10.1124/mol.113.088880,ADRB2_HUMAN,Salbutamol ,Accumulation,Downstream,HEK,,50.93,7.72,7.66,9.426973676176178,-0.4985516590428958,10.1124/mol.113.088880|ADRB2_HUMAN|Accumulation|Downstream|HEK|nan,1.7669736761761783,-0.17046883491885012,-0.08523441745942506,0.9999962579525
10.1038/s41598-017-15258-z,OPRM_HUMAN,Buprenorphine,Accumulation,Downstream,CHO-K1,,92.78350515463916,10.17,10.2,12.13747077517308,-0.0480287236002432,10.1038/s41598-017-15258-z|OPRM_HUMAN|Accumulation|Downstream|CHO-K1|nan,1.9374707751730806,-0.04471687243658318,-0.02235843621829159,0.04868064849423913
10.1038/s41598-017-15258-z,OPRM_HUMAN,Endomorphin-2,Recruitment ,Transducer,CHO-K1,Arrestin-3 (β-arrestin-2),205.8823529411765,6.51,7.19,8.823619122972001,-0.4963808770279989,10.1038/s41598-017-15258-z|OPRM_HUMAN|Recruitment |Transducer|CHO-K1|Arrestin-3 (β-arrestin-2),1.633619122972001,-0.3868381855815728,-0.1934190927907864,0.9999957142185915
10.1038/s41598-017-15258-z,OPRM_HUMAN,Endomorphin-2,Accumulation,Downstream,CHO-K1,,98.96907216494846,9.34,9.35,11.335499498773324,0.0,10.1038/s41598-017-15258-z|OPRM_HUMAN|Accumulation|Downstream|CHO-K1|nan,1.9854994987733239,0.0033118511636600623,0.0016559255818300311,0.04239230469906874
10.1038/s41598-017-15258-z,OPRM_HUMAN,Fentanyl,Recruitment ,Transducer,CHO-K1,Arrestin-3 (β-arrestin-2),217.6470588235294,7.01,7.05,9.34775280268872,0.1677528026887209,10.1038/s41598-017-15258-z|OPRM_HUMAN|Recruitment |Transducer|CHO-K1|Arrestin-3 (β-arrestin-2),2.297752802688721,0.2772954941351471,0.13864774706757355,0.20591217614043206
10.1038/s41598-017-15258-z,OPRM_HUMAN,Fentanyl,Accumulation,Downstream,CHO-K1,,94.84536082474226,9.95,9.97,11.92701609307931,-0.0284834056940148,10.1038/s41598-017-15258-z|OPRM_HUMAN|Accumulation|Downstream|CHO-K1|nan,1.957016093079309,-0.0251715545303548,-0.0125857772651774,0.044510110694707374
10.1038/s41598-017-15258-z,OPRM_HUMAN,Morphine,Recruitment ,Transducer,CHO-K1,Arrestin-3 (β-arrestin-2),100.0,6.25,6.12,8.25,0.0,10.1038/s41598-017-15258-z|OPRM_HUMAN|Recruitment |Transducer|CHO-K1|Arrestin-3 (β-arrestin-2),2.13,0.10954269144642614,0.05477134572321307,0.04239230469906874
10.1038/s41598-017-15258-z,OPRM_HUMAN,Morphine,Accumulation,Downstream,CHO-K1,,100.0,8.08,8.08,10.08,0.0145005012266761,10.1038/s41598-017-15258-z|OPRM_HUMAN|Accumulation|Downstream|CHO-K1|nan,2.0,0.017812352390336184,0.008906176195168092,0.04293174435231812
10.1038/s41598-017-15258-z,OPRM_HUMAN,TRV130,Accumulation,Downstream,CHO-K1,,97.9381443298969,9.49,9.45,11.480951871022604,0.0454523722492794,10.1038/s41598-017-15258-z|OPRM_HUMAN|Accumulation|Downstream|CHO-K1|nan,2.030951871022605,0.04876422341294129,0.024382111706470644,0.047984785527949034
10.1038/s41598-020-65636-3,ADRB1_HUMAN,Epinephrine,Recruitment ,Transducer,HEK-293,Arrestin-3 (β-arrestin-2),95.97,6.16,6.12,8.14213549480377,0.0266548378817415,10.1038/s41598-020-65636-3|ADRB1_HUMAN|Recruitment |Transducer|HEK-293|Arrestin-3 (β-arrestin-2),2.022135494803769,0.08639265246693961,0.043196326233469806,0.04424153179192437
10.1038/s41598-020-65636-3,ADRB1_HUMAN,Epinephrine,Dissociation,Transducer,HEK-293,G12,81.48,6.64,6.18,8.551051020328126,0.0,10.1038/s41598-020-65636-3|ADRB1_HUMAN|Dissociation|Transducer|HEK-293|G12,2.3710510203281263,-0.2563221197977352,-0.1281610598988676,0.04239230469906874
10.1038/s41598-020-65636-3,ADRB1_HUMAN,Epinephrine,Recruitment ,Transducer,HEK-293,G12,86.46,7.0,6.83,8.936815231197633,0.0587272087106929,10.1038/s41598-020-65636-3|ADRB1_HUMAN|Recruitment |Transducer|HEK-293|G12,2.1068152311976327,0.0616437211251597,0.03082186056257985,0.05211286933809324
10.1038/s41598-020-65636-3,ADRB1_HUMAN,Epinephrine,Dissociation,Transducer,HEK-293,Gi2,97.85,5.77,5.72,7.760560829994019,0.0,10.1038/s41598-020-65636-3|ADRB1_HUMAN|Dissociation|Transducer|HEK-293|Gi2,2.0405608299940194,0.017598653851341073,0.008799326925670536,0.04239230469906874
10.1038/s41598-020-65636-3,ADRB1_HUMAN,Epinephrine,Dissociation,Transducer,HEK-293,Gz,96.82,6.13,6.1,8.115965078304871,0.0165184994035816,10.1038/s41598-020-65636-3|ADRB1_HUMAN|Dissociation|Transducer|HEK-293|Gz,2.0159650783048715,0.014880885858181259,0.007440442929090629,0.04309359942683106
10.1124/mol.113.088880,ADRB2_HUMAN,Salmeterol ,Accumulation,Downstream,HEK,,34.45,5.8,6.87,7.337189226243645,-1.7983361089754295,10.1124/mol.113.088880|ADRB2_HUMAN|Accumulation|Downstream|HEK|nan,0.46718922624364456,-1.4702532848513838,-0.7351266424256919,1.0
10.1038/s41598-020-65636-3,ADRB1_HUMAN,Epinephrine,Accumulation,Downstream,HEK-293,,100.8,8.42,8.36,10.423460532109504,-0.0001016930441437,10.1038/s41598-020-65636-3|ADRB1_HUMAN|Accumulation|Downstream|HEK-293|nan,2.063460532109504,-0.02729785765754622,-0.01364892882877311,0.042392331070452066
10.1038/s41598-020-65636-3,ADRB1_HUMAN,Epinephrine,Dissociation,Transducer,HEK-293,Gs,86.53,7.51,7.13,9.447166703715032,0.0,10.1038/s41598-020-65636-3|ADRB1_HUMAN|Dissociation|Transducer|HEK-293|Gs,2.3171667037150323,-0.062401747012083675,-0.031200873506041837,0.04239230469906874
10.1038/s41598-020-65636-3,ADRB1_HUMAN,Indacaterol,Recruitment ,Transducer,HEK-293,Arrestin-3 (β-arrestin-2),38.76,6.09,5.95,7.678383768378728,-0.2670968885432998,10.1038/s41598-020-65636-3|ADRB1_HUMAN|Recruitment |Transducer|HEK-293|Arrestin-3 (β-arrestin-2),1.7283837683787278,-0.20735907395810171,-0.10367953697905086,0.7963967619935516
10.1038/s41598-020-65636-3,ADRB1_HUMAN,Indacaterol,Dissociation,Transducer,HEK-293,G12,34.05,6.54,4.96,8.072117116248805,0.7410660959206785,10.1038/s41598-020-65636-3|ADRB1_HUMAN|Dissociation|Transducer|HEK-293|G12,3.112117116248805,0.4847439761229433,0.24237198806147164,0.9999999999999764
10.1038/s41598-020-65636-3,ADRB1_HUMAN,Indacaterol,Recruitment ,Transducer,HEK-293,G12,25.46,7.19,6.44,8.595858399317637,0.1077703768306963,10.1038/s41598-020-65636-3|ADRB1_HUMAN|Recruitment |Transducer|HEK-293|G12,2.155858399317636,0.11068688924516312,0.05534344462258156,0.08410091099933667
10.1038/s41598-020-65636-3,ADRB1_HUMAN,Indacaterol,Dissociation,Transducer,HEK-293,Gz,20.54,7.3,6.62,8.612600439261259,-0.006846139640031,10.1038/s41598-020-65636-3|ADRB1_HUMAN|Dissociation|Transducer|HEK-293|Gz,1.9926004392612588,-0.008483753185431375,-0.004241876592715688,0.042511986190591405
10.1038/s41598-020-65636-3,ADRB1_HUMAN,Indacaterol,Accumulation,Downstream,HEK-293,,105.6,8.65,8.61,10.673663918197793,0.0001016930441437,10.1038/s41598-020-65636-3|ADRB1_HUMAN|Accumulation|Downstream|HEK-293|nan,2.0636639181977934,-0.027094471569256928,-0.013547235784628464,0.042392331070452066
10.1038/s41598-020-65636-3,ADRB1_HUMAN,Indacaterol,Dissociation,Transducer,HEK-293,Gs,89.83,6.86,6.72,8.813421399681035,-0.2237453040339971,10.1038/s41598-020-65636-3|ADRB1_HUMAN|Dissociation|Transducer|HEK-293|Gs,2.093421399681035,-0.28614705104608085,-0.14307352552304042,0.506814470853652
10.1038/s41598-020-65636-3,ADRB1_HUMAN,Isoetharine,Dissociation,Transducer,HEK-293,G12,21.56,6.63,4.31,7.963648756514701,1.2825977361865748,10.1038/s41598-020-65636-3|ADRB1_HUMAN|Dissociation|Transducer|HEK-293|G12,3.653648756514701,1.0262756163888396,0.5131378081944198,1.0
10.1038/s41598-020-65636-3,ADRB1_HUMAN,Isoetharine,Accumulation,Downstream,HEK-293,,107.3,6.8,6.98,8.830599721965951,-0.2129625031876987,10.1038/s41598-020-65636-3|ADRB1_HUMAN|Accumulation|Downstream|HEK-293|nan,1.850599721965951,-0.2401586678010994,-0.1200793339005497,0.4332654524415251
10.1038/s41598-020-65636-3,ADRB1_HUMAN,Isoetharine,Dissociation,Transducer,HEK-293,Gs,95.67,5.82,5.62,7.800775773962622,-0.1363909297524106,10.1038/s41598-020-65636-3|ADRB1_HUMAN|Dissociation|Transducer|HEK-293|Gs,2.1807757739626217,-0.1987926767644943,-0.09939633838224715,0.12467082071367004
10.1038/s41598-020-65636-3,ADRB1_HUMAN,Isoproterenol,Recruitment ,Transducer,HEK-293,Arrestin-3 (β-arrestin-2),99.73,7.67,7.7,9.668825819040286,-0.0266548378817415,10.1038/s41598-020-65636-3|ADRB1_HUMAN|Recruitment |Transducer|HEK-293|Arrestin-3 (β-arrestin-2),1.968825819040286,0.03308297670345661,0.016541488351728306,0.04424153179192437
10.1038/s41598-020-65636-3,ADRB1_HUMAN,Isoproterenol,Dissociation,Transducer,HEK-293,G12,98.88,7.83,7.67,9.82510845774474,-0.2159425625833861,10.1038/s41598-020-65636-3|ADRB1_HUMAN|Dissociation|Transducer|HEK-293|G12,2.15510845774474,-0.4722646823811214,-0.2361323411905607,0.4530758987176569
10.1038/s41598-020-65636-3,ADRB1_HUMAN,Isoproterenol,Recruitment ,Transducer,HEK-293,G12,99.69,8.21,8.28,10.208651595998374,-0.1194364264885652,10.1038/s41598-020-65636-3|ADRB1_HUMAN|Recruitment |Transducer|HEK-293|G12,1.9286515959983745,-0.11651991407409845,-0.058259957037049226,0.09784636526729402
10.1038/s41598-020-65636-3,ADRB1_HUMAN,Isoproterenol,Dissociation,Transducer,HEK-293,Gi2,103.1,7.0,7.03,9.013258665283516,-0.0573021647105038,10.1038/s41598-020-65636-3|ADRB1_HUMAN|Dissociation|Transducer|HEK-293|Gi2,1.9832586652835156,-0.039703510859162794,-0.019851755429581397,0.05160218337327269
10.1038/s41598-020-65636-3,ADRB1_HUMAN,Isoproterenol,Dissociation,Transducer,HEK-293,Gz,99.15,7.42,7.41,9.41629271854132,0.006846139640031,10.1038/s41598-020-65636-3|ADRB1_HUMAN|Dissociation|Transducer|HEK-293|Gz,2.006292718541319,0.005208526094628851,0.0026042630473144257,0.042511986190591405
10.1038/s41598-020-65636-3,ADRB1_HUMAN,Isoproterenol,Accumulation,Downstream,HEK-293,,106.5,9.97,9.84,11.997349607774757,0.093787382621107,10.1038/s41598-020-65636-3|ADRB1_HUMAN|Accumulation|Downstream|HEK-293|nan,2.1573496077747567,0.0665912180077064,0.0332956090038532,0.07142982905012411
10.1038/s41598-020-65636-3,ADRB1_HUMAN,Isoproterenol,Dissociation,Transducer,HEK-293,Gs,100.6,8.16,7.99,10.162597980719909,-0.1445687229951238,10.1038/s41598-020-65636-3|ADRB1_HUMAN|Dissociation|Transducer|HEK-293|Gs,2.1725979807199085,-0.20697047000720747,-0.10348523500360374,0.14129282187139147
10.1038/s41598-020-65636-3,ADRB1_HUMAN,Norepinephrine,Recruitment ,Transducer,HEK-293,Arrestin-3 (β-arrestin-2),96.3,6.68,6.64,8.663626287124535,0.0281456302025073,10.1038/s41598-020-65636-3|ADRB1_HUMAN|Recruitment |Transducer|HEK-293|Arrestin-3 (β-arrestin-2),2.023626287124535,0.08788344478770549,0.043941722393852745,0.04445903785224613
10.1038/s41598-020-65636-3,ADRB1_HUMAN,Norepinephrine,Dissociation,Transducer,HEK-293,G12,103.5,6.28,6.45,8.294940349792936,-0.5261106705351901,10.1038/s41598-020-65636-3|ADRB1_HUMAN|Dissociation|Transducer|HEK-293|G12,1.8449403497929362,-0.7824327903329253,-0.39121639516646267,0.9999993650612975
10.1038/s41598-020-65636-3,ADRB1_HUMAN,Norepinephrine,Recruitment ,Transducer,HEK-293,G12,97.58,7.45,7.45,9.439360813776249,-0.0587272087106929,10.1038/s41598-020-65636-3|ADRB1_HUMAN|Recruitment |Transducer|HEK-293|G12,1.9893608137762486,-0.05581069629622437,-0.027905348148112186,0.05211286933809324
10.1038/s41598-020-65636-3,ADRB1_HUMAN,Norepinephrine,Dissociation,Transducer,HEK-293,Gi2,96.62,6.27,6.21,8.2550670331505,0.0045062031564802,10.1038/s41598-020-65636-3|ADRB1_HUMAN|Dissociation|Transducer|HEK-293|Gi2,2.0450670331504996,0.022104857007821277,0.011052428503910638,0.042444116099911056
10.1038/s41598-020-65636-3,ADRB1_HUMAN,Norepinephrine,Dissociation,Transducer,HEK-293,Gz,99.88,6.59,6.6,8.58947853367931,-0.0099680452219792,10.1038/s41598-020-65636-3|ADRB1_HUMAN|Dissociation|Transducer|HEK-293|Gz,1.9894785336793106,-0.011605658767379623,-0.0058028293836898115,0.042646408452035135
10.1038/s41598-020-65636-3,ADRB1_HUMAN,Norepinephrine,Accumulation,Downstream,HEK-293,,85.2,9.27,8.96,11.2004395947667,0.1768773696130487,10.1038/s41598-020-65636-3|ADRB1_HUMAN|Accumulation|Downstream|HEK-293|nan,2.2404395947666984,0.1496812049996481,0.07484060249982405,0.2400855358824215
10.1038/s41598-020-65636-3,ADRB1_HUMAN,Norepinephrine,Dissociation,Transducer,HEK-293,Gs,72.73,7.45,6.89,9.311713587571434,0.1045468838564023,10.1038/s41598-020-65636-3|ADRB1_HUMAN|Dissociation|Transducer|HEK-293|Gs,2.4217135875714346,0.04214513684431864,0.02107256842215932,0.08084798971419437
10.1038/s41598-020-65636-3,ADRB1_HUMAN,Salmeterol,Accumulation,Downstream,HEK-293,,76.5,6.77,6.5,8.653661435153618,0.090099209999968,10.1038/s41598-020-65636-3|ADRB1_HUMAN|Accumulation|Downstream|HEK-293|nan,2.1536614351536176,0.06290304538656732,0.03145152269328366,0.06865517500902434
10.1038/s41598-020-65636-3,ADRB1_HUMAN,Salmeterol,Dissociation,Transducer,HEK-293,Gs,55.78,6.08,5.29,7.826478509930031,0.219311806214999,10.1038/s41598-020-65636-3|ADRB1_HUMAN|Dissociation|Transducer|HEK-293|Gs,2.5364785099300313,0.15691005920291534,0.07845502960145767,0.4759857499870202
10.1038/s41598-020-65636-3,ADRB1_HUMAN,Xamoterol,Accumulation,Downstream,HEK-293,,65.26,8.95,8.46,10.764647069451856,0.2410848442982054,10.1038/s41598-020-65636-3|ADRB1_HUMAN|Accumulation|Downstream|HEK-293|nan,2.304647069451855,0.21388867968480474,0.10694433984240237,0.6303128253814403
10.1038/s41598-020-65636-3,ADRB1_HUMAN,Xamoterol,Dissociation,Transducer,HEK-293,Gs,27.85,8.1,6.61,9.544825199509749,0.6176584957947142,10.1038/s41598-020-65636-3|ADRB1_HUMAN|Dissociation|Transducer|HEK-293|Gs,2.9348251995097483,0.5552567487826323,0.27762837439131616,0.9999999991166103
10.1073/pnas.1312515110,CXCR4_HUMAN,ATI-2341,Recruitment ,Transducer,HEK-293T,Arrestin-3 (β-arrestin-2),6.0,6.56304266933055,4.62,7.341193919714194,0.3382332124087499,10.1073/pnas.1312515110|CXCR4_HUMAN|Recruitment |Transducer|HEK-293T|Arrestin-3 (β-arrestin-2),2.721193919714194,0.33823321240874993,0.16911660620437496,0.9831907662535229
10.1073/pnas.1312515110,CXCR4_HUMAN,ATI-2341,Recruitment ,Transducer,HEK-293T,,15.0,6.812479279163537,4.62,7.988570538219219,0.5898002669415998,10.1073/pnas.1312515110|CXCR4_HUMAN|Recruitment |Transducer|HEK-293T|nan,3.3685705382192186,0.6242541664136931,0.31212708320684657,0.9999999926916281
10.1073/pnas.1312515110,CXCR4_HUMAN,ATI-2341,Recruitment ,Transducer,HEK-293T,,23.0,6.376750709602099,4.33,7.738478545619692,0.6297082743420734,10.1073/pnas.1312515110|CXCR4_HUMAN|Recruitment |Transducer|HEK-293T|nan,3.408478545619692,0.6641621738141668,0.3320810869070834,0.9999999996563583
10.1073/pnas.1312515110,CXCR4_HUMAN,ATI-2341,Binding/coupling,Transducer,HEK-293T,Gi1,122.0,6.273272790973428,6.2,8.359632621648176,-0.1080457543755177,10.1073/pnas.1312515110|CXCR4_HUMAN|Binding/coupling|Transducer|HEK-293T|Gi1,2.159632621648176,-0.10804575437551778,-0.05402287718775889,0.08438892308675508
10.1073/pnas.1312515110,CXCR4_HUMAN,SDF-1 (CXCL12),Recruitment ,Transducer,HEK-293T,Arrestin-3 (β-arrestin-2),100.0,8.744727494896694,8.7,10.744727494896694,-0.3382332124087499,10.1073/pnas.1312515110|CXCR4_HUMAN|Recruitment |Transducer|HEK-293T|Arrestin-3 (β-arrestin-2),2.0447274948966943,-0.33823321240874993,-0.16911660620437496,0.9831907662535229
10.1073/pnas.1312515110,CXCR4_HUMAN,SDF-1 (CXCL12),Recruitment ,Transducer,HEK-293T,,100.0,8.721246399047171,8.71,10.721246399047171,-0.7675238722304485,10.1073/pnas.1312515110|CXCR4_HUMAN|Recruitment |Transducer|HEK-293T|nan,2.0112463990471703,-0.7330699727583552,-0.3665349863791776,0.999999999999998
10.1073/pnas.1312515110,CXCR4_HUMAN,SDF-1 (CXCL12),Recruitment ,Transducer,HEK-293T,,100.0,8.698970004336019,8.51,10.69897000433602,-0.5898002669415998,10.1073/pnas.1312515110|CXCR4_HUMAN|Recruitment |Transducer|HEK-293T|nan,2.1889700043360207,-0.5553463674695047,-0.27767318373475236,0.9999999926916281
10.1073/pnas.1312515110,CXCR4_HUMAN,SDF-1 (CXCL12),Binding/coupling,Transducer,HEK-293T,Gi1,100.0,9.275724130399212,8.9,11.275724130399212,0.1080457543755177,10.1073/pnas.1312515110|CXCR4_HUMAN|Binding/coupling|Transducer|HEK-293T|Gi1,2.3757241303992114,0.10804575437551778,0.05402287718775889,0.08438892308675508
10.1073/pnas.1908662116,OPRM_MOUSE,Bilorphin (3c),Recruitment ,Transducer,AtT20,Arrestin-3 (β-arrestin-2),18.0,6.1,5.3,7.355272505103306,0.0212443241917856,10.1073/pnas.1908662116|OPRM_MOUSE|Recruitment |Transducer|AtT20|Arrestin-3 (β-arrestin-2),2.0552725051033063,0.011108371707067022,0.005554185853533511,0.043558249024584585
10.1073/pnas.1908662116,OPRM_MOUSE,Bilorphin (3c),Phosphorylation,Transducer,AtT20,,39.0,6.1,6.2,7.691064607026499,-0.5045484308197481,10.1073/pnas.1908662116|OPRM_MOUSE|Phosphorylation|Transducer|AtT20|nan,1.491064607026499,-0.43350889956194916,-0.21675444978097458,0.9999974354873958
10.1073/pnas.1908662116,OPRM_MOUSE,Bilorphin (3c),Internalization ,Transducer,AtT20,,3.0,5.1,4.9,5.577121254719662,-1.303742663289135,10.1073/pnas.1908662116|OPRM_MOUSE|Internalization |Transducer|AtT20|nan,0.6771212547196619,-1.0258729813645768,-0.5129364906822884,1.0
10.1073/pnas.1908662116,OPRM_MOUSE,Bilorphin (3c),Activation,Downstream,AtT20,,51.0,7.2,7.0,8.907570176097936,-0.0109437637799514,10.1073/pnas.1908662116|OPRM_MOUSE|Activation|Downstream|AtT20|nan,1.907570176097936,-0.0069391678333428075,-0.0034695839166714038,0.04269876864403332
10.1073/pnas.1908662116,OPRM_MOUSE,Endomorphin-2,Recruitment ,Transducer,AtT20,Arrestin-3 (β-arrestin-2),100.0,7.0,7.0,9.0,-0.0340281809115206,10.1073/pnas.1908662116|OPRM_MOUSE|Recruitment |Transducer|AtT20|Arrestin-3 (β-arrestin-2),2.0,-0.04416413339623926,-0.02208206669811963,0.045445335724160464
10.1073/pnas.1908662116,OPRM_MOUSE,Endomorphin-2,Phosphorylation,Transducer,AtT20,,98.0,7.2,7.2,9.191226075692494,-0.0043869621537528,10.1073/pnas.1908662116|OPRM_MOUSE|Phosphorylation|Transducer|AtT20|nan,1.9912260756924942,0.06665256910404604,0.03332628455202302,0.04244140886462522
10.1073/pnas.1908662116,OPRM_MOUSE,Endomorphin-2,Internalization ,Transducer,AtT20,,94.0,6.4,6.2,8.3731278535997,0.1922639355909026,10.1073/pnas.1908662116|OPRM_MOUSE|Internalization |Transducer|AtT20|nan,2.1731278535996994,0.4701336175154607,0.23506680875773034,0.3110054692539722
10.1073/pnas.1908662116,OPRM_MOUSE,Endomorphin-2,Activation,Downstream,AtT20,,64.0,6.9,7.5,8.706179973983888,-0.7123339658939996,10.1073/pnas.1908662116|OPRM_MOUSE|Activation|Downstream|AtT20|nan,1.2061799739838879,-0.7083293699473909,-0.35416468497369546,0.9999999999996757
10.1073/pnas.1908662116,OPRM_MOUSE,Met-enkephalin,Recruitment ,Transducer,AtT20,Arrestin-3 (β-arrestin-2),102.0,6.3,6.2,8.308600171761917,0.0745719908503961,10.1073/pnas.1908662116|OPRM_MOUSE|Recruitment |Transducer|AtT20|Arrestin-3 (β-arrestin-2),2.1086001717619167,0.06443603836567746,0.03221801918283873,0.05906984264132293
10.1073/pnas.1908662116,OPRM_MOUSE,Met-enkephalin,Phosphorylation,Transducer,AtT20,,100.0,7.1,7.1,9.1,0.0043869621537528,10.1073/pnas.1908662116|OPRM_MOUSE|Phosphorylation|Transducer|AtT20|nan,2.0,0.07542649341155183,0.037713246705775916,0.04244140886462522
10.1073/pnas.1908662116,OPRM_MOUSE,Met-enkephalin,Internalization ,Transducer,AtT20,,100.0,6.1,6.1,8.1,0.0191360819912032,10.1073/pnas.1908662116|OPRM_MOUSE|Internalization |Transducer|AtT20|nan,2.0,0.2970057639157613,0.14850288195788064,0.04333600200773409
10.1073/pnas.1908662116,OPRM_MOUSE,Met-enkephalin,Activation,Downstream,AtT20,,84.0,7.4,7.4,9.324279286061882,0.0057653461839946,10.1073/pnas.1908662116|OPRM_MOUSE|Activation|Downstream|AtT20|nan,1.924279286061882,0.009769942130603226,0.004884971065301613,0.04247714770846779
10.1073/pnas.1908662116,OPRM_MOUSE,Morphine,Recruitment ,Transducer,AtT20,Arrestin-3 (β-arrestin-2),41.0,6.1,5.7,7.712783856719735,-0.0212443241917856,10.1073/pnas.1908662116|OPRM_MOUSE|Recruitment |Transducer|AtT20|Arrestin-3 (β-arrestin-2),2.012783856719735,-0.03138027667650434,-0.01569013833825217,0.043558249024584585
10.1073/pnas.1908662116,OPRM_MOUSE,Morphine,Phosphorylation,Transducer,AtT20,,52.0,6.4,5.9,8.1160033436348,0.2203903057885523,10.1073/pnas.1908662116|OPRM_MOUSE|Phosphorylation|Transducer|AtT20|nan,2.2160033436347994,0.2914298370463513,0.14571491852317564,0.4834205597270956
10.1073/pnas.1908662116,OPRM_MOUSE,Morphine,Internalization ,Transducer,AtT20,,23.0,5.4,4.8,6.761727836017593,-0.0191360819912032,10.1073/pnas.1908662116|OPRM_MOUSE|Internalization |Transducer|AtT20|nan,1.9617278360175936,0.2587335999333549,0.12936679996667744,0.04333600200773409
10.1073/pnas.1908662116,OPRM_MOUSE,Morphine,Activation,Downstream,AtT20,,52.0,7.6,6.7,9.3160033436348,0.6974894037569115,10.1073/pnas.1908662116|OPRM_MOUSE|Activation|Downstream|AtT20|nan,2.6160033436348007,0.7014939997035219,0.35074699985176094,0.9999999999987923
10.1073/pnas.1908662116,OPRM_MOUSE,TRV130,Activation,Downstream,AtT20,,33.0,7.6,7.2,9.118513939877888,0.0,10.1073/pnas.1908662116|OPRM_MOUSE|Activation|Downstream|AtT20|nan,1.9185139398778874,0.0040045959466086245,0.0020022979733043123,0.04239230469906874
10.1073/pnas.2000712117,OPRD_HUMAN,BAM 12,Recruitment ,Transducer,U2OS,Arrestin-3 (β-arrestin-2),55.0,7.602059991327962,6.386,9.342422680822208,0.8160101974105025,10.1073/pnas.2000712117|OPRD_HUMAN|Recruitment |Transducer|U2OS|Arrestin-3 (β-arrestin-2),2.9564226808222083,0.6510388892509931,0.32551944462549653,1.0
10.1073/pnas.2000712117,OPRD_HUMAN,BAM 12,Activation,Transducer,U2OS,,82.0,7.638272163982407,8.115,9.552086016366124,-0.7724613071476885,10.1073/pnas.2000712117|OPRD_HUMAN|Activation|Transducer|U2OS|nan,1.4370860163661234,-1.011254618566312,-0.505627309283156,0.9999999999999989
10.1073/pnas.2000712117,OPRD_HUMAN,BAM 18,Recruitment ,Transducer,U2OS,Arrestin-3 (β-arrestin-2),69.0,7.769551078621726,7.115,9.608400169358982,0.3529876859472773,10.1073/pnas.2000712117|OPRD_HUMAN|Recruitment |Transducer|U2OS|Arrestin-3 (β-arrestin-2),2.4934001693589813,0.18801637778776614,0.09400818889388307,0.9910713204804903
10.1073/pnas.2000712117,OPRD_HUMAN,BAM 18,Activation,Transducer,U2OS,,67.0,8.886056647693163,7.679,10.71213145039399,0.8235841268801778,10.1073/pnas.2000712117|OPRD_HUMAN|Activation|Transducer|U2OS|nan,3.0331314503939897,0.5847908154615542,0.2923954077307771,1.0
10.1073/pnas.2000712117,OPRD_HUMAN,BAM 22,Recruitment ,Transducer,U2OS,Arrestin-3 (β-arrestin-2),109.0,7.494850021680094,7.589,9.532276519620718,-0.1971359637909868,10.1073/pnas.2000712117|OPRD_HUMAN|Recruitment |Transducer|U2OS|Arrestin-3 (β-arrestin-2),1.9432765196207171,-0.3621072719504981,-0.18105363597524904,0.33709902156711624
10.1073/pnas.2000712117,OPRD_HUMAN,BAM 22,Activation,Transducer,U2OS,,85.0,8.221848749616356,7.943,10.151267675330647,-0.0012796481831625,10.1073/pnas.2000712117|OPRD_HUMAN|Activation|Transducer|U2OS|nan,2.2082676753306476,-0.24007295960178787,-0.12003647980089394,0.04239648061645141
10.1073/pnas.2000712117,OPRD_HUMAN,Deltorphin II,Recruitment ,Transducer,U2OS,Arrestin-3 (β-arrestin-2),100.0,8.207608310501746,7.89,10.207608310501746,0.177195827090042,10.1073/pnas.2000712117|OPRD_HUMAN|Recruitment |Transducer|U2OS|Arrestin-3 (β-arrestin-2),2.317608310501746,0.012224518930530781,0.0061122594652653905,0.2413801766794171
10.1073/pnas.2000712117,OPRD_HUMAN,Deltorphin II,Activation,Transducer,U2OS,,100.0,7.769551078621726,8.056,9.769551078621726,-0.4959962448920851,10.1073/pnas.2000712117|OPRD_HUMAN|Activation|Transducer|U2OS|nan,1.7135510786217267,-0.7347895563107087,-0.3673947781553544,0.9999956102162705
10.1073/pnas.2000712117,OPRD_HUMAN,Dynorphin A13,Recruitment ,Transducer,U2OS,Arrestin-3 (β-arrestin-2),108.0,6.292429823902063,6.193,8.325853579389014,-0.0075589040226899,10.1073/pnas.2000712117|OPRD_HUMAN|Recruitment |Transducer|U2OS|Arrestin-3 (β-arrestin-2),2.132853579389014,-0.17253021218220121,-0.08626510609110061,0.042538247059396246
10.1073/pnas.2000712117,OPRD_HUMAN,Dynorphin A13,Activation,Transducer,U2OS,,59.0,8.3767507096021,7.562,10.147602721244244,0.3760553977304317,10.1073/pnas.2000712117|OPRD_HUMAN|Activation|Transducer|U2OS|nan,2.5856027212442436,0.13726208631180814,0.06863104315590407,0.9968773010710332
10.1073/pnas.2000712117,OPRD_HUMAN,Dynorphin A17,Recruitment ,Transducer,U2OS,Arrestin-3 (β-arrestin-2),112.0,6.337242168318426,5.535,8.386460190988608,0.7110477075769035,10.1073/pnas.2000712117|OPRD_HUMAN|Recruitment |Transducer|U2OS|Arrestin-3 (β-arrestin-2),2.8514601909886075,0.5460763994173923,0.27303819970869614,0.9999999999996361
10.1073/pnas.2000712117,OPRD_HUMAN,Dynorphin A17,Activation,Transducer,U2OS,,42.0,6.721246399047171,6.838,8.344495689445072,-0.70305163406874,10.1073/pnas.2000712117|OPRD_HUMAN|Activation|Transducer|U2OS|nan,1.5064956894450718,-0.9418449454873636,-0.4709224727436818,0.9999999999992596
10.1073/pnas.2000712117,OPRD_HUMAN,Dynorphin A8,Recruitment ,Transducer,U2OS,Arrestin-3 (β-arrestin-2),114.0,6.481486060122113,6.281,8.538390911458585,0.116978428046881,10.1073/pnas.2000712117|OPRD_HUMAN|Recruitment |Transducer|U2OS|Arrestin-3 (β-arrestin-2),2.257390911458585,-0.04799288011263014,-0.02399644005631507,0.09467109569080245
10.1073/pnas.2000712117,OPRD_HUMAN,Dynorphin A8,Activation,Transducer,U2OS,,59.0,7.853871964321762,8.072,9.624723975963906,-0.6568233475499046,10.1073/pnas.2000712117|OPRD_HUMAN|Activation|Transducer|U2OS|nan,1.5527239759639073,-0.8956166589685282,-0.4478083294842641,0.9999999999615916
10.1073/pnas.2000712117,OPRD_HUMAN,Dynorphin B13,Recruitment ,Transducer,U2OS,Arrestin-3 (β-arrestin-2),107.0,6.318758762624412,5.041,8.348142540309622,1.1667300568979178,10.1073/pnas.2000712117|OPRD_HUMAN|Recruitment |Transducer|U2OS|Arrestin-3 (β-arrestin-2),3.3071425403096217,1.0017587487384065,0.5008793743692033,1.0
10.1073/pnas.2000712117,OPRD_HUMAN,Dynorphin B13,Activation,Transducer,U2OS,,54.0,7.619788758288394,7.314,9.352182518111364,-0.1713648054024492,10.1073/pnas.2000712117|OPRD_HUMAN|Activation|Transducer|U2OS|nan,2.0381825181113644,-0.41015811682107106,-0.20507905841053553,0.2187782392235212
10.1073/pnas.2000712117,OPRD_HUMAN,Leu-enkephalin,Recruitment ,Transducer,U2OS,Arrestin-3 (β-arrestin-2),98.0,8.119186407719209,7.97,10.110412483411704,0.0,10.1073/pnas.2000712117|OPRD_HUMAN|Recruitment |Transducer|U2OS|Arrestin-3 (β-arrestin-2),2.140412483411704,-0.16497130815951122,-0.08248565407975561,0.04239230469906874
10.1073/pnas.2000712117,OPRD_HUMAN,Leu-enkephalin,Activation,Transducer,U2OS,,76.0,7.744727494896693,7.588,9.625541087177483,-0.172006236336327,10.1073/pnas.2000712117|OPRD_HUMAN|Activation|Transducer|U2OS|nan,2.037541087177483,-0.4107995477549524,-0.2053997738774762,0.22115209179459783
10.1073/pnas.2000712117,OPRD_HUMAN,Met-enkephalin,Recruitment ,Transducer,U2OS,Arrestin-3 (β-arrestin-2),106.0,7.275724130399211,7.279,9.30102999566398,-0.1183824877477226,10.1073/pnas.2000712117|OPRD_HUMAN|Recruitment |Transducer|U2OS|Arrestin-3 (β-arrestin-2),2.0220299956639796,-0.28335379590723564,-0.14167689795361782,0.09646530552218065
10.1073/pnas.2000712117,OPRD_HUMAN,Met-enkephalin,Activation,Transducer,U2OS,,61.0,7.552841968657781,6.564,9.338171803668548,0.5646244801547358,10.1073/pnas.2000712117|OPRD_HUMAN|Activation|Transducer|U2OS|nan,2.7741718036685477,0.3258311687361122,0.1629155843680561,0.9999999546368995
10.1073/pnas.2000712117,OPRD_HUMAN,Met-enkephalin RF,Recruitment ,Transducer,U2OS,Arrestin-3 (β-arrestin-2),96.0,7.508638306165727,7.337,9.490909539205296,0.013497055793592,10.1073/pnas.2000712117|OPRD_HUMAN|Recruitment |Transducer|U2OS|Arrestin-3 (β-arrestin-2),2.153909539205296,-0.15147425236591916,-0.07573712618295958,0.042859290631640984
10.1073/pnas.2000712117,OPRD_HUMAN,Met-enkephalin RF,Activation,Transducer,U2OS,,45.0,8.229147988357855,5.984,9.8823605021332,1.6888131786193874,10.1073/pnas.2000712117|OPRD_HUMAN|Activation|Transducer|U2OS|nan,3.8983605021331993,1.4500198672007638,0.7250099336003819,1.0
10.1073/pnas.2000712117,OPRD_HUMAN,Met-enkephalin RGL,Recruitment ,Transducer,U2OS,Arrestin-3 (β-arrestin-2),99.0,7.431798275933005,7.329,9.427433470530556,-0.0419790128811481,10.1073/pnas.2000712117|OPRD_HUMAN|Recruitment |Transducer|U2OS|Arrestin-3 (β-arrestin-2),2.098433470530556,-0.20695032104065936,-0.10347516052032968,0.047120816170042025
10.1073/pnas.2000712117,OPRD_HUMAN,Met-enkephalin RGL,Activation,Transducer,U2OS,,40.0,9.060480747381382,6.501,10.662540738709344,1.951993415195532,10.1073/pnas.2000712117|OPRD_HUMAN|Activation|Transducer|U2OS|nan,4.161540738709344,1.7132001037769085,0.8566000518884542,1.0
10.1073/pnas.2000712117,OPRD_HUMAN,Metorphamide,Recruitment ,Transducer,U2OS,Arrestin-3 (β-arrestin-2),92.0,6.853871964321762,6.779,8.817659791667317,-0.1017526917443865,10.1073/pnas.2000712117|OPRD_HUMAN|Recruitment |Transducer|U2OS|Arrestin-3 (β-arrestin-2),2.0386597916673175,-0.2667239999038977,-0.13336199995194886,0.0781976713352975
10.1073/pnas.2000712117,OPRD_HUMAN,Metorphamide,Activation,Transducer,U2OS,,41.0,8.200659450546418,6.584,9.813443307266152,1.0198959837523418,10.1073/pnas.2000712117|OPRD_HUMAN|Activation|Transducer|U2OS|nan,3.229443307266152,0.7811026723337164,0.3905513361668582,1.0
10.1073/pnas.2000712117,OPRD_HUMAN,Peptide E,Recruitment ,Transducer,U2OS,Arrestin-3 (β-arrestin-2),105.0,6.958607314841775,7.02,8.979796613911713,-0.1806158694999906,10.1073/pnas.2000712117|OPRD_HUMAN|Recruitment |Transducer|U2OS|Arrestin-3 (β-arrestin-2),1.9597966139117133,-0.34558717765950187,-0.17279358882975093,0.25573474762188175
10.1073/pnas.2000712117,OPRD_HUMAN,Peptide E,Activation,Transducer,U2OS,,57.0,7.67778070526608,6.734,9.433655560938572,0.49010823742476,10.1073/pnas.2000712117|OPRD_HUMAN|Activation|Transducer|U2OS|nan,2.699655560938572,0.2513149260061365,0.12565746300306824,0.9999936781986517
10.1073/pnas.2000712117,OPRD_HUMAN,Peptide F,Recruitment ,Transducer,U2OS,Arrestin-3 (β-arrestin-2),44.0,6.585026652029182,5.812,8.22847932851537,0.2760668451036654,10.1073/pnas.2000712117|OPRD_HUMAN|Recruitment |Transducer|U2OS|Arrestin-3 (β-arrestin-2),2.4164793285153694,0.1110955369441542,0.0555477684720771,0.8415728059594766
10.1073/pnas.2000712117,OPRD_HUMAN,Peptide F,Activation,Transducer,U2OS,,77.0,6.853871964321762,6.698,8.740362689494244,-0.1671846340195681,10.1073/pnas.2000712117|OPRD_HUMAN|Activation|Transducer|U2OS|nan,2.0423626894942437,-0.40597794543819177,-0.20298897271909588,0.20396440508092534
10.1073/pnas.2000712117,OPRD_HUMAN,α-Neoendorphin,Recruitment ,Transducer,U2OS,Arrestin-3 (β-arrestin-2),69.0,6.537602002101044,5.674,8.3764510928383,0.5620386094265957,10.1073/pnas.2000712117|OPRD_HUMAN|Recruitment |Transducer|U2OS|Arrestin-3 (β-arrestin-2),2.7024510928382997,0.39706730126708445,0.19853365063354222,0.9999999455267522
10.1073/pnas.2000712117,OPRD_HUMAN,α-Neoendorphin,Activation,Transducer,U2OS,,37.0,8.481486060122112,7.447,10.049687784189109,0.393140460675295,10.1073/pnas.2000712117|OPRD_HUMAN|Activation|Transducer|U2OS|nan,2.6026877841891087,0.15434714925667326,0.07717357462833663,0.9986298349604819
10.1073/pnas.2000712117,OPRD_HUMAN,β-Endorphin 26,Recruitment ,Transducer,U2OS,Arrestin-3 (β-arrestin-2),110.0,6.356547323513812,6.387,8.397940008672037,-0.129472474739666,10.1073/pnas.2000712117|OPRD_HUMAN|Recruitment |Transducer|U2OS|Arrestin-3 (β-arrestin-2),2.010940008672038,-0.2944437828991773,-0.14722189144958864,0.1125988028229095
10.1073/pnas.2000712117,OPRD_HUMAN,β-Endorphin 26,Activation,Transducer,U2OS,,60.0,7.318758762624412,6.476,9.096910013008056,0.4113626894942443,10.1073/pnas.2000712117|OPRD_HUMAN|Activation|Transducer|U2OS|nan,2.6209100130080563,0.17256937807562078,0.08628468903781039,0.9994539953248129
10.1073/pnas.2000712117,OPRD_HUMAN,β-Endorphin 27,Recruitment ,Transducer,U2OS,Arrestin-3 (β-arrestin-2),109.0,6.267606240177032,6.296,8.305032738117657,-0.1313797452940477,10.1073/pnas.2000712117|OPRD_HUMAN|Recruitment |Transducer|U2OS|Arrestin-3 (β-arrestin-2),2.0090327381176563,-0.29635105345355894,-0.14817552672677947,0.11575955650365827
10.1073/pnas.2000712117,OPRD_HUMAN,β-Endorphin 27,Activation,Transducer,U2OS,,74.0,7.214670164989233,7.106,9.083901884720207,-0.2316454387936026,10.1073/pnas.2000712117|OPRD_HUMAN|Activation|Transducer|U2OS|nan,1.9779018847202074,-0.47043875021222803,-0.23521937510611401,0.5629768226243511
10.1073/pnas.2000712117,OPRD_HUMAN,β-Endorphin 31,Recruitment ,Transducer,U2OS,Arrestin-3 (β-arrestin-2),91.0,6.7447274948966935,6.699,8.703768887217787,-0.1356435961939164,10.1073/pnas.2000712117|OPRD_HUMAN|Recruitment |Transducer|U2OS|Arrestin-3 (β-arrestin-2),2.0047688872177876,-0.30061490435342764,-0.15030745217671382,0.12328384837064048
10.1073/pnas.2000712117,OPRD_HUMAN,β-Endorphin 31,Activation,Transducer,U2OS,,33.0,7.585026652029182,5.773,9.10354059190707,1.1209932683932582,10.1073/pnas.2000712117|OPRD_HUMAN|Activation|Transducer|U2OS|nan,3.33054059190707,0.8821999569746346,0.4410999784873173,1.0
10.1073/pnas.2000712117,OPRD_HUMAN,β-Neoendorphin,Recruitment ,Transducer,U2OS,Arrestin-3 (β-arrestin-2),70.0,6.795880017344075,5.7,8.640978057358332,0.8005655739466278,10.1073/pnas.2000712117|OPRD_HUMAN|Recruitment |Transducer|U2OS|Arrestin-3 (β-arrestin-2),2.9409780573583317,0.6355942657871165,0.31779713289355827,0.9999999999999999
10.1073/pnas.2000712117,OPRD_HUMAN,β-Neoendorphin,Activation,Transducer,U2OS,,25.0,7.958607314841775,7.147,9.356547323513812,0.0,10.1073/pnas.2000712117|OPRD_HUMAN|Activation|Transducer|U2OS|nan,2.209547323513812,-0.2387933114186236,-0.1193966557093118,0.04239230469906874
10.1073/pnas.2000712117,OPRD_HUMAN,γ-Endorphin,Recruitment ,Transducer,U2OS,Arrestin-3 (β-arrestin-2),126.0,6.337242168318426,6.782,8.437612713435989,-0.4847997699757149,10.1073/pnas.2000712117|OPRD_HUMAN|Recruitment |Transducer|U2OS|Arrestin-3 (β-arrestin-2),1.655612713435989,-0.6497710781352262,-0.3248855390676131,0.9999912496354011
10.1073/pnas.2000712117,OPRD_HUMAN,γ-Endorphin,Activation,Transducer,U2OS,,68.0,7.397940008672037,7.475,9.230448921378274,-0.4540984021355374,10.1073/pnas.2000712117|OPRD_HUMAN|Activation|Transducer|U2OS|nan,1.7554489213782745,-0.692891713554161,-0.3464458567770805,0.9999464951175878
10.1073/pnas.2000712117,OPRK_HUMAN,BAM 12,Recruitment ,Transducer,U2OS,Arrestin-3 (β-arrestin-2),100.0,6.096910013008056,6.029,8.096910013008056,-0.5838664467454535,10.1073/pnas.2000712117|OPRK_HUMAN|Recruitment |Transducer|U2OS|Arrestin-3 (β-arrestin-2),2.0679100130080563,-0.672572202759099,-0.3362861013795495,0.9999999886808376
10.1073/pnas.2000712117,OPRK_HUMAN,BAM 12,Activation,Transducer,U2OS,,65.0,7.638272163982407,6.722,9.451185520625264,-0.3310308827579273,10.1073/pnas.2000712117|OPRK_HUMAN|Activation|Transducer|U2OS|nan,2.729185520625264,-0.6572612161486076,-0.3286306080743038,0.9773808959813761
10.1073/pnas.2000712117,OPRK_HUMAN,BAM 18,Recruitment ,Transducer,U2OS,Arrestin-3 (β-arrestin-2),68.0,6.769551078621726,6.011,8.602059991327963,-0.0607164684255474,10.1073/pnas.2000712117|OPRK_HUMAN|Recruitment |Transducer|U2OS|Arrestin-3 (β-arrestin-2),2.5910599913279624,-0.14942222443919295,-0.07471111221959648,0.052855096373296155
10.1073/pnas.2000712117,OPRK_HUMAN,BAM 18,Activation,Transducer,U2OS,,127.0,8.102372908709558,8.31,10.206176629665515,-1.1640397737176746,10.1073/pnas.2000712117|OPRK_HUMAN|Activation|Transducer|U2OS|nan,1.896176629665515,-1.4902701071083566,-0.7451350535541783,1.0
10.1073/pnas.2000712117,OPRK_HUMAN,BAM 22,Recruitment ,Transducer,U2OS,Arrestin-3 (β-arrestin-2),96.0,6.853871964321762,6.606,8.83614319736133,-0.421633262392179,10.1073/pnas.2000712117|OPRK_HUMAN|Recruitment |Transducer|U2OS|Arrestin-3 (β-arrestin-2),2.230143197361331,-0.5103390184058245,-0.25516950920291226,0.9996809220766141
10.1073/pnas.2000712117,OPRK_HUMAN,BAM 22,Activation,Transducer,U2OS,,133.0,7.769551078621726,8.195,9.893402719588812,-1.3618136837943782,10.1073/pnas.2000712117|OPRK_HUMAN|Activation|Transducer|U2OS|nan,1.6984027195888114,-1.6880440171850601,-0.8440220085925301,1.0
10.1073/pnas.2000712117,OPRK_HUMAN,Dynorphin A13,Recruitment ,Transducer,U2OS,Arrestin-3 (β-arrestin-2),105.0,8.244125144327509,8.243,10.265314443397449,-0.6294620163560634,10.1073/pnas.2000712117|OPRK_HUMAN|Recruitment |Transducer|U2OS|Arrestin-3 (β-arrestin-2),2.0223144433974483,-0.7181677723697071,-0.35908388618485354,0.9999999996495993
10.1073/pnas.2000712117,OPRK_HUMAN,Dynorphin A13,Activation,Transducer,U2OS,,66.0,9.481486060122112,6.237,11.30102999566398,2.003813592280792,10.1073/pnas.2000712117|OPRK_HUMAN|Activation|Transducer|U2OS|nan,5.064029995663979,1.6775832588901078,0.8387916294450539,1.0
10.1073/pnas.2000712117,OPRK_HUMAN,Dynorphin A17,Recruitment ,Transducer,U2OS,Arrestin-3 (β-arrestin-2),86.0,7.0,6.536,8.934498451243568,-0.2532780085099411,10.1073/pnas.2000712117|OPRK_HUMAN|Recruitment |Transducer|U2OS|Arrestin-3 (β-arrestin-2),2.3984984512435688,-0.3419837645235866,-0.1709918822617933,0.7134519802445294
10.1073/pnas.2000712117,OPRK_HUMAN,Dynorphin A17,Activation,Transducer,U2OS,,100.0,8.337242168318426,7.283,10.337242168318426,-0.0059742350647642,10.1073/pnas.2000712117|OPRK_HUMAN|Activation|Transducer|U2OS|nan,3.0542421683184253,-0.3322045684554462,-0.1661022842277231,0.04248341353926254
10.1073/pnas.2000712117,OPRK_HUMAN,Dynorphin A8,Recruitment ,Transducer,U2OS,Arrestin-3 (β-arrestin-2),113.0,6.958607314841775,6.964,9.011685758325196,-0.6040907014283157,10.1073/pnas.2000712117|OPRK_HUMAN|Recruitment |Transducer|U2OS|Arrestin-3 (β-arrestin-2),2.047685758325196,-0.6927964574419594,-0.3463982287209797,0.9999999974975016
10.1073/pnas.2000712117,OPRK_HUMAN,Dynorphin A8,Activation,Transducer,U2OS,,101.0,8.387216143280265,7.513,10.391537517062908,-0.1816788863202818,10.1073/pnas.2000712117|OPRK_HUMAN|Activation|Transducer|U2OS|nan,2.8785375170629077,-0.5079092197109638,-0.2539546098554819,0.2603665284730054
10.1073/pnas.2000712117,OPRK_HUMAN,Dynorphin B13,Recruitment ,Transducer,U2OS,Arrestin-3 (β-arrestin-2),49.0,6.853871964321762,5.266,8.544068044350276,0.6262915845967658,10.1073/pnas.2000712117|OPRK_HUMAN|Recruitment |Transducer|U2OS|Arrestin-3 (β-arrestin-2),3.2780680443502757,0.5375858285831203,0.26879291429156016,0.9999999995500355
10.1073/pnas.2000712117,OPRK_HUMAN,Dynorphin B13,Activation,Transducer,U2OS,,98.0,7.853871964321762,6.935,9.845098040014255,-0.1501183633689322,10.1073/pnas.2000712117|OPRK_HUMAN|Activation|Transducer|U2OS|nan,2.9100980400142555,-0.476348696759616,-0.238174348379808,0.15422217169933955
10.1073/pnas.2000712117,OPRK_HUMAN,Leu-enkephalin,Activation,Transducer,U2OS,,64.0,6.443697499232713,4.635,8.2498774732166,0.5546610698334105,10.1073/pnas.2000712117|OPRK_HUMAN|Activation|Transducer|U2OS|nan,3.6148774732166,0.2284307364427285,0.11421536822136424,0.9999999086018329
10.1073/pnas.2000712117,OPRK_HUMAN,Met-enkephalin,Recruitment ,Transducer,U2OS,Arrestin-3 (β-arrestin-2),13.0,5.657577319177793,3.462,6.77152067148463,0.6577442117311203,10.1073/pnas.2000712117|OPRK_HUMAN|Recruitment |Transducer|U2OS|Arrestin-3 (β-arrestin-2),3.30952067148463,0.5690384557174748,0.2845192278587374,0.999999999964404
10.1073/pnas.2000712117,OPRK_HUMAN,Met-enkephalin,Activation,Transducer,U2OS,,53.0,7.0,4.537,8.724275869600788,1.1270594662175988,10.1073/pnas.2000712117|OPRK_HUMAN|Activation|Transducer|U2OS|nan,4.187275869600788,0.8008291328269168,0.4004145664134584,1.0
10.1073/pnas.2000712117,OPRK_HUMAN,Met-enkephalin RF,Recruitment ,Transducer,U2OS,Arrestin-3 (β-arrestin-2),41.0,6.080921907623926,4.676,7.693705764343662,0.3659293045901517,10.1073/pnas.2000712117|OPRK_HUMAN|Recruitment |Transducer|U2OS|Arrestin-3 (β-arrestin-2),3.0177057643436616,0.2772235485765062,0.1386117742882531,0.9950032687986092
10.1073/pnas.2000712117,OPRK_HUMAN,Met-enkephalin RF,Activation,Transducer,U2OS,,54.0,7.853871964321762,5.888,9.58626572414473,0.6380493207615414,10.1073/pnas.2000712117|OPRK_HUMAN|Activation|Transducer|U2OS|nan,3.698265724144731,0.31181898737085945,0.15590949368542972,0.9999999998231418
10.1073/pnas.2000712117,OPRK_HUMAN,Met-enkephalin RGL,Recruitment ,Transducer,U2OS,Arrestin-3 (β-arrestin-2),18.0,5.823908740944319,3.816,7.079181246047625,0.6114047862941154,10.1073/pnas.2000712117|OPRK_HUMAN|Recruitment |Transducer|U2OS|Arrestin-3 (β-arrestin-2),3.2631812460476253,0.5226990302804699,0.26134951514023497,0.9999999985683413
10.1073/pnas.2000712117,OPRK_HUMAN,Met-enkephalin RGL,Activation,Transducer,U2OS,,75.0,7.221848749616356,5.802,9.096910013008056,0.234693609624867,10.1073/pnas.2000712117|OPRK_HUMAN|Activation|Transducer|U2OS|nan,3.2949100130080566,-0.0915367237658149,-0.04576836188290745,0.58480862172198
10.1073/pnas.2000712117,OPRK_HUMAN,Metorphamide,Recruitment ,Transducer,U2OS,Arrestin-3 (β-arrestin-2),78.0,7.200659450546419,6.594,9.0927540532369,-0.1530224065166114,10.1073/pnas.2000712117|OPRK_HUMAN|Recruitment |Transducer|U2OS|Arrestin-3 (β-arrestin-2),2.4987540532369,-0.2417281625302552,-0.1208640812651276,0.16157404635002232
10.1073/pnas.2000712117,OPRK_HUMAN,Metorphamide,Activation,Transducer,U2OS,,27.0,9.031517051446064,4.195,10.462880815605052,3.2076644122218623,10.1073/pnas.2000712117|OPRK_HUMAN|Activation|Transducer|U2OS|nan,6.267880815605052,2.8814340788311803,1.4407170394155902,1.0
10.1073/pnas.2000712117,OPRK_HUMAN,Peptide E,Recruitment ,Transducer,U2OS,Arrestin-3 (β-arrestin-2),98.0,7.113509274827518,6.725,9.104735350520013,-0.2720411092334966,10.1073/pnas.2000712117|OPRK_HUMAN|Recruitment |Transducer|U2OS|Arrestin-3 (β-arrestin-2),2.379735350520013,-0.36074686524714217,-0.18037343262357108,0.8222066431391627
10.1073/pnas.2000712117,OPRK_HUMAN,Peptide E,Activation,Transducer,U2OS,,55.0,8.638272163982407,6.022,10.378634853476653,1.2964184500934612,10.1073/pnas.2000712117|OPRK_HUMAN|Activation|Transducer|U2OS|nan,4.356634853476653,0.970188116702781,0.4850940583513905,1.0
10.1073/pnas.2000712117,OPRK_HUMAN,Peptide F,Recruitment ,Transducer,U2OS,Arrestin-3 (β-arrestin-2),9.0,6.075720713938118,3.643,7.029963223377443,0.7351867636239335,10.1073/pnas.2000712117|OPRK_HUMAN|Recruitment |Transducer|U2OS|Arrestin-3 (β-arrestin-2),3.3869632233774434,0.646481007610288,0.323240503805144,0.9999999999999594
10.1073/pnas.2000712117,OPRK_HUMAN,Peptide F,Activation,Transducer,U2OS,,48.0,6.173925197299173,4.075,7.855166434674761,0.719950031291571,10.1073/pnas.2000712117|OPRK_HUMAN|Activation|Transducer|U2OS|nan,3.7801664346747605,0.393719697900889,0.1968598489504445,0.9999999999998365
10.1073/pnas.2000712117,OPRK_HUMAN,"U69,593",Recruitment ,Transducer,U2OS,Arrestin-3 (β-arrestin-2),100.0,6.522878745280337,6.302,8.522878745280337,-0.430897714473172,10.1073/pnas.2000712117|OPRK_HUMAN|Recruitment |Transducer|U2OS|Arrestin-3 (β-arrestin-2),2.220878745280338,-0.5196034704868175,-0.25980173524340877,0.9998056970239346
10.1073/pnas.2000712117,OPRK_HUMAN,"U69,593",Activation,Transducer,U2OS,,100.0,8.42021640338319,7.36,10.42021640338319,0.0,10.1073/pnas.2000712117|OPRK_HUMAN|Activation|Transducer|U2OS|nan,3.0602164033831896,-0.32623033339068197,-0.16311516669534099,0.04239230469906874
10.1073/pnas.2000712117,OPRK_HUMAN,α-Neoendorphin,Recruitment ,Transducer,U2OS,Arrestin-3 (β-arrestin-2),48.0,8.236572006437063,5.792,9.91781324381265,1.474036784059141,10.1073/pnas.2000712117|OPRK_HUMAN|Recruitment |Transducer|U2OS|Arrestin-3 (β-arrestin-2),4.125813243812651,1.3853310280454956,0.6926655140227478,1.0
10.1073/pnas.2000712117,OPRK_HUMAN,α-Neoendorphin,Activation,Transducer,U2OS,,81.0,8.301029995663981,6.461,10.209515014542632,0.6882986111594418,10.1073/pnas.2000712117|OPRK_HUMAN|Activation|Transducer|U2OS|nan,3.7485150145426314,0.3620682777687598,0.1810341388843799,0.9999999999973122
10.1073/pnas.2000712117,OPRK_HUMAN,β-Endorphin 26,Recruitment ,Transducer,U2OS,Arrestin-3 (β-arrestin-2),33.0,5.795880017344075,4.289,7.314393957221963,0.3736174974684534,10.1073/pnas.2000712117|OPRK_HUMAN|Recruitment |Transducer|U2OS|Arrestin-3 (β-arrestin-2),3.0253939572219632,0.2849117414548079,0.14245587072740395,0.9964987378153134
10.1073/pnas.2000712117,OPRK_HUMAN,β-Endorphin 26,Activation,Transducer,U2OS,,103.0,7.585026652029182,6.784,9.597863876734356,-0.2463525266488346,10.1073/pnas.2000712117|OPRK_HUMAN|Activation|Transducer|U2OS|nan,2.8138638767343567,-0.5725828600395149,-0.28629143001975743,0.6670453006509157
10.1073/pnas.2000712117,OPRK_HUMAN,β-Endorphin 27,Recruitment ,Transducer,U2OS,Arrestin-3 (β-arrestin-2),35.0,5.337242168318426,4.214,6.881310212668701,0.0155337529151911,10.1073/pnas.2000712117|OPRK_HUMAN|Recruitment |Transducer|U2OS|Arrestin-3 (β-arrestin-2),2.667310212668701,-0.0731720030984544,-0.0365860015492272,0.04301191345916869
10.1073/pnas.2000712117,OPRK_HUMAN,β-Endorphin 27,Activation,Transducer,U2OS,,90.0,7.4089353929735005,6.314,9.363177902412826,-0.0110385009703639,10.1073/pnas.2000712117|OPRK_HUMAN|Activation|Transducer|U2OS|nan,3.0491779024128256,-0.33726883436104593,-0.16863441718052297,0.04270411623912022
10.1073/pnas.2000712117,OPRK_HUMAN,β-Endorphin 31,Recruitment ,Transducer,U2OS,Arrestin-3 (β-arrestin-2),21.0,5.886056647693163,4.318,7.208275942427083,0.2384994826735731,10.1073/pnas.2000712117|OPRK_HUMAN|Recruitment |Transducer|U2OS|Arrestin-3 (β-arrestin-2),2.890275942427083,0.14979372665992763,0.07489686332996381,0.6119871006497198
10.1073/pnas.2000712117,OPRK_HUMAN,β-Endorphin 31,Activation,Transducer,U2OS,,68.0,7.698970004336019,5.872,9.531478917042255,0.5992625136590659,10.1073/pnas.2000712117|OPRK_HUMAN|Activation|Transducer|U2OS|nan,3.6594789170422555,0.27303218026838394,0.13651609013419197,0.9999999963952367
10.1073/pnas.2000712117,OPRK_HUMAN,β-Neoendorphin,Recruitment ,Transducer,U2OS,Arrestin-3 (β-arrestin-2),55.0,6.795880017344075,5.9,8.536242706838319,-0.0155337529151911,10.1073/pnas.2000712117|OPRK_HUMAN|Recruitment |Transducer|U2OS|Arrestin-3 (β-arrestin-2),2.6362427068383187,-0.1042395089288366,-0.0521197544644183,0.04301191345916869
10.1073/pnas.2000712117,OPRK_HUMAN,β-Neoendorphin,Activation,Transducer,U2OS,,106.0,7.744727494896693,7.169,9.770033360161465,-0.4591830432217261,10.1073/pnas.2000712117|OPRK_HUMAN|Activation|Transducer|U2OS|nan,2.6010333601614652,-0.7854133766124063,-0.39270668830620314,0.9999600318188124
10.1073/pnas.2000712117,OPRK_HUMAN,γ-Endorphin,Recruitment ,Transducer,U2OS,Arrestin-3 (β-arrestin-2),21.0,5.698970004336019,4.269,7.021189299069938,0.1004128393164283,10.1073/pnas.2000712117|OPRK_HUMAN|Recruitment |Transducer|U2OS|Arrestin-3 (β-arrestin-2),2.752189299069938,0.011707083302782806,0.005853541651391403,0.07697992989076234
10.1073/pnas.2000712117,OPRK_HUMAN,γ-Endorphin,Activation,Transducer,U2OS,,98.0,7.086186147616283,6.325,9.077412223308778,-0.3078041800744113,10.1073/pnas.2000712117|OPRK_HUMAN|Activation|Transducer|U2OS|nan,2.752412223308778,-0.6340345134650933,-0.31701725673254666,0.9444859289566819
10.1073/pnas.2000712117,OPRM_HUMAN,BAM 12,Recruitment ,Transducer,U2OS,Arrestin-3 (β-arrestin-2),107.0,7.0,6.896,9.02938377768521,-0.1719153794472783,10.1073/pnas.2000712117|OPRM_HUMAN|Recruitment |Transducer|U2OS|Arrestin-3 (β-arrestin-2),2.13338377768521,-0.241711028593393,-0.1208555142966965,0.22081418346884932
10.1073/pnas.2000712117,OPRM_HUMAN,BAM 12,Activation,Transducer,U2OS,,106.0,8.346787486224656,7.994,10.372093351489426,0.3543597547563371,10.1073/pnas.2000712117|OPRM_HUMAN|Activation|Transducer|U2OS|nan,2.378093351489426,0.4093709637493004,0.2046854818746502,0.9915949626534405
10.1073/pnas.2000712117,OPRM_HUMAN,BAM 18,Recruitment ,Transducer,U2OS,Arrestin-3 (β-arrestin-2),109.0,7.698970004336019,7.403,9.736396502276644,0.0280973451441548,10.1073/pnas.2000712117|OPRM_HUMAN|Recruitment |Transducer|U2OS|Arrestin-3 (β-arrestin-2),2.3333965022766447,-0.041698304001958064,-0.020849152000979032,0.0444517912854663
10.1073/pnas.2000712117,OPRM_HUMAN,BAM 18,Activation,Transducer,U2OS,,92.0,7.958607314841775,7.927,9.92239514218733,-0.0283384545457581,10.1073/pnas.2000712117|OPRM_HUMAN|Activation|Transducer|U2OS|nan,1.9953951421873306,0.026672754447205183,0.013336377223602591,0.04448811208857481
10.1073/pnas.2000712117,OPRM_HUMAN,BAM 22,Recruitment ,Transducer,U2OS,Arrestin-3 (β-arrestin-2),132.0,7.602059991327962,7.848,9.722633922533811,-0.430665234598675,10.1073/pnas.2000712117|OPRM_HUMAN|Recruitment |Transducer|U2OS|Arrestin-3 (β-arrestin-2),1.8746339225338113,-0.5004608837447915,-0.25023044187239574,0.9998032373530542
10.1073/pnas.2000712117,OPRM_HUMAN,BAM 22,Activation,Transducer,U2OS,,102.0,8.130768280269024,8.479,10.139368452030942,-0.3633651447021462,10.1073/pnas.2000712117|OPRM_HUMAN|Activation|Transducer|U2OS|nan,1.6603684520309425,-0.3083539357091829,-0.15417696785459145,0.9943839396889247
10.1073/pnas.2000712117,OPRM_HUMAN,DAMGO,Recruitment ,Transducer,U2OS,Arrestin-3 (β-arrestin-2),100.0,6.769551078621726,6.566,8.769551078621726,-0.101748078510762,10.1073/pnas.2000712117|OPRM_HUMAN|Recruitment |Transducer|U2OS|Arrestin-3 (β-arrestin-2),2.203551078621726,-0.17154372765687675,-0.08577186382843838,0.0781934205618847
10.1073/pnas.2000712117,OPRM_HUMAN,DAMGO,Activation,Transducer,U2OS,,100.0,8.045757490560675,7.878,10.045757490560677,0.1440238938275859,10.1073/pnas.2000712117|OPRM_HUMAN|Activation|Transducer|U2OS|nan,2.1677574905606765,0.19903510282055104,0.09951755141027552,0.14009870476533542
10.1073/pnas.2000712117,OPRM_HUMAN,Dynorphin A13,Recruitment ,Transducer,U2OS,Arrestin-3 (β-arrestin-2),127.0,6.119186407719209,6.193,8.222990128675166,-0.2753090284573218,10.1073/pnas.2000712117|OPRM_HUMAN|Recruitment |Transducer|U2OS|Arrestin-3 (β-arrestin-2),2.0299901286751663,-0.34510467760343655,-0.17255233880171827,0.838041828136185
10.1073/pnas.2000712117,OPRM_HUMAN,Dynorphin A13,Activation,Transducer,U2OS,,73.0,7.769551078621726,7.562,9.632873938742184,0.0471403420090936,10.1073/pnas.2000712117|OPRM_HUMAN|Activation|Transducer|U2OS|nan,2.070873938742184,0.10215155100205875,0.051075775501029375,0.04843528331637511
10.1073/pnas.2000712117,OPRM_HUMAN,Dynorphin A17,Recruitment ,Transducer,U2OS,Arrestin-3 (β-arrestin-2),90.0,5.886056647693163,5.535,7.840299157132488,0.0,10.1073/pnas.2000712117|OPRM_HUMAN|Recruitment |Transducer|U2OS|Arrestin-3 (β-arrestin-2),2.305299157132488,-0.06979564914611469,-0.034897824573057346,0.04239230469906874
10.1073/pnas.2000712117,OPRM_HUMAN,Dynorphin A17,Activation,Transducer,U2OS,,97.0,6.958607314841775,6.838,8.94537904910802,0.083645452374931,10.1073/pnas.2000712117|OPRM_HUMAN|Activation|Transducer|U2OS|nan,2.1073790491080198,0.13865666136789434,0.06932833068394717,0.06428588545982103
10.1073/pnas.2000712117,OPRM_HUMAN,Dynorphin A8,Recruitment ,Transducer,U2OS,Arrestin-3 (β-arrestin-2),126.0,6.2076083105017466,6.281,8.307978855619309,-0.2783203015131787,10.1073/pnas.2000712117|OPRM_HUMAN|Recruitment |Transducer|U2OS|Arrestin-3 (β-arrestin-2),2.0269788556193093,-0.34811595065929346,-0.17405797532964673,0.8517576472025001
10.1073/pnas.2000712117,OPRM_HUMAN,Dynorphin A8,Activation,Transducer,U2OS,,82.0,7.602059991327962,8.072,9.51587384371168,-0.5798597530214087,10.1073/pnas.2000712117|OPRM_HUMAN|Activation|Transducer|U2OS|nan,1.44387384371168,-0.5248485440284454,-0.2624242720142227,0.9999999848288971
10.1073/pnas.2000712117,OPRM_HUMAN,Dynorphin B13,Recruitment ,Transducer,U2OS,Arrestin-3 (β-arrestin-2),58.0,5.958607314841775,5.041,7.722035308404711,0.375736151272223,10.1073/pnas.2000712117|OPRM_HUMAN|Recruitment |Transducer|U2OS|Arrestin-3 (β-arrestin-2),2.6810353084047103,0.30594050212610746,0.15297025106305373,0.9968300155365624
10.1073/pnas.2000712117,OPRM_HUMAN,Dynorphin B13,Activation,Transducer,U2OS,,51.0,7.376750709602099,7.314,9.084320885700036,-0.2534127110330528,10.1073/pnas.2000712117|OPRM_HUMAN|Activation|Transducer|U2OS|nan,1.7703208857000359,-0.19840150204008955,-0.09920075102004478,0.7143276866798363
10.1073/pnas.2000712117,OPRM_HUMAN,Leu-enkephalin,Recruitment ,Transducer,U2OS,Arrestin-3 (β-arrestin-2),64.0,6.2839966563652006,5.517,8.090176630349088,0.2678774732165996,10.1073/pnas.2000712117|OPRM_HUMAN|Recruitment |Transducer|U2OS|Arrestin-3 (β-arrestin-2),2.5731766303490877,0.1980818240704849,0.09904091203524246,0.8006171704277012
10.1073/pnas.2000712117,OPRM_HUMAN,Leu-enkephalin,Activation,Transducer,U2OS,,68.0,7.920818753952375,7.827,9.753327666658612,-0.0974059300744771,10.1073/pnas.2000712117|OPRM_HUMAN|Activation|Transducer|U2OS|nan,1.9263276666586115,-0.042394721081513875,-0.021197360540756938,0.0743666161428159
10.1073/pnas.2000712117,OPRM_HUMAN,Met-enkephalin,Recruitment ,Transducer,U2OS,Arrestin-3 (β-arrestin-2),70.0,6.040958607678906,5.339,7.886056647693163,0.2417574905606745,10.1073/pnas.2000712117|OPRM_HUMAN|Recruitment |Transducer|U2OS|Arrestin-3 (β-arrestin-2),2.5470566476931626,0.17196184141455984,0.08598092070727992,0.6350540455389759
10.1073/pnas.2000712117,OPRM_HUMAN,Met-enkephalin,Activation,Transducer,U2OS,,90.0,7.167491087293763,7.098,9.121733596733089,0.0,10.1073/pnas.2000712117|OPRM_HUMAN|Activation|Transducer|U2OS|nan,2.0237335967330887,0.0550112089929633,0.02750560449648165,0.04239230469906874
10.1073/pnas.2000712117,OPRM_HUMAN,Met-enkephalin RF,Recruitment ,Transducer,U2OS,Arrestin-3 (β-arrestin-2),63.0,6.309803919971486,5.587,8.109144469425068,0.2168453122925804,10.1073/pnas.2000712117|OPRM_HUMAN|Recruitment |Transducer|U2OS|Arrestin-3 (β-arrestin-2),2.5221444694250685,0.14704966314646573,0.07352483157323286,0.4591641799885539
10.1073/pnas.2000712117,OPRM_HUMAN,Met-enkephalin RF,Activation,Transducer,U2OS,,62.0,8.795880017344075,8.851,10.58827170684233,-0.2864618898907602,10.1073/pnas.2000712117|OPRM_HUMAN|Activation|Transducer|U2OS|nan,1.7372717068423285,-0.23145068089779697,-0.11572534044889848,0.8846579680326258
10.1073/pnas.2000712117,OPRM_HUMAN,Met-enkephalin RGL,Recruitment ,Transducer,U2OS,Arrestin-3 (β-arrestin-2),66.0,6.2076083105017466,5.412,8.027152246043615,0.3098530889111268,10.1073/pnas.2000712117|OPRM_HUMAN|Recruitment |Transducer|U2OS|Arrestin-3 (β-arrestin-2),2.615152246043615,0.24005743976501215,0.12002871988250607,0.9485097875435328
10.1073/pnas.2000712117,OPRM_HUMAN,Met-enkephalin RGL,Activation,Transducer,U2OS,,89.0,7.920818753952375,7.812,9.870208760597288,0.0344751638641991,10.1073/pnas.2000712117|OPRM_HUMAN|Activation|Transducer|U2OS|nan,2.058208760597288,0.08948637285716243,0.044743186428581216,0.04552884759782358
10.1073/pnas.2000712117,OPRM_HUMAN,Metorphamide,Recruitment ,Transducer,U2OS,Arrestin-3 (β-arrestin-2),85.0,7.229147988357856,6.551,9.158566914072148,0.3022677569396599,10.1073/pnas.2000712117|OPRM_HUMAN|Recruitment |Transducer|U2OS|Arrestin-3 (β-arrestin-2),2.607566914072148,0.2324721077935452,0.1162360538967726,0.93225358377269
10.1073/pnas.2000712117,OPRM_HUMAN,Metorphamide,Activation,Transducer,U2OS,,43.0,8.769551078621726,9.068,10.403019534201311,-0.6887140625317754,10.1073/pnas.2000712117|OPRM_HUMAN|Activation|Transducer|U2OS|nan,1.3350195342013116,-0.6337028535388138,-0.3168514267694069,0.999999999997407
10.1073/pnas.2000712117,OPRM_HUMAN,Peptide E,Recruitment ,Transducer,U2OS,Arrestin-3 (β-arrestin-2),94.0,9.229147988357855,7.193,11.202275841957556,1.7039766848250668,10.1073/pnas.2000712117|OPRM_HUMAN|Recruitment |Transducer|U2OS|Arrestin-3 (β-arrestin-2),4.009275841957557,1.634181035678954,0.817090517839477,1.0
10.1073/pnas.2000712117,OPRM_HUMAN,Peptide E,Activation,Transducer,U2OS,,97.0,8.67778070526608,8.128,10.664552439532326,0.5128188427992368,10.1073/pnas.2000712117|OPRM_HUMAN|Activation|Transducer|U2OS|nan,2.5365524395323256,0.5678300517922001,0.28391502589610007,0.9999984883130136
10.1073/pnas.2000712117,OPRM_HUMAN,Peptide F,Recruitment ,Transducer,U2OS,Arrestin-3 (β-arrestin-2),74.0,5.886056647693163,5.579,7.755288367424139,-0.1290107897083485,10.1073/pnas.2000712117|OPRM_HUMAN|Recruitment |Transducer|U2OS|Arrestin-3 (β-arrestin-2),2.1762883674241396,-0.19880643885446325,-0.09940321942723163,0.1118519307952731
10.1073/pnas.2000712117,OPRM_HUMAN,Peptide F,Activation,Transducer,U2OS,,114.0,6.638272163982407,6.591,8.69517701531888,0.0804434185857907,10.1073/pnas.2000712117|OPRM_HUMAN|Activation|Transducer|U2OS|nan,2.1041770153188795,0.13545462757875404,0.06772731378937702,0.06232884589272299
10.1073/pnas.2000712117,OPRM_HUMAN,α-Neoendorphin,Recruitment ,Transducer,U2OS,Arrestin-3 (β-arrestin-2),80.0,6.040958607678906,5.674,7.94404859467085,-0.0352505624616386,10.1073/pnas.2000712117|OPRM_HUMAN|Recruitment |Transducer|U2OS|Arrestin-3 (β-arrestin-2),2.2700485946708495,-0.10504621160775329,-0.052523105803876646,0.04567666091961692
10.1073/pnas.2000712117,OPRM_HUMAN,α-Neoendorphin,Activation,Transducer,U2OS,,57.0,7.508638306165727,7.447,9.264513161838218,-0.2062204348948704,10.1073/pnas.2000712117|OPRM_HUMAN|Activation|Transducer|U2OS|nan,1.8175131618382183,-0.1512092259019071,-0.07560461295095355,0.390295401199433
10.1073/pnas.2000712117,OPRM_HUMAN,β-Endorphin 26,Recruitment ,Transducer,U2OS,Arrestin-3 (β-arrestin-2),98.0,6.017728766960432,5.752,8.008954842652926,-0.0483443144795616,10.1073/pnas.2000712117|OPRM_HUMAN|Recruitment |Transducer|U2OS|Arrestin-3 (β-arrestin-2),2.2569548426529265,-0.11813996362567636,-0.05906998181283818,0.04876920343887252
10.1073/pnas.2000712117,OPRM_HUMAN,β-Endorphin 26,Activation,Transducer,U2OS,,96.0,6.958607314841775,6.938,8.940878547881344,-0.0208550488517449,10.1073/pnas.2000712117|OPRM_HUMAN|Activation|Transducer|U2OS|nan,2.002878547881344,0.03415616014121836,0.01707808007060918,0.04351538104338802
10.1073/pnas.2000712117,OPRM_HUMAN,β-Endorphin 27,Recruitment ,Transducer,U2OS,Arrestin-3 (β-arrestin-2),125.0,6.119186407719209,6.18,8.216096420727265,-0.2692027364052229,10.1073/pnas.2000712117|OPRM_HUMAN|Recruitment |Transducer|U2OS|Arrestin-3 (β-arrestin-2),2.036096420727265,-0.33899838555133766,-0.16949919277566883,0.8076585820091312
10.1073/pnas.2000712117,OPRM_HUMAN,β-Endorphin 27,Activation,Transducer,U2OS,,90.0,7.301029995663981,7.155,9.255272505103306,0.0765389083702174,10.1073/pnas.2000712117|OPRM_HUMAN|Activation|Transducer|U2OS|nan,2.100272505103306,0.13155011736318079,0.06577505868159039,0.06011614726070758
10.1073/pnas.2000712117,OPRM_HUMAN,β-Endorphin 31,Recruitment ,Transducer,U2OS,Arrestin-3 (β-arrestin-2),59.0,6.00436480540245,5.356,7.775216817044594,0.1139176599121061,10.1073/pnas.2000712117|OPRM_HUMAN|Recruitment |Transducer|U2OS|Arrestin-3 (β-arrestin-2),2.4192168170445942,0.044122010765991426,0.022061005382995713,0.09093402677212876
10.1073/pnas.2000712117,OPRM_HUMAN,β-Endorphin 31,Activation,Transducer,U2OS,,99.0,7.376750709602099,7.306,9.37238590419965,0.042652307466561,10.1073/pnas.2000712117|OPRM_HUMAN|Activation|Transducer|U2OS|nan,2.0663859041996497,0.09766351645952431,0.04883175822976216,0.04728179420789874
10.1073/pnas.2000712117,OPRM_HUMAN,β-Neoendorphin,Recruitment ,Transducer,U2OS,Arrestin-3 (β-arrestin-2),74.0,6.180456064458132,5.7,8.049687784189107,0.0443886270566187,10.1073/pnas.2000712117|OPRM_HUMAN|Recruitment |Transducer|U2OS|Arrestin-3 (β-arrestin-2),2.349687784189107,-0.025407022089495968,-0.012703511044747984,0.047711285692279545
10.1073/pnas.2000712117,OPRM_HUMAN,β-Neoendorphin,Activation,Transducer,U2OS,,81.0,7.292429823902063,7.147,9.200914842780714,0.0301812460476247,10.1073/pnas.2000712117|OPRM_HUMAN|Activation|Transducer|U2OS|nan,2.0539148427807135,0.08519245504058803,0.04259622752029402,0.04477696350830571
10.1073/pnas.2000712117,OPRM_HUMAN,γ-Endorphin,Recruitment ,Transducer,U2OS,Arrestin-3 (β-arrestin-2),142.0,6.130768280269024,6.377,8.28305662465208,-0.3992425324804083,10.1073/pnas.2000712117|OPRM_HUMAN|Recruitment |Transducer|U2OS|Arrestin-3 (β-arrestin-2),1.9060566246520798,-0.469038181626523,-0.2345190908132615,0.9989883730414277
10.1073/pnas.2000712117,OPRM_HUMAN,γ-Endorphin,Activation,Transducer,U2OS,,96.0,7.070581074285707,7.066,9.052852307325276,-0.0368812894078125,10.1073/pnas.2000712117|OPRM_HUMAN|Activation|Transducer|U2OS|nan,1.9868523073252762,0.018129919585150756,0.009064959792575378,0.04599983181609903
10.1074/jbc.M112.408534,ACM2_HUMAN,ACh,Internalization ,Transducer,CHO,,100.0,6.68,6.53,8.68,0.026577591933941,10.1074/jbc.M112.408534|ACM2_HUMAN|Internalization |Transducer|CHO|nan,2.1499999999999995,-0.10518838926910945,-0.052594194634554725,0.0442306109829266
10.1074/jbc.M112.408534,ACM2_HUMAN,ACh,Phosphorylation,Downstream,CHO,,100.0,8.18,8.14,10.18,-0.0133077394302496,10.1074/jbc.M112.408534|ACM2_HUMAN|Phosphorylation|Downstream|CHO|nan,2.039999999999999,0.021355733400937993,0.010677866700468996,0.04284621587062334
10.1074/jbc.M112.408534,ACM2_HUMAN,ACh,Activation,Transducer,CHO,,102.2,6.96,7.07,8.969450895798694,0.0240426933600743,10.1074/jbc.M112.408534|ACM2_HUMAN|Activation|Transducer|CHO|nan,1.8994508957986938,-0.016517912870054108,-0.008258956435027054,0.04389110927226593
10.1074/jbc.M112.408534,ACM2_HUMAN,Arecoline,Internalization ,Transducer,CHO,,75.30864197530865,5.62,5.4,7.496844816132118,-0.026577591933941,10.1074/jbc.M112.408534|ACM2_HUMAN|Internalization |Transducer|CHO|nan,2.0968448161321174,-0.15834357313699154,-0.07917178656849577,0.0442306109829266
10.1074/jbc.M112.408534,ACM2_HUMAN,Arecoline,Phosphorylation,Downstream,CHO,,89.58990536277604,7.23,7.08,9.182259077829286,0.0489513383990374,10.1074/jbc.M112.408534|ACM2_HUMAN|Phosphorylation|Downstream|CHO|nan,2.1022590778292862,0.08361481123022507,0.041807405615112536,0.04894160197998692
10.1074/jbc.M112.408534,ACM2_HUMAN,Arecoline,Activation,Transducer,CHO,,95.8,6.33,6.46,8.311365509078545,-0.0240426933600743,10.1074/jbc.M112.408534|ACM2_HUMAN|Activation|Transducer|CHO|nan,1.851365509078545,-0.06460329959020283,-0.03230164979510142,0.04389110927226593
10.1074/jbc.M112.408534,ACM2_HUMAN,CCh,Internalization ,Transducer,CHO,,100.0,5.52,5.44,7.52,-0.0434224080660592,10.1074/jbc.M112.408534|ACM2_HUMAN|Internalization |Transducer|CHO|nan,2.079999999999999,-0.17518838926910973,-0.08759419463455487,0.047469715469427264
10.1074/jbc.M112.408534,ACM2_HUMAN,CCh,Phosphorylation,Downstream,CHO,,88.43322818086224,7.3,7.18,9.246615478860498,0.0133077394302496,10.1074/jbc.M112.408534|ACM2_HUMAN|Phosphorylation|Downstream|CHO|nan,2.0666154788604985,0.0479712122614373,0.02398560613071865,0.04284621587062334
10.1074/jbc.M112.408534,ACM2_HUMAN,CCh,Activation,Transducer,CHO,,100.7,5.84,6.17,7.843029470553618,-0.2023787318850014,10.1074/jbc.M112.408534|ACM2_HUMAN|Activation|Transducer|CHO|nan,1.673029470553618,-0.2429393381151299,-0.12146966905756496,0.3671006785759631
10.1074/jbc.M112.408534,ACM2_HUMAN,NDMC,Internalization ,Transducer,CHO,,66.66666666666666,5.0,4.13,6.823908740944319,0.5704863328782603,10.1074/jbc.M112.408534|ACM2_HUMAN|Internalization |Transducer|CHO|nan,2.6939087409443188,0.43872035167520984,0.21936017583760492,0.9999999701338574
10.1074/jbc.M112.408534,ACM2_HUMAN,NDMC,Phosphorylation,Downstream,CHO,,37.64458464773922,6.58,6.29,8.15570250970646,-0.1876052297237889,10.1074/jbc.M112.408534|ACM2_HUMAN|Phosphorylation|Downstream|CHO|nan,1.86570250970646,-0.15294175689260125,-0.07647087844630063,0.2876982173500767
10.1074/jbc.M112.408534,ACM2_HUMAN,NDMC,Activation,Transducer,CHO,,63.1,7.19,6.75,8.990029359244135,0.3646211568055153,10.1074/jbc.M112.408534|ACM2_HUMAN|Activation|Transducer|CHO|nan,2.2400293592441347,0.32406055057538685,0.16203027528769343,0.9946957583307792
10.1074/jbc.M113.504381,OPRK_HUMAN,1.1,Recruitment ,Transducer,U2OS,Arrestin-3 (β-arrestin-2),96.0,5.503347060749082,5.61,7.485618293788651,0.0302134394052533,10.1074/jbc.M113.504381|OPRK_HUMAN|Recruitment |Transducer|U2OS|Arrestin-3 (β-arrestin-2),1.8756182937886505,0.010571700211413182,0.005285850105706591,0.04478218776131832
10.1074/jbc.M113.504381,OPRK_HUMAN,1.1,Recruitment ,Transducer,U2OS,Arrestin-3 (β-arrestin-2),97.0,5.384155117125298,5.42,7.370926851391543,0.1055219970081458,10.1074/jbc.M113.504381|OPRK_HUMAN|Recruitment |Transducer|U2OS|Arrestin-3 (β-arrestin-2),1.950926851391543,0.08588025781430564,0.04294012890715282,0.08180936195815051
10.1074/jbc.M113.504381,OPRK_HUMAN,1.1,Activation,Transducer,CHO-K1,,97.0,6.548213564475709,6.54,8.534985298741955,0.0610501028483048,10.1074/jbc.M113.504381|OPRK_HUMAN|Activation|Transducer|CHO-K1|nan,1.9949852987419545,0.05924287234605918,0.02962143617302959,0.052982997236689706
10.1074/jbc.M113.504381,OPRK_HUMAN,1.1,Activation,Transducer,CHO-K1,,94.0,7.508638306165727,7.47,9.481766159765426,0.0778309638717766,10.1074/jbc.M113.504381|OPRK_HUMAN|Activation|Transducer|CHO-K1|nan,2.0117661597654264,0.07602373336953105,0.03801186668476553,0.060827981914098536
10.1074/jbc.M113.504381,OPRK_HUMAN,1.2,Recruitment ,Transducer,U2OS,Arrestin-3 (β-arrestin-2),79.0,5.2225006804096346,5.37,7.120127771700076,-0.0952770826833209,10.1074/jbc.M113.504381|OPRK_HUMAN|Recruitment |Transducer|U2OS|Arrestin-3 (β-arrestin-2),1.7501277717000763,-0.11491882187716107,-0.057459410938580535,0.0726122519759003
10.1074/jbc.M113.504381,OPRK_HUMAN,1.2,Recruitment ,Transducer,U2OS,Arrestin-3 (β-arrestin-2),65.0,5.493494967595128,5.38,7.306408324237983,0.0810034698545862,10.1074/jbc.M113.504381|OPRK_HUMAN|Recruitment |Transducer|U2OS|Arrestin-3 (β-arrestin-2),1.9264083242379835,0.06136173066074613,0.030680865330373064,0.06266162229089732
10.1074/jbc.M113.504381,OPRK_HUMAN,1.2,Activation,Transducer,CHO-K1,,93.0,6.993962045002683,6.95,8.962444993556618,0.078509797662968,10.1074/jbc.M113.504381|OPRK_HUMAN|Activation|Transducer|CHO-K1|nan,2.0124449935566178,0.07670256716072243,0.03835128358036122,0.06120995402265252
10.1074/jbc.M113.504381,OPRK_HUMAN,1.3,Recruitment ,Transducer,U2OS,Arrestin-3 (β-arrestin-2),92.0,5.501138311007116,5.68,7.464926138352672,-0.0604787160307251,10.1074/jbc.M113.504381|OPRK_HUMAN|Recruitment |Transducer|U2OS|Arrestin-3 (β-arrestin-2),1.784926138352672,-0.08012045522456535,-0.04006022761228267,0.0527645569507567
10.1074/jbc.M113.504381,OPRK_HUMAN,1.3,Recruitment ,Transducer,U2OS,Arrestin-3 (β-arrestin-2),106.0,5.657379957446652,5.66,7.682685822711423,0.1772809683280254,10.1074/jbc.M113.504381|OPRK_HUMAN|Recruitment |Transducer|U2OS|Arrestin-3 (β-arrestin-2),2.0226858227114226,0.15763922913418527,0.07881961456709263,0.24172750648136088
10.1074/jbc.M113.504381,OPRK_HUMAN,1.3,Activation,Transducer,CHO-K1,,98.0,7.180456064458132,7.4,9.171682140150626,-0.1622530557430241,10.1074/jbc.M113.504381|OPRK_HUMAN|Activation|Transducer|CHO-K1|nan,1.7716821401506255,-0.1640602862452698,-0.0820301431226349,0.18789390232237901
10.1074/jbc.M113.504381,OPRK_HUMAN,1.4,Recruitment ,Transducer,U2OS,Arrestin-3 (β-arrestin-2),77.0,5.398700689805662,5.47,7.285191414978144,-0.0302134394052533,10.1074/jbc.M113.504381|OPRK_HUMAN|Recruitment |Transducer|U2OS|Arrestin-3 (β-arrestin-2),1.8151914149781438,-0.0498551785990935,-0.02492758929954675,0.04478218776131832
10.1074/jbc.M113.504381,OPRK_HUMAN,1.4,Recruitment ,Transducer,U2OS,Arrestin-3 (β-arrestin-2),68.0,5.203633845022479,4.92,7.036142757728715,0.2707379033453181,10.1074/jbc.M113.504381|OPRK_HUMAN|Recruitment |Transducer|U2OS|Arrestin-3 (β-arrestin-2),2.1161427577287153,0.25109616415147795,0.12554808207573898,0.8156179635511456
10.1074/jbc.M113.504381,OPRK_HUMAN,1.4,Activation,Transducer,CHO-K1,,92.0,6.601886308269497,6.67,8.565674135615053,-0.0382610602785966,10.1074/jbc.M113.504381|OPRK_HUMAN|Activation|Transducer|CHO-K1|nan,1.895674135615053,-0.040068290780842286,-0.020034145390421143,0.04628648486022023
10.1074/jbc.M113.504381,OPRK_HUMAN,1.5,Recruitment ,Transducer,U2OS,Arrestin-3 (β-arrestin-2),72.0,5.049732531986412,5.21,6.90706502841768,-0.1483398259657171,10.1074/jbc.M113.504381|OPRK_HUMAN|Recruitment |Transducer|U2OS|Arrestin-3 (β-arrestin-2),1.69706502841768,-0.1679815651595573,-0.08399078257977866,0.14992278198284759
10.1074/jbc.M113.504381,OPRK_HUMAN,1.5,Activation,Transducer,CHO-K1,,93.0,7.485452247339714,7.52,9.45393519589365,0.0,10.1074/jbc.M113.504381|OPRK_HUMAN|Activation|Transducer|CHO-K1|nan,1.9339351958936497,-0.001807230502245627,-0.0009036152511228135,0.04239230469906874
10.1074/jbc.M113.504381,OPRK_HUMAN,2.1,Recruitment ,Transducer,U2OS,Arrestin-3 (β-arrestin-2),83.0,5.422048872270245,5.59,7.341126964646318,-0.0942778897370786,10.1074/jbc.M113.504381|OPRK_HUMAN|Recruitment |Transducer|U2OS|Arrestin-3 (β-arrestin-2),1.7511269646463186,-0.11391962893091878,-0.05695981446545939,0.07181513219323582
10.1074/jbc.M113.504381,OPRK_HUMAN,2.1,Activation,Transducer,CHO-K1,,103.0,6.490797477668897,6.68,8.503634702374068,-0.1103004935195812,10.1074/jbc.M113.504381|OPRK_HUMAN|Activation|Transducer|CHO-K1|nan,1.8236347023740684,-0.1121077240218269,-0.05605386201091345,0.08680937948484757
10.1074/jbc.M113.504381,OPRK_HUMAN,2.1,Activation,Transducer,CHO-K1,,89.0,7.072116589669293,7.01,9.021506596314206,0.0775714004205561,10.1074/jbc.M113.504381|OPRK_HUMAN|Activation|Transducer|CHO-K1|nan,2.011506596314206,0.07576416991831048,0.03788208495915524,0.060683390632990025
10.1074/jbc.M113.504381,OPRK_HUMAN,2.2,Activation,Transducer,CHO-K1,,84.0,6.577574323628795,6.48,8.501853609690677,0.087918413797027,10.1074/jbc.M113.504381|OPRK_HUMAN|Activation|Transducer|CHO-K1|nan,2.0218536096906767,0.0861111832947814,0.0430555916473907,0.06711215458329593
10.1074/jbc.M113.504381,OPRK_HUMAN,"U69,593",Recruitment ,Transducer,U2OS,Arrestin-3 (β-arrestin-2),100.0,6.687611050629408,6.79,8.687611050629407,0.0522061962460096,10.1074/jbc.M113.504381|OPRK_HUMAN|Recruitment |Transducer|U2OS|Arrestin-3 (β-arrestin-2),1.8976110506294068,0.03256445705216948,0.01628222852608474,0.04991333333319611
10.1074/jbc.M113.504381,OPRK_HUMAN,"U69,593",Recruitment ,Transducer,U2OS,Arrestin-3 (β-arrestin-2),100.0,6.882728704344236,7.09,8.882728704344235,-0.0526761500391623,10.1074/jbc.M113.504381|OPRK_HUMAN|Recruitment |Transducer|U2OS|Arrestin-3 (β-arrestin-2),1.7927287043442348,-0.07231788923300253,-0.036158944616501265,0.050060367504147905
10.1074/jbc.M113.504381,OPRK_HUMAN,"U69,593",Activation,Transducer,CHO-K1,,100.0,7.167491087293763,7.28,9.167491087293763,-0.0464441085998865,10.1074/jbc.M113.504381|OPRK_HUMAN|Activation|Transducer|CHO-K1|nan,1.8874910872937631,-0.048251339102132196,-0.024125669551066098,0.04824699133595661
10.1074/jbc.M113.504381,OPRK_HUMAN,"U69,593",Activation,Transducer,CHO-K1,,100.0,7.288192770958809,7.36,9.288192770958808,-0.0057424249348416,10.1074/jbc.M113.504381|OPRK_HUMAN|Activation|Transducer|CHO-K1|nan,1.928192770958808,-0.007549655437087299,-0.0037748277185436496,0.04247647379159407
10.1074/jbc.M115.659250,GHSR_HUMAN,Ghrelin,Recruitment ,Transducer,HEK-293T,Arrestin-3 (β-arrestin-2),100.0,9.0,8.82,11.0,0.1864566783214281,10.1074/jbc.M115.659250|GHSR_HUMAN|Recruitment |Transducer|HEK-293T|Arrestin-3 (β-arrestin-2),2.1799999999999997,0.1864566783214281,0.09322833916071405,0.28219947564300035
10.1074/jbc.M115.659250,GHSR_HUMAN,Ghrelin,Phosphorylation,Downstream,HEK-293T,,100.0,8.00436480540245,7.89,10.00436480540245,-0.0790276961877904,10.1074/jbc.M115.659250|GHSR_HUMAN|Phosphorylation|Downstream|HEK-293T|nan,2.1143648054024498,-0.07902769618779049,-0.03951384809389524,0.06150512358957609
10.1074/jbc.M115.659250,GHSR_HUMAN,Ghrelin,Dissociation,Transducer,HEK-293T,Gi2,100.0,7.769551078621726,7.8,9.769551078621726,0.0323637474483464,10.1074/jbc.M115.659250|GHSR_HUMAN|Dissociation|Transducer|HEK-293T|Gi2,1.969551078621726,0.03236374744834647,0.016181873724173235,0.04514515862695792
10.1074/jbc.M115.659250,GHSR_HUMAN,Ghrelin,Dissociation,Transducer,HEK-293T,Gi3,100.0,7.823908740944319,7.85,9.82390874094432,0.0419543704721592,10.1074/jbc.M115.659250|GHSR_HUMAN|Dissociation|Transducer|HEK-293T|Gi3,1.9739087409443208,0.04195437047216011,0.020977185236080054,0.047114982812288646
10.1074/jbc.M115.659250,GHSR_HUMAN,Ghrelin,Dissociation,Transducer,HEK-293T,GoA,100.0,8.2839966563652,8.21,10.2839966563652,3.572953301311799e-05,10.1074/jbc.M115.659250|GHSR_HUMAN|Dissociation|Transducer|HEK-293T|GoA,2.0739966563651997,3.5729533014006165e-05,1.7864766507003083e-05,0.0423923079544734
10.1074/jbc.M115.659250,GHSR_HUMAN,Ghrelin,Dissociation,Transducer,HEK-293T,GoB,100.0,8.10790539730952,8.09,10.10790539730952,0.0289135105244042,10.1074/jbc.M115.659250|GHSR_HUMAN|Dissociation|Transducer|HEK-293T|GoB,2.0179053973095193,0.028913510524404273,0.014456755262202137,0.044576108586690845
10.1074/jbc.M115.659250,GHSR_HUMAN,Ghrelin,Dissociation,Transducer,HEK-293T,Gq,100.0,8.130768280269024,8.19,10.130768280269024,0.1241971974275584,10.1074/jbc.M115.659250|GHSR_HUMAN|Dissociation|Transducer|HEK-293T|Gq,1.9407682802690243,0.21074003908515015,0.10537001954257508,0.10446903183537457
10.1074/jbc.M115.659250,GHSR_HUMAN,Ghrelin,Accumulation,Downstream,HEK-293T,,100.0,8.795880017344075,8.5,10.795880017344077,0.0055137572748318,10.1074/jbc.M115.659250|GHSR_HUMAN|Accumulation|Downstream|HEK-293T|nan,2.2958800173440768,0.00551375727483272,0.00275687863741636,0.04246989816298585
10.1074/jbc.M115.659250,GHSR_HUMAN,JMV 1843,Recruitment ,Transducer,HEK-293T,Arrestin-3 (β-arrestin-2),80.0,8.2839966563652,8.38,10.187086643357144,-0.1864566783214281,10.1074/jbc.M115.659250|GHSR_HUMAN|Recruitment |Transducer|HEK-293T|Arrestin-3 (β-arrestin-2),1.8070866433571435,-0.1864566783214281,-0.09322833916071405,0.28219947564300035
10.1074/jbc.M115.659250,GHSR_HUMAN,JMV 1843,Phosphorylation,Downstream,HEK-293T,,102.0,8.193820026016112,7.93,10.20242019777803,0.0790276961877904,10.1074/jbc.M115.659250|GHSR_HUMAN|Phosphorylation|Downstream|HEK-293T|nan,2.2724201977780307,0.07902769618779049,0.03951384809389524,0.06150512358957609
10.1074/jbc.M115.659250,GHSR_HUMAN,JMV 1843,Dissociation,Transducer,HEK-293T,Gi2,90.0,8.070581074285707,8.12,10.024823583725032,-0.0323637474483464,10.1074/jbc.M115.659250|GHSR_HUMAN|Dissociation|Transducer|HEK-293T|Gi2,1.9048235837250331,-0.03236374744834647,-0.016181873724173235,0.04514515862695792
10.1074/jbc.M115.659250,GHSR_HUMAN,JMV 1843,Dissociation,Transducer,HEK-293T,Gi3,91.0,8.040958607678906,8.11,10.0,-0.0419543704721592,10.1074/jbc.M115.659250|GHSR_HUMAN|Dissociation|Transducer|HEK-293T|Gi3,1.8900000000000006,-0.04195437047216011,-0.020977185236080054,0.047114982812288646
10.1074/jbc.M115.659250,GHSR_HUMAN,JMV 1843,Dissociation,Transducer,HEK-293T,GoA,100.0,8.173925197299173,8.1,10.173925197299171,-3.572953301311799e-05,10.1074/jbc.M115.659250|GHSR_HUMAN|Dissociation|Transducer|HEK-293T|GoA,2.0739251972991717,-3.5729533014006165e-05,-1.7864766507003083e-05,0.0423923079544734
10.1074/jbc.M115.659250,GHSR_HUMAN,JMV 1843,Dissociation,Transducer,HEK-293T,GoB,85.0,8.200659450546418,8.17,10.13007837626071,-0.0289135105244042,10.1074/jbc.M115.659250|GHSR_HUMAN|Dissociation|Transducer|HEK-293T|GoB,1.9600783762607108,-0.028913510524404273,-0.014456755262202137,0.044576108586690845
10.1074/jbc.M115.659250,GHSR_HUMAN,JMV 1843,Dissociation,Transducer,HEK-293T,Gq,107.0,8.886056647693163,8.77,10.915440425378373,0.3288693425369073,10.1074/jbc.M115.659250|GHSR_HUMAN|Dissociation|Transducer|HEK-293T|Gq,2.145440425378373,0.4154121841944991,0.20770609209724955,0.9753129523569644
10.1074/jbc.M115.659250,GHSR_HUMAN,JMV 1843,Accumulation,Downstream,HEK-293T,,90.0,9.050609993355089,8.72,11.004852502794412,-0.0055137572748318,10.1074/jbc.M115.659250|GHSR_HUMAN|Accumulation|Downstream|HEK-293T|nan,2.2848525027944113,-0.00551375727483272,-0.00275687863741636,0.04246989816298585
10.1074/jbc.M115.659250,GHSR_HUMAN,JMV 2959,Dissociation,Transducer,HEK-293T,Gq,44.0,7.301029995663981,7.52,8.94448267215017,-0.3920884106912963,10.1074/jbc.M115.659250|GHSR_HUMAN|Dissociation|Transducer|HEK-293T|Gq,1.4244826721501695,-0.30554556903370456,-0.15277278451685228,0.9985569612090753
10.1074/jbc.M115.659250,GHSR_HUMAN,JMV 3002,Dissociation,Transducer,HEK-293T,Gq,38.0,7.346787486224656,7.11,8.926571082841466,0.0,10.1074/jbc.M115.659250|GHSR_HUMAN|Dissociation|Transducer|HEK-293T|Gq,1.8165710828414658,0.08654284165759174,0.04327142082879587,0.04239230469906874
10.1074/jbc.M115.659250,GHSR_HUMAN,JMV 3018,Dissociation,Transducer,HEK-293T,Gq,29.0,7.060480747381382,7.2,8.522878745280337,-0.4936923375611286,10.1074/jbc.M115.659250|GHSR_HUMAN|Dissociation|Transducer|HEK-293T|Gq,1.3228787452803372,-0.4071494959035369,-0.20357474795176844,0.999994934205418
10.1074/jbc.M115.704122,NPSR1_HUMAN,hNPS,Accumulation,Downstream,HEK-293,,100.0,6.921543181946707,6.76,8.921543181946706,0.3203151237469441,10.1074/jbc.M115.704122|NPSR1_HUMAN|Accumulation|Downstream|HEK-293|nan,2.1615431819467066,0.2978418524259776,0.1489209262129888,0.965364996192857
10.1074/jbc.M115.704122,NPSR1_HUMAN,hNPS-(1–10),Accumulation,Downstream,HEK-293,,103.2258064516129,4.192059278784501,4.34,6.205847563270134,0.0246195050703716,10.1074/jbc.M115.704122|NPSR1_HUMAN|Accumulation|Downstream|HEK-293|nan,1.8658475632701341,0.0021462337494051464,0.0010731168747025732,0.0439651609037244
10.1074/jbc.M115.704122,NPSR1_HUMAN,hNPS-(1–13),Accumulation,Downstream,HEK-293,,104.3010752688172,6.221848749616356,6.37,8.240137535328666,0.0289094771289031,10.1074/jbc.M115.704122|NPSR1_HUMAN|Accumulation|Downstream|HEK-293|nan,1.8701375353286656,0.006436205807936579,0.0032181029039682896,0.04457548464742132
10.1074/jbc.M115.704122,NPSR1_HUMAN,hNPS-K11A,Accumulation,Downstream,HEK-293,,106.4516129032258,4.372634143407267,4.74,6.399786389450882,-0.1814416687488806,10.1074/jbc.M115.704122|NPSR1_HUMAN|Accumulation|Downstream|HEK-293|nan,1.6597863894508817,-0.20391494006984723,-0.10195747003492361,0.25932586284564807
10.1074/jbc.M115.704122,NPSR1_HUMAN,hNPS-K12A,Accumulation,Downstream,HEK-293,,107.5268817204301,4.909741947068683,5.39,6.941258998514748,-0.2899690596850144,10.1074/jbc.M115.704122|NPSR1_HUMAN|Accumulation|Downstream|HEK-293|nan,1.551258998514748,-0.31244233100598096,-0.15622116550299048,0.896996793462003
10.1074/jbc.M115.704122,NPSR1_HUMAN,hNPS-T13A,Accumulation,Downstream,HEK-293,,103.2258064516129,6.180456064458132,6.32,8.194244348943766,0.033016290744003,10.1074/jbc.M115.704122|NPSR1_HUMAN|Accumulation|Downstream|HEK-293|nan,1.8742443489437655,0.010543019423036482,0.005271509711518241,0.04526082527163331
10.1074/jbc.M116.757559,CCR2_HUMAN,CCL2,Recruitment ,Transducer,HEK-293T,Arrestin-3 (β-arrestin-2),100.0,8.5,8.41,10.5,0.3410040265111567,10.1074/jbc.M116.757559|CCR2_HUMAN|Recruitment |Transducer|HEK-293T|Arrestin-3 (β-arrestin-2),2.09,0.3410040265111567,0.17050201325557834,0.9850369967014505
10.1074/jbc.M116.757559,CCR2_HUMAN,CCL2,Dissociation,Transducer,HEK-293T,Gi2,100.0,8.45,8.24,10.45,-0.9828395571499824,10.1074/jbc.M116.757559|CCR2_HUMAN|Dissociation|Transducer|HEK-293T|Gi2,2.209999999999999,-0.9828395571499824,-0.4914197785749912,1.0
10.1074/jbc.M116.757559,CCR2_HUMAN,CCL2,Dissociation,Transducer,HEK-293T,GoA,100.0,8.61,8.4,10.61,0.0599999999999987,10.1074/jbc.M116.757559|CCR2_HUMAN|Dissociation|Transducer|HEK-293T|GoA,2.209999999999999,0.12666666666666604,0.06333333333333302,0.05258377271054519
10.1074/jbc.M116.757559,CCR2_HUMAN,J113863,Recruitment ,Transducer,HEK-293T,Arrestin-3 (β-arrestin-2),114.28571428571428,5.17,5.82,7.227991946977687,-0.3410040265111567,10.1074/jbc.M116.757559|CCR2_HUMAN|Recruitment |Transducer|HEK-293T|Arrestin-3 (β-arrestin-2),1.4079919469776865,-0.3410040265111567,-0.17050201325557834,0.9850369967014505
10.1074/jbc.M116.757559,CCR2_HUMAN,J113863,Dissociation,Transducer,HEK-293T,Gi2,82.3529411764706,5.68,3.42,7.595679114299964,0.9828395571499824,10.1074/jbc.M116.757559|CCR2_HUMAN|Dissociation|Transducer|HEK-293T|Gi2,4.175679114299964,0.9828395571499824,0.4914197785749912,1.0
10.1074/jbc.M116.757559,CCR2_HUMAN,J113863,Dissociation,Transducer,HEK-293T,GoA,100.0,5.17,5.02,7.17,0.0,10.1074/jbc.M116.757559|CCR2_HUMAN|Dissociation|Transducer|HEK-293T|GoA,2.1500000000000004,0.06666666666666732,0.03333333333333366,0.04239230469906874
10.1074/jbc.M116.757559,CCR2_HUMAN,UCB35625,Dissociation,Transducer,HEK-293T,GoA,100.0,5.29,5.4,7.29,-0.2600000000000007,10.1074/jbc.M116.757559|CCR2_HUMAN|Dissociation|Transducer|HEK-293T|GoA,1.8899999999999997,-0.19333333333333336,-0.09666666666666668,0.7556437075356214
10.1074/jbc.M116.757559,CCR5_HUMAN,CCL4,Recruitment ,Transducer,HEK-293T,Arrestin-3 (β-arrestin-2),100.0,7.85,8.15,9.85,0.0,10.1074/jbc.M116.757559|CCR5_HUMAN|Recruitment |Transducer|HEK-293T|Arrestin-3 (β-arrestin-2),1.6999999999999993,0.0,0.0,0.04239230469906874
10.1074/jbc.M116.757559,CCR5_HUMAN,CCL4,Dissociation,Transducer,HEK-293T,Gi2,100.0,8.46,8.68,10.46,0.0,10.1074/jbc.M116.757559|CCR5_HUMAN|Dissociation|Transducer|HEK-293T|Gi2,1.7800000000000011,0.18669623830940263,0.09334811915470131,0.04239230469906874
10.1074/jbc.M116.757559,CCR5_HUMAN,CCL4,Dissociation,Transducer,HEK-293T,GoA,100.0,8.55,8.65,10.55,-0.1330899869919433,10.1074/jbc.M116.757559|CCR5_HUMAN|Dissociation|Transducer|HEK-293T|GoA,1.9000000000000004,-0.31872665799462885,-0.15936332899731442,0.11869973806636241
10.1074/jbc.M116.757559,CCR5_HUMAN,J113863,Dissociation,Transducer,HEK-293T,Gi2,37.5,6.74,7.1,8.314031267727719,-0.5659687322722817,10.1074/jbc.M116.757559|CCR5_HUMAN|Dissociation|Transducer|HEK-293T|Gi2,1.2140312677277194,-0.3792724939628791,-0.18963624698143955,0.9999999587673699
10.1074/jbc.M116.757559,CCR5_HUMAN,J113863,Dissociation,Transducer,HEK-293T,GoA,80.0,5.36,5.23,7.263089986991944,0.0,10.1074/jbc.M116.757559|CCR5_HUMAN|Dissociation|Transducer|HEK-293T|GoA,2.0330899869919437,-0.18563667100268555,-0.09281833550134277,0.04239230469906874
10.1074/jbc.M116.757559,CCR5_HUMAN,UCB35625,Dissociation,Transducer,HEK-293T,Gi2,62.5,5.87,5.88,7.665880017344075,0.005880017344074,10.1074/jbc.M116.757559|CCR5_HUMAN|Dissociation|Transducer|HEK-293T|Gi2,1.7858800173440752,0.1925762556534767,0.09628812782673835,0.042480559669399336
10.1074/jbc.M116.757559,CCR5_HUMAN,UCB35625,Dissociation,Transducer,HEK-293T,GoA,80.0,5.87,5.05,7.773089986991944,0.6900000000000004,10.1074/jbc.M116.757559|CCR5_HUMAN|Dissociation|Transducer|HEK-293T|GoA,2.723089986991944,0.5043633289973148,0.2521816644986574,0.9999999999976803
10.1101/2020.11.09.375162,CNR1_HUMAN,2-AG,Recruitment ,Transducer,HEK-293SL,Arrestin-2 (β-arrestin-1),182.90598290598288,4.867,4.868,7.12922791160303,-0.0006842666650657,10.1101/2020.11.09.375162|CNR1_HUMAN|Recruitment |Transducer|HEK-293SL|Arrestin-2 (β-arrestin-1),2.2612279116030294,-0.0005473600109646704,-0.0002736800054823352,0.04239349870613866
10.1101/2020.11.09.375162,CNR1_HUMAN,2-AG,Recruitment ,Transducer,HEK-293SL,Arrestin-3 (β-arrestin-2),131.91011235955054,5.321,5.321,7.441278090266683,-0.0001655948133953,10.1101/2020.11.09.375162|CNR1_HUMAN|Recruitment |Transducer|HEK-293SL|Arrestin-3 (β-arrestin-2),2.120278090266683,-0.00028020821445773336,-0.00014010410722886668,0.0423923746259387
10.1101/2020.11.09.375162,CNR1_HUMAN,2-AG,Recruitment ,Transducer,HEK-293SL,G12,92.7835051546392,6.069,6.036,8.036470775173079,0.0002892339877949,10.1101/2020.11.09.375162|CNR1_HUMAN|Recruitment |Transducer|HEK-293SL|G12,2.0004707751730795,-0.022822736478231853,-0.011411368239115927,0.04239251802811005
10.1101/2020.11.09.375162,CNR1_HUMAN,2-AG,Recruitment ,Transducer,HEK-293SL,G13,108.05194805194806,6.148,6.198,8.181632601118242,-0.0343444862293376,10.1101/2020.11.09.375162|CNR1_HUMAN|Recruitment |Transducer|HEK-293SL|G13,1.9836326011182415,-0.03514669294769668,-0.01757334647384834,0.045504304616155684
10.1101/2020.11.09.375162,CNR1_HUMAN,2-AG,Recruitment ,Transducer,HEK-293SL,Gi1,48.99536321483771,6.822,6.512,8.51215498154905,0.0003848219914655,10.1101/2020.11.09.375162|CNR1_HUMAN|Recruitment |Transducer|HEK-293SL|Gi1,2.000154981549051,0.0007199486321742832,0.0003599743160871416,0.042392682333774745
10.1101/2020.11.09.375162,CNR1_HUMAN,2-AG,Recruitment ,Transducer,HEK-293SL,Gi2,89.15857605177993,7.168,7.099,9.118163123762969,0.0002435123184465,10.1101/2020.11.09.375162|CNR1_HUMAN|Recruitment |Transducer|HEK-293SL|Gi2,2.0191631237629686,0.022192561857512283,0.011096280928756141,0.04239245591338075
10.1101/2020.11.09.375162,CNR1_HUMAN,2-AG,Recruitment ,Transducer,HEK-293SL,Gi3,85.05747126436782,6.83,6.759,8.759712467112358,3.705549549959386e-05,10.1101/2020.11.09.375162|CNR1_HUMAN|Recruitment |Transducer|HEK-293SL|Gi3,2.0007124671123577,-0.0023566188194368287,-0.0011783094097184144,0.0423923082005802
10.1101/2020.11.09.375162,CNR1_HUMAN,2-AG,Recruitment ,Transducer,HEK-293SL,GoA,91.64677804295944,6.828,6.768,8.790117201401236,0.0007486266201537,10.1101/2020.11.09.375162|CNR1_HUMAN|Recruitment |Transducer|HEK-293SL|GoA,2.022117201401236,0.008325521933275848,0.004162760966637924,0.04239373388198094
10.1101/2020.11.09.375162,CNR1_HUMAN,2-AG,Recruitment ,Transducer,HEK-293SL,GoB,87.0967741935484,6.978,6.919,8.918002070324714,-3.385161468827391e-05,10.1101/2020.11.09.375162|CNR1_HUMAN|Recruitment |Transducer|HEK-293SL|GoB,1.9990020703247149,0.04508715432070387,0.022543577160351935,0.04239230762126296
10.1101/2020.11.09.375162,CNR1_HUMAN,2-AG,Recruitment ,Transducer,HEK-293SL,Gz,72.93233082706766,7.0,6.863,8.86292009329916,-0.000132430138886,10.1101/2020.11.09.375162|CNR1_HUMAN|Recruitment |Transducer|HEK-293SL|Gz,1.999920093299159,-0.014623988633715612,-0.007311994316857806,0.04239234942137326
10.1101/2020.11.09.375162,CNR1_HUMAN,2-AG,Recruitment ,Transducer,HEK-293SL,G15,118.67088607594935,6.083,6.083,8.157344185109315,-9.676795052016018e-05,10.1101/2020.11.09.375162|CNR1_HUMAN|Recruitment |Transducer|HEK-293SL|G15,2.0743441851093145,0.012057942327588833,0.0060289711637944166,0.04239232857792325
10.1101/2020.11.09.375162,CNR1_HUMAN,anandamide,Recruitment ,Transducer,HEK-293SL,Arrestin-2 (β-arrestin-1),38.46153846153846,6.826,6.149,8.411026652029182,0.0001144737610871,10.1101/2020.11.09.375162|CNR1_HUMAN|Recruitment |Transducer|HEK-293SL|Arrestin-2 (β-arrestin-1),2.2620266520291823,0.0002513804151882404,0.0001256902075941202,0.042392338115675963
10.1101/2020.11.09.375162,CNR1_HUMAN,anandamide,Recruitment ,Transducer,HEK-293SL,Arrestin-3 (β-arrestin-2),48.08988764044943,6.646,6.208,8.32805376236826,-0.0003899227118187,10.1101/2020.11.09.375162|CNR1_HUMAN|Recruitment |Transducer|HEK-293SL|Arrestin-3 (β-arrestin-2),2.1200537623682596,-0.0005045361128810377,-0.00025226805644051886,0.04239269241107417
10.1101/2020.11.09.375162,CNR1_HUMAN,anandamide,Recruitment ,Transducer,HEK-293SL,G12,46.04810996563575,6.79,6.452,8.4532118093789,0.0010302681936149,10.1101/2020.11.09.375162|CNR1_HUMAN|Recruitment |Transducer|HEK-293SL|G12,2.0012118093788995,-0.022081702272411796,-0.011040851136205898,0.04239501154864915
10.1101/2020.11.09.375162,CNR1_HUMAN,anandamide,Recruitment ,Transducer,HEK-293SL,G13,71.68831168831169,7.047,6.885,8.902448352556716,-0.0005287347908629,10.1101/2020.11.09.375162|CNR1_HUMAN|Recruitment |Transducer|HEK-293SL|G13,2.017448352556716,-0.0013309415092219723,-0.0006654707546109861,0.04239301760060818
10.1101/2020.11.09.375162,CNR1_HUMAN,anandamide,Recruitment ,Transducer,HEK-293SL,Gi1,25.347758887171565,6.978,6.382,8.381939567378998,0.0001694078214127,10.1101/2020.11.09.375162|CNR1_HUMAN|Recruitment |Transducer|HEK-293SL|Gi1,1.9999395673789984,0.0005045344621215087,0.0002522672310607543,0.04239237788330747
10.1101/2020.11.09.375162,CNR1_HUMAN,anandamide,Recruitment ,Transducer,HEK-293SL,Gi2,89.15857605177993,7.421,7.353,9.371163123762967,-0.0007564876815528,10.1101/2020.11.09.375162|CNR1_HUMAN|Recruitment |Transducer|HEK-293SL|Gi2,2.0181631237629674,0.02119256185751106,0.01059628092875553,0.04239376405474509
10.1101/2020.11.09.375162,CNR1_HUMAN,anandamide,Recruitment ,Transducer,HEK-293SL,Gi3,69.82758620689656,7.364,7.207,9.208027029651731,0.0003516180348732,10.1101/2020.11.09.375162|CNR1_HUMAN|Recruitment |Transducer|HEK-293SL|Gi3,2.0010270296517314,-0.0020420562800631537,-0.0010210281400315768,0.04239261997739387
10.1101/2020.11.09.375162,CNR1_HUMAN,anandamide,Recruitment ,Transducer,HEK-293SL,GoA,87.11217183770883,7.588,7.506,9.52807884149018,0.0007102667090972,10.1101/2020.11.09.375162|CNR1_HUMAN|Recruitment |Transducer|HEK-293SL|GoA,2.0220788414901794,0.008287162022219352,0.004143581011109676,0.04239359116859474
10.1101/2020.11.09.375162,CNR1_HUMAN,anandamide,Recruitment ,Transducer,HEK-293SL,GoB,73.63253856942497,7.694,7.562,9.561069773554092,3.385161468827391e-05,10.1101/2020.11.09.375162|CNR1_HUMAN|Recruitment |Transducer|HEK-293SL|GoB,1.9990697735540914,0.04515485755008042,0.02257742877504021,0.04239230762126296
10.1101/2020.11.09.375162,CNR1_HUMAN,anandamide,Recruitment ,Transducer,HEK-293SL,Gz,39.34837092731829,7.712,7.304,9.306926756722484,0.0028742332844391,10.1101/2020.11.09.375162|CNR1_HUMAN|Recruitment |Transducer|HEK-293SL|Gz,2.002926756722484,-0.011617325210390383,-0.005808662605195192,0.042413376296012974
10.1101/2020.11.09.375162,CNR1_HUMAN,anandamide,Recruitment ,Transducer,HEK-293SL,G15,45.25316455696202,6.921,6.501,8.576648954846657,0.0012080017868223,10.1101/2020.11.09.375162|CNR1_HUMAN|Recruitment |Transducer|HEK-293SL|G15,2.075648954846657,0.013362712064931337,0.0066813560324656684,0.04239602607596799
10.1101/2020.11.09.375162,CNR1_HUMAN,Cannabinol,Recruitment ,Transducer,HEK-293SL,Arrestin-3 (β-arrestin-2),8.98876404494382,6.713,5.547,7.666699980347031,-0.0007437047330474,10.1101/2020.11.09.375162|CNR1_HUMAN|Recruitment |Transducer|HEK-293SL|Arrestin-3 (β-arrestin-2),2.119699980347031,-0.0008583181341097479,-0.00042915906705487394,0.04239371515097509
10.1101/2020.11.09.375162,CNR1_HUMAN,Cannabinol,Recruitment ,Transducer,HEK-293SL,G12,8.59106529209622,8.843,7.785,9.77704701968613,-0.008134521499155,10.1101/2020.11.09.375162|CNR1_HUMAN|Recruitment |Transducer|HEK-293SL|G12,1.9920470196861295,-0.03124649196518181,-0.015623245982590905,0.04256136457272229
10.1101/2020.11.09.375162,CNR1_HUMAN,Cannabinol,Recruitment ,Transducer,HEK-293SL,G13,31.428571428571427,7.3,6.781,8.797324640807949,-0.0016524465396301,10.1101/2020.11.09.375162|CNR1_HUMAN|Recruitment |Transducer|HEK-293SL|G13,2.016324640807949,-0.0024546532579892144,-0.0012273266289946072,0.042399268385567936
10.1101/2020.11.09.375162,CNR1_HUMAN,Cannabinol,Recruitment ,Transducer,HEK-293SL,Gi1,37.712519319938174,8.387,7.965,9.963485545670029,-0.0012846138875568,10.1101/2020.11.09.375162|CNR1_HUMAN|Recruitment |Transducer|HEK-293SL|Gi1,1.9984855456700288,-0.0009494872468480686,-0.0004747436234240343,0.042396513090362825
10.1101/2020.11.09.375162,CNR1_HUMAN,Cannabinol,Recruitment ,Transducer,HEK-293SL,Gi2,38.83495145631068,7.807,7.378,9.39622276662279,-0.0006968448217321,10.1101/2020.11.09.375162|CNR1_HUMAN|Recruitment |Transducer|HEK-293SL|Gi2,2.01822276662279,0.021252204717333578,0.010626102358666789,0.04239354300656756
10.1101/2020.11.09.375162,CNR1_HUMAN,Cannabinol,Recruitment ,Transducer,HEK-293SL,Gi3,22.98850574712644,7.885,7.243,9.246510743045365,0.0028353314285043,10.1101/2020.11.09.375162|CNR1_HUMAN|Recruitment |Transducer|HEK-293SL|Gi3,2.0035107430453643,0.0004416571135696934,0.0002208285567848467,0.042412809630091294
10.1101/2020.11.09.375162,CNR1_HUMAN,Cannabinol,Recruitment ,Transducer,HEK-293SL,GoA,31.264916467780434,7.834,7.308,9.329057272689468,-0.0003113020916138,10.1101/2020.11.09.375162|CNR1_HUMAN|Recruitment |Transducer|HEK-293SL|GoA,2.021057272689468,0.007265593221508215,0.0036327966107541076,0.04239255182343787
10.1101/2020.11.09.375162,CNR1_HUMAN,Cannabinol,Recruitment ,Transducer,HEK-293SL,GoB,42.49649368863955,7.591,7.221,9.21935309865044,-0.0006828232889626,10.1101/2020.11.09.375162|CNR1_HUMAN|Recruitment |Transducer|HEK-293SL|GoB,1.9983530986504405,0.044438182646429514,0.022219091323214757,0.04239349367416272
10.1101/2020.11.09.375162,CNR1_HUMAN,Cannabinol,Recruitment ,Transducer,HEK-293SL,Gz,47.11779448621554,6.94,6.613,8.613184953576932,0.000132430138886,10.1101/2020.11.09.375162|CNR1_HUMAN|Recruitment |Transducer|HEK-293SL|Gz,2.000184953576931,-0.01435912835594344,-0.00717956417797172,0.04239234942137326
10.1101/2020.11.09.375162,CNR1_HUMAN,CP55940,Recruitment ,Transducer,HEK-293SL,Arrestin-2 (β-arrestin-1),49.57264957264957,8.886,8.318,10.581242131816776,0.001329953548681,10.1101/2020.11.09.375162|CNR1_HUMAN|Recruitment |Transducer|HEK-293SL|Arrestin-2 (β-arrestin-1),2.263242131816776,0.0014668602027820832,0.0007334301013910416,0.04239681541329202
10.1101/2020.11.09.375162,CNR1_HUMAN,CP55940,Recruitment ,Transducer,HEK-293SL,Arrestin-3 (β-arrestin-2),60.89887640449439,8.68,8.344,10.464609279893471,0.0001655948133953,10.1101/2020.11.09.375162|CNR1_HUMAN|Recruitment |Transducer|HEK-293SL|Arrestin-3 (β-arrestin-2),2.120609279893472,5.0981412331285725e-05,2.5490706165642862e-05,0.0423923746259387
10.1101/2020.11.09.375162,CNR1_HUMAN,CP55940,Recruitment ,Transducer,HEK-293SL,G12,79.03780068728523,8.932,8.83,10.829834847031686,-0.000346694153599,10.1101/2020.11.09.375162|CNR1_HUMAN|Recruitment |Transducer|HEK-293SL|G12,1.9998348470316856,-0.023458664619625758,-0.011729332309812879,0.0423926112091923
10.1101/2020.11.09.375162,CNR1_HUMAN,CP55940,Recruitment ,Transducer,HEK-293SL,G13,89.6103896103896,8.866,8.8,10.818358365564771,0.0003812782171932,10.1101/2020.11.09.375162|CNR1_HUMAN|Recruitment |Transducer|HEK-293SL|G13,2.0183583655647706,-0.0004209285011675945,-0.00021046425058379725,0.04239267541059541
10.1101/2020.11.09.375162,CNR1_HUMAN,CP55940,Recruitment ,Transducer,HEK-293SL,Gi1,50.38639876352396,9.172,8.874,10.87431331939924,0.0005431598416523,10.1101/2020.11.09.375162|CNR1_HUMAN|Recruitment |Transducer|HEK-293SL|Gi1,2.0003133193992397,0.0008782864823628778,0.0004391432411814389,0.042393057030619956
10.1101/2020.11.09.375162,CNR1_HUMAN,CP55940,Recruitment ,Transducer,HEK-293SL,Gi2,99.83818770226536,9.604,9.583,11.603296688944424,0.0013770774999031,10.1101/2020.11.09.375162|CNR1_HUMAN|Recruitment |Transducer|HEK-293SL|Gi2,2.0202966889444234,0.02332612703896708,0.01166306351948354,0.042397140748433225
10.1101/2020.11.09.375162,CNR1_HUMAN,CP55940,Recruitment ,Transducer,HEK-293SL,Gi3,95.97701149425288,9.426,9.408,11.408167222864984,-0.0005081887518736,10.1101/2020.11.09.375162|CNR1_HUMAN|Recruitment |Transducer|HEK-293SL|Gi3,2.0001672228649845,-0.002901863066810062,-0.001450931533405031,0.04239296327159166
10.1101/2020.11.09.375162,CNR1_HUMAN,CP55940,Recruitment ,Transducer,HEK-293SL,GoA,105.01193317422435,9.847,9.847,11.868238653519892,-0.0001299212611893,10.1101/2020.11.09.375162|CNR1_HUMAN|Recruitment |Transducer|HEK-293SL|GoA,2.0212386535198927,0.007446974051932731,0.0037234870259663655,0.04239234774290323
10.1101/2020.11.09.375162,CNR1_HUMAN,CP55940,Recruitment ,Transducer,HEK-293SL,GoB,93.2678821879383,9.612,9.581,11.581732115451238,0.0016961935118358,10.1101/2020.11.09.375162|CNR1_HUMAN|Recruitment |Transducer|HEK-293SL|GoB,2.000732115451239,0.04681719944722795,0.023408599723613976,0.04239964201128308
10.1101/2020.11.09.375162,CNR1_HUMAN,CP55940,Recruitment ,Transducer,HEK-293SL,Gz,79.19799498746868,9.857,9.753,11.755714186931655,0.00266166349361,10.1101/2020.11.09.375162|CNR1_HUMAN|Recruitment |Transducer|HEK-293SL|Gz,2.002714186931655,-0.011829895001219448,-0.005914947500609724,0.042410374152933715
10.1101/2020.11.09.375162,CNR1_HUMAN,CP55940,Recruitment ,Transducer,HEK-293SL,G15,81.32911392405063,9.043,8.879,10.95324604071289,-0.0001949123469433,10.1101/2020.11.09.375162|CNR1_HUMAN|Recruitment |Transducer|HEK-293SL|G15,2.0742460407128913,0.011959797931165639,0.005979898965582819,0.042392401578027504
10.1101/2020.11.09.375162,CNR1_HUMAN,HU210,Recruitment ,Transducer,HEK-293SL,Arrestin-2 (β-arrestin-1),63.24786324786324,8.313,7.854,10.114045857984816,-0.0018663202832804,10.1101/2020.11.09.375162|CNR1_HUMAN|Recruitment |Transducer|HEK-293SL|Arrestin-2 (β-arrestin-1),2.2600458579848164,-0.0017294136291776674,-0.0008647068145888337,0.04240118783121133
10.1101/2020.11.09.375162,CNR1_HUMAN,HU210,Recruitment ,Transducer,HEK-293SL,Arrestin-3 (β-arrestin-2),71.46067415730337,8.353,8.086,10.2070671090035,0.0006234239234212,10.1101/2020.11.09.375162|CNR1_HUMAN|Recruitment |Transducer|HEK-293SL|Arrestin-3 (β-arrestin-2),2.1210671090034996,0.0005088105223589601,0.00025440526117948004,0.04239329580954427
10.1101/2020.11.09.375162,CNR1_HUMAN,HU210,Recruitment ,Transducer,HEK-293SL,G12,56.357388316151216,8.978,8.729,10.72895085906179,-0.0002306821234938,10.1101/2020.11.09.375162|CNR1_HUMAN|Recruitment |Transducer|HEK-293SL|G12,1.9999508590617907,-0.02334265258952062,-0.01167132629476031,0.04239244039875136
10.1101/2020.11.09.375162,CNR1_HUMAN,HU210,Recruitment ,Transducer,HEK-293SL,G13,77.92207792207792,8.75,8.624,10.641660525211162,-0.000316562136418,10.1101/2020.11.09.375162|CNR1_HUMAN|Recruitment |Transducer|HEK-293SL|G13,2.017660525211161,-0.0011187688547771302,-0.0005593844273885651,0.04239256024529619
10.1101/2020.11.09.375162,CNR1_HUMAN,HU210,Recruitment ,Transducer,HEK-293SL,Gi1,55.3323029366306,9.419,9.162,11.161978745975174,0.000208586417588,10.1101/2020.11.09.375162|CNR1_HUMAN|Recruitment |Transducer|HEK-293SL|Gi1,1.9999787459751737,0.000543713058296813,0.0002718565291484065,0.04239241564793792
10.1101/2020.11.09.375162,CNR1_HUMAN,HU210,Recruitment ,Transducer,HEK-293SL,Gi2,104.6925566343042,9.413,9.414,11.432915805579883,-3.805864636774458e-06,10.1101/2020.11.09.375162|CNR1_HUMAN|Recruitment |Transducer|HEK-293SL|Gi2,2.0189158055798835,0.021945243674427184,0.010972621837213592,0.04239230473600534
10.1101/2020.11.09.375162,CNR1_HUMAN,HU210,Recruitment ,Transducer,HEK-293SL,Gi3,93.67816091954025,9.172,9.143,11.14363835612136,-3.705549549959386e-05,10.1101/2020.11.09.375162|CNR1_HUMAN|Recruitment |Transducer|HEK-293SL|Gi3,2.0006383561213585,-0.0024307298104360164,-0.0012153649052180082,0.0423923082005802
10.1101/2020.11.09.375162,CNR1_HUMAN,HU210,Recruitment ,Transducer,HEK-293SL,GoA,76.61097852028641,9.282,9.145,11.166291009438575,-7.756534250447089e-05,10.1101/2020.11.09.375162|CNR1_HUMAN|Recruitment |Transducer|HEK-293SL|GoA,2.021291009438576,0.0074993299706158645,0.0037496649853079322,0.0423923200412034
10.1101/2020.11.09.375162,CNR1_HUMAN,HU210,Recruitment ,Transducer,HEK-293SL,GoB,74.61430575035064,9.595,9.47,11.467822102443185,-0.001213819496221,10.1101/2020.11.09.375162|CNR1_HUMAN|Recruitment |Transducer|HEK-293SL|GoB,1.997822102443184,0.04390718643917291,0.021953593219586454,0.04239606200793667
10.1101/2020.11.09.375162,CNR1_HUMAN,HU210,Recruitment ,Transducer,HEK-293SL,Gz,61.15288220551378,9.387,9.174,11.173416930651982,-0.0006355927860628,10.1101/2020.11.09.375162|CNR1_HUMAN|Recruitment |Transducer|HEK-293SL|Gz,1.9994169306519822,-0.01512715128089237,-0.007563575640446185,0.042393334879387165
10.1101/2020.11.09.375162,CNR1_HUMAN,HU210,Recruitment ,Transducer,HEK-293SL,G15,44.30379746835444,8.913,8.485,10.559440953059834,0.0,10.1101/2020.11.09.375162|CNR1_HUMAN|Recruitment |Transducer|HEK-293SL|G15,2.0744409530598347,0.012154710278108993,0.006077355139054497,0.04239230469906874
10.1101/2020.11.09.375162,CNR1_HUMAN,Nabilone,Recruitment ,Transducer,HEK-293SL,Arrestin-2 (β-arrestin-1),59.82905982905983,8.192,7.707,9.968912178268097,0.0,10.1101/2020.11.09.375162|CNR1_HUMAN|Recruitment |Transducer|HEK-293SL|Arrestin-2 (β-arrestin-1),2.261912178268097,0.00013690665410281966,6.845332705140983e-05,0.04239230469906874
10.1101/2020.11.09.375162,CNR1_HUMAN,Nabilone,Recruitment ,Transducer,HEK-293SL,Arrestin-3 (β-arrestin-2),71.23595505617978,8.102,7.834,9.95469925123682,0.0002555661567416,10.1101/2020.11.09.375162|CNR1_HUMAN|Recruitment |Transducer|HEK-293SL|Arrestin-3 (β-arrestin-2),2.12069925123682,0.0001409527556792689,7.047637783963445e-05,0.04239247125411132
10.1101/2020.11.09.375162,CNR1_HUMAN,Nabilone,Recruitment ,Transducer,HEK-293SL,G12,67.35395189003437,8.442,8.27,10.270363082370569,0.0001815411852845,10.1101/2020.11.09.375162|CNR1_HUMAN|Recruitment |Transducer|HEK-293SL|G12,2.000363082370569,-0.02293042928074218,-0.01146521464037109,0.04239238874196899
10.1101/2020.11.09.375162,CNR1_HUMAN,Nabilone,Recruitment ,Transducer,HEK-293SL,G13,88.57142857142857,8.31,8.239,10.257293649483998,0.000316562136418,10.1101/2020.11.09.375162|CNR1_HUMAN|Recruitment |Transducer|HEK-293SL|G13,2.018293649483997,-0.0004856445819410027,-0.00024282229097050134,0.04239256024529619
10.1101/2020.11.09.375162,CNR1_HUMAN,Nabilone,Recruitment ,Transducer,HEK-293SL,Gi1,49.61360123647604,8.282,7.978,9.977600751736173,-0.0001694078214127,10.1101/2020.11.09.375162|CNR1_HUMAN|Recruitment |Transducer|HEK-293SL|Gi1,1.999600751736173,0.0001657188192960568,8.28594096480284e-05,0.04239237788330747
10.1101/2020.11.09.375162,CNR1_HUMAN,Nabilone,Recruitment ,Transducer,HEK-293SL,Gi2,92.88025889967638,8.982,8.931,10.949923417309158,3.805864636774458e-06,10.1101/2020.11.09.375162|CNR1_HUMAN|Recruitment |Transducer|HEK-293SL|Gi2,2.018923417309159,0.02195285540370251,0.010976427701851255,0.04239230473600534
10.1101/2020.11.09.375162,CNR1_HUMAN,Nabilone,Recruitment ,Transducer,HEK-293SL,Gi3,83.9080459770115,9.102,9.026,11.025803607501835,-0.0008718041150208,10.1101/2020.11.09.375162|CNR1_HUMAN|Recruitment |Transducer|HEK-293SL|Gi3,1.9998036075018355,-0.0032654784299590567,-0.0016327392149795283,0.04239424289467208
10.1101/2020.11.09.375162,CNR1_HUMAN,Nabilone,Recruitment ,Transducer,HEK-293SL,GoA,97.37470167064438,9.246,9.213,11.234446140123586,7.756534250447089e-05,10.1101/2020.11.09.375162|CNR1_HUMAN|Recruitment |Transducer|HEK-293SL|GoA,2.0214461401235866,0.007654460655626583,0.0038272303278132913,0.0423923200412034
10.1101/2020.11.09.375162,CNR1_HUMAN,Nabilone,Recruitment ,Transducer,HEK-293SL,GoB,87.6577840112202,9.348,9.291,11.29079048749221,0.000754565552806,10.1101/2020.11.09.375162|CNR1_HUMAN|Recruitment |Transducer|HEK-293SL|GoB,1.9997904874922092,0.04587557148819821,0.022937785744099104,0.0423937566480106
10.1101/2020.11.09.375162,CNR1_HUMAN,Nabilone,Recruitment ,Transducer,HEK-293SL,Gz,62.90726817042607,9.016,8.816,10.81470082579429,-0.0013516976437557,10.1101/2020.11.09.375162|CNR1_HUMAN|Recruitment |Transducer|HEK-293SL|Gz,1.9987008257942893,-0.015843256138585282,-0.007921628069292641,0.04239696412282268
10.1101/2020.11.09.375162,CNR1_HUMAN,Nabilone,Recruitment ,Transducer,HEK-293SL,G15,68.9873417721519,8.576,8.34,10.4147694109862,0.0003284579263667,10.1101/2020.11.09.375162|CNR1_HUMAN|Recruitment |Transducer|HEK-293SL|G15,2.0747694109861996,0.012483168204473927,0.006241584102236963,0.04239257981207766
10.1101/2020.11.09.375162,CNR1_HUMAN,THC,Recruitment ,Transducer,HEK-293SL,Arrestin-2 (β-arrestin-1),23.93162393162393,7.66,6.776,9.038972169596056,0.0010599913279625,10.1101/2020.11.09.375162|CNR1_HUMAN|Recruitment |Transducer|HEK-293SL|Arrestin-2 (β-arrestin-1),2.262972169596056,0.0011968979820617953,0.0005984489910308977,0.042395169991401936
10.1101/2020.11.09.375162,CNR1_HUMAN,THC,Recruitment ,Transducer,HEK-293SL,Arrestin-3 (β-arrestin-2),19.10112359550562,7.927,7.086,9.20805891473336,0.0016152296532818,10.1101/2020.11.09.375162|CNR1_HUMAN|Recruitment |Transducer|HEK-293SL|Arrestin-3 (β-arrestin-2),2.12205891473336,0.0015006162522195332,0.0007503081261097666,0.04239895821827829
10.1101/2020.11.09.375162,CNR1_HUMAN,THC,Recruitment ,Transducer,HEK-293SL,G12,18.900343642611684,7.961,7.045,9.237469700508337,0.1922881593230521,10.1101/2020.11.09.375162|CNR1_HUMAN|Recruitment |Transducer|HEK-293SL|G12,2.1924697005083367,0.16917618885702534,0.08458809442851267,0.31113087103041087
10.1101/2020.11.09.375162,CNR1_HUMAN,THC,Recruitment ,Transducer,HEK-293SL,G13,39.22077922077922,7.923,7.497,9.51651621778467,0.0015391304370906,10.1101/2020.11.09.375162|CNR1_HUMAN|Recruitment |Transducer|HEK-293SL|G13,2.0195162177846697,0.0007369237187315747,0.00036846185936578735,0.042398346003395614
10.1101/2020.11.09.375162,CNR1_HUMAN,THC,Recruitment ,Transducer,HEK-293SL,Gi1,82.22565687789799,8.595,8.512,10.51000735162635,-0.0017628079312368,10.1101/2020.11.09.375162|CNR1_HUMAN|Recruitment |Transducer|HEK-293SL|Gi1,1.9980073516263488,-0.00142768129052806,-0.00071384064526403,0.042400229695445865
10.1101/2020.11.09.375162,CNR1_HUMAN,THC,Recruitment ,Transducer,HEK-293SL,Gi2,56.63430420711974,8.607,8.519,10.360079569261458,-0.1778400421830639,10.1101/2020.11.09.375162|CNR1_HUMAN|Recruitment |Transducer|HEK-293SL|Gi2,1.841079569261458,-0.1558909926439982,-0.0779454963219991,0.2440208444269707
10.1101/2020.11.09.375162,CNR1_HUMAN,THC,Recruitment ,Transducer,HEK-293SL,Gi3,51.72413793103448,8.466,8.161,10.179693261156723,0.0180178495398672,10.1101/2020.11.09.375162|CNR1_HUMAN|Recruitment |Transducer|HEK-293SL|Gi3,2.0186932611567237,0.015624175224929093,0.007812087612464547,0.04322793248465279
10.1101/2020.11.09.375162,CNR1_HUMAN,THC,Recruitment ,Transducer,HEK-293SL,GoA,67.78042959427208,8.731,8.603,10.562104317080742,-0.06226425770034,10.1101/2020.11.09.375162|CNR1_HUMAN|Recruitment |Transducer|HEK-293SL|GoA,1.959104317080742,-0.05468736238721794,-0.02734368119360897,0.053456894474136984
10.1101/2020.11.09.375162,CNR1_HUMAN,THC,Recruitment ,Transducer,HEK-293SL,GoB,53.15568022440393,8.524,8.613,10.249549680116209,-0.3624862418231958,10.1101/2020.11.09.375162|CNR1_HUMAN|Recruitment |Transducer|HEK-293SL|GoB,1.6365496801162092,-0.31736523588780186,-0.15868261794390093,0.9941556525593853
10.1101/2020.11.09.375162,CNR1_HUMAN,THC,Recruitment ,Transducer,HEK-293SL,Gz,47.368421052631575,8.47,8.032,10.145488908486495,0.1134363850484518,10.1101/2020.11.09.375162|CNR1_HUMAN|Recruitment |Transducer|HEK-293SL|Gz,2.113488908486495,0.09894482655362058,0.04947241327681029,0.09036743242720434
10.1101/2020.11.09.375162,CNR1_HUMAN,THC,Recruitment ,Transducer,HEK-293SL,G15,15.189873417721518,8.572,7.766,9.753554154757182,-0.0868867983026522,10.1101/2020.11.09.375162|CNR1_HUMAN|Recruitment |Transducer|HEK-293SL|G15,1.9875541547571824,-0.07473208802454323,-0.037366044012271615,0.06640640697019737
10.1101/2020.11.09.375162,CNR1_HUMAN,WIN55212-2,Recruitment ,Transducer,HEK-293SL,Arrestin-2 (β-arrestin-1),100.0,7.044,6.783,9.044,-0.0009121782680949,10.1101/2020.11.09.375162|CNR1_HUMAN|Recruitment |Transducer|HEK-293SL|Arrestin-2 (β-arrestin-1),2.261,-0.0007752716139939331,-0.00038763580699696654,0.04239442657563565
10.1101/2020.11.09.375162,CNR1_HUMAN,WIN55212-2,Recruitment ,Transducer,HEK-293SL,Arrestin-3 (β-arrestin-2),100.0,7.137,7.017,9.137,-0.0004436850800781,10.1101/2020.11.09.375162|CNR1_HUMAN|Recruitment |Transducer|HEK-293SL|Arrestin-3 (β-arrestin-2),2.12,-0.0005582984811405289,-0.00027914924057026447,0.04239280669753893
10.1101/2020.11.09.375162,CNR1_HUMAN,WIN55212-2,Recruitment ,Transducer,HEK-293SL,G12,100.0,7.413,7.413,9.413,-0.0001815411852845,10.1101/2020.11.09.375162|CNR1_HUMAN|Recruitment |Transducer|HEK-293SL|G12,2.0,-0.023293511651311327,-0.011646755825655664,0.04239238874196899
10.1101/2020.11.09.375162,CNR1_HUMAN,WIN55212-2,Recruitment ,Transducer,HEK-293SL,G13,100.0,7.497,7.438,9.497,0.041022912652421,10.1101/2020.11.09.375162|CNR1_HUMAN|Recruitment |Transducer|HEK-293SL|G13,2.059,0.04022070593406202,0.02011035296703101,0.04689749103607398
10.1101/2020.11.09.375162,CNR1_HUMAN,WIN55212-2,Recruitment ,Transducer,HEK-293SL,Gi1,100.0,8.413,8.414,10.413,-0.000770159557585,10.1101/2020.11.09.375162|CNR1_HUMAN|Recruitment |Transducer|HEK-293SL|Gi1,1.9990000000000006,-0.00043503291687629897,-0.00021751645843814948,0.04239381728170281
10.1101/2020.11.09.375162,CNR1_HUMAN,WIN55212-2,Recruitment ,Transducer,HEK-293SL,Gi2,100.0,8.115,8.094,10.115,0.0020803885554787,10.1101/2020.11.09.375162|CNR1_HUMAN|Recruitment |Transducer|HEK-293SL|Gi2,2.021000000000001,0.024029438094544497,0.012014719047272249,0.042403342771258075
10.1101/2020.11.09.375162,CNR1_HUMAN,WIN55212-2,Recruitment ,Transducer,HEK-293SL,Gi3,100.0,7.484,7.484,9.484,-0.0006754116168581,10.1101/2020.11.09.375162|CNR1_HUMAN|Recruitment |Transducer|HEK-293SL|Gi3,2.0,-0.0030690859317945574,-0.0015345429658972787,0.04239346800256569
10.1101/2020.11.09.375162,CNR1_HUMAN,WIN55212-2,Recruitment ,Transducer,HEK-293SL,GoA,100.0,8.09,8.068,10.09,0.0006314252189181,10.1101/2020.11.09.375162|CNR1_HUMAN|Recruitment |Transducer|HEK-293SL|GoA,2.0220000000000002,0.008208320532040236,0.004104160266020118,0.042393321413787474
10.1101/2020.11.09.375162,CNR1_HUMAN,WIN55212-2,Recruitment ,Transducer,HEK-293SL,GoB,100.0,8.189,8.189,10.189,0.0009640780605968,10.1101/2020.11.09.375162|CNR1_HUMAN|Recruitment |Transducer|HEK-293SL|GoB,2.0,0.046085083995988985,0.023042541997994492,0.042394674906139004
10.1101/2020.11.09.375162,CNR1_HUMAN,WIN55212-2,Recruitment ,Transducer,HEK-293SL,Gz,100.0,8.321,8.322,10.321,-0.0010525234380445,10.1101/2020.11.09.375162|CNR1_HUMAN|Recruitment |Transducer|HEK-293SL|Gz,1.9990000000000006,-0.015544081932874043,-0.007772040966437022,0.042395129759014605
10.1101/2020.11.09.375162,CNR1_HUMAN,WIN55212-2,Recruitment ,Transducer,HEK-293SL,G15,100.0,7.285,7.21,9.285,0.0005590469401655,10.1101/2020.11.09.375162|CNR1_HUMAN|Recruitment |Transducer|HEK-293SL|G15,2.075,0.012713757218274502,0.006356878609137251,0.04239310168515159
10.1101/2020.11.09.375162,CNR2_HUMAN,(R)-AM1241,Recruitment ,Transducer,HEK-293SL,Arrestin-3 (β-arrestin-2),28.571428571428573,8.399,7.647,9.854931955649723,6.342865173714074e-05,10.1101/2020.11.09.375162|CNR2_HUMAN|Recruitment |Transducer|HEK-293SL|Arrestin-3 (β-arrestin-2),2.207931955649723,0.00037554445765675126,0.00018777222882837563,0.042392314958453005
10.1101/2020.11.09.375162,CNR2_HUMAN,(R)-AM1241,Recruitment ,Transducer,HEK-293SL,Gi1,52.47524752475247,8.299,8.02,10.018954495818146,-0.0010455041818531,10.1101/2020.11.09.375162|CNR2_HUMAN|Recruitment |Transducer|HEK-293SL|Gi1,1.9989544958181469,-0.007468378276230592,-0.003734189138115296,0.042395092202951755
10.1101/2020.11.09.375162,CNR2_HUMAN,(R)-AM1241,Recruitment ,Transducer,HEK-293SL,Gi2,51.778093883357045,8.227,7.835,9.941146058629233,-0.0004651119447851,10.1101/2020.11.09.375162|CNR2_HUMAN|Recruitment |Transducer|HEK-293SL|Gi2,2.106146058629233,-0.000448127119438535,-0.0002240635597192675,0.04239285635459499
10.1101/2020.11.09.375162,CNR2_HUMAN,(R)-AM1241,Recruitment ,Transducer,HEK-293SL,Gi3,36.70212765957447,8.339,7.899,9.903691241473576,0.0019742350647655,10.1101/2020.11.09.375162|CNR2_HUMAN|Recruitment |Transducer|HEK-293SL|Gi3,2.0046912414735756,0.00027944100034416053,0.00013972050017208026,0.042402244934419284
10.1101/2020.11.09.375162,CNR2_HUMAN,(R)-AM1241,Recruitment ,Transducer,HEK-293SL,GoA,27.061855670103093,8.555,7.974,9.98735757347573,6.700856474362027e-05,10.1101/2020.11.09.375162|CNR2_HUMAN|Recruitment |Transducer|HEK-293SL|GoA,2.01335757347573,0.008852693828554248,0.004426346914277124,0.04239231614921342
10.1101/2020.11.09.375162,CNR2_HUMAN,(R)-AM1241,Recruitment ,Transducer,HEK-293SL,GoB,49.27710843373494,8.12,7.744,9.812645215631267,-0.0008356488712735,10.1101/2020.11.09.375162|CNR2_HUMAN|Recruitment |Transducer|HEK-293SL|GoB,2.0686452156312676,-0.0010299709732084494,-0.0005149854866042247,0.04239408546429317
10.1101/2020.11.09.375162,CNR2_HUMAN,(S)-AM1241,Recruitment ,Transducer,HEK-293SL,Arrestin-2 (β-arrestin-1),58.02469135802469,7.323,6.862,9.086612839057068,-0.001421394682902,10.1101/2020.11.09.375162|CNR2_HUMAN|Recruitment |Transducer|HEK-293SL|Arrestin-2 (β-arrestin-1),2.224612839057068,-0.007910044954295259,-0.0039550224771476294,0.042397457043430925
10.1101/2020.11.09.375162,CNR2_HUMAN,(S)-AM1241,Recruitment ,Transducer,HEK-293SL,Arrestin-3 (β-arrestin-2),79.08163265306122,6.734,6.425,8.632075626813815,-0.0007929001841704,10.1101/2020.11.09.375162|CNR2_HUMAN|Recruitment |Transducer|HEK-293SL|Arrestin-3 (β-arrestin-2),2.2070756268138156,-0.0004807843782508314,-0.0002403921891254157,0.0423939079266383
10.1101/2020.11.09.375162,CNR2_HUMAN,(S)-AM1241,Recruitment ,Transducer,HEK-293SL,Gi1,67.57425742574257,7.434,7.264,9.263781281930152,-0.0002187180698483,10.1101/2020.11.09.375162|CNR2_HUMAN|Recruitment |Transducer|HEK-293SL|Gi1,1.9997812819301517,-0.006641592164225774,-0.003320796082112887,0.04239242668794002
10.1101/2020.11.09.375162,CNR2_HUMAN,(S)-AM1241,Recruitment ,Transducer,HEK-293SL,Gi2,82.78805120910384,7.308,7.12,9.225967659630063,-0.000643510943953,10.1101/2020.11.09.375162|CNR2_HUMAN|Recruitment |Transducer|HEK-293SL|Gi2,2.105967659630063,-0.0006265261186082505,-0.00031326305930412524,0.04239336070736602
10.1101/2020.11.09.375162,CNR2_HUMAN,(S)-AM1241,Recruitment ,Transducer,HEK-293SL,Gi3,75.79787234042553,7.338,7.215,9.21765701508085,-5.999132796041806e-05,10.1101/2020.11.09.375162|CNR2_HUMAN|Recruitment |Transducer|HEK-293SL|Gi3,2.0026570150808496,-0.0017547853923818302,-0.0008773926961909151,0.04239231387662979
10.1101/2020.11.09.375162,CNR2_HUMAN,(S)-AM1241,Recruitment ,Transducer,HEK-293SL,GoA,70.87628865979381,6.975,6.812,8.825500968236055,0.000210403325068,10.1101/2020.11.09.375162|CNR2_HUMAN|Recruitment |Transducer|HEK-293SL|GoA,2.0135009682360545,0.008996088588878681,0.004498044294439341,0.04239241758921527
10.1101/2020.11.09.375162,CNR2_HUMAN,(S)-AM1241,Recruitment ,Transducer,HEK-293SL,GoB,75.5421686746988,7.329,7.138,9.207189448454642,-0.000291416047899,10.1101/2020.11.09.375162|CNR2_HUMAN|Recruitment |Transducer|HEK-293SL|GoB,2.069189448454642,-0.0004857381498339919,-0.00024286907491699594,0.042392521259084756
10.1101/2020.11.09.375162,CNR2_HUMAN,2-AG,Recruitment ,Transducer,HEK-293SL,Arrestin-2 (β-arrestin-1),174.07407407407405,5.997,6.046,8.23773409377673,-0.0343001399632401,10.1101/2020.11.09.375162|CNR2_HUMAN|Recruitment |Transducer|HEK-293SL|Arrestin-2 (β-arrestin-1),2.19173409377673,-0.04078879023463333,-0.020394395117316666,0.0454959998397146
10.1101/2020.11.09.375162,CNR2_HUMAN,2-AG,Recruitment ,Transducer,HEK-293SL,Arrestin-3 (β-arrestin-2),161.22448979591837,5.979,5.979,8.186431011261927,-0.0004375157360589,10.1101/2020.11.09.375162|CNR2_HUMAN|Recruitment |Transducer|HEK-293SL|Arrestin-3 (β-arrestin-2),2.207431011261927,-0.00012539993013938044,-6.269996506969022e-05,0.042392792834162585
10.1101/2020.11.09.375162,CNR2_HUMAN,2-AG,Recruitment ,Transducer,HEK-293SL,Gi1,81.93069306930693,7.027,6.941,8.940446628665114,-0.0005533713348855,10.1101/2020.11.09.375162|CNR2_HUMAN|Recruitment |Transducer|HEK-293SL|Gi1,1.9994466286651145,-0.006976245429263006,-0.003488122714631503,0.04239308558469063
10.1101/2020.11.09.375162,CNR2_HUMAN,2-AG,Recruitment ,Transducer,HEK-293SL,Gi2,93.74110953058324,6.827,6.692,8.798930089574187,0.0003189190001684,10.1101/2020.11.09.375162|CNR2_HUMAN|Recruitment |Transducer|HEK-293SL|Gi2,2.1069300895741865,0.0003359038255150715,0.00016795191275753574,0.042392564064650494
10.1101/2020.11.09.375162,CNR2_HUMAN,2-AG,Recruitment ,Transducer,HEK-293SL,Gi3,91.22340425531917,6.742,6.7,8.70210627511511,-0.0006107312937002,10.1101/2020.11.09.375162|CNR2_HUMAN|Recruitment |Transducer|HEK-293SL|Gi3,2.0021062751151097,-0.002305525358121674,-0.001152762679060837,0.04239325586281843
10.1101/2020.11.09.375162,CNR2_HUMAN,2-AG,Recruitment ,Transducer,HEK-293SL,GoA,83.76288659793815,6.797,6.706,8.720051635384667,0.0007610704736804,10.1101/2020.11.09.375162|CNR2_HUMAN|Recruitment |Transducer|HEK-293SL|GoA,2.014051635384667,0.009546755737491086,0.004773377868745543,0.042393781790111405
10.1101/2020.11.09.375162,CNR2_HUMAN,2-AG,Recruitment ,Transducer,HEK-293SL,GoB,85.66265060240964,7.14,7.002,9.072791508353692,0.0013106438511512,10.1101/2020.11.09.375162|CNR2_HUMAN|Recruitment |Transducer|HEK-293SL|GoB,2.0707915083536923,0.0011163217492162758,0.0005581608746081379,0.04239668537493471
10.1101/2020.11.09.375162,CNR2_HUMAN,AM1241,Recruitment ,Transducer,HEK-293SL,Arrestin-2 (β-arrestin-1),39.50617283950617,8.031,7.401,9.627664959441256,0.0006307257012867,10.1101/2020.11.09.375162|CNR2_HUMAN|Recruitment |Transducer|HEK-293SL|Arrestin-2 (β-arrestin-1),2.2266649594412566,-0.005857924570106476,-0.002928962285053238,0.04239331916229665
10.1101/2020.11.09.375162,CNR2_HUMAN,AM1241,Recruitment ,Transducer,HEK-293SL,Arrestin-3 (β-arrestin-2),19.897959183673468,8.063,7.154,9.361808535670024,-5.999132796219442e-05,10.1101/2020.11.09.375162|CNR2_HUMAN|Recruitment |Transducer|HEK-293SL|Arrestin-3 (β-arrestin-2),2.207808535670024,0.0002521244779574161,0.00012606223897870805,0.04239231387662979
10.1101/2020.11.09.375162,CNR2_HUMAN,AM1241,Recruitment ,Transducer,HEK-293SL,Gi1,47.77227722772277,8.358,8.038,10.03717594389717,-0.0008240561028305,10.1101/2020.11.09.375162|CNR2_HUMAN|Recruitment |Transducer|HEK-293SL|Gi1,1.9991759438971695,-0.0072469301972080125,-0.0036234650986040062,0.0423940363977414
10.1101/2020.11.09.375162,CNR2_HUMAN,AM1241,Recruitment ,Transducer,HEK-293SL,Gi2,53.34281650071125,7.994,7.615,9.721075942707897,-0.0005352278661234,10.1101/2020.11.09.375162|CNR2_HUMAN|Recruitment |Transducer|HEK-293SL|Gi2,2.1060759427078963,-0.0005182430407750793,-0.00025912152038753966,0.04239303521769826
10.1101/2020.11.09.375162,CNR2_HUMAN,AM1241,Recruitment ,Transducer,HEK-293SL,Gi3,34.57446808510638,7.946,7.483,9.484755507379177,-0.0009614990296347,10.1101/2020.11.09.375162|CNR2_HUMAN|Recruitment |Transducer|HEK-293SL|Gi3,2.001755507379177,-0.0026562930940543517,-0.0013281465470271758,0.04239466224155592
10.1101/2020.11.09.375162,CNR2_HUMAN,AM1241,Recruitment ,Transducer,HEK-293SL,GoA,30.927835051546392,7.98,7.457,9.470349520453418,5.89555424315158e-05,10.1101/2020.11.09.375162|CNR2_HUMAN|Recruitment |Transducer|HEK-293SL|GoA,2.013349520453418,0.008844640806242143,0.004422320403121072,0.042392313562453626
10.1101/2020.11.09.375162,CNR2_HUMAN,AM1241,Recruitment ,Transducer,HEK-293SL,GoB,52.65060240963856,8.171,7.822,9.892403344594348,0.0009224800918063,10.1101/2020.11.09.375162|CNR2_HUMAN|Recruitment |Transducer|HEK-293SL|GoB,2.0704033445943475,0.0007281579898714696,0.0003640789949357348,0.04239447477492282
10.1101/2020.11.09.375162,CNR2_HUMAN,anandamide,Recruitment ,Transducer,HEK-293SL,Arrestin-2 (β-arrestin-1),134.5679012345679,5.448,5.164,7.576941479061974,0.1869072453220042,10.1101/2020.11.09.375162|CNR2_HUMAN|Recruitment |Transducer|HEK-293SL|Arrestin-2 (β-arrestin-1),2.412941479061974,0.18041859505061097,0.09020929752530549,0.2843449533328433
10.1101/2020.11.09.375162,CNR2_HUMAN,anandamide,Recruitment ,Transducer,HEK-293SL,Arrestin-3 (β-arrestin-2),47.95918367346939,6.509,5.98,8.189871782243223,0.0020032552452367,10.1101/2020.11.09.375162|CNR2_HUMAN|Recruitment |Transducer|HEK-293SL|Arrestin-3 (β-arrestin-2),2.209871782243223,0.002315371051156312,0.001157685525578156,0.04240253934829934
10.1101/2020.11.09.375162,CNR2_HUMAN,anandamide,Recruitment ,Transducer,HEK-293SL,Gi1,65.84158415841584,7.415,7.233,9.233500271520462,0.0005002715204627,10.1101/2020.11.09.375162|CNR2_HUMAN|Recruitment |Transducer|HEK-293SL|Gi1,2.0005002715204627,-0.005922602573914748,-0.002961301286957374,0.042392942911076224
10.1101/2020.11.09.375162,CNR2_HUMAN,anandamide,Recruitment ,Transducer,HEK-293SL,Gi2,73.96870554765292,7.173,6.935,9.042048018614976,0.000436848040958,10.1101/2020.11.09.375162|CNR2_HUMAN|Recruitment |Transducer|HEK-293SL|Gi2,2.107048018614976,0.0004538328663046265,0.00022691643315231325,0.042392791345400145
10.1101/2020.11.09.375162,CNR2_HUMAN,anandamide,Recruitment ,Transducer,HEK-293SL,Gi3,58.51063829787234,7.165,6.93,8.932234835894546,-0.0004821705142639,10.1101/2020.11.09.375162|CNR2_HUMAN|Recruitment |Transducer|HEK-293SL|Gi3,2.002234835894546,-0.0021769645786853253,-0.0010884822893426627,0.042392897562258794
10.1101/2020.11.09.375162,CNR2_HUMAN,anandamide,Recruitment ,Transducer,HEK-293SL,GoA,53.350515463917525,7.095,6.808,8.82213861986271,0.0008480549517231,10.1101/2020.11.09.375162|CNR2_HUMAN|Recruitment |Transducer|HEK-293SL|GoA,2.0141386198627096,0.00963374021553376,0.00481687010776688,0.04239413873252408
10.1101/2020.11.09.375162,CNR2_HUMAN,anandamide,Recruitment ,Transducer,HEK-293SL,GoB,70.72289156626506,7.563,7.343,9.41256000887154,7.914436899980615e-05,10.1101/2020.11.09.375162|CNR2_HUMAN|Recruitment |Transducer|HEK-293SL|GoB,2.069560008871541,-0.00011517773293512334,-5.758886646756167e-05,0.04239232067221272
10.1101/2020.11.09.375162,CNR2_HUMAN,Cannabinol,Recruitment ,Transducer,HEK-293SL,Arrestin-3 (β-arrestin-2),16.836734693877553,6.664,5.681,7.890257868521411,0.0013893415234251,10.1101/2020.11.09.375162|CNR2_HUMAN|Recruitment |Transducer|HEK-293SL|Arrestin-3 (β-arrestin-2),2.2092578685214113,0.001701457329344791,0.0008507286646723955,0.042397227274904914
10.1101/2020.11.09.375162,CNR2_HUMAN,Cannabinol,Recruitment ,Transducer,HEK-293SL,Gi1,40.5940594059406,7.82,7.43,9.428462482937093,-0.001537517062907,10.1101/2020.11.09.375162|CNR2_HUMAN|Recruitment |Transducer|HEK-293SL|Gi1,1.998462482937093,-0.00796039115728453,-0.003980195578642265,0.04239833334373056
10.1101/2020.11.09.375162,CNR2_HUMAN,Cannabinol,Recruitment ,Transducer,HEK-293SL,Gi2,43.66998577524893,7.506,7.039,9.146183050457363,0.0005718798833456,10.1101/2020.11.09.375162|CNR2_HUMAN|Recruitment |Transducer|HEK-293SL|Gi2,2.1071830504573636,0.0005888647086922383,0.00029443235434611914,0.04239313869514835
10.1101/2020.11.09.375162,CNR2_HUMAN,Cannabinol,Recruitment ,Transducer,HEK-293SL,Gi3,40.42553191489362,7.356,6.96,8.96265574301711,-6.126339169920669e-05,10.1101/2020.11.09.375162|CNR2_HUMAN|Recruitment |Transducer|HEK-293SL|Gi3,2.002655743017111,-0.0017560574561206188,-0.0008780287280603094,0.04239231426996055
10.1101/2020.11.09.375162,CNR2_HUMAN,Cannabinol,Recruitment ,Transducer,HEK-293SL,GoA,36.08247422680413,8.35,7.895,9.90729631008403,-0.0009942548269559,10.1101/2020.11.09.375162|CNR2_HUMAN|Recruitment |Transducer|HEK-293SL|GoA,2.0122963100840305,0.007791430436854707,0.0038957152184273536,0.042394825613147155
10.1101/2020.11.09.375162,CNR2_HUMAN,Cannabinol,Recruitment ,Transducer,HEK-293SL,GoB,40.72289156626507,7.662,7.202,9.27183860790158,0.0003577433990393,10.1101/2020.11.09.375162|CNR2_HUMAN|Recruitment |Transducer|HEK-293SL|GoB,2.0698386079015805,0.00016342129710444908,8.171064855222454e-05,0.042392631057729474
10.1101/2020.11.09.375162,CNR2_HUMAN,CP55940,Recruitment ,Transducer,HEK-293SL,Arrestin-2 (β-arrestin-1),125.92592592592592,9.393,9.268,11.493115152883268,-0.0009190808567023,10.1101/2020.11.09.375162|CNR2_HUMAN|Recruitment |Transducer|HEK-293SL|Arrestin-2 (β-arrestin-1),2.2251151528832676,-0.007407731128095563,-0.0037038655640477813,0.042394458811031765
10.1101/2020.11.09.375162,CNR2_HUMAN,CP55940,Recruitment ,Transducer,HEK-293SL,Arrestin-3 (β-arrestin-2),137.24489795918367,9.383,9.311,11.52049620864593,0.0016276816479443,10.1101/2020.11.09.375162|CNR2_HUMAN|Recruitment |Transducer|HEK-293SL|Arrestin-3 (β-arrestin-2),2.2094962086459304,0.0019397974538639673,0.0009698987269319836,0.04239906120706143
10.1101/2020.11.09.375162,CNR2_HUMAN,CP55940,Recruitment ,Transducer,HEK-293SL,Gi1,60.39603960396039,10.01,9.795,11.791008461228124,-0.003991538771876,10.1101/2020.11.09.375162|CNR2_HUMAN|Recruitment |Transducer|HEK-293SL|Gi1,1.996008461228124,-0.010414412866253553,-0.0052072064331267764,0.04243295183030573
10.1101/2020.11.09.375162,CNR2_HUMAN,CP55940,Recruitment ,Transducer,HEK-293SL,Gi2,91.03840682788052,9.972,9.824,11.931224648964063,0.0006134783900453,10.1101/2020.11.09.375162|CNR2_HUMAN|Recruitment |Transducer|HEK-293SL|Gi2,2.1072246489640634,0.000630463215391952,0.000315231607695976,0.042393264438908694
10.1101/2020.11.09.375162,CNR2_HUMAN,CP55940,Recruitment ,Transducer,HEK-293SL,Gi3,91.75531914893617,9.985,9.944,11.947631250145612,0.0009142437368012,10.1101/2020.11.09.375162|CNR2_HUMAN|Recruitment |Transducer|HEK-293SL|Gi3,2.0036312501456113,-0.0007805503276201442,-0.0003902751638100721,0.04239443619598535
10.1101/2020.11.09.375162,CNR2_HUMAN,CP55940,Recruitment ,Transducer,HEK-293SL,GoA,101.5463917525773,9.574,9.553,11.580664496231368,0.0143739313203803,10.1101/2020.11.09.375162|CNR2_HUMAN|Recruitment |Transducer|HEK-293SL|GoA,2.027664496231367,0.023159616584190967,0.011579808292095484,0.042922312534059905
10.1101/2020.11.09.375162,CNR2_HUMAN,CP55940,Recruitment ,Transducer,HEK-293SL,GoB,97.95180722891568,9.908,9.83,11.899012453217994,-0.0004684112845474,10.1101/2020.11.09.375162|CNR2_HUMAN|Recruitment |Transducer|HEK-293SL|GoB,2.0690124532179937,-0.0006627333864823726,-0.0003313666932411863,0.04239286420890243
10.1101/2020.11.09.375162,CNR2_HUMAN,FMP7234690,Recruitment ,Transducer,HEK-293SL,Arrestin-2 (β-arrestin-1),40.74074074074074,8.536,7.926,10.146028920999235,-0.0060053127407329,10.1101/2020.11.09.375162|CNR2_HUMAN|Recruitment |Transducer|HEK-293SL|Arrestin-2 (β-arrestin-1),2.220028920999235,-0.012493963012127907,-0.006246981506063953,0.04248436487748883
10.1101/2020.11.09.375162,CNR2_HUMAN,FMP7234690,Recruitment ,Transducer,HEK-293SL,Arrestin-3 (β-arrestin-2),47.95918367346939,8.042,7.518,9.722871782243224,-0.0029967447547631,10.1101/2020.11.09.375162|CNR2_HUMAN|Recruitment |Transducer|HEK-293SL|Arrestin-3 (β-arrestin-2),2.2048717822432247,-0.002684628948841805,-0.0013423144744209026,0.042415211366431345
10.1101/2020.11.09.375162,CNR2_HUMAN,FMP7234690,Recruitment ,Transducer,HEK-293SL,Gi1,54.950495049504944,7.991,7.731,9.730971609340031,-2.839065996695922e-05,10.1101/2020.11.09.375162|CNR2_HUMAN|Recruitment |Transducer|HEK-293SL|Gi1,1.9999716093400313,-0.006451264754346209,-0.0032256323771731044,0.042392306754492015
10.1101/2020.11.09.375162,CNR2_HUMAN,FMP7234690,Recruitment ,Transducer,HEK-293SL,Gi2,62.30440967283072,8.358,8.046,10.152518785484276,-9.238508974185322e-05,10.1101/2020.11.09.375162|CNR2_HUMAN|Recruitment |Transducer|HEK-293SL|Gi2,2.106518785484276,-7.540026439523118e-05,-3.770013219761559e-05,0.0423923264638428
10.1101/2020.11.09.375162,CNR2_HUMAN,FMP7234690,Recruitment ,Transducer,HEK-293SL,Gi3,68.88297872340426,7.571,7.406,9.40911191915359,0.0003949127447802,10.1101/2020.11.09.375162|CNR2_HUMAN|Recruitment |Transducer|HEK-293SL|Gi3,2.00311191915359,-0.0012998813196412051,-0.0006499406598206026,0.042392702398099724
10.1101/2020.11.09.375162,CNR2_HUMAN,FMP7234690,Recruitment ,Transducer,HEK-293SL,GoA,61.855670103092784,7.302,7.081,9.093379516117398,-0.0009110487935886,10.1101/2020.11.09.375162|CNR2_HUMAN|Recruitment |Transducer|HEK-293SL|GoA,2.012379516117398,0.007874636470222018,0.003937318235111009,0.042394421324076906
10.1101/2020.11.09.375162,CNR2_HUMAN,FMP7234690,Recruitment ,Transducer,HEK-293SL,GoB,73.01204819277109,8.018,7.811,9.881394531790214,0.0009136672876728,10.1101/2020.11.09.375162|CNR2_HUMAN|Recruitment |Transducer|HEK-293SL|GoB,2.070394531790214,0.0007193451857379074,0.0003596725928689537,0.042394433508864585
10.1101/2020.11.09.375162,CNR2_HUMAN,FMP7234691,Recruitment ,Transducer,HEK-293SL,Arrestin-2 (β-arrestin-1),56.79012345679012,8.981,8.507,10.735272812802924,0.0022385790629542,10.1101/2020.11.09.375162|CNR2_HUMAN|Recruitment |Transducer|HEK-293SL|Arrestin-2 (β-arrestin-1),2.228272812802924,-0.00425007120843901,-0.002125035604219505,0.04240508548976513
10.1101/2020.11.09.375162,CNR2_HUMAN,FMP7234691,Recruitment ,Transducer,HEK-293SL,Arrestin-3 (β-arrestin-2),79.59183673469387,8.224,7.917,10.124868526997986,0.0,10.1101/2020.11.09.375162|CNR2_HUMAN|Recruitment |Transducer|HEK-293SL|Arrestin-3 (β-arrestin-2),2.207868526997986,0.0003121158059196105,0.00015605790295980526,0.04239230469906874
10.1101/2020.11.09.375162,CNR2_HUMAN,FMP7234691,Recruitment ,Transducer,HEK-293SL,Gi1,67.07920792079207,8.148,7.974,9.9745879257638,0.0005879257637992,10.1101/2020.11.09.375162|CNR2_HUMAN|Recruitment |Transducer|HEK-293SL|Gi1,2.0005879257637993,-0.005834948330578182,-0.002917474165289091,0.042393186152932416
10.1101/2020.11.09.375162,CNR2_HUMAN,FMP7234691,Recruitment ,Transducer,HEK-293SL,Gi2,79.80085348506402,8.416,8.212,10.31800753623634,-0.0006036343376791,10.1101/2020.11.09.375162|CNR2_HUMAN|Recruitment |Transducer|HEK-293SL|Gi2,2.1060075362363406,-0.0005866495123307836,-0.0002933247561653918,0.04239323388517752
10.1101/2020.11.09.375162,CNR2_HUMAN,FMP7234691,Recruitment ,Transducer,HEK-293SL,Gi3,66.22340425531914,8.173,7.991,9.994011502168076,0.0002944957592649,10.1101/2020.11.09.375162|CNR2_HUMAN|Recruitment |Transducer|HEK-293SL|Gi3,2.0030115021680768,-0.0014002983051546458,-0.0007001491525773229,0.04239252586053464
10.1101/2020.11.09.375162,CNR2_HUMAN,FMP7234691,Recruitment ,Transducer,HEK-293SL,GoA,79.63917525773195,7.954,7.842,9.855126753830628,-0.0001638110803594,10.1101/2020.11.09.375162|CNR2_HUMAN|Recruitment |Transducer|HEK-293SL|GoA,2.013126753830629,0.008621874183452949,0.0043109370917264744,0.042392373127592455
10.1101/2020.11.09.375162,CNR2_HUMAN,FMP7234691,Recruitment ,Transducer,HEK-293SL,GoB,80.60240963855422,7.997,7.833,9.903348025391749,0.0008671608892072,10.1101/2020.11.09.375162|CNR2_HUMAN|Recruitment |Transducer|HEK-293SL|GoB,2.0703480253917483,0.0006728387872723118,0.0003364193936361559,0.04239422230355965
10.1101/2020.11.09.375162,CNR2_HUMAN,FMP7234694,Recruitment ,Transducer,HEK-293SL,Arrestin-2 (β-arrestin-1),39.50617283950617,8.12,7.486,9.716664959441257,0.0046307257012854,10.1101/2020.11.09.375162|CNR2_HUMAN|Recruitment |Transducer|HEK-293SL|Arrestin-2 (β-arrestin-1),2.230664959441257,-0.0018579245701060287,-0.0009289622850530144,0.04244702092299522
10.1101/2020.11.09.375162,CNR2_HUMAN,FMP7234694,Recruitment ,Transducer,HEK-293SL,Arrestin-3 (β-arrestin-2),82.14285714285715,8.109,7.815,10.023569804675374,0.0007012776773871,10.1101/2020.11.09.375162|CNR2_HUMAN|Recruitment |Transducer|HEK-293SL|Arrestin-3 (β-arrestin-2),2.2085698046753732,0.001013393483306757,0.0005066967416533785,0.04239355881145119
10.1101/2020.11.09.375162,CNR2_HUMAN,FMP7234694,Recruitment ,Transducer,HEK-293SL,Gi1,62.12871287128713,7.846,7.639,9.639292356370431,0.0002923563704326,10.1101/2020.11.09.375162|CNR2_HUMAN|Recruitment |Transducer|HEK-293SL|Gi1,2.000292356370431,-0.006130517723946571,-0.0030652588619732857,0.0423925226589068
10.1101/2020.11.09.375162,CNR2_HUMAN,FMP7234694,Recruitment ,Transducer,HEK-293SL,Gi2,83.21479374110953,8.21,8.024,10.130200541062358,-0.0004106295116592,10.1101/2020.11.09.375162|CNR2_HUMAN|Recruitment |Transducer|HEK-293SL|Gi2,2.1062005410623588,-0.00039364468631264415,-0.00019682234315632208,0.04239273468347783
10.1101/2020.11.09.375162,CNR2_HUMAN,FMP7234694,Recruitment ,Transducer,HEK-293SL,Gi3,71.01063829787235,7.982,7.832,9.833323416436915,-0.0013935899718946,10.1101/2020.11.09.375162|CNR2_HUMAN|Recruitment |Transducer|HEK-293SL|Gi3,2.0013234164369154,-0.003088384036316061,-0.0015441920181580304,0.042397257427972394
10.1101/2020.11.09.375162,CNR2_HUMAN,FMP7234694,Recruitment ,Transducer,HEK-293SL,GoA,81.44329896907216,8.199,8.097,10.109855357024196,-0.0004352078867895,10.1101/2020.11.09.375162|CNR2_HUMAN|Recruitment |Transducer|HEK-293SL|GoA,2.012855357024197,0.008350477377021104,0.004175238688510552,0.042392787697994684
10.1101/2020.11.09.375162,CNR2_HUMAN,FMP7234694,Recruitment ,Transducer,HEK-293SL,GoB,72.40963855421687,8.243,8.033,10.102796379626666,0.0003155151241251,10.1101/2020.11.09.375162|CNR2_HUMAN|Recruitment |Transducer|HEK-293SL|GoB,2.0697963796266663,0.00012119302219026906,6.059651109513453e-05,0.04239255855767594
10.1101/2020.11.09.375162,CNR2_HUMAN,FMP7234698,Recruitment ,Transducer,HEK-293SL,Arrestin-2 (β-arrestin-1),82.71604938271605,8.851,8.544,10.768589783822176,-0.001444449917793,10.1101/2020.11.09.375162|CNR2_HUMAN|Recruitment |Transducer|HEK-293SL|Arrestin-2 (β-arrestin-1),2.224589783822175,-0.007933100189188025,-0.003966550094594012,0.042397625552680264
10.1101/2020.11.09.375162,CNR2_HUMAN,FMP7234698,Recruitment ,Transducer,HEK-293SL,Arrestin-3 (β-arrestin-2),95.91836734693878,7.858,7.632,9.839901777907205,3.32509092171307e-05,10.1101/2020.11.09.375162|CNR2_HUMAN|Recruitment |Transducer|HEK-293SL|Arrestin-3 (β-arrestin-2),2.207901777907205,0.0003453667151385176,0.0001726833575692588,0.042392307518472984
10.1101/2020.11.09.375162,CNR2_HUMAN,FMP7234698,Recruitment ,Transducer,HEK-293SL,Gi1,63.86138613861386,7.781,7.587,9.586238340852624,-0.0007616591473755,10.1101/2020.11.09.375162|CNR2_HUMAN|Recruitment |Transducer|HEK-293SL|Gi1,1.9992383408526244,-0.007184533241753055,-0.0035922666208765275,0.0423937840760375
10.1101/2020.11.09.375162,CNR2_HUMAN,FMP7234698,Recruitment ,Transducer,HEK-293SL,Gi2,73.82645803698435,8.041,7.803,9.909212032828634,-0.0003991377453838,10.1101/2020.11.09.375162|CNR2_HUMAN|Recruitment |Transducer|HEK-293SL|Gi2,2.1062120328286342,-0.00038215292003718204,-0.00019107646001859102,0.042392710953279004
10.1101/2020.11.09.375162,CNR2_HUMAN,FMP7234698,Recruitment ,Transducer,HEK-293SL,Gi3,65.69148936170212,8.165,7.98,9.982509108332003,-0.0002078980768072,10.1101/2020.11.09.375162|CNR2_HUMAN|Recruitment |Transducer|HEK-293SL|Gi3,2.002509108332003,-0.0019026921412286235,-0.0009513460706143118,0.04239241491687677
10.1101/2020.11.09.375162,CNR2_HUMAN,FMP7234698,Recruitment ,Transducer,HEK-293SL,GoA,91.23711340206184,8.429,8.376,10.38917153643158,-0.0001190284794048,10.1101/2020.11.09.375162|CNR2_HUMAN|Recruitment |Transducer|HEK-293SL|GoA,2.01317153643158,0.008666656784404037,0.004333328392202018,0.042392340827760375
10.1101/2020.11.09.375162,CNR2_HUMAN,FMP7234698,Recruitment ,Transducer,HEK-293SL,GoB,72.28915662650603,8.449,8.239,10.30807315800757,-0.0004077064949719,10.1101/2020.11.09.375162|CNR2_HUMAN|Recruitment |Transducer|HEK-293SL|GoB,2.069073158007569,-0.000602028596906834,-0.000301014298453417,0.04239272858365218
10.1101/2020.11.09.375162,CNR2_HUMAN,FMP7234699,Recruitment ,Transducer,HEK-293SL,Arrestin-2 (β-arrestin-1),88.88888888888887,8.094,7.818,10.042847477552618,-0.0011867561873515,10.1101/2020.11.09.375162|CNR2_HUMAN|Recruitment |Transducer|HEK-293SL|Arrestin-2 (β-arrestin-1),2.2248474775526184,-0.00767540645874476,-0.00383770322937238,0.0423958963231783
10.1101/2020.11.09.375162,CNR2_HUMAN,FMP7234699,Recruitment ,Transducer,HEK-293SL,Arrestin-3 (β-arrestin-2),73.46938775510203,8.058,7.717,9.924106420738774,-0.000762106259212,10.1101/2020.11.09.375162|CNR2_HUMAN|Recruitment |Transducer|HEK-293SL|Arrestin-3 (β-arrestin-2),2.207106420738774,-0.0004499904532924148,-0.0002249952266462074,0.04239378581343446
10.1101/2020.11.09.375162,CNR2_HUMAN,FMP7234699,Recruitment ,Transducer,HEK-293SL,Gi1,54.950495049504944,7.933,7.672,9.672971609340031,0.0009716093400333,10.1101/2020.11.09.375162|CNR2_HUMAN|Recruitment |Transducer|HEK-293SL|Gi1,2.0009716093400316,-0.005451264754345875,-0.0027256323771729374,0.042394712083423054
10.1101/2020.11.09.375162,CNR2_HUMAN,FMP7234699,Recruitment ,Transducer,HEK-293SL,Gi2,83.92603129445236,7.96,7.777,9.88389668662232,0.0002855160483017,10.1101/2020.11.09.375162|CNR2_HUMAN|Recruitment |Transducer|HEK-293SL|Gi2,2.1068966866223198,0.0003025008736483592,0.0001512504368241796,0.04239251257889844
10.1101/2020.11.09.375162,CNR2_HUMAN,FMP7234699,Recruitment ,Transducer,HEK-293SL,Gi3,59.57446808510639,7.886,7.658,9.661060173406502,0.0003431669976921,10.1101/2020.11.09.375162|CNR2_HUMAN|Recruitment |Transducer|HEK-293SL|Gi3,2.003060173406502,-0.0013516270667293107,-0.0006758135333646553,0.042392605004223496
10.1101/2020.11.09.375162,CNR2_HUMAN,FMP7234699,Recruitment ,Transducer,HEK-293SL,GoA,86.85567010309279,8.33,8.256,10.268798175277132,-0.0004923896338548,10.1101/2020.11.09.375162|CNR2_HUMAN|Recruitment |Transducer|HEK-293SL|GoA,2.0127981752771316,0.008293295629955733,0.004146647814977866,0.04239292295902058
10.1101/2020.11.09.375162,CNR2_HUMAN,FMP7234699,Recruitment ,Transducer,HEK-293SL,GoB,80.84337349397592,7.866,7.704,9.773644427792918,0.0001635632903775,10.1101/2020.11.09.375162|CNR2_HUMAN|Recruitment |Transducer|HEK-293SL|GoB,2.0696444277929187,-3.075881155734095e-05,-1.5379405778670474e-05,0.0423923729207311
10.1101/2020.11.09.375162,CNR2_HUMAN,HU210,Recruitment ,Transducer,HEK-293SL,Arrestin-2 (β-arrestin-1),104.93827160493828,9.309,9.103,11.329933906835642,0.000899673095672,10.1101/2020.11.09.375162|CNR2_HUMAN|Recruitment |Transducer|HEK-293SL|Arrestin-2 (β-arrestin-1),2.226933906835642,-0.005588977175721155,-0.0027944885878605774,0.0423943687949049
10.1101/2020.11.09.375162,CNR2_HUMAN,HU210,Recruitment ,Transducer,HEK-293SL,Arrestin-3 (β-arrestin-2),77.55102040816325,9.361,9.043,11.250587516588295,-0.0002810104096884,10.1101/2020.11.09.375162|CNR2_HUMAN|Recruitment |Transducer|HEK-293SL|Arrestin-3 (β-arrestin-2),2.207587516588296,3.1105396229413884e-05,1.5552698114706942e-05,0.042392506069680064
10.1101/2020.11.09.375162,CNR2_HUMAN,HU210,Recruitment ,Transducer,HEK-293SL,Gi1,79.45544554455445,9.414,9.314,11.314123667294266,0.0001236672942663,10.1101/2020.11.09.375162|CNR2_HUMAN|Recruitment |Transducer|HEK-293SL|Gi1,2.0001236672942664,-0.00629920680011109,-0.003149603400055545,0.042392343698672556
10.1101/2020.11.09.375162,CNR2_HUMAN,HU210,Recruitment ,Transducer,HEK-293SL,Gi2,95.30583214793742,9.594,9.467,11.573119477681002,-0.000491692893016,10.1101/2020.11.09.375162|CNR2_HUMAN|Recruitment |Transducer|HEK-293SL|Gi2,2.106119477681002,-0.0004747080676694715,-0.00023735403383473574,0.04239292121054683
10.1101/2020.11.09.375162,CNR2_HUMAN,HU210,Recruitment ,Transducer,HEK-293SL,Gi3,86.96808510638299,9.273,9.21,11.212359907732624,-0.0003570986761864,10.1101/2020.11.09.375162|CNR2_HUMAN|Recruitment |Transducer|HEK-293SL|Gi3,2.0023599077326235,-0.002051892740607908,-0.001025946370303954,0.04239262988246219
10.1101/2020.11.09.375162,CNR2_HUMAN,HU210,Recruitment ,Transducer,HEK-293SL,GoA,89.43298969072164,9.138,9.076,11.089497749196669,0.0002071842856801,10.1101/2020.11.09.375162|CNR2_HUMAN|Recruitment |Transducer|HEK-293SL|GoA,2.0134977491966684,0.008992869549492521,0.004496434774746261,0.04239241416133795
10.1101/2020.11.09.375162,CNR2_HUMAN,HU210,Recruitment ,Transducer,HEK-293SL,GoB,86.26506024096385,9.591,9.457,11.52683492993178,0.0003540654292386,10.1101/2020.11.09.375162|CNR2_HUMAN|Recruitment |Transducer|HEK-293SL|GoB,2.0698349299317798,0.00015974332730372964,7.987166365186482e-05,0.0423926243815965
10.1101/2020.11.09.375162,CNR2_HUMAN,HU308,Recruitment ,Transducer,HEK-293SL,Arrestin-2 (β-arrestin-1),81.48148148148148,7.56,7.242,9.47105891666322,0.0030246829232494,10.1101/2020.11.09.375162|CNR2_HUMAN|Recruitment |Transducer|HEK-293SL|Arrestin-2 (β-arrestin-1),2.2290589166632193,-0.003463967348143804,-0.001731983674071902,0.042415640580562436
10.1101/2020.11.09.375162,CNR2_HUMAN,HU308,Recruitment ,Transducer,HEK-293SL,Arrestin-3 (β-arrestin-2),98.9795918367347,7.613,7.4,9.60854565857375,0.0006771315757632,10.1101/2020.11.09.375162|CNR2_HUMAN|Recruitment |Transducer|HEK-293SL|Arrestin-3 (β-arrestin-2),2.2085456585737493,0.0009892473816828229,0.0004946236908414114,0.04239347393497242
10.1101/2020.11.09.375162,CNR2_HUMAN,HU308,Recruitment ,Transducer,HEK-293SL,Gi1,92.07920792079209,8.167,8.131,10.131161574771292,0.0001615747712921,10.1101/2020.11.09.375162|CNR2_HUMAN|Recruitment |Transducer|HEK-293SL|Gi1,2.000161574771292,-0.006261299323085279,-0.0031306496615426394,0.04239237127200496
10.1101/2020.11.09.375162,CNR2_HUMAN,HU308,Recruitment ,Transducer,HEK-293SL,Gi2,127.88051209103844,8.008,8.008,10.114804366713404,0.0001931961393868,10.1101/2020.11.09.375162|CNR2_HUMAN|Recruitment |Transducer|HEK-293SL|Gi2,2.106804366713405,0.00021018096473346404,0.00010509048236673202,0.042392399879493774
10.1101/2020.11.09.375162,CNR2_HUMAN,HU308,Recruitment ,Transducer,HEK-293SL,Gi3,114.62765957446808,7.793,7.912,9.85228942523307,-0.0624275811757391,10.1101/2020.11.09.375162|CNR2_HUMAN|Recruitment |Transducer|HEK-293SL|Gi3,1.940289425233071,-0.06412237524016051,-0.032061187620080256,0.053521661580951875
10.1101/2020.11.09.375162,CNR2_HUMAN,HU308,Recruitment ,Transducer,HEK-293SL,GoA,150.25773195876286,7.49,7.784,9.666836829164808,-0.1304537357461783,10.1101/2020.11.09.375162|CNR2_HUMAN|Recruitment |Transducer|HEK-293SL|GoA,1.882836829164808,-0.12166805048236773,-0.060834025241183864,0.11420966610885523
10.1101/2020.11.09.375162,CNR2_HUMAN,HU308,Recruitment ,Transducer,HEK-293SL,GoB,117.34939759036143,7.914,7.914,9.98348086450254,0.0,10.1101/2020.11.09.375162|CNR2_HUMAN|Recruitment |Transducer|HEK-293SL|GoB,2.069480864502541,-0.0001943221019349295,-9.716105096746475e-05,0.04239230469906874
10.1101/2020.11.09.375162,CNR2_HUMAN,JWH133,Recruitment ,Transducer,HEK-293SL,Arrestin-2 (β-arrestin-1),124.69135802469135,8.237,8.107,10.332836354903993,-0.0001978788359764,10.1101/2020.11.09.375162|CNR2_HUMAN|Recruitment |Transducer|HEK-293SL|Arrestin-2 (β-arrestin-1),2.2258363549039935,-0.006686529107369665,-0.0033432645536848327,0.04239240454939061
10.1101/2020.11.09.375162,CNR2_HUMAN,JWH133,Recruitment ,Transducer,HEK-293SL,Arrestin-3 (β-arrestin-2),116.83673469387756,7.973,7.835,10.040579410983412,-0.0022891160145741,10.1101/2020.11.09.375162|CNR2_HUMAN|Recruitment |Transducer|HEK-293SL|Arrestin-3 (β-arrestin-2),2.205579410983412,-0.0019770002086545446,-0.0009885001043272723,0.0424056691558716
10.1101/2020.11.09.375162,CNR2_HUMAN,JWH133,Recruitment ,Transducer,HEK-293SL,Gi1,72.77227722772277,8.791,8.653,10.652965965301552,-3.403469844798224e-05,10.1101/2020.11.09.375162|CNR2_HUMAN|Recruitment |Transducer|HEK-293SL|Gi1,1.999965965301552,-0.006456908792825455,-0.0032284543964127277,0.042392307652957345
10.1101/2020.11.09.375162,CNR2_HUMAN,JWH133,Recruitment ,Transducer,HEK-293SL,Gi2,98.4352773826458,7.811,7.697,9.804150769436934,0.0005395988629155,10.1101/2020.11.09.375162|CNR2_HUMAN|Recruitment |Transducer|HEK-293SL|Gi2,2.1071507694369336,0.0005565836882621689,0.00027829184413108443,0.04239304719823964
10.1101/2020.11.09.375162,CNR2_HUMAN,JWH133,Recruitment ,Transducer,HEK-293SL,Gi3,95.2127659574468,8.298,8.274,10.276695181716214,-2.1824692595373563e-05,10.1101/2020.11.09.375162|CNR2_HUMAN|Recruitment |Transducer|HEK-293SL|Gi3,2.0026951817162146,-0.0017166187570167857,-0.0008583093785083928,0.042392305913705894
10.1101/2020.11.09.375162,CNR2_HUMAN,JWH133,Recruitment ,Transducer,HEK-293SL,GoA,107.21649484536084,7.979,8.032,10.009261605032536,-0.0360289598784517,10.1101/2020.11.09.375162|CNR2_HUMAN|Recruitment |Transducer|HEK-293SL|GoA,1.9772616050325365,-0.02724327461463938,-0.01362163730731969,0.045828827570999306
10.1101/2020.11.09.375162,CNR2_HUMAN,JWH133,Recruitment ,Transducer,HEK-293SL,GoB,103.855421686747,8.535,8.481,10.55142917344864,0.0009483089460982,10.1101/2020.11.09.375162|CNR2_HUMAN|Recruitment |Transducer|HEK-293SL|GoB,2.0704291734486393,0.0007539868441632791,0.00037699342208163955,0.04239459800085022
10.1101/2020.11.09.375162,CNR2_HUMAN,Nabilone,Recruitment ,Transducer,HEK-293SL,Arrestin-2 (β-arrestin-1),107.4074074074074,8.64,8.445,10.67103423373997,0.0,10.1101/2020.11.09.375162|CNR2_HUMAN|Recruitment |Transducer|HEK-293SL|Arrestin-2 (β-arrestin-1),2.22603423373997,-0.006488650271393226,-0.003244325135696613,0.04239230469906874
10.1101/2020.11.09.375162,CNR2_HUMAN,Nabilone,Recruitment ,Transducer,HEK-293SL,Arrestin-3 (β-arrestin-2),98.46938775510203,8.658,8.444,10.651301237651298,-0.000567289346689,10.1101/2020.11.09.375162|CNR2_HUMAN|Recruitment |Transducer|HEK-293SL|Arrestin-3 (β-arrestin-2),2.207301237651297,-0.00025517354076942667,-0.00012758677038471333,0.04239312535962414
10.1101/2020.11.09.375162,CNR2_HUMAN,Nabilone,Recruitment ,Transducer,HEK-293SL,Gi1,78.96039603960396,8.885,8.782,10.782409317946575,0.0004093179465751,10.1101/2020.11.09.375162|CNR2_HUMAN|Recruitment |Transducer|HEK-293SL|Gi1,2.000409317946575,-0.006013556147802301,-0.0030067780739011507,0.042392731941080654
10.1101/2020.11.09.375162,CNR2_HUMAN,Nabilone,Recruitment ,Transducer,HEK-293SL,Gi2,72.68847795163585,9.165,8.92,11.026465575114887,-0.0001455954591307,10.1101/2020.11.09.375162|CNR2_HUMAN|Recruitment |Transducer|HEK-293SL|Gi2,2.1064655751148873,-0.00012861063378410975,-6.430531689205488e-05,0.04239235875535573
10.1101/2020.11.09.375162,CNR2_HUMAN,Nabilone,Recruitment ,Transducer,HEK-293SL,Gi3,85.63829787234043,8.977,8.907,10.90966802676817,-4.8979640640212097e-05,10.1101/2020.11.09.375162|CNR2_HUMAN|Recruitment |Transducer|HEK-293SL|Gi3,2.00266802676817,-0.0017437737050616242,-0.0008718868525308121,0.042392310816674765
10.1101/2020.11.09.375162,CNR2_HUMAN,Nabilone,Recruitment ,Transducer,HEK-293SL,GoA,102.0618556701031,8.297,8.283,10.305863460331306,0.00957289542032,10.1101/2020.11.09.375162|CNR2_HUMAN|Recruitment |Transducer|HEK-293SL|GoA,2.0228634603313065,0.018358580684130654,0.009179290342065327,0.042626609538582064
10.1101/2020.11.09.375162,CNR2_HUMAN,Nabilone,Recruitment ,Transducer,HEK-293SL,GoB,91.44578313253014,8.737,8.629,10.698163683519407,-0.0003171809831332,10.1101/2020.11.09.375162|CNR2_HUMAN|Recruitment |Transducer|HEK-293SL|GoB,2.069163683519408,-0.000511503085068199,-0.0002557515425340995,0.042392561245409334
10.1101/2020.11.09.375162,CNR2_HUMAN,RO5135445,Recruitment ,Transducer,HEK-293SL,Arrestin-2 (β-arrestin-1),45.679012345679006,8.438,7.866,10.097716705188343,0.0056824714483756,10.1101/2020.11.09.375162|CNR2_HUMAN|Recruitment |Transducer|HEK-293SL|Arrestin-2 (β-arrestin-1),2.2317167051883438,-0.0008061788230193656,-0.0004030894115096828,0.042474723817156494
10.1101/2020.11.09.375162,CNR2_HUMAN,RO5135445,Recruitment ,Transducer,HEK-293SL,Arrestin-3 (β-arrestin-2),20.918367346938776,9.551,8.667,10.87152778536326,-0.0033407416347266,10.1101/2020.11.09.375162|CNR2_HUMAN|Recruitment |Transducer|HEK-293SL|Arrestin-3 (β-arrestin-2),2.2045277853632594,-0.00302862582880703,-0.001514312914403515,0.04242077390792037
10.1101/2020.11.09.375162,CNR2_HUMAN,RO5135445,Recruitment ,Transducer,HEK-293SL,Gi1,45.04950495049504,8.748,8.401,10.401690022874469,0.000690022874469,10.1101/2020.11.09.375162|CNR2_HUMAN|Recruitment |Transducer|HEK-293SL|Gi1,2.000690022874469,-0.005732851219908408,-0.002866425609954204,0.042393518879436515
10.1101/2020.11.09.375162,CNR2_HUMAN,RO5135445,Recruitment ,Transducer,HEK-293SL,Gi2,49.07539118065434,9.121,8.705,10.811863770053453,0.0002525994794329,10.1101/2020.11.09.375162|CNR2_HUMAN|Recruitment |Transducer|HEK-293SL|Gi2,2.1068637700534527,0.0002695843047813007,0.00013479215239065034,0.04239246740972078
10.1101/2020.11.09.375162,CNR2_HUMAN,RO5135445,Recruitment ,Transducer,HEK-293SL,Gi3,31.648936170212764,8.563,7.951,10.06335911646487,0.1096421100560602,10.1101/2020.11.09.375162|CNR2_HUMAN|Recruitment |Transducer|HEK-293SL|Gi3,2.1123591164648703,0.10794731599163887,0.053973657995819435,0.08609099030505096
10.1101/2020.11.09.375162,CNR2_HUMAN,RO5135445,Recruitment ,Transducer,HEK-293SL,GoA,39.43298969072165,8.718,8.301,10.313859705223392,-0.000430859687595,10.1101/2020.11.09.375162|CNR2_HUMAN|Recruitment |Transducer|HEK-293SL|GoA,2.0128597052233914,0.008354825576215585,0.004177412788107793,0.04239277809479016
10.1101/2020.11.09.375162,CNR2_HUMAN,RO5135445,Recruitment ,Transducer,HEK-293SL,GoB,56.62650602409639,8.504,8.188,10.257019765559644,-0.0004610989428979,10.1101/2020.11.09.375162|CNR2_HUMAN|Recruitment |Transducer|HEK-293SL|GoB,2.069019765559643,-0.000655421044832849,-0.0003277105224164245,0.04239284687619817
10.1101/2020.11.09.375162,CNR2_HUMAN,RO6435559,Recruitment ,Transducer,HEK-293SL,Arrestin-2 (β-arrestin-1),34.567901234567906,8.518,7.832,10.05667301246357,-0.0013612212764,10.1101/2020.11.09.375162|CNR2_HUMAN|Recruitment |Transducer|HEK-293SL|Arrestin-2 (β-arrestin-1),2.22467301246357,-0.007849871547793263,-0.003924935773896632,0.04239703001527588
10.1101/2020.11.09.375162,CNR2_HUMAN,RO6435559,Recruitment ,Transducer,HEK-293SL,Arrestin-3 (β-arrestin-2),12.244897959183673,8.131,7.013,9.21895517035513,-0.0019133566428557,10.1101/2020.11.09.375162|CNR2_HUMAN|Recruitment |Transducer|HEK-293SL|Arrestin-3 (β-arrestin-2),2.2059551703551303,-0.0016012408369361353,-0.0008006204184680676,0.04240164127958999
10.1101/2020.11.09.375162,CNR2_HUMAN,RO6435559,Recruitment ,Transducer,HEK-293SL,Gi1,50.00000000000001,7.984,7.683,9.68297000433602,-2.999566398109721e-05,10.1101/2020.11.09.375162|CNR2_HUMAN|Recruitment |Transducer|HEK-293SL|Gi1,1.9999700043360207,-0.006452869758356794,-0.003226434879178397,0.04239230699345883
10.1101/2020.11.09.375162,CNR2_HUMAN,RO6435559,Recruitment ,Transducer,HEK-293SL,Gi2,51.06685633001423,8.154,7.755,9.862139123558496,0.0005279529844779,10.1101/2020.11.09.375162|CNR2_HUMAN|Recruitment |Transducer|HEK-293SL|Gi2,2.107139123558496,0.0005449378098245639,0.00027246890491228193,0.04239301549390597
10.1101/2020.11.09.375162,CNR2_HUMAN,RO6435559,Recruitment ,Transducer,HEK-293SL,Gi3,33.244680851063826,7.941,7.462,9.462722168080395,-0.0019948383284145,10.1101/2020.11.09.375162|CNR2_HUMAN|Recruitment |Transducer|HEK-293SL|Gi3,2.0007221680803955,-0.0036896323928359287,-0.0018448161964179643,0.04240245351495145
10.1101/2020.11.09.375162,CNR2_HUMAN,RO6435559,Recruitment ,Transducer,HEK-293SL,GoA,55.92783505154639,7.998,7.732,9.745628008254322,0.0003374433433349,10.1101/2020.11.09.375162|CNR2_HUMAN|Recruitment |Transducer|HEK-293SL|GoA,2.0136280082543214,0.009123128607145592,0.004561564303572796,0.04239259507020141
10.1101/2020.11.09.375162,CNR2_HUMAN,RO6435559,Recruitment ,Transducer,HEK-293SL,GoB,50.0,7.794,7.424,9.49297000433602,-0.0005108601665222,10.1101/2020.11.09.375162|CNR2_HUMAN|Recruitment |Transducer|HEK-293SL|GoB,2.068970004336019,-0.0007051822684571718,-0.0003525911342285859,0.04239297021372744
10.1101/2020.11.09.375162,CNR2_HUMAN,RO6843766,Recruitment ,Transducer,HEK-293SL,Arrestin-2 (β-arrestin-1),34.567901234567906,9.967,9.277,11.50567301246357,0.0026387787236004,10.1101/2020.11.09.375162|CNR2_HUMAN|Recruitment |Transducer|HEK-293SL|Arrestin-2 (β-arrestin-1),2.2286730124635703,-0.003849871547792816,-0.001924935773896408,0.04241006470733525
10.1101/2020.11.09.375162,CNR2_HUMAN,RO6843766,Recruitment ,Transducer,HEK-293SL,Arrestin-3 (β-arrestin-2),34.693877551020414,9.557,8.892,11.09725284134976,-0.0026156856482248,10.1101/2020.11.09.375162|CNR2_HUMAN|Recruitment |Transducer|HEK-293SL|Arrestin-3 (β-arrestin-2),2.205252841349761,-0.0023035698423052864,-0.0011517849211526432,0.042409755155880836
10.1101/2020.11.09.375162,CNR2_HUMAN,RO6843766,Recruitment ,Transducer,HEK-293SL,Gi1,55.94059405940594,9.341,9.089,11.088727074036797,-0.0002729259632054,10.1101/2020.11.09.375162|CNR2_HUMAN|Recruitment |Transducer|HEK-293SL|Gi1,1.9997270740367963,-0.006695800057581192,-0.003347900028790596,0.0423924946497781
10.1101/2020.11.09.375162,CNR2_HUMAN,RO6843766,Recruitment ,Transducer,HEK-293SL,Gi2,60.02844950213371,9.096,8.768,10.87435712594185,-0.0002540446321681,10.1101/2020.11.09.375162|CNR2_HUMAN|Recruitment |Transducer|HEK-293SL|Gi2,2.10635712594185,-0.00023705980682153793,-0.00011852990341076897,0.04239246927682533
10.1101/2020.11.09.375162,CNR2_HUMAN,RO6843766,Recruitment ,Transducer,HEK-293SL,Gi3,56.64893617021277,9.127,8.877,10.880191758511078,0.0004747521022672,10.1101/2020.11.09.375162|CNR2_HUMAN|Recruitment |Transducer|HEK-293SL|Gi3,2.0031917585110772,-0.0012200419621541947,-0.0006100209810770973,0.04239287945954145
10.1101/2020.11.09.375162,CNR2_HUMAN,RO6843766,Recruitment ,Transducer,HEK-293SL,GoA,45.618556701030926,9.11,8.756,10.7691415407676,-0.0001490241433876,10.1101/2020.11.09.375162|CNR2_HUMAN|Recruitment |Transducer|HEK-293SL|GoA,2.0131415407676005,0.008636661120424716,0.004318330560212358,0.042392361331320745
10.1101/2020.11.09.375162,CNR2_HUMAN,RO6843766,Recruitment ,Transducer,HEK-293SL,GoB,60.72289156626506,9.314,9.028,11.097352444069452,-0.0001284204330893,10.1101/2020.11.09.375162|CNR2_HUMAN|Recruitment |Transducer|HEK-293SL|GoB,2.0693524440694517,-0.0003227425350242896,-0.0001613712675121448,0.042392346754176746
10.1101/2020.11.09.375162,CNR2_HUMAN,RO6844112,Recruitment ,Transducer,HEK-293SL,Arrestin-2 (β-arrestin-1),69.13580246913581,7.714,7.325,9.55370300812755,0.0026687743875806,10.1101/2020.11.09.375162|CNR2_HUMAN|Recruitment |Transducer|HEK-293SL|Arrestin-2 (β-arrestin-1),2.2287030081275505,-0.003819875883812607,-0.0019099379419063034,0.042410470850318856
10.1101/2020.11.09.375162,CNR2_HUMAN,RO6844112,Recruitment ,Transducer,HEK-293SL,Arrestin-3 (β-arrestin-2),45.91836734693877,8.242,7.696,9.90398643808285,0.0001179110848639,10.1101/2020.11.09.375162|CNR2_HUMAN|Recruitment |Transducer|HEK-293SL|Arrestin-3 (β-arrestin-2),2.20798643808285,0.0004300268907835303,0.00021501344539176515,0.04239234015261893
10.1101/2020.11.09.375162,CNR2_HUMAN,RO6844112,Recruitment ,Transducer,HEK-293SL,Gi1,67.57425742574257,8.632,8.462,10.46178128193015,-0.0002187180698491,10.1101/2020.11.09.375162|CNR2_HUMAN|Recruitment |Transducer|HEK-293SL|Gi1,1.9997812819301508,-0.006641592164226662,-0.003320796082113331,0.04239242668794002
10.1101/2020.11.09.375162,CNR2_HUMAN,RO6844112,Recruitment ,Transducer,HEK-293SL,Gi2,78.80512091038408,8.496,8.286,10.392554439708606,-5.673086541158057e-05,10.1101/2020.11.09.375162|CNR2_HUMAN|Recruitment |Transducer|HEK-293SL|Gi2,2.1065544397086065,-3.974604006495852e-05,-1.987302003247926e-05,0.04239231290615775
10.1101/2020.11.09.375162,CNR2_HUMAN,RO6844112,Recruitment ,Transducer,HEK-293SL,Gi3,59.30851063829788,8.16,7.93,9.9331170181205,0.0004000117116902,10.1101/2020.11.09.375162|CNR2_HUMAN|Recruitment |Transducer|HEK-293SL|Gi3,2.0031170181205002,-0.001294782352731172,-0.000647391176365586,0.04239271273433253
10.1101/2020.11.09.375162,CNR2_HUMAN,RO6844112,Recruitment ,Transducer,HEK-293SL,GoA,53.608247422680414,8.159,7.875,9.888231609368557,-5.89555424315158e-05,10.1101/2020.11.09.375162|CNR2_HUMAN|Recruitment |Transducer|HEK-293SL|GoA,2.0132316093685567,0.008726729721380888,0.004363364860690444,0.042392313562453626
10.1101/2020.11.09.375162,CNR2_HUMAN,RO6844112,Recruitment ,Transducer,HEK-293SL,GoB,75.66265060240964,8.497,8.306,10.375881551361122,0.0004006868585815,10.1101/2020.11.09.375162|CNR2_HUMAN|Recruitment |Transducer|HEK-293SL|GoB,2.0698815513611226,0.00020636475664659315,0.00010318237832329658,0.04239271411287964
10.1101/2020.11.09.375162,CNR2_HUMAN,RO6844395,Recruitment ,Transducer,HEK-293SL,Arrestin-3 (β-arrestin-2),39.285714285714285,7.671,7.056,9.265234653816004,0.0013661268180191,10.1101/2020.11.09.375162|CNR2_HUMAN|Recruitment |Transducer|HEK-293SL|Arrestin-3 (β-arrestin-2),2.2092346538160035,0.0016782426239370096,0.0008391213119685048,0.04239706413647244
10.1101/2020.11.09.375162,CNR2_HUMAN,RO6844395,Recruitment ,Transducer,HEK-293SL,Gi1,50.74257425742574,7.855,7.56,9.560372495945147,0.0003724959451494,10.1101/2020.11.09.375162|CNR2_HUMAN|Recruitment |Transducer|HEK-293SL|Gi1,2.0003724959451477,-0.006050378149229818,-0.003025189074614909,0.04239265852944785
10.1101/2020.11.09.375162,CNR2_HUMAN,RO6844395,Recruitment ,Transducer,HEK-293SL,Gi2,76.3869132290185,7.499,7.275,9.382018960679732,0.0004077901057133,10.1101/2020.11.09.375162|CNR2_HUMAN|Recruitment |Transducer|HEK-293SL|Gi2,2.1070189606797314,0.000424774931059968,0.000212387465529984,0.042392728757527795
10.1101/2020.11.09.375162,CNR2_HUMAN,RO6844395,Recruitment ,Transducer,HEK-293SL,Gi3,44.41489361702128,7.994,7.639,9.64152862621992,-0.0001883801888888,10.1101/2020.11.09.375162|CNR2_HUMAN|Recruitment |Transducer|HEK-293SL|Gi3,2.0025286262199193,-0.001883174253312081,-0.0009415871266560405,0.042392395193360514
10.1101/2020.11.09.375162,CNR2_HUMAN,RO6844395,Recruitment ,Transducer,HEK-293SL,GoA,70.61855670103093,7.607,7.443,9.45591883722618,-0.0003717276848056,10.1101/2020.11.09.375162|CNR2_HUMAN|Recruitment |Transducer|HEK-293SL|GoA,2.012918837226181,0.008413957579004983,0.004206978789502491,0.042392657071420675
10.1101/2020.11.09.375162,CNR2_HUMAN,RO6844395,Recruitment ,Transducer,HEK-293SL,GoB,76.74698795180724,7.665,7.481,9.550061339959276,-0.0004195245432647,10.1101/2020.11.09.375162|CNR2_HUMAN|Recruitment |Transducer|HEK-293SL|GoB,2.0690613399592763,-0.0006138466451997004,-0.0003069233225998502,0.04239275351393126
10.1101/2020.11.09.375162,CNR2_HUMAN,RO6850007,Recruitment ,Transducer,HEK-293SL,Arrestin-2 (β-arrestin-1),41.97530864197531,8.371,7.764,9.993993898163604,0.0039596644236352,10.1101/2020.11.09.375162|CNR2_HUMAN|Recruitment |Transducer|HEK-293SL|Arrestin-2 (β-arrestin-1),2.2299938981636034,-0.002528985847759735,-0.0012644929238798674,0.04243230495723819
10.1101/2020.11.09.375162,CNR2_HUMAN,RO6850007,Recruitment ,Transducer,HEK-293SL,Arrestin-3 (β-arrestin-2),22.959183673469383,8.806,7.958,10.166956442418869,0.0010879154208804,10.1101/2020.11.09.375162|CNR2_HUMAN|Recruitment |Transducer|HEK-293SL|Arrestin-3 (β-arrestin-2),2.2089564424188683,0.0014000312268018789,0.0007000156134009394,0.042395322949891276
10.1101/2020.11.09.375162,CNR2_HUMAN,RO6850007,Recruitment ,Transducer,HEK-293SL,Gi1,27.227722772277225,8.267,7.702,9.70201132004762,1.132004761927874e-05,10.1101/2020.11.09.375162|CNR2_HUMAN|Recruitment |Transducer|HEK-293SL|Gi1,2.0000113200476193,-0.006411554046758194,-0.003205777023379097,0.0423923050258422
10.1101/2020.11.09.375162,CNR2_HUMAN,RO6850007,Recruitment ,Transducer,HEK-293SL,Gi2,25.46230440967283,8.237,7.536,9.642897705960069,0.000286535386051,10.1101/2020.11.09.375162|CNR2_HUMAN|Recruitment |Transducer|HEK-293SL|Gi2,2.106897705960069,0.0003035202113976787,0.00015176010569883935,0.04239251406587977
10.1101/2020.11.09.375162,CNR2_HUMAN,RO6850007,Recruitment ,Transducer,HEK-293SL,Gi3,18.617021276595747,7.925,7.192,9.194910195086596,0.0001931886777857,10.1101/2020.11.09.375162|CNR2_HUMAN|Recruitment |Transducer|HEK-293SL|Gi3,2.0029101950865957,-0.0015016053866356849,-0.0007508026933178424,0.042392399872141814
10.1101/2020.11.09.375162,CNR2_HUMAN,RO6850007,Recruitment ,Transducer,HEK-293SL,GoA,30.6701030927835,8.319,7.949,9.805715235798324,-0.1565753291126621,10.1101/2020.11.09.375162|CNR2_HUMAN|Recruitment |Transducer|HEK-293SL|GoA,1.8567152357983243,-0.14778964384885152,-0.07389482192442576,0.17115469359986582
10.1101/2020.11.09.375162,CNR2_HUMAN,RO6850007,Recruitment ,Transducer,HEK-293SL,GoB,23.012048192771086,8.709,8.0,10.070955274871654,0.0014744103691128,10.1101/2020.11.09.375162|CNR2_HUMAN|Recruitment |Transducer|HEK-293SL|GoB,2.070955274871654,0.001280088267177959,0.0006400441335889795,0.042397848583628515
10.1101/2020.11.09.375162,CNR2_HUMAN,RO6853457,Recruitment ,Transducer,HEK-293SL,Arrestin-2 (β-arrestin-1),40.74074074074074,7.96,7.346,9.570028920999238,-0.0020053127407315,10.1101/2020.11.09.375162|CNR2_HUMAN|Recruitment |Transducer|HEK-293SL|Arrestin-2 (β-arrestin-1),2.2240289209992383,-0.008493963012124794,-0.004246981506062397,0.04240256038505352
10.1101/2020.11.09.375162,CNR2_HUMAN,RO6853457,Recruitment ,Transducer,HEK-293SL,Arrestin-3 (β-arrestin-2),41.326530612244895,7.655,7.064,9.271228947522172,-0.0006395794758127,10.1101/2020.11.09.375162|CNR2_HUMAN|Recruitment |Transducer|HEK-293SL|Arrestin-3 (β-arrestin-2),2.2072289475221716,-0.0003274636698948896,-0.0001637318349474448,0.042393347843468064
10.1101/2020.11.09.375162,CNR2_HUMAN,RO6853457,Recruitment ,Transducer,HEK-293SL,Gi1,47.77227722772277,8.431,8.111,10.110175943897168,-0.0008240561028323,10.1101/2020.11.09.375162|CNR2_HUMAN|Recruitment |Transducer|HEK-293SL|Gi1,1.9991759438971677,-0.007246930197209789,-0.0036234650986048944,0.042394036397741405
10.1101/2020.11.09.375162,CNR2_HUMAN,RO6853457,Recruitment ,Transducer,HEK-293SL,Gi2,55.76102418207682,8.535,8.175,10.281330742000634,-0.0002804285733848,10.1101/2020.11.09.375162|CNR2_HUMAN|Recruitment |Transducer|HEK-293SL|Gi2,2.106330742000633,-0.0002634437480382168,-0.0001317218740191084,0.04239250523665966
10.1101/2020.11.09.375162,CNR2_HUMAN,RO6853457,Recruitment ,Transducer,HEK-293SL,Gi3,30.319148936170212,8.344,7.823,9.82571700640881,0.0,10.1101/2020.11.09.375162|CNR2_HUMAN|Recruitment |Transducer|HEK-293SL|Gi3,2.00271700640881,-0.0016947940644214121,-0.0008473970322107061,0.04239230469906874
10.1101/2020.11.09.375162,CNR2_HUMAN,RO6853457,Recruitment ,Transducer,HEK-293SL,GoA,32.73195876288659,8.29,7.793,9.804971995361749,-0.0013185695492379,10.1101/2020.11.09.375162|CNR2_HUMAN|Recruitment |Transducer|HEK-293SL|GoA,2.0119719953617485,0.007467115714572703,0.0037335578572863515,0.042396738519247766
10.1101/2020.11.09.375162,CNR2_HUMAN,RO6853457,Recruitment ,Transducer,HEK-293SL,GoB,46.86746987951808,8.045,7.647,9.715871508949634,-0.0006093555529069,10.1101/2020.11.09.375162|CNR2_HUMAN|Recruitment |Transducer|HEK-293SL|GoB,2.068871508949634,-0.0008036776548419056,-0.0004018388274209528,0.04239325158239297
10.1101/2020.11.09.375162,CNR2_HUMAN,RO6853973,Recruitment ,Transducer,HEK-293SL,Gi1,34.900990099009896,9.052,8.595,10.594837747544776,-0.000162252455226,10.1101/2020.11.09.375162|CNR2_HUMAN|Recruitment |Transducer|HEK-293SL|Gi1,1.9998377475447757,-0.00658512654960175,-0.003292563274800875,0.04239237183162272
10.1101/2020.11.09.375162,CNR2_HUMAN,RO6853973,Recruitment ,Transducer,HEK-293SL,Gi2,25.746799431009958,9.45,8.754,10.86072324984936,0.0001120792753415,10.1101/2020.11.09.375162|CNR2_HUMAN|Recruitment |Transducer|HEK-293SL|Gi2,2.1067232498493613,0.00012906410068991292,6.453205034495646e-05,0.04239233673232381
10.1101/2020.11.09.375162,CNR2_HUMAN,RO6853973,Recruitment ,Transducer,HEK-293SL,Gi3,13.031914893617024,9.296,8.409,10.411008235100851,-0.0007087713079592,10.1101/2020.11.09.375162|CNR2_HUMAN|Recruitment |Transducer|HEK-293SL|Gi3,2.002008235100851,-0.0024035653723806227,-0.0012017826861903114,0.042393585757132986
10.1101/2020.11.09.375162,CNR2_HUMAN,RO6853973,Recruitment ,Transducer,HEK-293SL,GoA,19.58762886597938,9.017,8.294,10.308981866686583,0.0016913017755961,10.1101/2020.11.09.375162|CNR2_HUMAN|Recruitment |Transducer|HEK-293SL|GoA,2.0149818666865826,0.010476987039406804,0.005238493519703402,0.04239959974795963
10.1101/2020.11.09.375162,CNR2_HUMAN,RO6853973,Recruitment ,Transducer,HEK-293SL,GoB,20.120481927710845,9.329,8.564,10.63263837877151,-0.0008424857310309,10.1101/2020.11.09.375162|CNR2_HUMAN|Recruitment |Transducer|HEK-293SL|GoB,2.06863837877151,-0.0010368078329658914,-0.0005184039164829457,0.0423941147227441
10.1101/2020.11.09.375162,CNR2_HUMAN,RO6869094,Recruitment ,Transducer,HEK-293SL,Arrestin-2 (β-arrestin-1),34.567901234567906,9.084,8.398,10.622673012463569,-0.0013612212764009,10.1101/2020.11.09.375162|CNR2_HUMAN|Recruitment |Transducer|HEK-293SL|Arrestin-2 (β-arrestin-1),2.224673012463569,-0.007849871547794152,-0.003924935773897076,0.042397030015275894
10.1101/2020.11.09.375162,CNR2_HUMAN,RO6869094,Recruitment ,Transducer,HEK-293SL,Arrestin-3 (β-arrestin-2),13.775510204081632,8.016,6.947,9.155107692802511,0.0002391658045253,10.1101/2020.11.09.375162|CNR2_HUMAN|Recruitment |Transducer|HEK-293SL|Arrestin-3 (β-arrestin-2),2.2081076928025114,0.0005512816104449314,0.0002756408052224657,0.04239245056342203
10.1101/2020.11.09.375162,CNR2_HUMAN,RO6869094,Recruitment ,Transducer,HEK-293SL,Gi1,17.326732673267326,8.214,7.453,9.452716674903652,-0.0002833250963485,10.1101/2020.11.09.375162|CNR2_HUMAN|Recruitment |Transducer|HEK-293SL|Gi1,1.9997166749036515,-0.006706199190726014,-0.003353099595363007,0.042392509400735495
10.1101/2020.11.09.375162,CNR2_HUMAN,RO6869094,Recruitment ,Transducer,HEK-293SL,Gi2,22.475106685633005,8.341,7.586,9.6927017619346,9.059136058020556e-05,10.1101/2020.11.09.375162|CNR2_HUMAN|Recruitment |Transducer|HEK-293SL|Gi2,2.1067017619346,0.00010757618592860396,5.378809296430198e-05,0.04239232562688691
10.1101/2020.11.09.375162,CNR2_HUMAN,RO6869094,Recruitment ,Transducer,HEK-293SL,Gi3,14.627659574468083,7.645,6.803,8.810174844566582,0.004457838157772,10.1101/2020.11.09.375162|CNR2_HUMAN|Recruitment |Transducer|HEK-293SL|Gi3,2.007174844566582,0.0027630440933505973,0.0013815220466752987,0.042443009254746
10.1101/2020.11.09.375162,CNR2_HUMAN,RO6869094,Recruitment ,Transducer,HEK-293SL,GoB,17.831325301204817,8.321,7.501,9.572183623018883,0.001702758516342,10.1101/2020.11.09.375162|CNR2_HUMAN|Recruitment |Transducer|HEK-293SL|GoB,2.071183623018883,0.0015084364144071216,0.0007542182072035608,0.04239969892310157
10.1101/2020.11.09.375162,CNR2_HUMAN,RO6871487,Recruitment ,Transducer,HEK-293SL,Arrestin-3 (β-arrestin-2),13.26530612244898,8.037,6.954,9.159717276614344,-0.0021512503836431,10.1101/2020.11.09.375162|CNR2_HUMAN|Recruitment |Transducer|HEK-293SL|Arrestin-3 (β-arrestin-2),2.2057172766143447,-0.0018391345777217794,-0.0009195672888608897,0.04240410763319273
10.1101/2020.11.09.375162,CNR2_HUMAN,RO6871487,Recruitment ,Transducer,HEK-293SL,Gi1,35.64356435643564,8.016,7.569,9.567981126984645,-0.0010188730153553,10.1101/2020.11.09.375162|CNR2_HUMAN|Recruitment |Transducer|HEK-293SL|Gi1,1.9989811269846447,-0.007441747109732777,-0.0037208735548663885,0.04239495200032993
10.1101/2020.11.09.375162,CNR2_HUMAN,RO6871487,Recruitment ,Transducer,HEK-293SL,Gi2,44.52347083926032,8.085,7.628,9.733589012526624,-0.0010221580473928,10.1101/2020.11.09.375162|CNR2_HUMAN|Recruitment |Transducer|HEK-293SL|Gi2,2.1055890125266234,-0.0010051732220479614,-0.0005025866110239807,0.042394969099125226
10.1101/2020.11.09.375162,CNR2_HUMAN,RO6871487,Recruitment ,Transducer,HEK-293SL,Gi3,19.680851063829785,8.54,7.831,9.834043874803314,0.0003268683945032,10.1101/2020.11.09.375162|CNR2_HUMAN|Recruitment |Transducer|HEK-293SL|Gi3,2.0030438748033133,-0.0013679256699181686,-0.0006839628349590843,0.042392577155761176
10.1101/2020.11.09.375162,CNR2_HUMAN,RO6871487,Recruitment ,Transducer,HEK-293SL,GoA,27.31958762886598,8.43,7.853,9.866474139670563,0.000183574759577,10.1101/2020.11.09.375162|CNR2_HUMAN|Recruitment |Transducer|HEK-293SL|GoA,2.0134741396705635,0.008969260023387715,0.0044846300116938576,0.0423923906353672
10.1101/2020.11.09.375162,CNR2_HUMAN,RO6871487,Recruitment ,Transducer,HEK-293SL,GoB,30.0,8.16,7.567,9.637121254719665,0.0006403902171214,10.1101/2020.11.09.375162|CNR2_HUMAN|Recruitment |Transducer|HEK-293SL|GoB,2.0701212547196643,0.000446068115188325,0.0002230340575941625,0.04239335048978895
10.1101/2020.11.09.375162,CNR2_HUMAN,RO6878558,Recruitment ,Transducer,HEK-293SL,Arrestin-2 (β-arrestin-1),35.802469135802475,8.512,7.834,10.065912979020307,0.0058787452803379,10.1101/2020.11.09.375162|CNR2_HUMAN|Recruitment |Transducer|HEK-293SL|Arrestin-2 (β-arrestin-1),2.231912979020308,-0.0006099049910552878,-0.0003049524955276439,0.04248052145000772
10.1101/2020.11.09.375162,CNR2_HUMAN,RO6878558,Recruitment ,Transducer,HEK-293SL,Arrestin-3 (β-arrestin-2),27.551020408163264,7.624,6.853,9.064137688466491,0.0032691614685056,10.1101/2020.11.09.375162|CNR2_HUMAN|Recruitment |Transducer|HEK-293SL|Arrestin-3 (β-arrestin-2),2.2111376884664917,0.003581277274425254,0.001790638637212627,0.04241956662008816
10.1101/2020.11.09.375162,CNR2_HUMAN,RO6878558,Recruitment ,Transducer,HEK-293SL,Gi1,56.930693069306926,7.945,7.7,9.700346470906988,0.0003464709069875,10.1101/2020.11.09.375162|CNR2_HUMAN|Recruitment |Transducer|HEK-293SL|Gi1,2.0003464709069876,-0.006076403187389889,-0.0030382015936949447,0.04239261081457618
10.1101/2020.11.09.375162,CNR2_HUMAN,RO6878558,Recruitment ,Transducer,HEK-293SL,Gi2,59.60170697012803,7.986,7.654,9.76125869794647,0.0006475273724522,10.1101/2020.11.09.375162|CNR2_HUMAN|Recruitment |Transducer|HEK-293SL|Gi2,2.1072586979464702,0.0006645121977988389,0.00033225609889941943,0.04239337393066637
10.1101/2020.11.09.375162,CNR2_HUMAN,RO6878558,Recruitment ,Transducer,HEK-293SL,Gi3,38.29787234042553,7.893,7.473,9.47617464716759,0.0004576407587792,10.1101/2020.11.09.375162|CNR2_HUMAN|Recruitment |Transducer|HEK-293SL|Gi3,2.0031746471675893,-0.0012371533056421136,-0.0006185766528210568,0.042392838774125176
10.1101/2020.11.09.375162,CNR2_HUMAN,RO6878558,Recruitment ,Transducer,HEK-293SL,GoA,39.69072164948454,8.028,7.613,9.626688995242256,0.0003984303312694,10.1101/2020.11.09.375162|CNR2_HUMAN|Recruitment |Transducer|HEK-293SL|GoA,2.013688995242256,0.009184115595080034,0.004592057797540017,0.042392709514494545
10.1101/2020.11.09.375162,CNR2_HUMAN,RO6878558,Recruitment ,Transducer,HEK-293SL,GoB,66.86746987951808,7.824,7.579,9.649214890746602,0.0007340262440616,10.1101/2020.11.09.375162|CNR2_HUMAN|Recruitment |Transducer|HEK-293SL|GoB,2.0702148907466027,0.0005397041421266735,0.00026985207106333675,0.042393678678364057
10.1101/2020.11.09.375162,CNR2_HUMAN,RO6883666,Recruitment ,Transducer,HEK-293SL,Gi1,40.84158415841584,8.021,7.632,9.632102579103302,0.0001025791033022,10.1101/2020.11.09.375162|CNR2_HUMAN|Recruitment |Transducer|HEK-293SL|Gi1,2.0001025791033022,-0.006320294991075226,-0.003160147495537613,0.04239233153200595
10.1101/2020.11.09.375162,CNR2_HUMAN,RO6883666,Recruitment ,Transducer,HEK-293SL,Gi2,49.92887624466572,7.652,7.242,9.350351791446,0.0017406208719821,10.1101/2020.11.09.375162|CNR2_HUMAN|Recruitment |Transducer|HEK-293SL|Gi2,2.108351791446,0.0017576056973287457,0.0008788028486643729,0.0424000314423661
10.1101/2020.11.09.375162,CNR2_HUMAN,RO6883666,Recruitment ,Transducer,HEK-293SL,Gi3,15.95744680851064,7.986,7.186,9.188963405455985,0.0002463990471728,10.1101/2020.11.09.375162|CNR2_HUMAN|Recruitment |Transducer|HEK-293SL|Gi3,2.0029634054559846,-0.0014483950172468063,-0.0007241975086234032,0.0423924595197922
10.1101/2020.11.09.375162,CNR2_HUMAN,RO6883666,Recruitment ,Transducer,HEK-293SL,GoA,25.77319587628866,8.613,8.01,10.024168274405792,0.0008777094948055,10.1101/2020.11.09.375162|CNR2_HUMAN|Recruitment |Transducer|HEK-293SL|GoA,2.014168274405792,0.009663394758616217,0.004831697379308109,0.04239426924187707
10.1101/2020.11.09.375162,CNR2_HUMAN,RO6883666,Recruitment ,Transducer,HEK-293SL,GoB,36.74698795180723,7.903,7.399,9.46822174697071,-0.0002591175318302,10.1101/2020.11.09.375162|CNR2_HUMAN|Recruitment |Transducer|HEK-293SL|GoB,2.069221746970711,-0.0004534396337652069,-0.00022671981688260345,0.04239247591521635
10.1101/2020.11.09.375162,CNR2_HUMAN,RO6892033,Recruitment ,Transducer,HEK-293SL,Arrestin-2 (β-arrestin-1),61.72839506172839,8.566,8.129,10.356484985457367,0.0014507517173996,10.1101/2020.11.09.375162|CNR2_HUMAN|Recruitment |Transducer|HEK-293SL|Arrestin-2 (β-arrestin-1),2.2274849854573677,-0.00503789855399539,-0.002518949276997695,0.04239767208406876
10.1101/2020.11.09.375162,CNR2_HUMAN,RO6892033,Recruitment ,Transducer,HEK-293SL,Gi1,33.415841584158414,8.536,8.058,10.0599524033844,0.0019524033844007,10.1101/2020.11.09.375162|CNR2_HUMAN|Recruitment |Transducer|HEK-293SL|Gi1,2.0019524033844007,-0.004470470709976748,-0.002235235354988374,0.042402026281837556
10.1101/2020.11.09.375162,CNR2_HUMAN,RO6892033,Recruitment ,Transducer,HEK-293SL,Gi2,42.81650071123755,8.599,8.124,10.23061117057402,0.0,10.1101/2020.11.09.375162|CNR2_HUMAN|Recruitment |Transducer|HEK-293SL|Gi2,2.10661117057402,1.6984825348398402e-05,8.492412674199201e-06,0.04239230469906874
10.1101/2020.11.09.375162,CNR2_HUMAN,RO6892033,Recruitment ,Transducer,HEK-293SL,Gi3,25.26595744680851,8.856,8.258,10.258535760361188,-0.0021812460476215,10.1101/2020.11.09.375162|CNR2_HUMAN|Recruitment |Transducer|HEK-293SL|Gi3,2.0005357603611884,-0.003876040112043011,-0.0019380200560215055,0.042404439118397724
10.1101/2020.11.09.375162,CNR2_HUMAN,RO6892033,Recruitment ,Transducer,HEK-293SL,GoA,44.587628865979376,8.018,7.658,9.667214377534588,-0.0040761873763988,10.1101/2020.11.09.375162|CNR2_HUMAN|Recruitment |Transducer|HEK-293SL|GoA,2.0092143775345876,0.004709497887411818,0.002354748943705909,0.042434694951341306
10.1101/2020.11.09.375162,CNR2_HUMAN,RO6892033,Recruitment ,Transducer,HEK-293SL,GoB,36.74698795180723,8.328,7.822,9.893221746970712,0.0017408824681703,10.1101/2020.11.09.375162|CNR2_HUMAN|Recruitment |Transducer|HEK-293SL|GoB,2.0712217469707115,0.001546560366235461,0.0007732801831177305,0.04240003376523217
10.1101/2020.11.09.375162,CNR2_HUMAN,RO6926274,Recruitment ,Transducer,HEK-293SL,Gi1,21.287128712871286,8.574,7.902,9.902117086132964,0.0001170861329624,10.1101/2020.11.09.375162|CNR2_HUMAN|Recruitment |Transducer|HEK-293SL|Gi1,2.0001170861329642,-0.006305787961413234,-0.003152893980706617,0.04239233965826046
10.1101/2020.11.09.375162,CNR2_HUMAN,RO6926274,Recruitment ,Transducer,HEK-293SL,Gi2,25.32005689900427,9.04,8.338,10.44346467728907,-0.0011464932849474,10.1101/2020.11.09.375162|CNR2_HUMAN|Recruitment |Transducer|HEK-293SL|Gi2,2.1054646772890706,-0.0011295084596008031,-0.0005647542298004016,0.0423956567431936
10.1101/2020.11.09.375162,CNR2_HUMAN,RO6926274,Recruitment ,Transducer,HEK-293SL,Gi3,20.74468085106383,8.202,7.514,9.51890675776282,0.0021897513540087,10.1101/2020.11.09.375162|CNR2_HUMAN|Recruitment |Transducer|HEK-293SL|Gi3,2.0049067577628206,0.0004949572895891485,0.00024747864479457427,0.04240453394715379
10.1101/2020.11.09.375162,CNR2_HUMAN,RO6926274,Recruitment ,Transducer,HEK-293SL,GoA,27.061855670103093,8.25,7.669,9.68235757347573,6.700856474450845e-05,10.1101/2020.11.09.375162|CNR2_HUMAN|Recruitment |Transducer|HEK-293SL|GoA,2.013357573475731,0.008852693828555136,0.004426346914277568,0.04239231614921342
10.1101/2020.11.09.375162,CNR2_HUMAN,RO6926274,Recruitment ,Transducer,HEK-293SL,GoB,13.012048192771086,8.765,7.81,9.879345663110875,-0.0001352013916635,10.1101/2020.11.09.375162|CNR2_HUMAN|Recruitment |Transducer|HEK-293SL|GoB,2.0693456631108758,-0.00032952349360027,-0.000164761746800135,0.042392351312689494
10.1101/2020.11.09.375162,CNR2_HUMAN,RO7032019,Recruitment ,Transducer,HEK-293SL,Arrestin-2 (β-arrestin-1),38.27160493827161,8.13,7.491,9.712876674955623,-0.004157558784346,10.1101/2020.11.09.375162|CNR2_HUMAN|Recruitment |Transducer|HEK-293SL|Arrestin-2 (β-arrestin-1),2.221876674955624,-0.01064620905573932,-0.00532310452786966,0.04243640513513099
10.1101/2020.11.09.375162,CNR2_HUMAN,RO7032019,Recruitment ,Transducer,HEK-293SL,Arrestin-3 (β-arrestin-2),32.6530612244898,8.226,7.532,9.739923902627412,5.537562942592445e-05,10.1101/2020.11.09.375162|CNR2_HUMAN|Recruitment |Transducer|HEK-293SL|Arrestin-3 (β-arrestin-2),2.207923902627412,0.00036749143534553497,0.00018374571767276748,0.042392312518725245
10.1101/2020.11.09.375162,CNR2_HUMAN,RO7032019,Recruitment ,Transducer,HEK-293SL,Gi1,19.059405940594058,8.588,7.653,9.868109360061876,0.2151093600618763,10.1101/2020.11.09.375162|CNR2_HUMAN|Recruitment |Transducer|HEK-293SL|Gi1,2.2151093600618763,0.20868648596749884,0.10434324298374942,0.44749150676535915
10.1101/2020.11.09.375162,CNR2_HUMAN,RO7032019,Recruitment ,Transducer,HEK-293SL,Gi2,59.17496443812234,8.561,8.227,10.33313800560692,-0.000473164967099,10.1101/2020.11.09.375162|CNR2_HUMAN|Recruitment |Transducer|HEK-293SL|Gi2,2.106138005606919,-0.00045618014175241584,-0.00022809007087620792,0.042392875622997706
10.1101/2020.11.09.375162,CNR2_HUMAN,RO7032019,Recruitment ,Transducer,HEK-293SL,Gi3,48.93617021276595,8.103,7.791,9.792629978081877,-0.0010870283269355,10.1101/2020.11.09.375162|CNR2_HUMAN|Recruitment |Transducer|HEK-293SL|Gi3,2.0016299780818763,-0.00278182239135516,-0.00139091119567758,0.042395318029524724
10.1101/2020.11.09.375162,CNR2_HUMAN,RO7032019,Recruitment ,Transducer,HEK-293SL,GoA,54.123711340206185,8.137,7.858,9.870387569139712,-0.0009029957712738,10.1101/2020.11.09.375162|CNR2_HUMAN|Recruitment |Transducer|HEK-293SL|GoA,2.0123875691397126,0.007882689492536787,0.003941344746268394,0.042394384069667564
10.1101/2020.11.09.375162,CNR2_HUMAN,RO7032019,Recruitment ,Transducer,HEK-293SL,GoB,73.01204819277109,8.423,8.217,10.286394531790211,-8.63327123301616e-05,10.1101/2020.11.09.375162|CNR2_HUMAN|Recruitment |Transducer|HEK-293SL|GoB,2.069394531790211,-0.0002806548142650911,-0.00014032740713254555,0.04239232370552499
10.1101/2020.11.09.375162,CNR2_HUMAN,THC,Recruitment ,Transducer,HEK-293SL,Arrestin-3 (β-arrestin-2),14.285714285714286,8.458,7.409,9.612901959985743,-0.0039665670122426,10.1101/2020.11.09.375162|CNR2_HUMAN|Recruitment |Transducer|HEK-293SL|Arrestin-3 (β-arrestin-2),2.2039019599857435,-0.0036544512063230172,-0.0018272256031615086,0.04243244460087892
10.1101/2020.11.09.375162,CNR2_HUMAN,THC,Recruitment ,Transducer,HEK-293SL,Gi1,27.227722772277225,8.123,7.556,9.55801132004762,0.002011320047619,10.1101/2020.11.09.375162|CNR2_HUMAN|Recruitment |Transducer|HEK-293SL|Gi1,2.002011320047621,-0.004411554046756638,-0.002205777023378319,0.042402621930076434
10.1101/2020.11.09.375162,CNR2_HUMAN,THC,Recruitment ,Transducer,HEK-293SL,Gi2,32.859174964438125,7.886,7.296,9.40265665487232,4.5484298301978754e-05,10.1101/2020.11.09.375162|CNR2_HUMAN|Recruitment |Transducer|HEK-293SL|Gi2,2.10665665487232,6.24691236486008e-05,3.12345618243004e-05,0.04239230997468635
10.1101/2020.11.09.375162,CNR2_HUMAN,THC,Recruitment ,Transducer,HEK-293SL,Gi3,27.659574468085108,7.791,7.229,9.23284549437112,0.0011284879623092,10.1101/2020.11.09.375162|CNR2_HUMAN|Recruitment |Transducer|HEK-293SL|Gi3,2.0038454943711193,-0.0005663061021121685,-0.00028315305105608424,0.04239555228047521
10.1101/2020.11.09.375162,CNR2_HUMAN,THC,Recruitment ,Transducer,HEK-293SL,GoA,18.041237113402065,8.597,7.838,9.853266314420049,0.0019757495090622,10.1101/2020.11.09.375162|CNR2_HUMAN|Recruitment |Transducer|HEK-293SL|GoA,2.0152663144200487,0.010761434772872835,0.005380717386436418,0.042402260192376
10.1101/2020.11.09.375162,CNR2_HUMAN,THC,Recruitment ,Transducer,HEK-293SL,GoB,31.20481927710844,8.116,7.541,9.610221671705178,-0.0002591927973636,10.1101/2020.11.09.375162|CNR2_HUMAN|Recruitment |Transducer|HEK-293SL|GoB,2.0692216717051775,-0.00045351489929856825,-0.00022675744964928413,0.04239247601469685
10.1101/2020.11.09.375162,CNR2_HUMAN,WIN55212-2,Recruitment ,Transducer,HEK-293SL,Arrestin-2 (β-arrestin-1),100.0,9.284,9.062,11.284,-0.0040342337399685,10.1101/2020.11.09.375162|CNR2_HUMAN|Recruitment |Transducer|HEK-293SL|Arrestin-2 (β-arrestin-1),2.2220000000000013,-0.01052288401136181,-0.005261442005680905,0.04243382644321733
10.1101/2020.11.09.375162,CNR2_HUMAN,WIN55212-2,Recruitment ,Transducer,HEK-293SL,Arrestin-3 (β-arrestin-2),100.0,9.468,9.259,11.468,0.0011314730020135,10.1101/2020.11.09.375162|CNR2_HUMAN|Recruitment |Transducer|HEK-293SL|Arrestin-3 (β-arrestin-2),2.2089999999999996,0.0014435888079331605,0.0007217944039665802,0.04239556948462508
10.1101/2020.11.09.375162,CNR2_HUMAN,WIN55212-2,Recruitment ,Transducer,HEK-293SL,Gi1,100.0,9.409,9.409,11.409,0.0,10.1101/2020.11.09.375162|CNR2_HUMAN|Recruitment |Transducer|HEK-293SL|Gi1,2.0,-0.006422874094377473,-0.0032114370471887366,0.04239230469906874
10.1101/2020.11.09.375162,CNR2_HUMAN,WIN55212-2,Recruitment ,Transducer,HEK-293SL,Gi2,100.0,9.52,9.414,11.52,-0.0006111705740181,10.1101/2020.11.09.375162|CNR2_HUMAN|Recruitment |Transducer|HEK-293SL|Gi2,2.106,-0.0005941857486715385,-0.00029709287433576925,0.04239325723161113
10.1101/2020.11.09.375162,CNR2_HUMAN,WIN55212-2,Recruitment ,Transducer,HEK-293SL,Gi3,100.0,9.326,9.318,11.326,0.0052829935911908,10.1101/2020.11.09.375162|CNR2_HUMAN|Recruitment |Transducer|HEK-293SL|Gi3,2.008000000000001,0.0035881995267694755,0.0017940997633847378,0.042463534037546505
10.1101/2020.11.09.375162,CNR2_HUMAN,WIN55212-2,Recruitment ,Transducer,HEK-293SL,GoA,100.0,9.095,9.061,11.095,0.0207094350890142,10.1101/2020.11.09.375162|CNR2_HUMAN|Recruitment |Transducer|HEK-293SL|GoA,2.0340000000000007,0.029495120352824866,0.014747560176412433,0.043499559608848194
10.1101/2020.11.09.375162,CNR2_HUMAN,WIN55212-2,Recruitment ,Transducer,HEK-293SL,GoB,100.0,9.271,9.202,11.271,-0.0004808645025402,10.1101/2020.11.09.375162|CNR2_HUMAN|Recruitment |Transducer|HEK-293SL|GoB,2.069000000000001,-0.0006751866044751864,-0.0003375933022375932,0.04239289435491712
10.1074/jbc.M116.757559,CCR2_HUMAN,CCL2,Accumulation,Downstream,CHO-K1,,100.0,9.4,9.41,11.4,0.0106569104074538,10.1074/jbc.M116.757559|CCR2_HUMAN|Accumulation|Downstream|CHO-K1|nan,1.9900000000000002,0.010656910407453868,0.005328455203726934,0.04268286159698475
10.1074/jbc.M116.757559,CCR2_HUMAN,J113863,Accumulation,Downstream,CHO-K1,,102.020202020202,6.4,6.44,8.408686179185093,-0.0106569104074538,10.1074/jbc.M116.757559|CCR2_HUMAN|Accumulation|Downstream|CHO-K1|nan,1.9686861791850925,-0.010656910407453868,-0.005328455203726934,0.04268286159698475
10.1074/jbc.M116.757559,CCR5_HUMAN,CCL4,Accumulation,Downstream,CHO-K1,,100.0,8.2,7.88,10.2,-0.7140225899775499,10.1074/jbc.M116.757559|CCR5_HUMAN|Accumulation|Downstream|CHO-K1|nan,2.3199999999999994,-0.7140225899775499,-0.35701129498877493,0.9999999999997212
10.1074/jbc.M116.757559,CCR5_HUMAN,J113863,Accumulation,Downstream,CHO-K1,,238.8059701492537,5.8,4.43,8.178045179955099,0.7140225899775499,10.1074/jbc.M116.757559|CCR5_HUMAN|Accumulation|Downstream|CHO-K1|nan,3.748045179955099,0.7140225899775499,0.35701129498877493,0.9999999999997212
10.1111/bph.13854,OPRK_HUMAN,HS665,Recruitment ,Transducer,U2OS,Arrestin-3 (β-arrestin-2),55.0,6.334419008982047,4.96,8.07478169847629,0.0,10.1111/bph.13854|OPRK_HUMAN|Recruitment |Transducer|U2OS|Arrestin-3 (β-arrestin-2),3.11478169847629,0.007395721643146835,0.0036978608215734177,0.04239230469906874
10.1111/bph.13854,OPRK_HUMAN,HS665,Activation,Transducer,CHO,,88.0,8.302770657240282,8.36,10.247253329390452,-0.7645242294166863,10.1111/bph.13854|OPRK_HUMAN|Activation|Transducer|CHO|nan,1.887253329390452,-0.7645242294166854,-0.3822621147083427,0.9999999999999974
10.1111/bph.13854,OPRK_HUMAN,HS666,Recruitment ,Transducer,U2OS,Arrestin-3 (β-arrestin-2),24.0,6.347753658996677,3.52,7.727964900708283,1.0931832022319936,10.1111/bph.13854|OPRK_HUMAN|Recruitment |Transducer|U2OS|Arrestin-3 (β-arrestin-2),4.2079649007082836,1.1005789238751404,0.5502894619375702,1.0
10.1111/bph.13854,OPRK_HUMAN,HS666,Activation,Transducer,CHO,,50.0,7.447331783887806,5.73,9.146301788223823,0.7645242294166863,10.1111/bph.13854|OPRK_HUMAN|Activation|Transducer|CHO|nan,3.416301788223823,0.7645242294166854,0.3822621147083427,0.9999999999999974
10.1111/bph.13854,OPRK_HUMAN,"U69,593",Recruitment ,Transducer,U2OS,Arrestin-3 (β-arrestin-2),100.0,7.169411331314856,7.17,9.169411331314857,-1.115370367161435,10.1111/bph.13854|OPRK_HUMAN|Recruitment |Transducer|U2OS|Arrestin-3 (β-arrestin-2),1.9994113313148567,-1.1079746455182864,-0.5539873227591432,1.0
10.1111/bph.14913,OPRD_HUMAN,Leu-enkephalin,Recruitment ,Transducer,CHO-K1,Arrestin-3 (β-arrestin-2),100.0,8.0,8.164,10.0,-0.3040490200071275,10.1111/bph.14913|OPRD_HUMAN|Recruitment |Transducer|CHO-K1|Arrestin-3 (β-arrestin-2),1.8360000000000003,-0.24604152109113286,-0.12302076054556643,0.9364146942822532
10.1111/bph.14913,OPRD_HUMAN,MP102,Recruitment ,Transducer,CHO-K1,Arrestin-3 (β-arrestin-2),20.0,6.7,5.838,8.00102999566398,0.0229809756568526,10.1111/bph.14913|OPRD_HUMAN|Recruitment |Transducer|CHO-K1|Arrestin-3 (β-arrestin-2),2.1630299956639805,0.0809884745728473,0.04049423728642365,0.04375968851309698
10.1111/bph.14913,OPRD_HUMAN,MP103,Recruitment ,Transducer,CHO-K1,Arrestin-3 (β-arrestin-2),35.0,5.8,5.227,7.3440680443502755,-0.0229809756568526,10.1111/bph.14913|OPRD_HUMAN|Recruitment |Transducer|CHO-K1|Arrestin-3 (β-arrestin-2),2.117068044350275,0.03502652325914202,0.01751326162957101,0.04375968851309698
10.1111/bph.14913,OPRD_HUMAN,MP105,Recruitment ,Transducer,CHO-K1,Arrestin-3 (β-arrestin-2),35.0,6.2,5.532,7.744068044350276,0.072019024343148,10.1111/bph.14913|OPRD_HUMAN|Recruitment |Transducer|CHO-K1|Arrestin-3 (β-arrestin-2),2.212068044350276,0.13002652325914266,0.06501326162957133,0.057776680682152644
10.1111/bph.14913,OPRD_MOUSE,7-OH-mitragynine,Accumulation,Downstream,HEK-293,,80.0,5.7,4.841,7.603089986991944,0.4659376982138443,10.1111/bph.14913|OPRD_MOUSE|Accumulation|Downstream|HEK-293|nan,2.7620899869919437,0.46817266145793424,0.23408633072896712,0.999973007401551
10.1111/bph.14913,OPRD_MOUSE,Kratom extract #1,Accumulation,Downstream,HEK-293,,30.0,4.4,4.36,5.877121254719663,-0.7790310340584368,10.1111/bph.14913|OPRD_MOUSE|Accumulation|Downstream|HEK-293|nan,1.5171212547196626,-0.7767960708143469,-0.38839803540717344,0.9999999999999994
10.1111/bph.14913,OPRD_MOUSE,Kratom extract #2,Accumulation,Downstream,HEK-293,,72.0,5.8,4.911,7.657332496431268,0.4501802076531689,10.1111/bph.14913|OPRD_MOUSE|Accumulation|Downstream|HEK-293|nan,2.7463324964312683,0.4524151708972588,0.2262075854486294,0.9999331582313897
10.1111/bph.14913,OPRD_MOUSE,Leu-enkephalin,Accumulation,Downstream,HEK-293,,100.0,8.5,8.028,10.5,0.1758477112219001,10.1111/bph.14913|OPRD_MOUSE|Accumulation|Downstream|HEK-293|nan,2.4719999999999995,0.17808267446599002,0.08904133723299501,0.23594792667164308
10.1111/bph.14913,OPRD_MOUSE,Mitragynine,Accumulation,Downstream,HEK-293,,88.0,4.8,4.393,6.744482672150168,0.0553303833720688,10.1111/bph.14913|OPRD_MOUSE|Accumulation|Downstream|HEK-293|nan,2.3514826721501683,0.05756534661615875,0.028782673308079376,0.050923696187056285
10.1111/bph.14913,OPRD_MOUSE,Morphine,Accumulation,Downstream,HEK-293,,82.0,6.1,5.719,8.013813852383716,-0.0013384363943833,10.1111/bph.14913|OPRD_MOUSE|Accumulation|Downstream|HEK-293|nan,2.294813852383716,0.000896526849706536,0.000448263424853268,0.0423968731411701
10.1111/bph.14913,OPRD_MOUSE,MP102,Accumulation,Downstream,HEK-293,,77.0,6.4,5.989,8.286490725172483,0.0013384363943833,10.1111/bph.14913|OPRD_MOUSE|Accumulation|Downstream|HEK-293|nan,2.2974907251724828,0.0035733996384732514,0.0017866998192366257,0.0423968731411701
10.1111/bph.14913,OPRD_MOUSE,MP103,Accumulation,Downstream,HEK-293,,100.0,5.5,5.667,7.5,-0.4631522887780992,10.1111/bph.14913|OPRD_MOUSE|Accumulation|Downstream|HEK-293|nan,1.8330000000000002,-0.4609173255340093,-0.23045866276700466,0.9999682427447193
10.1111/bph.14913,OPRD_MOUSE,MP105,Accumulation,Downstream,HEK-293,,94.0,5.4,5.536,7.373127853599699,-0.4590244351784003,10.1111/bph.14913|OPRD_MOUSE|Accumulation|Downstream|HEK-293|nan,1.837127853599699,-0.4567894719343104,-0.2283947359671552,0.9999596645140324
10.1111/bph.14913,OPRD_MOUSE,Paynantheine,Accumulation,Downstream,HEK-293,,64.0,5.6,5.535,7.406179973983887,-0.4249723147942124,10.1111/bph.14913|OPRD_MOUSE|Accumulation|Downstream|HEK-293|nan,1.871179973983887,-0.4227373515501225,-0.21136867577506124,0.999732822558703
10.1111/bph.14913,OPRD_MOUSE,Speciogynine,Accumulation,Downstream,HEK-293,,94.0,5.0,4.756,6.973127853599698,-0.0790244351784013,10.1111/bph.14913|OPRD_MOUSE|Accumulation|Downstream|HEK-293|nan,2.217127853599698,-0.0767894719343114,-0.0383947359671557,0.061503254779904974
10.1111/bph.14913,OPRD_MOUSE,TRV130,Accumulation,Downstream,HEK-293,,48.0,5.6,3.954,7.281241237375587,1.0310889485974877,10.1111/bph.14913|OPRD_MOUSE|Accumulation|Downstream|HEK-293|nan,3.327241237375587,1.0333239118415776,0.5166619559207888,1.0
10.1111/bph.14913,OPRK_HUMAN,"U50,488",Recruitment ,Transducer,U2OS,Arrestin-3 (β-arrestin-2),100.0,7.3,6.947,9.3,0.0,10.1111/bph.14913|OPRK_HUMAN|Recruitment |Transducer|U2OS|Arrestin-3 (β-arrestin-2),2.3530000000000006,0.0,0.0,0.04239230469906874
10.1111/bph.14913,OPRK_MOUSE,7-OH-mitragynine,Accumulation,Downstream,HEK-293,,77.0,6.2,5.368,8.086490725172482,0.2197002308883848,10.1111/bph.14913|OPRK_MOUSE|Accumulation|Downstream|HEK-293|nan,2.7184907251724812,0.1470366574946671,0.07351832874733355,0.47865816247614906
10.1111/bph.14913,OPRK_MOUSE,Kratom extract #1,Accumulation,Downstream,HEK-293,,41.0,6.8,4.375,8.412783856719734,1.538993362435638,10.1111/bph.14913|OPRK_MOUSE|Accumulation|Downstream|HEK-293|nan,4.037783856719734,1.4663297890419202,0.7331648945209601,1.0
10.1111/bph.14913,OPRK_MOUSE,Kratom extract #2,Accumulation,Downstream,HEK-293,,93.0,7.0,6.503,8.968482948553936,-0.0333075457301608,10.1111/bph.14913|OPRK_MOUSE|Accumulation|Downstream|HEK-293|nan,2.4654829485539356,-0.10597111912387858,-0.05298555956193929,0.04531328976789909
10.1111/bph.14913,OPRK_MOUSE,Mitragynine,Accumulation,Downstream,HEK-293,,67.0,5.4,4.32,7.226074802700827,0.4072843084167306,10.1111/bph.14913|OPRK_MOUSE|Accumulation|Downstream|HEK-293|nan,2.906074802700827,0.3346207350230128,0.1673103675115064,0.9993266737901657
10.1111/bph.14913,OPRK_MOUSE,Morphine,Accumulation,Downstream,HEK-293,,89.0,7.3,6.468,9.249390006644912,0.2825995123608158,10.1111/bph.14913|OPRK_MOUSE|Accumulation|Downstream|HEK-293|nan,2.781390006644912,0.20993593896709806,0.10496796948354903,0.8698046144328481
10.1111/bph.14913,OPRK_MOUSE,MP102,Accumulation,Downstream,HEK-293,,85.0,5.4,5.24,7.329418925714293,-0.4093715685698034,10.1111/bph.14913|OPRK_MOUSE|Accumulation|Downstream|HEK-293|nan,2.089418925714293,-0.48203514196352115,-0.24101757098176058,0.9993950036037836
10.1111/bph.14913,OPRK_MOUSE,MP103,Accumulation,Downstream,HEK-293,,93.0,6.0,5.848,7.968482948553935,-0.3783075457301614,10.1111/bph.14913|OPRK_MOUSE|Accumulation|Downstream|HEK-293|nan,2.120482948553935,-0.4509711191238792,-0.2254855595619396,0.9971925065616505
10.1111/bph.14913,OPRK_MOUSE,MP105,Accumulation,Downstream,HEK-293,,96.0,5.2,5.148,7.182271233039568,-0.4645192612445279,10.1111/bph.14913|OPRK_MOUSE|Accumulation|Downstream|HEK-293|nan,2.0342712330395685,-0.5371828346382457,-0.26859141731912284,0.9999706742608403
10.1111/bph.14913,OPRK_MOUSE,Paynantheine,Accumulation,Downstream,HEK-293,,95.0,5.3,5.028,7.277723605288847,-0.2490668889952485,10.1111/bph.14913|OPRK_MOUSE|Accumulation|Downstream|HEK-293|nan,2.249723605288848,-0.3217304623889663,-0.16086523119448315,0.6855344533487413
10.1111/bph.14913,OPRK_MOUSE,Speciogynine,Accumulation,Downstream,HEK-293,,70.0,4.7,4.013,6.545098040014257,0.0333075457301608,10.1111/bph.14913|OPRK_MOUSE|Accumulation|Downstream|HEK-293|nan,2.532098040014257,-0.03935602766355695,-0.019678013831778474,0.04531328976789909
10.1111/bph.14913,OPRK_MOUSE,TRV130,Accumulation,Downstream,HEK-293,,74.0,4.9,4.098,6.769231719730977,0.1724412254468803,10.1111/bph.14913|OPRK_MOUSE|Accumulation|Downstream|HEK-293|nan,2.6712317197309767,0.09977765205316258,0.04988882602658129,0.2227774863413286
10.1111/bph.14913,OPRK_MOUSE,"U50,488",Accumulation,Downstream,HEK-293,,100.0,8.9,8.649,10.9,-0.2477904942840951,10.1111/bph.14913|OPRK_MOUSE|Accumulation|Downstream|HEK-293|nan,2.2510000000000012,-0.3204540676778129,-0.16022703383890646,0.6768836036534025
10.1111/bph.14913,OPRM_HUMAN,DAMGO,Recruitment ,Transducer,CHO-K1,Arrestin-3 (β-arrestin-2),100.0,6.7,6.764,8.7,-0.0193405494535818,10.1111/bph.14913|OPRM_HUMAN|Recruitment |Transducer|CHO-K1|Arrestin-3 (β-arrestin-2),1.935999999999999,-0.039565527980659265,-0.019782763990329633,0.043356494895833396
10.1111/bph.14913,OPRM_HUMAN,Morphine,Recruitment ,Transducer,CHO-K1,Arrestin-3 (β-arrestin-2),26.0,6.8,6.095,8.214973347970817,0.1646327985172364,10.1111/bph.14913|OPRM_HUMAN|Recruitment |Transducer|CHO-K1|Arrestin-3 (β-arrestin-2),2.1199733479708174,0.14440781999015906,0.07220390999507953,0.19546421867013566
10.1111/bph.14913,OPRM_HUMAN,MP102,Recruitment ,Transducer,CHO-K1,Arrestin-3 (β-arrestin-2),16.0,5.2,4.601,6.404119982655925,-0.1522205667976557,10.1111/bph.14913|OPRM_HUMAN|Recruitment |Transducer|CHO-K1|Arrestin-3 (β-arrestin-2),1.8031199826559252,-0.1724455453247331,-0.08622277266236655,0.15950207949990838
10.1111/bph.14913,OPRM_HUMAN,MP103,Recruitment ,Transducer,CHO-K1,Arrestin-3 (β-arrestin-2),63.0,6.3,6.144,8.099340549453581,0.0,10.1111/bph.14913|OPRM_HUMAN|Recruitment |Transducer|CHO-K1|Arrestin-3 (β-arrestin-2),1.955340549453581,-0.020224978527077386,-0.010112489263538693,0.04239230469906874
10.1111/bph.14913,OPRM_HUMAN,MP105,Recruitment ,Transducer,CHO-K1,Arrestin-3 (β-arrestin-2),54.0,6.6,6.269,8.332393759822969,0.1080532103693876,10.1111/bph.14913|OPRM_HUMAN|Recruitment |Transducer|CHO-K1|Arrestin-3 (β-arrestin-2),2.0633937598229686,0.08782823184231026,0.04391411592115513,0.08439674384049582
10.1111/bph.14913,OPRM_MOUSE,7-OH-mitragynine,Accumulation,Downstream,HEK-293,,84.0,7.8,5.123,9.72427928606188,2.356030060440097,10.1111/bph.14913|OPRM_MOUSE|Accumulation|Downstream|HEK-293|nan,4.601279286061879,2.318897232600895,1.1594486163004476,1.0
10.1111/bph.14913,OPRM_MOUSE,DAMGO,Accumulation,Downstream,HEK-293,,100.0,8.4,8.185,10.4,-0.0302492256217843,10.1111/bph.14913|OPRM_MOUSE|Accumulation|Downstream|HEK-293|nan,2.215,-0.06738205346098392,-0.03369102673049196,0.04478800227359796
10.1111/bph.14913,OPRM_MOUSE,Kratom extract #1,Accumulation,Downstream,HEK-293,,71.0,6.0,5.378,7.8512583487190755,0.2280091230972911,10.1111/bph.14913|OPRM_MOUSE|Accumulation|Downstream|HEK-293|nan,2.4732583487190754,0.19087629525809158,0.09543814762904579,0.5369965558024052
10.1111/bph.14913,OPRM_MOUSE,Kratom extract #2,Accumulation,Downstream,HEK-293,,100.0,5.7,5.594,7.7,-0.1392492256217843,10.1111/bph.14913|OPRM_MOUSE|Accumulation|Downstream|HEK-293|nan,2.106,-0.1763820534609839,-0.08819102673049195,0.1301727406172861
10.1111/bph.14913,OPRM_MOUSE,Mitragynine,Accumulation,Downstream,HEK-293,,75.0,6.3,5.536,8.1750612633917,0.393812037769917,10.1111/bph.14913|OPRM_MOUSE|Accumulation|Downstream|HEK-293|nan,2.639061263391701,0.35667920993071744,0.17833960496535872,0.998674516469306
10.1111/bph.14913,OPRM_MOUSE,Morphine,Accumulation,Downstream,HEK-293,,95.0,8.5,8.538,10.477723605288848,-0.3055256203329368,10.1111/bph.14913|OPRM_MOUSE|Accumulation|Downstream|HEK-293|nan,1.9397236052888474,-0.3426584481721364,-0.1713292240860682,0.9396993605237991
10.1111/bph.14913,OPRM_MOUSE,MP102,Accumulation,Downstream,HEK-293,,88.0,5.4,5.26,7.3444826721501695,-0.1607665534716145,10.1111/bph.14913|OPRM_MOUSE|Accumulation|Downstream|HEK-293|nan,2.0844826721501697,-0.19789938131081408,-0.09894969065540704,0.18333464998885787
10.1111/bph.14913,OPRM_MOUSE,MP103,Accumulation,Downstream,HEK-293,,90.0,6.5,6.102,8.454242509439325,0.1069932838175407,10.1111/bph.14913|OPRM_MOUSE|Accumulation|Downstream|HEK-293|nan,2.352242509439325,0.06986045597834112,0.03493022798917056,0.08329689564105791
10.1111/bph.14913,OPRM_MOUSE,MP105,Accumulation,Downstream,HEK-293,,87.0,6.7,5.999,8.63951925261862,0.3952700269968354,10.1111/bph.14913|OPRM_MOUSE|Accumulation|Downstream|HEK-293|nan,2.6405192526186196,0.35813719915763587,0.17906859957881793,0.9987668144176305
10.1111/bph.14913,OPRM_MOUSE,Paynantheine,Accumulation,Downstream,HEK-293,,100.0,5.4,7.355,7.4,-2.2002492256217843,10.1111/bph.14913|OPRM_MOUSE|Accumulation|Downstream|HEK-293|nan,0.04499999999999993,-2.237382053460984,-1.118691026730492,1.0
10.1111/bph.14913,OPRM_MOUSE,Speciogynine,Accumulation,Downstream,HEK-293,,87.0,5.5,5.423,7.439519252618618,-0.228729973003166,10.1111/bph.14913|OPRM_MOUSE|Accumulation|Downstream|HEK-293|nan,2.016519252618618,-0.2658628008423656,-0.1329314004211828,0.5421345870721341
10.1111/bph.14913,OPRM_MOUSE,TRV130,Accumulation,Downstream,HEK-293,,86.0,7.9,7.559,9.834498451243569,0.0302492256217843,10.1111/bph.14913|OPRM_MOUSE|Accumulation|Downstream|HEK-293|nan,2.2754984512435685,-0.006883602217415241,-0.0034418011087076206,0.04478800227359796
10.1124/jpet.114.220293,DRD2_HUMAN,(+)-3-PPP,Recruitment ,Transducer,CHO,Arrestin-3 (β-arrestin-2),92.0,6.033858267260968,5.8441,7.997646094606523,0.044354835550842,10.1124/jpet.114.220293|DRD2_HUMAN|Recruitment |Transducer|CHO|Arrestin-3 (β-arrestin-2),2.153546094606523,-0.005024197449182921,-0.0025120987245914606,0.04770272769189063
10.1124/jpet.114.220293,DRD2_HUMAN,(+)-3-PPP,Accumulation,Downstream,CHO,,108.0,8.065501548756432,7.957,10.098925304243382,0.0415723297927437,10.1124/jpet.114.220293|DRD2_HUMAN|Accumulation|Downstream|CHO|nan,2.141925304243382,0.13881599884194706,0.06940799942097353,0.04702507118178825
10.1124/jpet.114.220293,DRD2_HUMAN,Aripiprazole,Recruitment ,Transducer,CHO,Arrestin-3 (β-arrestin-2),19.0,8.443697499232712,7.5071,9.72245110018554,0.1061598411298598,10.1124/jpet.114.220293|DRD2_HUMAN|Recruitment |Transducer|CHO|Arrestin-3 (β-arrestin-2),2.215351100185539,0.056780808129833105,0.028390404064916552,0.08244872889496613
10.1124/jpet.114.220293,DRD2_HUMAN,Aripiprazole,Accumulation,Downstream,CHO,,65.0,8.886056647693163,8.4944,10.69897000433602,0.1042170298853797,10.1124/jpet.114.220293|DRD2_HUMAN|Accumulation|Downstream|CHO|nan,2.20457000433602,0.20146069893458485,0.10073034946729242,0.08052712500145787
10.1124/jpet.114.220293,DRD2_HUMAN,Bromocriptine,Recruitment ,Transducer,CHO,Arrestin-3 (β-arrestin-2),101.0,8.537602002101044,8.531,10.541923375883687,-0.098267883171994,10.1124/jpet.114.220293|DRD2_HUMAN|Recruitment |Transducer|CHO|Arrestin-3 (β-arrestin-2),2.010923375883687,-0.14764691617201908,-0.07382345808600954,0.07509921763714672
10.1124/jpet.114.220293,DRD2_HUMAN,Bromocriptine,Accumulation,Downstream,CHO,,104.0,8.721246399047171,9.165,10.738279738345952,-0.5270732361046857,10.1124/jpet.114.220293|DRD2_HUMAN|Accumulation|Downstream|CHO|nan,1.5732797383459527,-0.42982956705548236,-0.21491478352774118,0.9999994042343061
10.1124/jpet.114.220293,DRD2_HUMAN,Dopamine,Recruitment ,Transducer,CHO,Arrestin-3 (β-arrestin-2),100.0,6.906578314837765,6.818,8.906578314837766,-0.0206129442179143,10.1124/jpet.114.220293|DRD2_HUMAN|Recruitment |Transducer|CHO|Arrestin-3 (β-arrestin-2),2.0885783148377666,-0.06999197721793937,-0.034995988608969686,0.04348913961273454
10.1124/jpet.114.220293,DRD2_HUMAN,Dopamine,Accumulation,Downstream,CHO,,100.0,8.920818753952375,8.824,10.920818753952377,-0.0035342204982633,10.1124/jpet.114.220293|DRD2_HUMAN|Accumulation|Downstream|CHO|nan,2.096818753952377,0.09370944855094177,0.04685472427547088,0.04242416820130047
10.1124/jpet.114.220293,DRD2_HUMAN,Lisuride,Recruitment ,Transducer,CHO,Arrestin-3 (β-arrestin-2),66.0,9.397940008672036,8.9657,11.217483944213908,0.1425926851582257,10.1124/jpet.114.220293|DRD2_HUMAN|Recruitment |Transducer|CHO|Arrestin-3 (β-arrestin-2),2.2517839442139085,0.09321365215820254,0.04660682607910127,0.13702310541074472
10.1124/jpet.114.220293,DRD2_HUMAN,Lisuride,Accumulation,Downstream,CHO,,106.0,10.154901959985745,10.073,12.180207825250513,0.0068548507998738,10.1124/jpet.114.220293|DRD2_HUMAN|Accumulation|Downstream|CHO|nan,2.107207825250512,0.10409851984907714,0.05204925992453857,0.042512291366192514
10.1124/jpet.114.220293,DRD2_HUMAN,Pergolide,Recruitment ,Transducer,CHO,Arrestin-3 (β-arrestin-2),90.0,8.142667503568731,7.52311,10.096910013008056,0.4646087539523753,10.1124/jpet.114.220293|DRD2_HUMAN|Recruitment |Transducer|CHO|Arrestin-3 (β-arrestin-2),2.5738000130080563,0.41522972095235033,0.20761486047617517,0.9999708270320148
10.1124/jpet.114.220293,DRD2_HUMAN,Pergolide,Accumulation,Downstream,CHO,,101.0,10.397940008672036,10.569,12.40226138245468,-0.2670915919959586,10.1124/jpet.114.220293|DRD2_HUMAN|Accumulation|Downstream|CHO|nan,1.8332613824546797,-0.16984792294675533,-0.08492396147337766,0.7963679415903971
10.1124/jpet.114.220293,DRD2_HUMAN,Pramipexole,Recruitment ,Transducer,CHO,Arrestin-3 (β-arrestin-2),94.0,7.920818753952375,7.724,9.893946607552074,0.0607553484963929,10.1124/jpet.114.220293|DRD2_HUMAN|Recruitment |Transducer|CHO|Arrestin-3 (β-arrestin-2),2.169946607552074,0.011376315496367972,0.005688157748183986,0.052869950226045494
10.1124/jpet.114.220293,DRD2_HUMAN,Pramipexole,Accumulation,Downstream,CHO,,108.0,9.69897000433602,9.875,11.732393759822967,-0.2429592146276693,10.1124/jpet.114.220293|DRD2_HUMAN|Accumulation|Downstream|CHO|nan,1.8573937598229673,-0.14571554557846778,-0.07285777278923389,0.6434916378902674
10.1124/jpet.114.220293,DRD2_HUMAN,Quinpirole,Recruitment ,Transducer,CHO,Arrestin-3 (β-arrestin-2),96.0,7.1938200260161125,7.0669,9.17609125905568,0.0,10.1124/jpet.114.220293|DRD2_HUMAN|Recruitment |Transducer|CHO|Arrestin-3 (β-arrestin-2),2.109191259055679,-0.04937903300002677,-0.024689516500013386,0.04239230469906874
10.1124/jpet.114.220293,DRD2_HUMAN,Quinpirole,Accumulation,Downstream,CHO,,100.0,8.920818753952375,8.696,10.920818753952377,0.1244657795017367,10.1124/jpet.114.220293|DRD2_HUMAN|Accumulation|Downstream|CHO|nan,2.224818753952377,0.22170944855094188,0.11085472427547094,0.10486217667465901
10.1124/jpet.114.220293,DRD2_HUMAN,RNPA,Recruitment ,Transducer,CHO,Arrestin-3 (β-arrestin-2),101.0,8.721246399047171,8.646,10.725567772829814,-0.0296234862258675,10.1124/jpet.114.220293|DRD2_HUMAN|Recruitment |Transducer|CHO|Arrestin-3 (β-arrestin-2),2.0795677728298134,-0.07900251922589252,-0.03950125961294626,0.04468742628557324
10.1124/jpet.114.220293,DRD2_HUMAN,RNPA,Accumulation,Downstream,CHO,,95.0,7.886056647693163,7.7169,9.86378025298201,0.0465272785313723,10.1124/jpet.114.220293|DRD2_HUMAN|Accumulation|Downstream|CHO|nan,2.146880252982011,0.14377094758057574,0.07188547379028787,0.048269300386027544
10.1124/jpet.114.220293,DRD2_HUMAN,Ropinirole,Recruitment ,Transducer,CHO,Arrestin-3 (β-arrestin-2),92.0,7.309803919971486,7.1733,9.273591747317042,-0.0088995117386394,10.1124/jpet.114.220293|DRD2_HUMAN|Recruitment |Transducer|CHO|Arrestin-3 (β-arrestin-2),2.1002917473170415,-0.05827854473866445,-0.029139272369332225,0.042594733183848994
10.1124/jpet.114.220293,DRD2_HUMAN,Ropinirole,Accumulation,Downstream,CHO,,111.0,9.30102999566398,9.246,11.34635297445064,0.0,10.1124/jpet.114.220293|DRD2_HUMAN|Accumulation|Downstream|CHO|nan,2.10035297445064,0.09724366904920512,0.04862183452460256,0.04239230469906874
10.1124/jpet.114.220293,DRD2_HUMAN,Rotigotine,Recruitment ,Transducer,CHO,Arrestin-3 (β-arrestin-2),111.0,9.69897000433602,9.753,11.744292983122676,-0.1178982759330047,10.1124/jpet.114.220293|DRD2_HUMAN|Recruitment |Transducer|CHO|Arrestin-3 (β-arrestin-2),1.9912929831226762,-0.16727730893302972,-0.08363865446651486,0.09584071441441369
10.1124/jpet.114.220293,DRD2_HUMAN,Rotigotine,Accumulation,Downstream,CHO,,95.0,10.69897000433602,10.929,12.676693609624866,-0.3526593648257723,10.1124/jpet.114.220293|DRD2_HUMAN|Accumulation|Downstream|CHO|nan,1.747693609624866,-0.255415695776569,-0.1277078478882845,0.9909416141026911
10.1124/jpet.116.232561,CNR2_MOUSE,2-AG,Accumulation,Downstream,HEK-293,,68.42105263157895,8.387216143280265,8.393,10.222405894634273,0.2654054423502021,10.1124/jpet.116.232561|CNR2_MOUSE|Accumulation|Downstream|HEK-293|nan,1.829405894634272,0.5469854550875055,0.27349272754375276,0.787068591081917
10.1124/jpet.116.232561,CNR2_MOUSE,4-O-Methylhonokiol,Recruitment ,Transducer,CHO-K1,,55.0,7.292429823902063,10.01,9.032792513396307,-2.3769962448920854,10.1124/jpet.116.232561|CNR2_MOUSE|Recruitment |Transducer|CHO-K1|nan,-0.9772074866036924,-1.980057250336697,-0.9900286251683486,1.0
10.1124/jpet.116.232561,CNR2_MOUSE,A836339,Recruitment ,Transducer,CHO-K1,,100.0,9.154901959985745,9.1,11.154901959985745,0.6551132016973504,10.1124/jpet.116.232561|CNR2_MOUSE|Recruitment |Transducer|CHO-K1|nan,2.054901959985745,1.0520521962527405,0.5260260981263702,0.9999999999557786
10.1124/jpet.116.232561,CNR2_MOUSE,A836339,Accumulation,Downstream,HEK-293,,94.73684210526316,7.366531544420414,9.1,9.34305044857089,-1.320950003713179,10.1124/jpet.116.232561|CNR2_MOUSE|Accumulation|Downstream|HEK-293|nan,0.24305044857089086,-1.0393699909758756,-0.5196849954879378,1.0
10.1124/jpet.116.232561,CNR2_MOUSE,AM1241,Accumulation,Downstream,HEK-293,,47.368421052631575,7.698970004336019,7.73,9.374458912822517,0.0804584605384448,10.1124/jpet.116.232561|CNR2_MOUSE|Accumulation|Downstream|HEK-293|nan,1.6444589128225164,0.36203847327575,0.181019236637875,0.062337731958102514
10.1124/jpet.116.232561,CNR2_MOUSE,AM1248,Recruitment ,Transducer,CHO-K1,,52.0,7.1487416512809245,8.78,8.864744994915723,-1.3150437633726693,10.1124/jpet.116.232561|CNR2_MOUSE|Recruitment |Transducer|CHO-K1|nan,0.08474499491572374,-0.918104768817281,-0.4590523844086405,1.0
10.1124/jpet.116.232561,CNR2_MOUSE,AM1248,Accumulation,Downstream,HEK-293,,42.10526315789473,7.823908740944319,7.39,9.448245126983434,0.494244674699364,10.1124/jpet.116.232561|CNR2_MOUSE|Accumulation|Downstream|HEK-293|nan,2.058245126983434,0.7758246874366674,0.3879123437183337,0.9999951049050476
10.1124/jpet.116.232561,CNR2_MOUSE,AM1710,Recruitment ,Transducer,CHO-K1,,91.0,8.397940008672037,7.919,10.356981400993131,1.0381926427047388,10.1124/jpet.116.232561|CNR2_MOUSE|Recruitment |Transducer|CHO-K1|nan,2.4379814009931318,1.435131637260127,0.7175658186300635,1.0
10.1124/jpet.116.232561,CNR2_MOUSE,AM1710,Accumulation,Downstream,HEK-293,,84.21052631578947,7.958607314841775,7.92,9.88397369654487,0.399973244260801,10.1124/jpet.116.232561|CNR2_MOUSE|Accumulation|Downstream|HEK-293|nan,1.9639736965448709,0.6815532569981044,0.3407766284990522,0.9990247763450286
10.1124/jpet.116.232561,CNR2_MOUSE,AM2232,Accumulation,Downstream,HEK-293,,42.10526315789473,7.657577319177793,8.34,9.281913705216908,-0.6220867470671614,10.1124/jpet.116.232561|CNR2_MOUSE|Accumulation|Downstream|HEK-293|nan,0.9419137052169084,-0.340506734329858,-0.170253367164929,0.9999999993742766
10.1124/jpet.116.232561,CNR2_MOUSE,"CP55,940",Recruitment ,Transducer,CHO-K1,,100.0,8.494850021680094,8.27,10.494850021680094,0.8250612633917012,10.1124/jpet.116.232561|CNR2_MOUSE|Recruitment |Transducer|CHO-K1|nan,2.224850021680094,1.2220002579470894,0.6110001289735447,1.0
10.1124/jpet.116.232561,CNR2_MOUSE,"CP55,940",Accumulation,Downstream,HEK-293,,100.0,8.522878745280337,8.1,10.522878745280336,0.858878292996268,10.1124/jpet.116.232561|CNR2_MOUSE|Accumulation|Downstream|HEK-293|nan,2.422878745280336,1.1404583057335695,0.5702291528667848,1.0
10.1124/jpet.116.232561,CNR2_MOUSE,GP1a,Recruitment ,Transducer,CHO-K1,,38.0,7.769551078621726,7.95,9.349334675238536,-0.0004540830498571,10.1124/jpet.116.232561|CNR2_MOUSE|Recruitment |Transducer|CHO-K1|nan,1.3993346752385358,0.3964849115055311,0.19824245575276556,0.04239283050253167
10.1124/jpet.116.232561,CNR2_MOUSE,GP1a,Accumulation,Downstream,HEK-293,,89.47368421052632,7.853871964321762,7.8,9.805567284747209,0.4415668324631374,10.1124/jpet.116.232561|CNR2_MOUSE|Accumulation|Downstream|HEK-293|nan,2.005567284747209,0.7231468452004426,0.3615734226002213,0.99989171362557
10.1124/jpet.116.232561,CNR2_MOUSE,GW833972A,Recruitment ,Transducer,CHO-K1,,88.0,7.045757490560675,7.37,8.990240162710844,0.2204514044224508,10.1124/jpet.116.232561|CNR2_MOUSE|Recruitment |Transducer|CHO-K1|nan,1.6202401627108438,0.6173903989778391,0.30869519948891955,0.4838430961224785
10.1124/jpet.116.232561,CNR2_MOUSE,GW833972A,Accumulation,Downstream,HEK-293,,38.59649122807017,7.552841968657781,7.65,9.139389793807496,-0.0746106584765744,10.1124/jpet.116.232561|CNR2_MOUSE|Accumulation|Downstream|HEK-293|nan,1.4893897938074954,0.20696935426072893,0.10348467713036447,0.05908998610039861
10.1124/jpet.116.232561,CNR2_MOUSE,HU308,Accumulation,Downstream,HEK-293,,105.26315789473684,7.522878745280337,10.5,9.54515513999149,-2.51884531229258,10.1124/jpet.116.232561|CNR2_MOUSE|Accumulation|Downstream|HEK-293|nan,-0.9548448600085102,-2.2372652995552764,-1.1186326497776382,1.0
10.1124/jpet.116.232561,CNR2_MOUSE,JWH015,Recruitment ,Transducer,CHO-K1,,28.0,6.795880017344075,7.65,8.243038048686294,-0.8067507096020989,10.1124/jpet.116.232561|CNR2_MOUSE|Recruitment |Transducer|CHO-K1|nan,0.5930380486862941,-0.40981171504671066,-0.20490585752335533,1.0
10.1124/jpet.116.232561,CNR2_MOUSE,JWH015,Accumulation,Downstream,HEK-293,,40.35087719298245,7.522878745280337,8.56,9.12873172562544,-0.9952687266586312,10.1124/jpet.116.232561|CNR2_MOUSE|Accumulation|Downstream|HEK-293|nan,0.5687317256254403,-0.7136887139213262,-0.3568443569606631,1.0
10.1124/jpet.116.232561,CNR2_MOUSE,JWH133,Accumulation,Downstream,HEK-293,,107.01754385964912,7.698970004336019,7.1,9.728424983674294,1.064424531390225,10.1124/jpet.116.232561|CNR2_MOUSE|Accumulation|Downstream|HEK-293|nan,2.628424983674295,1.3460045441275283,0.6730022720637642,1.0
10.1124/jpet.116.232561,CNR2_MOUSE,KM233,Accumulation,Downstream,HEK-293,,87.71929824561403,8.795880017344075,8.73,10.738975166007602,0.444974713723532,10.1124/jpet.116.232561|CNR2_MOUSE|Accumulation|Downstream|HEK-293|nan,2.008975166007602,0.7265547264608354,0.3632773632304177,0.9999104305560792
10.1124/jpet.116.232561,CNR2_MOUSE,MAM2201,Accumulation,Downstream,HEK-293,,45.614035087719294,8.154901959985743,8.25,9.81400045228407,0.0,10.1124/jpet.116.232561|CNR2_MOUSE|Accumulation|Downstream|HEK-293|nan,1.5640004522840698,0.2815800127373034,0.1407900063686517,0.04239230469906874
10.1124/jpet.116.232561,CNR2_MOUSE,Methanandamide,Accumulation,Downstream,HEK-293,,96.49122807017544,7.698970004336019,9.67,9.683457838157771,-1.5505426141262983,10.1124/jpet.116.232561|CNR2_MOUSE|Accumulation|Downstream|HEK-293|nan,0.013457838157771462,-1.268962601388995,-0.6344813006944975,1.0
10.1124/jpet.116.232561,CNR2_MOUSE,SER601,Accumulation,Downstream,HEK-293,,43.85964912280701,7.397940008672037,8.85,9.040005161671584,-1.373995290612486,10.1124/jpet.116.232561|CNR2_MOUSE|Accumulation|Downstream|HEK-293|nan,0.19000516167158388,-1.0924152778751826,-0.5462076389375913,1.0
10.1124/jpet.116.232561,CNR2_MOUSE,STS135,Recruitment ,Transducer,CHO-K1,,62.0,8.823908740944319,8.79,10.616300430442571,0.4265116721541808,10.1124/jpet.116.232561|CNR2_MOUSE|Recruitment |Transducer|CHO-K1|nan,1.826300430442572,0.8234506667095673,0.4117253333547837,0.9997539344934785
10.1124/jpet.116.232561,CNR2_MOUSE,STS135,Accumulation,Downstream,HEK-293,,54.38596491228071,7.2839966563652,7.88,9.019483494526982,-0.4245169577570875,10.1124/jpet.116.232561|CNR2_MOUSE|Accumulation|Downstream|HEK-293|nan,1.1394834945269823,-0.14293694501978416,-0.07146847250989208,0.9997262527371059
10.1124/jpet.116.232561,CNR2_MOUSE,THC,Accumulation,Downstream,HEK-293,,91.2280701754386,8.136677139879543,8.23,10.096805627841851,0.3028051755577809,10.1124/jpet.116.232561|CNR2_MOUSE|Accumulation|Downstream|HEK-293|nan,1.8668056278418508,0.5843851882950843,0.2921925941475422,0.933532328109219
10.1124/jpet.116.232561,CNR2_MOUSE,UR144,Recruitment ,Transducer,CHO-K1,,70.0,7.022276394711152,10.5,8.86737443472541,-3.032414323562984,10.1124/jpet.116.232561|CNR2_MOUSE|Recruitment |Transducer|CHO-K1|nan,-1.6326255652745907,-2.6354753290075954,-1.3177376645037977,1.0
10.1124/jpet.116.232561,CNR2_MOUSE,"WIN55,212-2",Recruitment ,Transducer,CHO-K1,,30.0,8.142667503568731,8.22,9.619788758288394,0.0,10.1124/jpet.116.232561|CNR2_MOUSE|Recruitment |Transducer|CHO-K1|nan,1.399788758288393,0.3969389945553883,0.19846949727769414,0.04239230469906874
10.1124/jpet.116.232561,CNR2_MOUSE,"WIN55,212-2",Accumulation,Downstream,HEK-293,,70.17543859649122,7.795880017344075,8.9,9.642065152999546,-0.8219352992845241,10.1124/jpet.116.232561|CNR2_MOUSE|Accumulation|Downstream|HEK-293|nan,0.7420651529995457,-0.5403552865472208,-0.2701776432736104,1.0
10.1124/mol.110.065664,GLP1R_HUMAN,Compound 2,Phosphorylation,Downstream,CHO,,48.888888888888886,5.78,5.78,7.469210167046863,-0.2141954557292917,10.1124/mol.110.065664|GLP1R_HUMAN|Phosphorylation|Downstream|CHO|nan,1.6892101670468627,-0.17830759458954692,-0.08915379729477346,0.44140620293252814
10.1124/mol.110.065664,GLP1R_HUMAN,Compound 2,Accumulation,Downstream,CHO,,83.0,6.4,6.36,8.319078092376074,0.0089260083417896,10.1124/mol.110.065664|GLP1R_HUMAN|Accumulation|Downstream|CHO|nan,1.9590780923760738,-0.04443162148077695,-0.022215810740388475,0.04259594312890739
10.1124/mol.110.065664,GLP1R_HUMAN,Exendin-4,Phosphorylation,Downstream,CHO,,113.33333333333331,8.99,9.02,11.044357662322591,0.1209520395464389,10.1124/mol.110.065664|GLP1R_HUMAN|Phosphorylation|Downstream|CHO|nan,2.0243576623225916,0.15683990068618203,0.07841995034309102,0.09988528136308726
10.1021/acs.jmedchem.8b01912,FPR1_HUMAN,43,Accumulation,Downstream,CHO,,100.0,7.49,7.45,9.49,0.1580456295278409,10.1021/acs.jmedchem.8b01912|FPR1_HUMAN|Accumulation|Downstream|CHO|nan,2.04,0.14524830476035633,0.07262415238017816,0.17531639323905185
10.1124/mol.110.065664,GLP1R_HUMAN,Exendin-4,Accumulation,Downstream,CHO,,99.0,11.09,11.16,13.08563519459755,-0.0245168894367338,10.1124/mol.110.065664|GLP1R_HUMAN|Accumulation|Downstream|CHO|nan,1.9256351945975503,-0.07787451925930045,-0.03893725962965022,0.04395184986015659
10.1124/mol.110.065664,GLP1R_HUMAN,GLP-1(1–36)NH2,Phosphorylation,Downstream,CHO,,55.55555555555556,7.86,7.87,9.604727494896697,-0.1686781278794598,10.1124/mol.110.065664|GLP1R_HUMAN|Phosphorylation|Downstream|CHO|nan,1.7347274948966964,-0.13279026673971317,-0.06639513336985658,0.20912811226155958
10.1021/acs.jmedchem.8b01912,FPR1_HUMAN,50,Accumulation,Downstream,CHO,,66.66666666666666,6.05,6.09,7.8739087409443185,-0.0980456295278404,10.1021/acs.jmedchem.8b01912|FPR1_HUMAN|Accumulation|Downstream|CHO|nan,1.7839087409443186,-0.11084295429532509,-0.055421477147662546,0.07490906623356548
10.1124/mol.110.065664,GLP1R_HUMAN,GLP-1(1–36)NH2,Accumulation,Downstream,CHO,,96.0,8.21,8.29,10.19227123303957,-0.0478808509947135,10.1124/mol.110.065664|GLP1R_HUMAN|Accumulation|Downstream|CHO|nan,1.9022712330395706,-0.10123848081728015,-0.050619240408640076,0.04863940709480469
10.1124/mol.110.065664,GLP1R_HUMAN,GLP-1(7–36)NH2,Phosphorylation,Downstream,CHO,,100.0,9.04,9.09,11.04,0.0465943772238448,10.1124/mol.110.065664|GLP1R_HUMAN|Phosphorylation|Downstream|CHO|nan,1.9499999999999993,0.0824822383635897,0.04124111918179485,0.04828733481783508
10.1021/acs.jmedchem.8b01912,FPR1_HUMAN,54,Accumulation,Downstream,CHO,,100.0,7.26,7.28,9.26,0.0980456295278404,10.1021/acs.jmedchem.8b01912|FPR1_HUMAN|Accumulation|Downstream|CHO|nan,1.9799999999999995,0.08524830476035583,0.042624152380177915,0.07490906623356548
10.1124/mol.110.065664,GLP1R_HUMAN,GLP-1(7–36)NH2,Accumulation,Downstream,CHO,,100.0,10.81,10.98,12.81,-0.120152084034284,10.1124/mol.110.065664|GLP1R_HUMAN|Accumulation|Downstream|CHO|nan,1.83,-0.17350971385685066,-0.08675485692842533,0.09880125471063166
10.1124/mol.110.065664,GLP1R_HUMAN,GLP-1(7–37),Phosphorylation,Downstream,CHO,,97.77777777777776,9.02,9.09,11.010240162710843,0.0168345399346891,10.1124/mol.110.065664|GLP1R_HUMAN|Phosphorylation|Downstream|CHO|nan,1.9202401627108436,0.052722401074434044,0.026361200537217022,0.043120912304182774
10.1021/acs.jmedchem.8b01912,FPR1_HUMAN,17b,Accumulation,Downstream,CHO,,70.0,5.21,5.28,7.055098040014257,-0.1068563304579024,10.1021/acs.jmedchem.8b01912|FPR1_HUMAN|Accumulation|Downstream|CHO|nan,1.7750980400142566,-0.11965365522538707,-0.059826827612693534,0.08315652335435685
10.1124/mol.110.065664,GLP1R_HUMAN,GLP-1(7–37),Accumulation,Downstream,CHO,,98.0,10.84,10.89,12.831226075692497,-0.0089260083417896,10.1124/mol.110.065664|GLP1R_HUMAN|Accumulation|Downstream|CHO|nan,1.9412260756924962,-0.06228363816435456,-0.03114181908217728,0.04259594312890739
10.1124/mol.110.065664,GLP1R_HUMAN,Oxyntomodulin,Phosphorylation,Downstream,CHO,,84.44444444444444,8.01,8.05,9.936571082841466,-0.0168345399346891,10.1124/mol.110.065664|GLP1R_HUMAN|Phosphorylation|Downstream|CHO|nan,1.8865710828414652,0.01905332120505565,0.009526660602527826,0.043120912304182774
10.1124/mol.110.065664,GLP1R_HUMAN,Oxyntomodulin,Accumulation,Downstream,CHO,,96.0,8.95,9.05,10.932271233039568,-0.0678808509947166,10.1124/mol.110.065664|GLP1R_HUMAN|Accumulation|Downstream|CHO|nan,1.8822712330395674,-0.12123848081728328,-0.06061924040864164,0.05582848685637158
10.1124/mol.110.067454,ADA1A_HUMAN,A61603,Accumulation,Downstream,CHO-K1,,28.6,7.59,7.54,9.046366033129043,-0.5648232659408956,10.1124/mol.110.067454|ADA1A_HUMAN|Accumulation|Downstream|CHO-K1|nan,1.5063660331290434,-0.563654418795966,-0.281827209397983,0.9999999552721878
10.1124/mol.110.067454,ADA1A_HUMAN,Cirazoline,Accumulation,Downstream,CHO-K1,,105.0,6.89,6.46,8.911189299069939,0.3799999999999999,10.1124/mol.110.067454|ADA1A_HUMAN|Accumulation|Downstream|CHO-K1|nan,2.451189299069939,0.3811688471449295,0.19058442357246475,0.9974093975694402
10.1021/acs.jmedchem.8b01912,FPR2_HUMAN,43,Accumulation,Downstream,CHO,,100.0,7.02,6.9,9.02,0.1299999999999999,10.1021/acs.jmedchem.8b01912|FPR2_HUMAN|Accumulation|Downstream|CHO|nan,2.119999999999999,0.08999999999999986,0.04499999999999993,0.11346080888936583
10.1124/mol.110.067454,ADA1A_HUMAN,Epinephrine,Accumulation,Downstream,CHO-K1,,96.0,5.83,5.78,7.812271233039569,-0.0389180660303702,10.1124/mol.110.067454|ADA1A_HUMAN|Accumulation|Downstream|CHO-K1|nan,2.0322712330395687,-0.037749218885440694,-0.018874609442720347,0.04642729843515585
10.1021/acs.jmedchem.8b01912,FPR2_HUMAN,50,Accumulation,Downstream,CHO,,100.0,7.29,7.3,9.29,0.0,10.1021/acs.jmedchem.8b01912|FPR2_HUMAN|Accumulation|Downstream|CHO|nan,1.9899999999999993,-0.040000000000000036,-0.020000000000000018,0.04239230469906874
10.1124/mol.110.067454,ADA1A_HUMAN,Methoxamine,Accumulation,Downstream,CHO-K1,,94.0,4.39,4.27,6.363127853599698,0.0219385545297594,10.1124/mol.110.067454|ADA1A_HUMAN|Accumulation|Downstream|CHO-K1|nan,2.0931278535996984,0.023107401674689054,0.011553700837344527,0.043636771337519586
10.1021/acs.jmedchem.8b01912,FPR2_HUMAN,54,Accumulation,Downstream,CHO,,100.0,7.28,7.3,9.28,-0.009999999999998,10.1021/acs.jmedchem.8b01912|FPR2_HUMAN|Accumulation|Downstream|CHO|nan,1.9799999999999995,-0.04999999999999982,-0.02499999999999991,0.04264804492856793
10.1124/mol.110.067454,ADA1A_HUMAN,Norepinephrine,Accumulation,Downstream,CHO-K1,,100.0,5.55,5.59,7.55,-0.111189299069939,10.1124/mol.110.067454|ADA1A_HUMAN|Accumulation|Downstream|CHO-K1|nan,1.96,-0.11002045192500942,-0.05501022596250471,0.08779471331658152
10.1124/mol.110.067454,ADA1A_HUMAN,Norepinephrine,Accumulation,Downstream,CHO-K1,,100.0,5.55,5.48,7.55,-0.0011892990699395,10.1124/mol.110.067454|ADA1A_HUMAN|Accumulation|Downstream|CHO-K1|nan,2.0699999999999994,-2.0451925009989935e-05,-1.0225962504994968e-05,0.04239591173196242
10.1124/mol.110.067454,ADA1A_HUMAN,Phenylephrine,Accumulation,Downstream,CHO-K1,,86.0,4.93,4.76,6.864498451243567,0.0333091521736284,10.1124/mol.110.067454|ADA1A_HUMAN|Accumulation|Downstream|CHO-K1|nan,2.1044984512435674,0.034477999318557995,0.017238999659278997,0.045313580579667403
10.1124/mol.110.068106,DRD2_HUMAN,7-OH-DPAT,Phosphorylation,Downstream,CHO,,98.0,9.04,8.62,11.031226075692494,0.4187171629862591,10.1124/mol.110.068106|DRD2_HUMAN|Phosphorylation|Downstream|CHO|nan,2.411226075692495,0.5099202610952214,0.2549601305476107,0.9996278423314964
10.1124/mol.110.068106,DRD2_HUMAN,7-OH-DPAT,Accumulation,Downstream,CHO,,84.0,8.64,8.7,10.564279286061884,-0.069788758288392,10.1124/mol.110.068106|DRD2_HUMAN|Accumulation|Downstream|CHO|nan,1.864279286061885,-0.018703545610487593,-0.009351772805243797,0.05670460424427687
10.1124/mol.110.068106,DRD2_HUMAN,Aripiprazole,Phosphorylation,Downstream,CHO,,62.0,6.96,6.67,8.752391689498253,0.0898827767920176,10.1124/mol.110.068106|DRD2_HUMAN|Phosphorylation|Downstream|CHO|nan,2.0823916894982535,0.18108587490097983,0.09054293745048991,0.06849887680550121
10.1124/mol.110.068106,DRD2_HUMAN,Aripiprazole,Accumulation,Downstream,CHO,,62.0,7.49,7.16,9.282391689498256,0.188323645147979,10.1124/mol.110.068106|DRD2_HUMAN|Accumulation|Downstream|CHO|nan,2.122391689498256,0.2394088578258835,0.11970442891294175,0.2911873280235499
10.1124/mol.110.068106,DRD2_HUMAN,CPD1,Phosphorylation,Downstream,CHO,,37.0,6.51,5.84,8.078201724066995,0.245692811360759,10.1124/mol.110.068106|DRD2_HUMAN|Phosphorylation|Downstream|CHO|nan,2.238201724066995,0.33689590946972126,0.16844795473486063,0.6625012359816129
10.1124/mol.110.068106,DRD2_HUMAN,Dopamine,Phosphorylation,Downstream,CHO,,106.0,7.76,9.17,9.785305865264773,-1.3772030474414647,10.1124/mol.110.068106|DRD2_HUMAN|Phosphorylation|Downstream|CHO|nan,0.6153058652647729,-1.2859999493325007,-0.6429999746662504,1.0
10.1124/mol.110.068106,DRD2_HUMAN,Dopamine,Accumulation,Downstream,CHO,,111.0,7.72,8.73,9.765322978786656,-0.8987450655636193,10.1124/mol.110.068106|DRD2_HUMAN|Accumulation|Downstream|CHO|nan,1.035322978786656,-0.8476598528857167,-0.42382992644285833,1.0
10.1124/mol.110.068106,DRD2_HUMAN,FAUC321,Phosphorylation,Downstream,CHO,,55.0,8.41,8.19,10.150362689494244,-0.0321462232119911,10.1124/mol.110.068106|DRD2_HUMAN|Phosphorylation|Downstream|CHO|nan,1.9603626894942447,0.05905687489697109,0.029528437448485545,0.04510717603961466
10.1124/mol.110.068106,DRD2_HUMAN,FAUC321,Accumulation,Downstream,CHO,,35.0,8.09,7.7,9.634068044350276,0.0,10.1124/mol.110.068106|DRD2_HUMAN|Accumulation|Downstream|CHO|nan,1.9340680443502754,0.05108521267790267,0.025542606338951335,0.04239230469906874
10.1124/mol.110.068106,DRD2_HUMAN,FAUC335,Phosphorylation,Downstream,CHO,,68.0,7.45,7.29,9.282508912706236,0.0,10.1124/mol.110.068106|DRD2_HUMAN|Phosphorylation|Downstream|CHO|nan,1.9925089127062359,0.09120309810896221,0.045601549054481105,0.04239230469906874
10.1124/mol.110.068106,DRD2_HUMAN,FAUC335,Accumulation,Downstream,CHO,,46.0,7.94,7.13,9.602757831681574,0.5386897873312986,10.1124/mol.110.068106|DRD2_HUMAN|Accumulation|Downstream|CHO|nan,2.472757831681574,0.5897750000092012,0.2948875000046006,0.9999997262691601
10.1124/mol.110.068106,DRD2_HUMAN,FAUC346,Phosphorylation,Downstream,CHO,,11.0,6.93,5.91,7.971392685158225,0.068883772451989,10.1124/mol.110.068106|DRD2_HUMAN|Phosphorylation|Downstream|CHO|nan,2.061392685158225,0.16008687056095128,0.08004343528047564,0.056284403710819685
10.1124/mol.110.068106,DRD2_HUMAN,FAUC346,Accumulation,Downstream,CHO,,4.0,7.77,6.18,8.372059991327962,0.257991946977687,10.1124/mol.110.068106|DRD2_HUMAN|Accumulation|Downstream|CHO|nan,2.1920599913279624,0.3090771596555897,0.15453857982779484,0.7433785579107491
10.1124/mol.110.068106,DRD2_HUMAN,FAUC350,Phosphorylation,Downstream,CHO,,55.0,7.46,7.41,9.200362689494243,-0.2021462232119928,10.1124/mol.110.068106|DRD2_HUMAN|Phosphorylation|Downstream|CHO|nan,1.790362689494243,-0.11094312510303062,-0.05547156255151531,0.36572904601682565
10.1124/mol.110.068106,DRD2_HUMAN,Quinpirole,Phosphorylation,Downstream,CHO,,100.0,8.37,8.41,10.37,-0.0325089127062367,10.1124/mol.110.068106|DRD2_HUMAN|Phosphorylation|Downstream|CHO|nan,1.959999999999999,0.05869418540272542,0.02934709270136271,0.045170665981948924
10.1124/mol.110.068106,DRD2_HUMAN,Quinpirole,Accumulation,Downstream,CHO,,100.0,8.24,8.68,10.24,-0.3740680443502748,10.1124/mol.110.068106|DRD2_HUMAN|Accumulation|Downstream|CHO|nan,1.5600000000000005,-0.3229828316723722,-0.1614914158361861,0.9965717980217614
10.1016/j.bcp.2017.03.018,GLP1R_HUMAN,GLP-1,Accumulation,Downstream,CHO,,100.0,7.5,7.463,9.5,-0.0541512503836436,10.1016/j.bcp.2017.03.018|GLP1R_HUMAN|Accumulation|Downstream|CHO|nan,2.037,-0.04870279488281204,-0.02435139744140602,0.0505331974027962
10.1016/j.bcp.2017.03.018,GLP1R_HUMAN,P1,Accumulation,Downstream,CHO,,89.0,7.2,7.004,9.149390006644913,0.0542387562612693,10.1016/j.bcp.2017.03.018|GLP1R_HUMAN|Accumulation|Downstream|CHO|nan,2.145390006644913,0.05968721176210101,0.029843605881050506,0.05056179140626876
10.1016/j.bcp.2017.03.018,GLP1R_HUMAN,P2,Accumulation,Downstream,CHO,,80.0,6.4,6.231,8.303089986991944,-0.0190612633916993,10.1016/j.bcp.2017.03.018|GLP1R_HUMAN|Accumulation|Downstream|CHO|nan,2.0720899869919442,-0.013612807890867717,-0.006806403945433859,0.04332855998389823
10.1016/j.bcp.2017.03.018,GLP1R_HUMAN,P3,Accumulation,Downstream,CHO,,100.0,5.3,5.288,7.3,-0.079151250383644,10.1016/j.bcp.2017.03.018|GLP1R_HUMAN|Accumulation|Downstream|CHO|nan,2.0119999999999996,-0.0737027948828124,-0.0368513974414062,0.0615760256426238
10.1016/j.bcp.2017.03.018,GLP1R_HUMAN,P4,Accumulation,Downstream,CHO,,90.0,5.2,5.02,7.154242509439325,0.0430912590556822,10.1016/j.bcp.2017.03.018|GLP1R_HUMAN|Accumulation|Downstream|CHO|nan,2.134242509439326,0.04853971455651385,0.024269857278256923,0.04738840891122525
10.1016/j.bcp.2017.03.018,GLP1R_HUMAN,P5,Accumulation,Downstream,CHO,,82.0,7.3,7.259,9.213813852383716,-0.1363373979999282,10.1016/j.bcp.2017.03.018|GLP1R_HUMAN|Accumulation|Downstream|CHO|nan,1.9548138523837153,-0.13088894249909666,-0.06544447124954833,0.12457077371354784
10.1016/j.bcp.2017.03.018,GLP1R_HUMAN,P6,Accumulation,Downstream,CHO,,78.0,7.4,7.304,9.29209460269048,-0.1030566476931627,10.1016/j.bcp.2017.03.018|GLP1R_HUMAN|Accumulation|Downstream|CHO|nan,1.988094602690479,-0.09760819219233285,-0.04880409609616643,0.07941552113899132
10.1016/j.bcp.2017.03.018,GLP1R_HUMAN,P7,Accumulation,Downstream,CHO,,60.0,7.0,6.687,8.778151250383644,0.0,10.1016/j.bcp.2017.03.018|GLP1R_HUMAN|Accumulation|Downstream|CHO|nan,2.0911512503836436,0.005448455500831617,0.0027242277504158086,0.04239230469906874
10.1016/j.bcp.2017.03.018,GLP1R_HUMAN,P8,Accumulation,Downstream,CHO,,59.0,5.7,5.506,7.470852011642144,-0.1262992387414998,10.1016/j.bcp.2017.03.018|GLP1R_HUMAN|Accumulation|Downstream|CHO|nan,1.9648520116421437,-0.12085078324066822,-0.06042539162033411,0.10760423544041714
10.1124/mol.113.088880,ADRB2_HUMAN,Bucindolol,Phosphorylation,Downstream,HEK,,107.2,8.51,7.35,10.54019478535675,0.6700361745696415,10.1124/mol.113.088880|ADRB2_HUMAN|Phosphorylation|Downstream|HEK|nan,3.1901947853567503,0.7775648320233288,0.3887824160116644,0.9999999999872313
10.1124/mol.113.088880,ADRB2_HUMAN,Bucindolol,Accumulation,Downstream,HEK,,62.07,8.64,8.11,10.432881745385398,0.0573564101663244,10.1124/mol.113.088880|ADRB2_HUMAN|Accumulation|Downstream|HEK|nan,2.3228817453853985,0.3854392342903701,0.19271961714518504,0.05162130743962264
10.1124/mol.113.088880,ADRB2_HUMAN,Carvedilol,Phosphorylation,Downstream,HEK,,88.55,7.98,6.05,9.927188565526096,1.357029954738986,10.1124/mol.113.088880|ADRB2_HUMAN|Phosphorylation|Downstream|HEK|nan,3.8771885655260965,1.464558612192675,0.7322793060963375,1.0
10.1124/mol.113.088880,ADRB2_HUMAN,Isoproterenol ,Internalization ,Transducer,HEK,,100.0,7.88,7.24,9.88,1.433683465958444,10.1124/mol.113.088880|ADRB2_HUMAN|Internalization |Transducer|HEK|nan,2.6400000000000006,1.433683465958445,0.7168417329792225,1.0
10.1124/mol.113.088880,ADRB2_HUMAN,Isoproterenol ,Phosphorylation,Downstream,HEK,,100.0,7.95,7.37,9.95,0.0598413892128903,10.1124/mol.113.088880|ADRB2_HUMAN|Phosphorylation|Downstream|HEK|nan,2.579999999999999,0.16737004666657773,0.08368502333328887,0.052524319440701
10.1124/mol.113.088880,ADRB2_HUMAN,Isoproterenol ,Phosphorylation,Downstream,HEK-293S,,100.0,8.69,8.79,10.69,-0.0674108726919797,10.1124/mol.113.088880|ADRB2_HUMAN|Phosphorylation|Downstream|HEK-293S|nan,1.9000000000000004,-0.1119136087468866,-0.0559568043734433,0.05561832153848635
10.1124/mol.110.065664,GLP1R_HUMAN,Exendin-4,Accumulation,Downstream,CHO,,77.19298245614034,8.2,8.06,10.087577820813696,0.0774257367794111,10.1124/mol.110.065664|GLP1R_HUMAN|Accumulation|Downstream|CHO|nan,2.027577820813695,0.02406810695684447,0.012034053478422235,0.06060259986600145
10.1124/mol.113.088880,ADRB2_HUMAN,Isoproterenol ,Accumulation,Downstream,HEK,,100.0,8.23,7.65,10.23,0.314474664780926,10.1124/mol.113.088880|ADRB2_HUMAN|Accumulation|Downstream|HEK|nan,2.58,0.6425574889049717,0.32127874445248583,0.9566756887127084
10.1124/mol.113.088880,ADRB2_HUMAN,Isoproterenol ,Accumulation,Downstream,HEK-293S,,100.0,7.89,7.7,9.89,0.0100000000000006,10.1124/mol.113.088880|ADRB2_HUMAN|Accumulation|Downstream|HEK-293S|nan,2.1900000000000004,0.08835375446390037,0.044176877231950185,0.042648044928568066
10.1124/mol.113.088880,ADRB2_HUMAN,Labetalol ,Phosphorylation,Downstream,HEK,,111.9,10.28,11.01,12.328830086528349,-1.2013285242587597,10.1124/mol.113.088880|ADRB2_HUMAN|Phosphorylation|Downstream|HEK|nan,1.318830086528349,-1.0937998668050724,-0.5468999334025362,1.0
10.1124/mol.113.088880,ADRB2_HUMAN,Labetalol ,Accumulation,Downstream,HEK,,51.84,7.82,8.24,9.534664992862538,-0.970860342356536,10.1124/mol.113.088880|ADRB2_HUMAN|Accumulation|Downstream|HEK|nan,1.294664992862538,-0.6427775182324904,-0.3213887591162452,1.0
10.1124/mol.110.065664,GLP1R_HUMAN,GLP-1(7–36)NH2,Accumulation,Downstream,CHO,,100.0,8.27,8.27,10.27,0.0498479159657159,10.1124/mol.110.065664|GLP1R_HUMAN|Accumulation|Downstream|CHO|nan,2.0,-0.003509713856850727,-0.0017548569284253634,0.04920125465313369
10.1124/mol.110.065664,GLP1R_HUMAN,GLP-1(7–37),Accumulation,Downstream,CHO,,91.2280701754386,8.01,7.93,9.970128487962308,0.0899764039280239,10.1124/mol.110.065664|GLP1R_HUMAN|Accumulation|Downstream|CHO|nan,2.040128487962308,0.03661877410545733,0.018309387052728665,0.06856640343168602
10.1124/mol.110.065664,GLP1R_HUMAN,Oxyntomodulin,Accumulation,Downstream,CHO,,71.9298245614035,6.42,5.75,8.276909001047244,0.5767569170129598,10.1124/mol.110.065664|GLP1R_HUMAN|Accumulation|Downstream|CHO|nan,2.526909001047244,0.5233992871903932,0.2616996435951966,0.9999999809925916
10.1124/mol.113.088880,ADRB2_HUMAN,Pindolol,Phosphorylation,Downstream,HEK,,81.55,8.9,7.41,10.811423965376296,0.8812653545891869,10.1124/mol.113.088880|ADRB2_HUMAN|Phosphorylation|Downstream|HEK|nan,3.4014239653762957,0.9887940120428742,0.4943970060214371,1.0
10.1124/mol.113.088880,ADRB2_HUMAN,Pindolol,Accumulation,Downstream,HEK,,18.43,9.5,8.5,10.765525335219074,0.0,10.1124/mol.113.088880|ADRB2_HUMAN|Accumulation|Downstream|HEK|nan,2.265525335219074,0.32808282412404566,0.16404141206202283,0.04239230469906874
10.1124/mol.113.088880,ADRB2_HUMAN,Salbutamol ,Internalization ,Transducer,HEK,,44.94,5.93,7.81,7.58263306808311,-1.433683465958444,10.1124/mol.113.088880|ADRB2_HUMAN|Internalization |Transducer|HEK|nan,-0.2273669319168894,-1.433683465958445,-0.7168417329792225,1.0
10.1124/mol.113.088880,ADRB2_HUMAN,Salbutamol ,Phosphorylation,Downstream,HEK,,87.16,10.81,10.29,12.750317221574218,-0.0598413892128903,10.1124/mol.113.088880|ADRB2_HUMAN|Phosphorylation|Downstream|HEK|nan,2.4603172215742184,0.04768726824079694,0.02384363412039847,0.052524319440701
10.1124/mol.113.088880,ADRB2_HUMAN,Salbutamol ,Phosphorylation,Downstream,HEK-293S,,97.14285714285714,8.24,8.26,10.22741087269198,0.0,10.1124/mol.113.088880|ADRB2_HUMAN|Phosphorylation|Downstream|HEK-293S|nan,1.9674108726919801,-0.044502736054906844,-0.022251368027453422,0.04239230469906874
10.1124/mol.113.088880,ADRB2_HUMAN,Salbutamol ,Accumulation,Downstream,HEK,,111.3,9.08,8.77,11.126495164334708,0.0909698291156342,10.1124/mol.113.088880|ADRB2_HUMAN|Accumulation|Downstream|HEK|nan,2.3564951643347083,0.4190526532396799,0.20952632661983994,0.06929107274002815
10.1124/mol.113.088880,ADRB2_HUMAN,Salbutamol ,Accumulation,Downstream,HEK-293S,,100.0,9.23,9.05,11.23,0.0,10.1124/mol.113.088880|ADRB2_HUMAN|Accumulation|Downstream|HEK-293S|nan,2.1799999999999997,0.0783537544638997,0.03917687723194985,0.04239230469906874
10.1124/mol.113.088880,ADRB2_HUMAN,Salmeterol ,Phosphorylation,Downstream,HEK,,74.39,10.14,9.74,12.011514558708384,-0.2486440520787263,10.1124/mol.113.088880|ADRB2_HUMAN|Phosphorylation|Downstream|HEK|nan,2.2715145587083843,-0.1411153946250372,-0.0705576973125186,0.6826775980136806
10.1124/mol.113.088880,ADRB2_HUMAN,Salmeterol ,Phosphorylation,Downstream,HEK-293S,,82.85714285714286,10.76,10.51,12.67832995354868,0.2009190808566998,10.1124/mol.113.088880|ADRB2_HUMAN|Phosphorylation|Downstream|HEK-293S|nan,2.16832995354868,0.156416344801793,0.0782081724008965,0.35855213702787964
10.1124/mol.113.088880,ADRB2_HUMAN,Salmeterol ,Accumulation,Downstream,HEK,,105.5,8.63,8.74,10.653252459633713,-0.3522728755853617,10.1124/mol.113.088880|ADRB2_HUMAN|Accumulation|Downstream|HEK|nan,1.9132524596337124,-0.02419005146131603,-0.012095025730658016,0.9907866921259939
10.1124/mol.113.088880,ADRB2_HUMAN,Salmeterol ,Accumulation,Downstream,HEK-293S,,133.33333333333334,8.99,9.18,11.1149387366083,-0.2450612633916993,10.1124/mol.113.088880|ADRB2_HUMAN|Accumulation|Downstream|HEK-293S|nan,1.9349387366083004,-0.16670750892779962,-0.08335375446389981,0.658134396935889
10.1124/mol.113.088880,ADRB2_HUMAN,Xamoterol,Phosphorylation,Downstream,HEK,,102.7,6.58,8.39,8.591570443597279,-2.3185881671898305,10.1124/mol.113.088880|ADRB2_HUMAN|Phosphorylation|Downstream|HEK|nan,0.20157044359727827,-2.211059509736143,-1.1055297548680716,1.0
10.1124/mol.113.089649,OPRK_HUMAN,"(-)U50,488",Recruitment ,Transducer,HEK,Arrestin-3 (β-arrestin-2),97.32510288065843,9.08512818245995,8.91,11.073353053935469,0.0382262870227974,10.1124/mol.113.089649|OPRK_HUMAN|Recruitment |Transducer|HEK|Arrestin-3 (β-arrestin-2),2.1633530539354684,0.0820273043059827,0.04101365215299135,0.04627911006777779
10.1124/mol.113.089649,OPRK_HUMAN,"(-)U50,488",Accumulation,Downstream,HEK,,95.78736208625878,9.066512712151294,8.6,11.047820925423384,0.2844628733656531,10.1124/mol.113.089649|OPRK_HUMAN|Accumulation|Downstream|HEK|nan,2.4478209254233843,0.2944837002964955,0.14724185014824775,0.8771384951883435
10.1124/mol.113.089649,OPRK_HUMAN,"(+)U50,488",Recruitment ,Transducer,HEK,Arrestin-3 (β-arrestin-2),94.9588477366255,6.018181392829336,5.873,7.995716828928973,-0.0024099379836979,10.1124/mol.113.089649|OPRK_HUMAN|Recruitment |Transducer|HEK|Arrestin-3 (β-arrestin-2),2.122716828928973,0.04139107929948738,0.02069553964974369,0.042407117409251564
10.1124/mol.113.089649,OPRK_HUMAN,"(+)U50,488",Accumulation,Downstream,HEK,,102.30692076228686,6.609064892896621,6.783,8.618969906346884,-0.3273881457108478,10.1124/mol.113.089649|OPRK_HUMAN|Accumulation|Downstream|HEK|nan,1.8359699063468833,-0.31736731878000546,-0.15868365939000273,0.9737992937243157
10.1124/mol.113.089649,OPRK_HUMAN,6'-GNTI,Recruitment ,Transducer,HEK,Arrestin-3 (β-arrestin-2),35.699588477366255,8.131943638176958,7.489,9.684606848041556,0.0704800811288866,10.1124/mol.113.089649|OPRK_HUMAN|Recruitment |Transducer|HEK|Arrestin-3 (β-arrestin-2),2.195606848041556,0.11428109841207013,0.05714054920603506,0.05703130996636522
10.1124/mol.113.089649,OPRK_HUMAN,6'-GNTI,Accumulation,Downstream,HEK,,96.79037111334002,8.324221658325914,8.252,10.310053813358053,-0.1053042386996807,10.1124/mol.113.089649|OPRK_HUMAN|Accumulation|Downstream|HEK|nan,2.058053813358052,-0.09528341176883659,-0.047641705884418295,0.08159299689334634
10.1124/mol.113.089649,OPRK_HUMAN,BRL 52537,Recruitment ,Transducer,HEK,Arrestin-3 (β-arrestin-2),91.46090534979425,8.869666231504993,8.702,10.830901727548932,0.0037749606362611,10.1124/mol.113.089649|OPRK_HUMAN|Recruitment |Transducer|HEK|Arrestin-3 (β-arrestin-2),2.128901727548932,0.047575977919446455,0.023787988959723227,0.04242865876993642
10.1124/mol.113.089649,OPRK_HUMAN,BRL 52537,Accumulation,Downstream,HEK,,112.3370110330993,8.732828271596986,8.843,10.783351135955511,-0.2230069161022179,10.1124/mol.113.089649|OPRK_HUMAN|Accumulation|Downstream|HEK|nan,1.9403511359555115,-0.2129860891713773,-0.10649304458568865,0.501634443413195
10.1124/mol.113.089649,OPRK_HUMAN,Butorphanol,Recruitment ,Transducer,HEK,Arrestin-3 (β-arrestin-2),60.90534979423868,8.769551078621726,8.249,10.55420652041837,0.1800797535056988,10.1124/mol.113.089649|OPRK_HUMAN|Recruitment |Transducer|HEK|Arrestin-3 (β-arrestin-2),2.30520652041837,0.22388077078888413,0.11194038539444207,0.253429589472214
10.1124/mol.113.089649,OPRK_HUMAN,Butorphanol,Accumulation,Downstream,HEK,,94.58375125376128,8.739928612014925,8.611,10.715745146440597,-0.0586129056171351,10.1124/mol.113.089649|OPRK_HUMAN|Accumulation|Downstream|HEK|nan,2.104745146440596,-0.04859207868629278,-0.02429603934314639,0.052071266988590444
10.1124/mol.113.089649,OPRK_HUMAN,Cyclazocine,Recruitment ,Transducer,HEK,Arrestin-3 (β-arrestin-2),84.05349794238684,9.093664958194909,8.804,11.01822074980105,0.0890939828883778,10.1124/mol.113.089649|OPRK_HUMAN|Recruitment |Transducer|HEK|Arrestin-3 (β-arrestin-2),2.214220749801049,0.1328950001715632,0.0664475000857816,0.06793518580950567
10.1124/mol.113.089649,OPRK_HUMAN,Cyclazocine,Accumulation,Downstream,HEK,,102.30692076228686,8.924453038607469,8.771,10.934358052057732,0.0,10.1124/mol.113.089649|OPRK_HUMAN|Accumulation|Downstream|HEK|nan,2.163358052057731,0.010020826930842386,0.005010413465421193,0.04239230469906874
10.1124/mol.113.089649,OPRK_HUMAN,DIPPA,Recruitment ,Transducer,HEK,Arrestin-3 (β-arrestin-2),70.47325102880659,8.071092309756047,7.765,9.919116616322198,0.0289898494095268,10.1124/mol.113.089649|OPRK_HUMAN|Recruitment |Transducer|HEK|Arrestin-3 (β-arrestin-2),2.154116616322198,0.07279086669271218,0.03639543334635609,0.04458793568969014
10.1124/mol.113.089649,OPRK_HUMAN,DIPPA,Accumulation,Downstream,HEK,,111.33400200601804,7.838631997765025,7.838,9.885259818240026,-0.1160982338177047,10.1124/mol.113.089649|OPRK_HUMAN|Accumulation|Downstream|HEK|nan,2.0472598182400263,-0.1060774068868624,-0.0530387034434312,0.0935723223323927
10.1124/mol.113.089649,OPRK_HUMAN,Diprenorphine,Recruitment ,Transducer,HEK,Arrestin-3 (β-arrestin-2),89.50617283950618,8.481486060122112,8.404,10.433339047814457,-0.0957877190982143,10.1124/mol.113.089649|OPRK_HUMAN|Recruitment |Transducer|HEK|Arrestin-3 (β-arrestin-2),2.0293390478144566,-0.05198670181502907,-0.025993350907514534,0.07302603917520326
10.1124/mol.113.089649,OPRK_HUMAN,Diprenorphine,Accumulation,Downstream,HEK,,88.56569709127382,9.017728766960431,8.615,10.964994312226343,0.186636260168612,10.1124/mol.113.089649|OPRK_HUMAN|Accumulation|Downstream|HEK|nan,2.349994312226343,0.1966570870994544,0.0983285435497272,0.28305279719572946
10.1124/mol.113.089649,OPRK_HUMAN,Dynorphin 1-11,Recruitment ,Transducer,HEK,Arrestin-3 (β-arrestin-2),93.1174089068826,6.596879478824183,6.816,8.565910361582109,-0.375216405330562,10.1124/mol.113.089649|OPRK_HUMAN|Recruitment |Transducer|HEK|Arrestin-3 (β-arrestin-2),1.749910361582109,-0.3314153880473767,-0.16570769402368835,0.9967515898857627
10.1124/mol.113.089649,OPRK_HUMAN,Dynorphin 1-11,Recruitment ,Transducer,HEK,Arrestin-3 (β-arrestin-2),77.9835390946502,6.346787486224656,6.594,8.238790426930436,-0.4803363399822355,10.1124/mol.113.089649|OPRK_HUMAN|Recruitment |Transducer|HEK|Arrestin-3 (β-arrestin-2),1.6447904269304354,-0.43653532269905027,-0.21826766134952513,0.9999885304483
10.1124/mol.113.089649,OPRK_HUMAN,Dynorphin 1-11,Accumulation,Downstream,HEK,,101.30391173520562,8.48678239993206,8.263,10.492408615403049,0.0660505633453159,10.1124/mol.113.089649|OPRK_HUMAN|Accumulation|Downstream|HEK|nan,2.229408615403049,0.07607139027616006,0.03803569513808003,0.05502233772292341
10.1124/mol.113.089649,OPRK_HUMAN,Dynorphin 1-13,Recruitment ,Transducer,HEK,Arrestin-3 (β-arrestin-2),87.34817813765183,7.106793246940152,6.979,9.048047098067734,-0.0560796688449372,10.1124/mol.113.089649|OPRK_HUMAN|Recruitment |Transducer|HEK|Arrestin-3 (β-arrestin-2),2.069047098067734,-0.012278651561751897,-0.006139325780875948,0.05117772985965478
10.1124/mol.113.089649,OPRK_HUMAN,Dynorphin 1-13,Recruitment ,Transducer,HEK,Arrestin-3 (β-arrestin-2),74.48559670781893,7.009661145212399,6.94,8.88173344648327,-0.1833933204294009,10.1124/mol.113.089649|OPRK_HUMAN|Recruitment |Transducer|HEK|Arrestin-3 (β-arrestin-2),1.94173344648327,-0.13959230314621562,-0.06979615157310781,0.26800896017294584
10.1124/mol.113.089649,OPRK_HUMAN,Dynorphin 1-13,Accumulation,Downstream,HEK,,96.89067201604814,8.684029654543082,8.497,10.67031162264692,0.0099535705891877,10.1124/mol.113.089649|OPRK_HUMAN|Accumulation|Downstream|HEK|nan,2.1733116226469207,0.01997439752003194,0.00998719876001597,0.04264566891661141
10.1124/mol.113.089649,OPRK_HUMAN,Dynorphin 1-8,Recruitment ,Transducer,HEK,Arrestin-3 (β-arrestin-2),104.251012145749,5.971428747307463,6.344,7.989509027425006,-0.479617739487665,10.1124/mol.113.089649|OPRK_HUMAN|Recruitment |Transducer|HEK|Arrestin-3 (β-arrestin-2),1.645509027425006,-0.43581672220447976,-0.21790836110223988,0.999988022524749
10.1124/mol.113.089649,OPRK_HUMAN,Dynorphin 1-8,Recruitment ,Transducer,HEK,Arrestin-3 (β-arrestin-2),92.4897119341564,6.142667503568732,6.574,8.108760930375686,-0.5903658365369848,10.1124/mol.113.089649|OPRK_HUMAN|Recruitment |Transducer|HEK|Arrestin-3 (β-arrestin-2),1.5347609303756862,-0.5465648192537995,-0.27328240962689976,0.9999999929917189
10.1124/mol.113.089649,OPRK_HUMAN,Dynorphin 1-8,Accumulation,Downstream,HEK,,106.31895687061184,7.238824186844268,7.249,9.265434893797384,-0.1469231582603472,10.1124/mol.113.089649|OPRK_HUMAN|Accumulation|Downstream|HEK|nan,2.016434893797384,-0.1369023313295048,-0.0684511656647524,0.1466047750436878
10.1124/mol.113.089649,OPRK_HUMAN,Dynorphin 1-9,Recruitment ,Transducer,HEK,Arrestin-3 (β-arrestin-2),87.95546558704454,6.87942606879415,6.439,8.823688900655188,0.2595621337425173,10.1124/mol.113.089649|OPRK_HUMAN|Recruitment |Transducer|HEK|Arrestin-3 (β-arrestin-2),2.3846889006551883,0.30336315102570266,0.15168157551285133,0.7529953457635914
10.1124/mol.113.089649,OPRK_HUMAN,Dynorphin 1-9,Recruitment ,Transducer,HEK,Arrestin-3 (β-arrestin-2),66.56378600823045,6.221848749616356,6.415,8.045086765358782,-0.4950400015538889,10.1124/mol.113.089649|OPRK_HUMAN|Recruitment |Transducer|HEK|Arrestin-3 (β-arrestin-2),1.630086765358782,-0.45123898427070364,-0.22561949213535182,0.9999953409601863
10.1124/mol.113.089649,OPRK_HUMAN,Dynorphin 1-9,Accumulation,Downstream,HEK,,101.30391173520562,7.991399828238082,7.636,9.997026043709068,0.197667991651337,10.1124/mol.113.089649|OPRK_HUMAN|Accumulation|Downstream|HEK|nan,2.361026043709068,0.20768881858217947,0.10384440929108973,0.34005380606646574
10.1124/mol.113.089649,OPRK_HUMAN,Dynorphin A,Recruitment ,Transducer,HEK,Arrestin-3 (β-arrestin-2),100.40485829959516,6.950781977329818,6.825,8.952536704896369,0.0024099379836979,10.1124/mol.113.089649|OPRK_HUMAN|Recruitment |Transducer|HEK|Arrestin-3 (β-arrestin-2),2.127536704896369,0.046210955266883236,0.023105477633441618,0.042407117409251564
10.1124/mol.113.089649,OPRK_HUMAN,Dynorphin A,Recruitment ,Transducer,HEK,Arrestin-3 (β-arrestin-2),76.95473251028805,6.571865205971212,6.59,8.458100538909399,-0.257026228003272,10.1124/mol.113.089649|OPRK_HUMAN|Recruitment |Transducer|HEK|Arrestin-3 (β-arrestin-2),1.868100538909399,-0.2132252107200867,-0.10661260536004336,0.7373733058768213
10.1124/mol.113.089649,OPRK_HUMAN,Dynorphin A,Accumulation,Downstream,HEK,,101.30391173520562,8.090443970758825,8.149,10.096070186229811,-0.216287865827919,10.1124/mol.113.089649|OPRK_HUMAN|Accumulation|Downstream|HEK|nan,1.947070186229812,-0.20626703889707665,-0.10313351944853832,0.45540012051749196
10.1124/mol.113.089649,OPRK_HUMAN,GR89696,Recruitment ,Transducer,HEK,Arrestin-3 (β-arrestin-2),105.26315789473684,9.576754126063191,9.506,11.599030520774344,-0.0320962461383258,10.1124/mol.113.089649|OPRK_HUMAN|Recruitment |Transducer|HEK|Arrestin-3 (β-arrestin-2),2.0930305207743434,0.011704771144857684,0.005852385572428842,0.045098489854014295
10.1124/mol.113.089649,OPRK_HUMAN,GR89696,Recruitment ,Transducer,HEK,Arrestin-3 (β-arrestin-2),95.4732510288066,9.586700235918748,9.492,11.566581947211336,-0.0505448197013356,10.1124/mol.113.089649|OPRK_HUMAN|Recruitment |Transducer|HEK|Arrestin-3 (β-arrestin-2),2.0745819472113354,-0.006743802418150313,-0.0033719012090751566,0.04940725885426893
10.1124/mol.113.089649,OPRK_HUMAN,GR89696,Accumulation,Downstream,HEK,,96.6900702106319,9.013228265733757,8.819,10.99861014132493,0.0162520892671977,10.1124/mol.113.089649|OPRK_HUMAN|Accumulation|Downstream|HEK|nan,2.179610141324929,0.026272916198040175,0.013136458099020087,0.04307099028761505
10.1124/mol.113.089649,OPRK_HUMAN,"ICI 199,441",Recruitment ,Transducer,HEK,Arrestin-3 (β-arrestin-2),101.21457489878544,9.336299074610352,9.188,11.341542130022724,0.0284153631100521,10.1124/mol.113.089649|OPRK_HUMAN|Recruitment |Transducer|HEK|Arrestin-3 (β-arrestin-2),2.153542130022723,0.07221638039323741,0.036108190196618706,0.04449976889886382
10.1124/mol.113.089649,OPRK_HUMAN,"ICI 199,441",Recruitment ,Transducer,HEK,Arrestin-3 (β-arrestin-2),87.24279835390945,9.368556230986828,9.189,11.309285818317267,-0.0048409485954037,10.1124/mol.113.089649|OPRK_HUMAN|Recruitment |Transducer|HEK|Arrestin-3 (β-arrestin-2),2.1202858183172673,0.03896006868778157,0.019480034343890784,0.042452105060398
10.1124/mol.113.089649,OPRK_HUMAN,"ICI 199,441",Accumulation,Downstream,HEK,,101.30391173520562,8.787812395596042,8.587,10.793438611067028,0.0430805590092973,10.1124/mol.113.089649|OPRK_HUMAN|Accumulation|Downstream|HEK|nan,2.2064386110670284,0.05310138594013969,0.026550692970069845,0.04738579432390284
10.1124/mol.113.089649,OPRK_HUMAN,"ICI 204,448",Recruitment ,Transducer,HEK,Arrestin-3 (β-arrestin-2),79.62962962962963,8.48412615628832,8.255,10.38520085204494,0.005074085132267,10.1124/mol.113.089649|OPRK_HUMAN|Recruitment |Transducer|HEK|Arrestin-3 (β-arrestin-2),2.13020085204494,0.04887510241545412,0.02443755120772706,0.04245800800568567
10.1124/mol.113.089649,OPRK_HUMAN,"ICI 204,448",Accumulation,Downstream,HEK,,111.33400200601804,8.374687549038326,8.025,10.421315369513326,0.232957317455595,10.1124/mol.113.089649|OPRK_HUMAN|Accumulation|Downstream|HEK|nan,2.396315369513326,0.2429781443864374,0.1214890721932187,0.5723729141757985
10.1124/mol.113.089649,OPRK_HUMAN,N-MPPP,Recruitment ,Transducer,HEK,Arrestin-3 (β-arrestin-2),81.99588477366255,8.61798295742513,8.423,10.531775013894968,-0.0163517530177026,10.1124/mol.113.089649|OPRK_HUMAN|Recruitment |Transducer|HEK|Arrestin-3 (β-arrestin-2),2.1087750138949684,0.027449264265482665,0.013724632132741332,0.04307940398184257
10.1124/mol.113.089649,OPRK_HUMAN,N-MPPP,Accumulation,Downstream,HEK,,109.32798395185556,8.351639989019068,8.621,10.390371328648037,-0.3939867234096947,10.1124/mol.113.089649|OPRK_HUMAN|Accumulation|Downstream|HEK|nan,1.7693713286480364,-0.3839658964788524,-0.1919829482394262,0.9986859104525243
10.1124/mol.113.089649,OPRK_HUMAN,Nalbuphine,Recruitment ,Transducer,HEK,Arrestin-3 (β-arrestin-2),76.13168724279835,7.326058001365912,7.24,9.207623456170614,-0.1575033107420571,10.1124/mol.113.089649|OPRK_HUMAN|Recruitment |Transducer|HEK|Arrestin-3 (β-arrestin-2),1.9676234561706138,-0.11370229345887184,-0.05685114672943592,0.17376761382684094
10.1124/mol.113.089649,OPRK_HUMAN,Nalbuphine,Accumulation,Downstream,HEK,,81.54463390170511,7.211124884224583,6.735,9.122520271506996,0.2241622194492647,10.1124/mol.113.089649|OPRK_HUMAN|Accumulation|Downstream|HEK|nan,2.387520271506996,0.23418304638010712,0.11709152319005356,0.5097462522143815
10.1124/mol.113.089649,OPRK_HUMAN,RB 48,Recruitment ,Transducer,HEK,Arrestin-3 (β-arrestin-2),102.22672064777328,7.346787486224656,7.221,9.35635191541967,0.0102251485069997,10.1124/mol.113.089649|OPRK_HUMAN|Recruitment |Transducer|HEK|Arrestin-3 (β-arrestin-2),2.1353519154196707,0.05402616579018504,0.02701308289509252,0.04265972549742794
10.1124/mol.113.089649,OPRK_HUMAN,RB 48,Recruitment ,Transducer,HEK,Arrestin-3 (β-arrestin-2),65.02057613168725,6.844663962534939,6.44,8.65771477589105,0.0925880089783781,10.1124/mol.113.089649|OPRK_HUMAN|Recruitment |Transducer|HEK|Arrestin-3 (β-arrestin-2),2.217714775891049,0.13638902626156346,0.06819451313078173,0.07050406510113978
10.1124/mol.113.089649,OPRK_HUMAN,RB 48,Accumulation,Downstream,HEK,,101.30391173520562,8.05453141486818,7.87,10.060157630339166,0.0267995782814347,10.1124/mol.113.089649|OPRK_HUMAN|Accumulation|Downstream|HEK|nan,2.190157630339166,0.03682040521227714,0.01841020260613857,0.04426208707677819
10.1124/mol.113.089649,OPRK_HUMAN,RB 50,Recruitment ,Transducer,HEK,Arrestin-3 (β-arrestin-2),91.76954732510288,5.418847108033711,5.03,7.38154569748356,0.2264189305708885,10.1124/mol.113.089649|OPRK_HUMAN|Recruitment |Transducer|HEK|Arrestin-3 (β-arrestin-2),2.3515456974835596,0.2702199478540739,0.13510997392703694,0.5256933543318763
10.1124/mol.113.089649,OPRK_HUMAN,RB 50,Accumulation,Downstream,HEK,,103.3099297893681,6.779891911959945,6.89,8.794033978353461,-0.2593240737042697,10.1124/mol.113.089649|OPRK_HUMAN|Accumulation|Downstream|HEK|nan,1.9040339783534614,-0.2493032467734273,-0.12465162338671365,0.7515492970879907
10.1124/mol.113.089649,OPRK_HUMAN,RB 55,Recruitment ,Transducer,HEK,Arrestin-3 (β-arrestin-2),79.95951417004049,6.707743928643524,6.286,8.610614075346337,0.1994873084336665,10.1124/mol.113.089649|OPRK_HUMAN|Recruitment |Transducer|HEK|Arrestin-3 (β-arrestin-2),2.3246140753463376,0.24328832571685188,0.12164416285842594,0.3503124448625459
10.1124/mol.113.089649,OPRK_HUMAN,RB 55,Recruitment ,Transducer,HEK,Arrestin-3 (β-arrestin-2),89.40329218106996,6.640164517660112,6.42,8.591518029182504,0.0463912622698332,10.1124/mol.113.089649|OPRK_HUMAN|Recruitment |Transducer|HEK|Arrestin-3 (β-arrestin-2),2.1715180291825043,0.09019227955301856,0.04509613977650928,0.04823284193762741
10.1124/mol.113.089649,OPRK_HUMAN,RB 55,Accumulation,Downstream,HEK,,103.3099297893681,7.504455662453552,7.32,9.518597728847068,0.0352396767893363,10.1124/mol.113.089649|OPRK_HUMAN|Accumulation|Downstream|HEK|nan,2.1985977288470675,0.04526050372017876,0.02263025186008938,0.04567455985090803
10.1124/mol.113.089649,OPRK_HUMAN,RB 55-1,Recruitment ,Transducer,HEK,Arrestin-3 (β-arrestin-2),53.70370370370371,5.82623117686335,5.49,7.556235414939337,-0.058891351973334,10.1124/mol.113.089649|OPRK_HUMAN|Recruitment |Transducer|HEK|Arrestin-3 (β-arrestin-2),2.066235414939337,-0.015090334690148755,-0.007545167345074377,0.05217280869468493
10.1124/mol.113.089649,OPRK_HUMAN,RB 55-1,Accumulation,Downstream,HEK,,101.30391173520562,6.924453038607469,6.85,8.930079254078455,-0.0832787979792755,10.1124/mol.113.089649|OPRK_HUMAN|Accumulation|Downstream|HEK|nan,2.0800792540784556,-0.07325797104843312,-0.03662898552421656,0.06405500704148398
10.1124/mol.113.089649,OPRK_HUMAN,RB 55-2,Recruitment ,Transducer,HEK,Arrestin-3 (β-arrestin-2),58.43621399176955,5.641303900426189,5.19,7.407985971210934,0.0928592042982625,10.1124/mol.113.089649|OPRK_HUMAN|Recruitment |Transducer|HEK|Arrestin-3 (β-arrestin-2),2.2179859712109335,0.13666022158144786,0.06833011079072393,0.07071137932690612
10.1124/mol.113.089649,OPRK_HUMAN,RB 55-2,Accumulation,Downstream,HEK,,105.3159478435306,6.847711655616943,6.74,8.870205796375226,-0.0331522556825056,10.1124/mol.113.089649|OPRK_HUMAN|Accumulation|Downstream|HEK|nan,2.1302057963752254,-0.023131428751663297,-0.011565714375831648,0.04528525243176488
10.1124/mol.113.089649,OPRK_HUMAN,RB 59,Recruitment ,Transducer,HEK,Arrestin-3 (β-arrestin-2),179.1497975708502,5.448550002027125,5.4,7.701766323801303,0.1766395568886318,10.1124/mol.113.089649|OPRK_HUMAN|Recruitment |Transducer|HEK|Arrestin-3 (β-arrestin-2),2.301766323801303,0.22044057417181717,0.11022028708590859,0.23912335900150936
10.1124/mol.113.089649,OPRK_HUMAN,RB 59,Recruitment ,Transducer,HEK,Arrestin-3 (β-arrestin-2),78.80658436213992,5.367542707815276,4.97,7.264105212521605,0.1689784456089347,10.1124/mol.113.089649|OPRK_HUMAN|Recruitment |Transducer|HEK|Arrestin-3 (β-arrestin-2),2.294105212521605,0.21277946289211913,0.10638973144605957,0.21018360272272027
10.1124/mol.113.089649,OPRK_HUMAN,RB 59,Accumulation,Downstream,HEK,,95.98796389167502,7.446116973356125,6.98,9.428333752821311,0.2849757007635816,10.1124/mol.113.089649|OPRK_HUMAN|Accumulation|Downstream|HEK|nan,2.448333752821311,0.2949965276944222,0.1474982638472111,0.8791017263545542
10.1124/mol.113.089649,OPRK_HUMAN,RB 64,Recruitment ,Transducer,HEK,Arrestin-3 (β-arrestin-2),106.27530364372473,6.928117992693875,6.824,8.954550347176184,0.0054235802635131,10.1124/mol.113.089649|OPRK_HUMAN|Recruitment |Transducer|HEK|Arrestin-3 (β-arrestin-2),2.130550347176184,0.0492245975466985,0.02461229877334925,0.04246737872061767
10.1124/mol.113.089649,OPRK_HUMAN,RB 64,Recruitment ,Transducer,HEK,Arrestin-3 (β-arrestin-2),106.99588477366255,6.407823242604133,6.38,8.437190316976638,-0.0679364499360328,10.1124/mol.113.089649|OPRK_HUMAN|Recruitment |Transducer|HEK|Arrestin-3 (β-arrestin-2),2.057190316976638,-0.024135432652847566,-0.012067716326423783,0.05585349580893193
10.1124/mol.113.089649,OPRK_HUMAN,RB 64,Accumulation,Downstream,HEK,,101.30391173520562,8.276544327964814,7.94,10.2821705434358,0.1788124913780686,10.1124/mol.113.089649|OPRK_HUMAN|Accumulation|Downstream|HEK|nan,2.3421705434358,0.18883331830891104,0.09441665915445552,0.2480622843917519
10.1124/mol.113.089649,OPRK_HUMAN,RB 65,Recruitment ,Transducer,HEK,Arrestin-3 (β-arrestin-2),43.93004115226338,5.557990840859048,5.08,7.200752450957798,-0.0043743159548732,10.1124/mol.113.089649|OPRK_HUMAN|Recruitment |Transducer|HEK|Arrestin-3 (β-arrestin-2),2.1207524509577977,0.03942670132831205,0.019713350664156026,0.04244112601417722
10.1124/mol.113.089649,OPRK_HUMAN,RB 65,Accumulation,Downstream,HEK,,96.18856569709128,6.838631997765025,6.56,8.821755446624033,0.0983973945663025,10.1124/mol.113.089649|OPRK_HUMAN|Accumulation|Downstream|HEK|nan,2.2617554466240337,0.10841822149714497,0.05420911074857249,0.07521042591421738
10.1124/mol.113.089649,OPRK_HUMAN,Salvinorin A,Recruitment ,Transducer,HEK,Arrestin-3 (β-arrestin-2),100.0,8.25649023527157,8.182,10.25649023527157,-0.0506365316411008,10.1124/mol.113.089649|OPRK_HUMAN|Recruitment |Transducer|HEK|Arrestin-3 (β-arrestin-2),2.07449023527157,-0.0068355143579155175,-0.0034177571789577588,0.0494346431332931
10.1124/mol.113.089649,OPRK_HUMAN,Salvinorin A,Recruitment ,Transducer,HEK,Arrestin-3 (β-arrestin-2),100.0,8.24033215531037,8.175,10.24033215531037,-0.0597946116023022,10.1124/mol.113.089649|OPRK_HUMAN|Recruitment |Transducer|HEK|Arrestin-3 (β-arrestin-2),2.0653321553103687,-0.015993594319116955,-0.007996797159558477,0.05250682759081979
10.1124/mol.113.089649,OPRK_HUMAN,Salvinorin A,Accumulation,Downstream,HEK,,100.0,8.285418791160469,8.197,10.285418791160469,-0.0749392608972616,10.1124/mol.113.089649|OPRK_HUMAN|Accumulation|Downstream|HEK|nan,2.0884187911604695,-0.06491843396641928,-0.03245921698320964,0.05926185041737641
10.1124/mol.113.089649,OPRK_HUMAN,Salvinorin B,Recruitment ,Transducer,HEK,Arrestin-3 (β-arrestin-2),118.3127572016461,6.368556230986828,6.3,8.441587806414166,0.016461039501495,10.1124/mol.113.089649|OPRK_HUMAN|Recruitment |Transducer|HEK|Arrestin-3 (β-arrestin-2),2.141587806414166,0.06026205678468033,0.030131028392340165,0.043088690984406576
10.1124/mol.113.089649,OPRK_HUMAN,Salvinorin B,Accumulation,Downstream,HEK,,96.18856569709128,7.134303940083929,6.89,9.117427388942938,0.0640693368852067,10.1124/mol.113.089649|OPRK_HUMAN|Accumulation|Downstream|HEK|nan,2.227427388942938,0.07409016381604916,0.03704508190802458,0.05418637609254037
10.1124/mol.113.089649,OPRK_HUMAN,U62066,Recruitment ,Transducer,HEK,Arrestin-3 (β-arrestin-2),102.22672064777328,7.703334809738469,7.563,9.712899238933485,0.0247724720208122,10.1124/mol.113.089649|OPRK_HUMAN|Recruitment |Transducer|HEK|Arrestin-3 (β-arrestin-2),2.149899238933485,0.06857348930399931,0.03428674465199966,0.04398511380412556
10.1124/mol.113.089649,OPRK_HUMAN,U62066,Recruitment ,Transducer,HEK,Arrestin-3 (β-arrestin-2),95.37037037037037,8.20690839982342,8.173,10.186321869041642,-0.1118048978710293,10.1124/mol.113.089649|OPRK_HUMAN|Recruitment |Transducer|HEK|Arrestin-3 (β-arrestin-2),2.0133218690416417,-0.06800388058784401,-0.034001940293922006,0.08848777464051286
10.1124/mol.113.089649,OPRK_HUMAN,U62066,Accumulation,Downstream,HEK,,103.3099297893681,8.995678626217357,8.979,11.009820692610871,-0.1325373594468573,10.1124/mol.113.089649|OPRK_HUMAN|Accumulation|Downstream|HEK|nan,2.030820692610872,-0.12251653251601669,-0.06125826625800834,0.11773850824093263
10.1124/mol.113.089649,OPRK_HUMAN,"U69,593",Recruitment ,Transducer,HEK,Arrestin-3 (β-arrestin-2),91.87242798353908,8.192464971931146,8.126,10.155650165893418,-0.0954766010192527,10.1124/mol.113.089649|OPRK_HUMAN|Recruitment |Transducer|HEK|Arrestin-3 (β-arrestin-2),2.0296501658934183,-0.0516755837360674,-0.0258377918680337,0.07277340794931185
10.1124/mol.113.089649,OPRK_HUMAN,"U69,593",Accumulation,Downstream,HEK,,109.32798395185556,8.229884705212898,8.14,10.268616044841869,-0.0347420072158648,10.1124/mol.113.089649|OPRK_HUMAN|Accumulation|Downstream|HEK|nan,2.128616044841868,-0.024721180285020683,-0.012360590142510341,0.045579293319630204
10.1124/mol.113.089649,OPRK_HUMAN,β-NNTA,Recruitment ,Transducer,HEK,Arrestin-3 (β-arrestin-2),86.93415637860082,9.57186520597121,9.354,11.511055649994628,0.0319288830819575,10.1124/mol.113.089649|OPRK_HUMAN|Recruitment |Transducer|HEK|Arrestin-3 (β-arrestin-2),2.1570556499946285,0.07572990036514282,0.03786495018257141,0.045069511527846176
10.1124/mol.113.089649,OPRK_HUMAN,β-NNTA,Accumulation,Downstream,HEK,,97.29187562688064,9.515700160653214,9.395,11.503776736607804,-0.0545813154499281,10.1124/mol.113.089649|OPRK_HUMAN|Accumulation|Downstream|HEK|nan,2.1087767366078047,-0.04456048851908401,-0.022280244259542004,0.05067432094052767
10.1124/mol.115.098848,OPRM_HUMAN,DAMGO,Recruitment ,Transducer,CHO,Arrestin-2 (β-arrestin-1),104.3,6.54,6.183,8.558284308426531,0.1327806292441171,10.1124/mol.115.098848|OPRM_HUMAN|Recruitment |Transducer|CHO|Arrestin-2 (β-arrestin-1),2.375284308426531,0.11531656155899617,0.05765828077949808,0.11816032069016444
10.1124/mol.115.098848,OPRM_HUMAN,DAMGO,Recruitment ,Transducer,CHO,Arrestin-3 (β-arrestin-2),97.5,6.6,6.473,8.589004615698537,0.0216874630289005,10.1124/mol.115.098848|OPRM_HUMAN|Recruitment |Transducer|CHO|Arrestin-3 (β-arrestin-2),2.116004615698537,0.02288070501309969,0.011440352506549845,0.04360806403949556
10.1124/mol.115.098848,OPRM_HUMAN,DAMGO,Internalization ,Transducer,CHO,,76.7,6.98,6.824,8.864795363948982,0.1411554269448132,10.1124/mol.115.098848|OPRM_HUMAN|Internalization |Transducer|CHO|nan,2.040795363948982,0.1788289484758825,0.08941447423794124,0.13402191784976744
10.1124/mol.115.098848,OPRM_HUMAN,DAMGO,Phosphorylation,Downstream,CHO,,82.0,8.39,8.354,10.303813852383715,0.0800188761830185,10.1124/mol.115.098848|OPRM_HUMAN|Phosphorylation|Downstream|CHO|nan,1.9498138523837163,0.08248165840540489,0.041240829202702445,0.062079216311584764
10.1124/mol.115.098848,OPRM_HUMAN,DAMGO,Activation,Transducer,CHO,,93.7,8.5,8.437,10.47173959088778,0.0050086698341509,10.1124/mol.115.098848|OPRM_HUMAN|Activation|Transducer|CHO|nan,2.0347395908877814,-0.020095827718871195,-0.010047913859435598,0.04245632361287416
10.1124/mol.115.098848,OPRM_HUMAN,DAMGO,Accumulation,Downstream,CHO,,63.7,7.37,7.117,9.17413943233535,0.240339602746503,10.1124/mol.115.098848|OPRM_HUMAN|Accumulation|Downstream|CHO|nan,2.05713943233535,0.287143516825475,0.1435717584127375,0.6250459835355899
10.1124/mol.115.098848,OPRM_HUMAN,Dynorphin A,Recruitment ,Transducer,CHO,Arrestin-2 (β-arrestin-1),116.4,5.65,5.484,7.715952980313871,-0.0105506988685433,10.1124/mol.115.098848|OPRM_HUMAN|Recruitment |Transducer|CHO|Arrestin-2 (β-arrestin-1),2.2319529803138707,-0.028014766553664305,-0.014007383276832153,0.042677080366207355
10.1124/mol.115.098848,OPRM_HUMAN,Dynorphin A,Recruitment ,Transducer,CHO,Arrestin-3 (β-arrestin-2),100.5,5.99,6.022,7.9921660617565085,-0.124151090913128,10.1124/mol.115.098848|OPRM_HUMAN|Recruitment |Transducer|CHO|Arrestin-3 (β-arrestin-2),1.9701660617565082,-0.12295784892892891,-0.06147892446446446,0.10440175838307045
10.1124/mol.115.098848,OPRM_HUMAN,Dynorphin A,Internalization ,Transducer,CHO,,77.4,6.48,6.263,8.368740960682892,0.2061010236787233,10.1124/mol.115.098848|OPRM_HUMAN|Internalization |Transducer|CHO|nan,2.1057409606828923,0.24377454520979258,0.12188727260489629,0.3895596653492133
10.1124/mol.115.098848,OPRM_HUMAN,Dynorphin A,Phosphorylation,Downstream,CHO,,81.9,7.52,7.465,9.43328390176042,0.0984889255597192,10.1124/mol.115.098848|OPRM_HUMAN|Phosphorylation|Downstream|CHO|nan,1.9682839017604206,0.10095170778210916,0.05047585389105458,0.07528920105129945
10.1124/mol.115.098848,OPRM_HUMAN,Dynorphin A,Activation,Transducer,CHO,,98.6,8.33,8.413,10.323876914941213,-0.1188540061124179,10.1124/mol.115.098848|OPRM_HUMAN|Activation|Transducer|CHO|nan,1.9108769149412126,-0.14395850366544005,-0.07197925183272003,0.09707949608182818
10.1124/mol.115.098848,OPRM_HUMAN,Dynorphin A (1-13),Recruitment ,Transducer,CHO,Arrestin-2 (β-arrestin-1),110.0,6.03,5.937,8.071392685158225,-0.1081109940241895,10.1124/mol.115.098848|OPRM_HUMAN|Recruitment |Transducer|CHO|Arrestin-2 (β-arrestin-1),2.1343926851582244,-0.12557506170931054,-0.06278753085465527,0.08445739499312173
10.1124/mol.115.098848,OPRM_HUMAN,Dynorphin A (1-13),Recruitment ,Transducer,CHO,Arrestin-3 (β-arrestin-2),88.1,6.48,6.268,8.424975908412048,0.0626587557424116,10.1124/mol.115.098848|OPRM_HUMAN|Recruitment |Transducer|CHO|Arrestin-3 (β-arrestin-2),2.156975908412048,0.06385199772661077,0.03192599886330538,0.05361375276668712
10.1124/mol.115.098848,OPRM_HUMAN,Dynorphin A (1-13),Internalization ,Transducer,CHO,,81.8,6.14,5.82,8.052753303671322,0.3331133666671526,10.1124/mol.115.098848|OPRM_HUMAN|Internalization |Transducer|CHO|nan,2.2327533036713216,0.3707868881982219,0.18539344409911096,0.9792239920694598
10.1124/mol.115.098848,OPRM_HUMAN,Dynorphin A (1-13),Phosphorylation,Downstream,CHO,,86.1,7.66,7.727,9.595003151453655,-0.0017918247470447,10.1124/mol.115.098848|OPRM_HUMAN|Phosphorylation|Downstream|CHO|nan,1.8680031514536548,0.0006709574753434033,0.00033547873767170167,0.04240049276685024
10.1124/mol.115.098848,OPRM_HUMAN,Dynorphin A (1-13),Activation,Transducer,CHO,,104.3,8.04,8.139,10.05828430842653,-0.1104466126270988,10.1124/mol.115.098848|OPRM_HUMAN|Activation|Transducer|CHO|nan,1.9192843084265299,-0.13555111018012278,-0.06777555509006139,0.08697013628349244
10.1124/mol.115.098848,OPRM_HUMAN,Dynorphin A (1-6),Recruitment ,Transducer,CHO,Arrestin-2 (β-arrestin-1),85.7,6.34,6.134,8.272980821923198,-0.1035228572592159,10.1124/mol.115.098848|OPRM_HUMAN|Recruitment |Transducer|CHO|Arrestin-2 (β-arrestin-1),2.138980821923198,-0.12098692494433694,-0.06049346247216847,0.0798589441348474
10.1124/mol.115.098848,OPRM_HUMAN,Dynorphin A (1-6),Recruitment ,Transducer,CHO,Arrestin-3 (β-arrestin-2),101.6,6.04,6.068,8.0468937079479,-0.1154234447217357,10.1124/mol.115.098848|OPRM_HUMAN|Recruitment |Transducer|CHO|Arrestin-3 (β-arrestin-2),1.9788937079479005,-0.11423020273753659,-0.057115101368768295,0.09274326670767523
10.1124/mol.115.098848,OPRM_HUMAN,Dynorphin A (1-6),Internalization ,Transducer,CHO,,76.8,6.04,6.694,7.925361220031512,-0.6682787169726572,10.1124/mol.115.098848|OPRM_HUMAN|Internalization |Transducer|CHO|nan,1.2313612200315118,-0.6306051954415879,-0.31530259772079394,0.9999999999851983
10.1124/mol.115.098848,OPRM_HUMAN,Dynorphin A (1-6),Phosphorylation,Downstream,CHO,,69.2,8.16,8.234,10.000106094456758,-0.1036888817439418,10.1124/mol.115.098848|OPRM_HUMAN|Phosphorylation|Downstream|CHO|nan,1.7661060944567577,-0.1012260995215537,-0.05061304976077685,0.08001788457952203
10.1124/mol.115.098848,OPRM_HUMAN,Dynorphin A (1-6),Activation,Transducer,CHO,,105.3,8.6,8.692,10.622428371185483,-0.0993025498681436,10.1124/mol.115.098848|OPRM_HUMAN|Activation|Transducer|CHO|nan,1.9304283711854833,-0.12440704742116937,-0.062203523710584685,0.07599602398181735
10.1124/mol.115.098848,OPRM_HUMAN,Dynorphin A (1-6),Accumulation,Downstream,CHO,,55.8,7.37,7.275,9.11663419893758,0.0248343693487314,10.1124/mol.115.098848|OPRM_HUMAN|Accumulation|Downstream|CHO|nan,1.8416341989375802,0.07163828342770517,0.03581914171385259,0.043993225238917466
10.1124/mol.115.098848,OPRM_HUMAN,Dynorphin A (1-8),Recruitment ,Transducer,CHO,Arrestin-2 (β-arrestin-1),82.9,6.04,5.55,7.958554530550273,0.1660508513678595,10.1124/mol.115.098848|OPRM_HUMAN|Recruitment |Transducer|CHO|Arrestin-2 (β-arrestin-1),2.4085545305502736,0.1485867836827386,0.0742933918413693,0.2001380728334661
10.1124/mol.115.098848,OPRM_HUMAN,Dynorphin A (1-8),Recruitment ,Transducer,CHO,Arrestin-3 (β-arrestin-2),100.6,6.07,6.061,8.072597980719909,-0.0827191719497273,10.1124/mol.115.098848|OPRM_HUMAN|Recruitment |Transducer|CHO|Arrestin-3 (β-arrestin-2),2.011597980719909,-0.08152592996552821,-0.040762964982764105,0.06370604750252801
10.1124/mol.115.098848,OPRM_HUMAN,Dynorphin A (1-8),Internalization ,Transducer,CHO,,73.3,5.52,5.991,7.385103974641128,-0.5055359623630409,10.1124/mol.115.098848|OPRM_HUMAN|Internalization |Transducer|CHO|nan,1.3941039746411281,-0.4678624408319716,-0.2339312204159858,0.999997591246288
10.1124/mol.115.098848,OPRM_HUMAN,Dynorphin A (1-8),Phosphorylation,Downstream,CHO,,74.3,7.88,7.946,9.750988813760577,-0.0648061624401243,10.1124/mol.115.098848|OPRM_HUMAN|Phosphorylation|Downstream|CHO|nan,1.804988813760577,-0.062343380217734445,-0.031171690108867223,0.054492897987649544
10.1124/mol.115.098848,OPRM_HUMAN,Dynorphin A (1-8),Activation,Transducer,CHO,,92.6,8.1,7.92,10.066610986681932,0.1168800656283046,10.1124/mol.115.098848|OPRM_HUMAN|Activation|Transducer|CHO|nan,2.1466109866819316,0.09177556807527898,0.04588778403763949,0.09454732226659303
10.1124/mol.115.098848,OPRM_HUMAN,Dynorphin A (1-8),Accumulation,Downstream,CHO,,53.9,6.86,6.794,8.591588765186739,-0.0192110644021079,10.1124/mol.115.098848|OPRM_HUMAN|Accumulation|Downstream|CHO|nan,1.797588765186739,0.02759284967686404,0.01379642483843202,0.04334349080680009
10.1124/mol.115.098848,OPRM_HUMAN,Dynorphin B,Recruitment ,Transducer,CHO,Arrestin-2 (β-arrestin-1),97.9,5.82,5.551,7.810782691803138,0.0172790126207238,10.1124/mol.115.098848|OPRM_HUMAN|Recruitment |Transducer|CHO|Arrestin-2 (β-arrestin-1),2.259782691803138,-0.0001850550643971438,-9.25275321985719e-05,0.043160229420490706
10.1124/mol.115.098848,OPRM_HUMAN,Dynorphin B,Recruitment ,Transducer,CHO,Arrestin-3 (β-arrestin-2),98.7,5.89,5.79,7.884317152669636,0.0,10.1124/mol.115.098848|OPRM_HUMAN|Recruitment |Transducer|CHO|Arrestin-3 (β-arrestin-2),2.0943171526696363,0.0011932419841991226,0.0005966209920995613,0.04239230469906874
10.1124/mol.115.098848,OPRM_HUMAN,Dynorphin B,Internalization ,Transducer,CHO,,77.0,6.27,6.078,8.156490725172482,0.1788507881683125,10.1124/mol.115.098848|OPRM_HUMAN|Internalization |Transducer|CHO|nan,2.0784907251724816,0.21652430969938186,0.10826215484969093,0.24822281176372532
10.1124/mol.115.098848,OPRM_HUMAN,Dynorphin B,Phosphorylation,Downstream,CHO,,77.9,7.5,7.556,9.391537457672564,-0.0342575185281353,10.1124/mol.115.098848|OPRM_HUMAN|Phosphorylation|Downstream|CHO|nan,1.8355374576725643,-0.03179473630574714,-0.01589736815287357,0.045488029544424755
10.1124/mol.115.098848,OPRM_HUMAN,Dynorphin B,Activation,Transducer,CHO,,91.9,8.06,8.011,10.023315511386112,-0.0174154096675156,10.1124/mol.115.098848|OPRM_HUMAN|Activation|Transducer|CHO|nan,2.012315511386113,-0.042519907220539555,-0.021259953610269777,0.04317250726700495
10.1124/mol.115.098848,OPRM_HUMAN,Dynorphin B,Accumulation,Downstream,CHO,,52.5,6.94,6.905,8.660159303405957,-0.0616405261828907,10.1124/mol.115.098848|OPRM_HUMAN|Accumulation|Downstream|CHO|nan,1.7551593034059563,-0.014836612103918734,-0.007418306051959367,0.05321178267978251
10.1124/mol.115.098848,OPRM_HUMAN,Endomorphin-1,Recruitment ,Transducer,CHO,Arrestin-2 (β-arrestin-1),69.0,6.47,6.127,8.308849090737255,-0.0606545884451592,10.1124/mol.115.098848|OPRM_HUMAN|Recruitment |Transducer|CHO|Arrestin-2 (β-arrestin-1),2.1818490907372547,-0.07811865613028024,-0.03905932806514012,0.05283148329467914
10.1124/mol.115.098848,OPRM_HUMAN,Endomorphin-1,Recruitment ,Transducer,CHO,Arrestin-3 (β-arrestin-2),88.7,7.38,7.355,9.327923619831726,-0.1213935328379109,10.1124/mol.115.098848|OPRM_HUMAN|Recruitment |Transducer|CHO|Arrestin-3 (β-arrestin-2),1.9729236198317253,-0.12020029085371187,-0.06010014542685593,0.10049118285056927
10.1124/mol.115.098848,OPRM_HUMAN,Endomorphin-1,Internalization ,Transducer,CHO,,75.1,6.69,6.666,8.56563993700417,0.0,10.1124/mol.115.098848|OPRM_HUMAN|Internalization |Transducer|CHO|nan,1.899639937004169,0.03767352153106929,0.018836760765534644,0.04239230469906874
10.1124/mol.115.098848,OPRM_HUMAN,Endomorphin-1,Phosphorylation,Downstream,CHO,,75.3,8.87,8.877,10.7467949762007,0.0,10.1124/mol.115.098848|OPRM_HUMAN|Phosphorylation|Downstream|CHO|nan,1.8697949762006996,0.00246278222238816,0.00123139111119408,0.04239230469906874
10.1124/mol.115.098848,OPRM_HUMAN,Endomorphin-1,Activation,Transducer,CHO,,92.2,8.16,8.095,10.12473092105363,0.0,10.1124/mol.115.098848|OPRM_HUMAN|Activation|Transducer|CHO|nan,2.0297309210536287,-0.025104497553023908,-0.012552248776511954,0.04239230469906874
10.1124/mol.115.098848,OPRM_HUMAN,Endomorphin-1,Accumulation,Downstream,CHO,,53.5,6.81,8.613,8.538353782021229,-1.8914460475676176,10.1124/mol.115.098848|OPRM_HUMAN|Accumulation|Downstream|CHO|nan,-0.07464621797877058,-1.8446421334886456,-0.9223210667443228,1.0
10.1124/mol.115.098848,OPRM_HUMAN,Endomorphin-2,Recruitment ,Transducer,CHO,Arrestin-2 (β-arrestin-1),77.1,7.13,6.764,9.017054378050958,0.0105506988685433,10.1124/mol.115.098848|OPRM_HUMAN|Recruitment |Transducer|CHO|Arrestin-2 (β-arrestin-1),2.2530543780509573,-0.00691336881657767,-0.003456684408288835,0.042677080366207355
10.1124/mol.115.098848,OPRM_HUMAN,Endomorphin-2,Recruitment ,Transducer,CHO,Arrestin-3 (β-arrestin-2),73.1,7.13,6.793,8.99391737695786,0.1066002242882238,10.1124/mol.115.098848|OPRM_HUMAN|Recruitment |Transducer|CHO|Arrestin-3 (β-arrestin-2),2.20091737695786,0.10779346627242292,0.05389673313621146,0.0828950815481451
10.1124/mol.115.098848,OPRM_HUMAN,Endomorphin-2,Internalization ,Transducer,CHO,,76.7,6.36,6.688,8.244795363948981,-0.3428445730551877,10.1124/mol.115.098848|OPRM_HUMAN|Internalization |Transducer|CHO|nan,1.5567953639489813,-0.3051710515241184,-0.1525855257620592,0.9861587372971735
10.1124/mol.115.098848,OPRM_HUMAN,Endomorphin-2,Phosphorylation,Downstream,CHO,,66.9,8.75,8.834,10.575426117767822,-0.1283688584328768,10.1124/mol.115.098848|OPRM_HUMAN|Phosphorylation|Downstream|CHO|nan,1.7414261177678227,-0.12590607621048866,-0.06295303810524433,0.11082505637032602
10.1124/mol.115.098848,OPRM_HUMAN,Endomorphin-2,Activation,Transducer,CHO,,108.8,8.11,8.194,10.14662889536216,-0.0771020256914685,10.1124/mol.115.098848|OPRM_HUMAN|Activation|Transducer|CHO|nan,1.9526288953621584,-0.1022065232444942,-0.0511032616222471,0.06042395902212786
10.1124/mol.115.098848,OPRM_HUMAN,Endomorphin-2,Accumulation,Downstream,CHO,,55.6,7.03,8.031,8.775074791582057,-1.0727250380067908,10.1124/mol.115.098848|OPRM_HUMAN|Accumulation|Downstream|CHO|nan,0.7440747915820562,-1.0259211239278188,-0.5129605619639094,1.0
10.1124/mol.115.098848,OPRM_HUMAN,Leu-enkephalin,Recruitment ,Transducer,CHO,Arrestin-2 (β-arrestin-1),95.8,5.99,5.58,7.971365509078545,0.148861829896131,10.1124/mol.115.098848|OPRM_HUMAN|Recruitment |Transducer|CHO|Arrestin-2 (β-arrestin-1),2.391365509078545,0.13139776221101007,0.06569888110550504,0.15116903833124484
10.1124/mol.115.098848,OPRM_HUMAN,Leu-enkephalin,Recruitment ,Transducer,CHO,Arrestin-3 (β-arrestin-2),105.7,6.01,6.035,8.034074987307426,-0.0952421653622108,10.1124/mol.115.098848|OPRM_HUMAN|Recruitment |Transducer|CHO|Arrestin-3 (β-arrestin-2),1.9990749873074254,-0.09404892337801174,-0.04702446168900587,0.0725841168344459
10.1124/mol.115.098848,OPRM_HUMAN,Leu-enkephalin,Internalization ,Transducer,CHO,,79.6,6.55,6.385,8.45091306773767,0.1662731307335008,10.1124/mol.115.098848|OPRM_HUMAN|Internalization |Transducer|CHO|nan,2.06591306773767,0.2039466522645701,0.10197332613228505,0.20088192242271863
10.1124/mol.115.098848,OPRM_HUMAN,Leu-enkephalin,Phosphorylation,Downstream,CHO,,76.9,7.89,7.968,9.77592633980143,-0.0618686363992697,10.1124/mol.115.098848|OPRM_HUMAN|Phosphorylation|Downstream|CHO|nan,1.8079263398014298,-0.0594058541768816,-0.0297029270884408,0.05330101529562503
10.1124/mol.115.098848,OPRM_HUMAN,Leu-enkephalin,Activation,Transducer,CHO,,100.4,8.09,8.213,10.091733712809,-0.1509972082446271,10.1124/mol.115.098848|OPRM_HUMAN|Activation|Transducer|CHO|nan,1.8787337128090016,-0.17610170579765105,-0.08805085289882553,0.1564029808340169
10.1124/mol.115.098848,OPRM_HUMAN,Leu-enkephalin,Accumulation,Downstream,CHO,,56.9,7.03,6.876,8.785112266395071,0.0923124368062238,10.1124/mol.115.098848|OPRM_HUMAN|Accumulation|Downstream|CHO|nan,1.9091122663950708,0.1391163508851958,0.0695581754425979,0.07029459906390145
10.1124/mol.115.098848,OPRM_HUMAN,Loperamide,Recruitment ,Transducer,CHO,Arrestin-2 (β-arrestin-1),88.5,6.96,6.47,8.906943270697825,0.1944395915154113,10.1124/mol.115.098848|OPRM_HUMAN|Recruitment |Transducer|CHO|Arrestin-2 (β-arrestin-1),2.4369432706978253,0.17697552383029036,0.08848776191514518,0.32244176503629757
10.1124/mol.115.098848,OPRM_HUMAN,Loperamide,Recruitment ,Transducer,CHO,Arrestin-3 (β-arrestin-2),98.2,7.04,7.019,9.032111487786947,-0.0812056648826873,10.1124/mol.115.098848|OPRM_HUMAN|Recruitment |Transducer|CHO|Arrestin-3 (β-arrestin-2),2.013111487786947,-0.08001242289848998,-0.04000621144924499,0.06278274087326889
10.1124/mol.115.098848,OPRM_HUMAN,Loperamide,Internalization ,Transducer,CHO,,81.4,7.32,7.46,9.230624404889202,-0.129015532114967,10.1124/mol.115.098848|OPRM_HUMAN|Internalization |Transducer|CHO|nan,1.770624404889202,-0.09134201058389779,-0.045671005291948896,0.11185956704722946
10.1124/mol.115.098848,OPRM_HUMAN,Loperamide,Phosphorylation,Downstream,CHO,,74.2,8.85,8.837,10.720403905279026,0.0136089290783267,10.1124/mol.115.098848|OPRM_HUMAN|Phosphorylation|Downstream|CHO|nan,1.8834039052790263,0.01607171130071494,0.00803585565035747,0.04286710557433548
10.1124/mol.115.098848,OPRM_HUMAN,Loperamide,Activation,Transducer,CHO,,104.0,9.84,9.987,11.85703333929878,-0.1596975817548482,10.1124/mol.115.098848|OPRM_HUMAN|Activation|Transducer|CHO|nan,1.8700333392987805,-0.18480207930787218,-0.09240103965393609,0.18013469450150307
10.1124/mol.115.098848,OPRM_HUMAN,Loperamide,Accumulation,Downstream,CHO,,43.4,6.99,8.634,8.627489729512511,-1.823310100076336,10.1124/mol.115.098848|OPRM_HUMAN|Accumulation|Downstream|CHO|nan,-0.006510270487488867,-1.7765061859973639,-0.8882530929986819,1.0
10.1124/mol.115.098848,OPRM_HUMAN,Met-enkephalin,Recruitment ,Transducer,CHO,Arrestin-2 (β-arrestin-1),125.6,6.21,6.141,8.308989639401178,-0.0745140397812362,10.1124/mol.115.098848|OPRM_HUMAN|Recruitment |Transducer|CHO|Arrestin-2 (β-arrestin-1),2.1679896394011777,-0.09197810746635726,-0.04598905373317863,0.05903968528185491
10.1124/mol.115.098848,OPRM_HUMAN,Met-enkephalin,Recruitment ,Transducer,CHO,Arrestin-3 (β-arrestin-2),94.3,6.65,6.384,8.624511692737329,0.1461945400676922,10.1124/mol.115.098848|OPRM_HUMAN|Recruitment |Transducer|CHO|Arrestin-3 (β-arrestin-2),2.2405116927373285,0.1473877820518914,0.0736938910259457,0.1449342408843338
10.1124/mol.115.098848,OPRM_HUMAN,Met-enkephalin,Internalization ,Transducer,CHO,,75.7,6.26,6.594,8.139095879500072,-0.3545440575040972,10.1124/mol.115.098848|OPRM_HUMAN|Internalization |Transducer|CHO|nan,1.5450958795000718,-0.31687053597302794,-0.15843526798651397,0.9916630893919938
10.1124/mol.115.098848,OPRM_HUMAN,Met-enkephalin,Phosphorylation,Downstream,CHO,,82.2,8.34,8.334,10.25487181754005,0.0510768413393503,10.1124/mol.115.098848|OPRM_HUMAN|Phosphorylation|Downstream|CHO|nan,1.9208718175400499,0.05353962356173847,0.026769811780869235,0.04956700896196757
10.1124/mol.115.098848,OPRM_HUMAN,Met-enkephalin,Activation,Transducer,CHO,,90.8,8.31,8.037,10.268085848521086,0.2013549274674559,10.1124/mol.115.098848|OPRM_HUMAN|Activation|Transducer|CHO|nan,2.2310858485210847,0.17625042991443207,0.08812521495721604,0.36108912059713855
10.1124/mol.115.098848,OPRM_HUMAN,Met-enkephalin,Accumulation,Downstream,CHO,,54.3,7.62,7.538,9.354799829588847,0.0,10.1124/mol.115.098848|OPRM_HUMAN|Accumulation|Downstream|CHO|nan,1.816799829588847,0.046803914078972,0.023401957039486,0.04239230469906874
10.1124/mol.115.098848,OPRM_HUMAN,Met-enkephalin-RF,Recruitment ,Transducer,CHO,Arrestin-2 (β-arrestin-1),104.7,6.73,6.365,8.749946681678843,0.1424430024964285,10.1124/mol.115.098848|OPRM_HUMAN|Recruitment |Transducer|CHO|Arrestin-2 (β-arrestin-1),2.3849466816788425,0.12497893481130751,0.062489467405653754,0.13670650111460814
10.1124/mol.115.098848,OPRM_HUMAN,Met-enkephalin-RF,Recruitment ,Transducer,CHO,Arrestin-3 (β-arrestin-2),96.3,7.02,6.87,9.003626287124534,0.0393091344548981,10.1124/mol.115.098848|OPRM_HUMAN|Recruitment |Transducer|CHO|Arrestin-3 (β-arrestin-2),2.1336262871245344,0.040502376439097265,0.020251188219548633,0.04651244986999095
10.1124/mol.115.098848,OPRM_HUMAN,Met-enkephalin-RF,Phosphorylation,Downstream,CHO,,72.9,8.86,8.772,10.722727528317977,0.0809325521172752,10.1124/mol.115.098848|OPRM_HUMAN|Phosphorylation|Downstream|CHO|nan,1.9507275283179766,0.08339533433966517,0.041697667169832586,0.06261926433569495
10.1124/mol.115.098848,OPRM_HUMAN,Met-enkephalin-RF,Activation,Transducer,CHO,,99.2,8.71,8.571,10.70651167215418,0.1057807511005517,10.1124/mol.115.098848|OPRM_HUMAN|Activation|Transducer|CHO|nan,2.1355116721541805,0.08067625354752783,0.040338126773763916,0.08206772337850386
10.1124/mol.115.098848,OPRM_HUMAN,Met-enkephalin-RF,Accumulation,Downstream,CHO,,52.7,7.29,7.396,9.011810615212546,-0.2009892143763005,10.1124/mol.115.098848|OPRM_HUMAN|Accumulation|Downstream|CHO|nan,1.6158106152125464,-0.15418530029732858,-0.07709265014866429,0.35895947095396746
10.1124/mol.115.098848,OPRM_HUMAN,Morphine,Recruitment ,Transducer,CHO,Arrestin-3 (β-arrestin-2),28.2,7.29,6.413,8.740249108319361,0.2329319556497244,10.1124/mol.115.098848|OPRM_HUMAN|Recruitment |Transducer|CHO|Arrestin-3 (β-arrestin-2),2.3272491083193607,0.2341251976339236,0.1170625988169618,0.5721912346007494
10.1124/mol.115.098848,OPRM_HUMAN,Morphine,Phosphorylation,Downstream,CHO,,69.9,7.4,7.433,9.244477175745685,-0.0583178004550166,10.1124/mol.115.098848|OPRM_HUMAN|Phosphorylation|Downstream|CHO|nan,1.8114771757456847,-0.05585501823262673,-0.027927509116313365,0.0519643779415169
10.1124/mol.115.098848,OPRM_HUMAN,Morphine,Activation,Transducer,CHO,,82.3,7.8,7.388,9.71539983521227,0.2976689141586419,10.1124/mol.115.098848|OPRM_HUMAN|Activation|Transducer|CHO|nan,2.3273998352122707,0.27256441660561803,0.13628220830280902,0.9204532209095605
10.1124/mol.115.098848,OPRM_HUMAN,Morphine,Accumulation,Downstream,CHO,,53.7,8.49,6.932,10.219974285699555,1.471174456110708,10.1124/mol.115.098848|OPRM_HUMAN|Accumulation|Downstream|CHO|nan,3.287974285699555,1.5179783701896798,0.7589891850948399,1.0
10.1124/mol.115.098848,OPRM_HUMAN,α-Neoendorphin,Recruitment ,Transducer,CHO,Arrestin-2 (β-arrestin-1),99.3,5.47,5.301,7.466949248495381,-0.0765544306870329,10.1124/mol.115.098848|OPRM_HUMAN|Recruitment |Transducer|CHO|Arrestin-2 (β-arrestin-1),2.165949248495381,-0.09401849837215392,-0.04700924918607696,0.06012458220687768
10.1124/mol.115.098848,OPRM_HUMAN,α-Neoendorphin,Recruitment ,Transducer,CHO,Arrestin-3 (β-arrestin-2),93.9,5.5,5.333,7.472665592266111,0.0453484395964745,10.1124/mol.115.098848|OPRM_HUMAN|Recruitment |Transducer|CHO|Arrestin-3 (β-arrestin-2),2.1396655922661107,0.04654168158067362,0.02327084079033681,0.047957711775641086
10.1124/mol.115.098848,OPRM_HUMAN,α-Neoendorphin,Internalization ,Transducer,CHO,,76.9,6.34,5.76,8.22592633980143,0.5662864027972621,10.1124/mol.115.098848|OPRM_HUMAN|Internalization |Transducer|CHO|nan,2.465926339801431,0.6039599243283313,0.30197996216416567,0.9999999596885422
10.1124/mol.115.098848,OPRM_HUMAN,α-Neoendorphin,Phosphorylation,Downstream,CHO,,86.0,7.25,7.279,9.184498451243568,0.0357034750428688,10.1124/mol.115.098848|OPRM_HUMAN|Phosphorylation|Downstream|CHO|nan,1.9054984512435684,0.03816625726525702,0.01908312863262851,0.0457647364695279
10.1124/mol.115.098848,OPRM_HUMAN,α-Neoendorphin,Activation,Transducer,CHO,,89.4,7.71,7.603,9.661337518795918,0.0286065977422893,10.1124/mol.115.098848|OPRM_HUMAN|Activation|Transducer|CHO|nan,2.058337518795918,0.0035021001892654446,0.0017510500946327223,0.04452890345361494
10.1124/mol.115.098848,OPRM_HUMAN,α-Neoendorphin,Accumulation,Downstream,CHO,,52.7,8.59,7.14,10.311810615212549,1.3550107856237004,10.1124/mol.115.098848|OPRM_HUMAN|Accumulation|Downstream|CHO|nan,3.171810615212549,1.4018146997026741,0.7009073498513371,1.0
10.1124/mol.115.098848,OPRM_HUMAN,β-Endorphin,Recruitment ,Transducer,CHO,Arrestin-2 (β-arrestin-1),121.2,5.52,5.495,7.603502619830267,-0.1340010593521472,10.1124/mol.115.098848|OPRM_HUMAN|Recruitment |Transducer|CHO|Arrestin-2 (β-arrestin-1),2.1085026198302668,-0.15146512703726822,-0.07573256351863411,0.12030812918377838
10.1124/mol.115.098848,OPRM_HUMAN,β-Endorphin,Recruitment ,Transducer,CHO,Arrestin-3 (β-arrestin-2),99.5,6.24,6.196,8.237823080745725,-0.0524940719239106,10.1124/mol.115.098848|OPRM_HUMAN|Recruitment |Transducer|CHO|Arrestin-3 (β-arrestin-2),2.0418230807457256,-0.05130082993971152,-0.02565041496985576,0.05000319579569043
10.1124/mol.115.098848,OPRM_HUMAN,β-Endorphin,Internalization ,Transducer,CHO,,73.0,6.68,6.725,8.543322860120455,-0.0813170768837139,10.1124/mol.115.098848|OPRM_HUMAN|Internalization |Transducer|CHO|nan,1.818322860120455,-0.043643555352644636,-0.021821777676322318,0.0628497013098856
10.1124/mol.115.098848,OPRM_HUMAN,β-Endorphin,Phosphorylation,Downstream,CHO,,83.2,7.71,7.704,9.630123326290724,0.0563283500900242,10.1124/mol.115.098848|OPRM_HUMAN|Phosphorylation|Downstream|CHO|nan,1.9261233262907238,0.0587911323124124,0.0293955661562062,0.05126306426041445
10.1124/mol.115.098848,OPRM_HUMAN,β-Endorphin,Activation,Transducer,CHO,,82.0,8.55,8.079,10.463813852383716,0.355082931330088,10.1124/mol.115.098848|OPRM_HUMAN|Activation|Transducer|CHO|nan,2.384813852383715,0.3299784337770624,0.1649892168885312,0.991859354189146
10.1124/mol.115.098848,OPRM_HUMAN,β-Endorphin,Accumulation,Downstream,CHO,,54.2,8.11,6.75,9.843999286538386,1.277199456949539,10.1124/mol.115.098848|OPRM_HUMAN|Accumulation|Downstream|CHO|nan,3.093999286538386,1.324003371028511,0.6620016855142555,1.0
10.1124/mol.115.099150,OPRX_HUMAN,Buprenorphine,Accumulation,Downstream,HEK-293,,69.3,8.64,8.35,10.480733234611808,0.1095439355418701,10.1124/mol.115.099150|OPRX_HUMAN|Accumulation|Downstream|HEK-293|nan,2.1307332346118084,0.18765484803368815,0.09382742401684407,0.08598469722928681
10.1124/mol.115.099150,OPRX_HUMAN,MCOPPB,Recruitment ,Transducer,HEK-293,Arrestin-2 (β-arrestin-1),123.3,5.61,5.84,7.700963076595732,-0.1890369234042683,10.1124/mol.115.099150|OPRX_HUMAN|Recruitment |Transducer|HEK-293|Arrestin-2 (β-arrestin-1),1.8609630765957323,-0.1329243493681902,-0.0664621746840951,0.29468936499552495
10.1124/mol.115.099150,OPRX_HUMAN,MCOPPB,Recruitment ,Transducer,HEK-293,Arrestin-3 (β-arrestin-2),99.3,5.8,6.24,7.796949248495381,-0.2045621841390223,10.1124/mol.115.099150|OPRX_HUMAN|Recruitment |Transducer|HEK-293|Arrestin-3 (β-arrestin-2),1.556949248495381,-0.1858709785478807,-0.09293548927394035,0.38016210000876427
10.1124/mol.115.099150,OPRX_HUMAN,MCOPPB,Accumulation,Downstream,HEK-293,,105.0,10.6,10.6,12.621189299069938,0.0,10.1124/mol.115.099150|OPRX_HUMAN|Accumulation|Downstream|HEK-293|nan,2.0211892990699383,0.07811091249181801,0.039055456245909004,0.04239230469906874
10.1124/mol.115.099150,OPRX_HUMAN,NNC 63-0532,Accumulation,Downstream,HEK-293,,74.2,7.58,8.57,9.450403905279028,-1.140785393790912,10.1124/mol.115.099150|OPRX_HUMAN|Accumulation|Downstream|HEK-293|nan,0.880403905279028,-1.0626744812990923,-0.5313372406495461,1.0
10.1124/mol.115.099150,OPRX_HUMAN,Nociceptin,Recruitment ,Transducer,HEK-293,Arrestin-2 (β-arrestin-1),100.0,6.4,6.35,8.4,0.0,10.1124/mol.115.099150|OPRX_HUMAN|Recruitment |Transducer|HEK-293|Arrestin-2 (β-arrestin-1),2.0500000000000007,0.05611257403607817,0.028056287018039083,0.04239230469906874
10.1124/mol.115.099150,OPRX_HUMAN,Nociceptin,Recruitment ,Transducer,HEK-293,Arrestin-3 (β-arrestin-2),100.0,6.69,6.78,8.690000000000001,0.1484885673655975,10.1124/mol.115.099150|OPRX_HUMAN|Recruitment |Transducer|HEK-293|Arrestin-3 (β-arrestin-2),1.910000000000001,0.16717977295673925,0.08358988647836962,0.15027658418483852
10.1124/mol.115.099150,OPRX_HUMAN,Nociceptin,Accumulation,Downstream,HEK-293,,100.0,9.69,9.55,11.69,0.1188107009300605,10.1124/mol.115.099150|OPRX_HUMAN|Accumulation|Downstream|HEK-293|nan,2.139999999999999,0.19692161342187853,0.09846080671093926,0.09702284031870084
10.1124/mol.115.099150,OPRX_HUMAN,RTI-819,Accumulation,Downstream,HEK-293,,74.5,7.14,7.2,9.012156272748292,-0.209033026321646,10.1124/mol.115.099150|OPRX_HUMAN|Accumulation|Downstream|HEK-293|nan,1.8121562727482923,-0.130922113829828,-0.065461056914914,0.4078876650571207
10.1124/mol.115.099150,OPRX_HUMAN,RTI-856,Accumulation,Downstream,HEK-293,,76.6,8.14,8.11,10.024228769632604,-0.1069605294373339,10.1124/mol.115.099150|OPRX_HUMAN|Accumulation|Downstream|HEK-293|nan,1.9142287696326044,-0.02884961694551591,-0.014424808472757955,0.08326328762313451
10.1124/mol.115.099150,OPRX_HUMAN,"SCH 221,510",Recruitment ,Transducer,HEK-293,Arrestin-2 (β-arrestin-1),151.6,5.83,5.94,8.010699201296035,0.0206992012960336,10.1124/mol.115.099150|OPRX_HUMAN|Recruitment |Transducer|HEK-293|Arrestin-2 (β-arrestin-1),2.0706992012960344,0.07681177533211181,0.038405887666055905,0.04349845204710919
10.1124/mol.115.099150,OPRX_HUMAN,"SCH 221,510",Recruitment ,Transducer,HEK-293,Arrestin-3 (β-arrestin-2),87.4,5.37,5.55,7.311511432634403,0.0,10.1124/mol.115.099150|OPRX_HUMAN|Recruitment |Transducer|HEK-293|Arrestin-3 (β-arrestin-2),1.7615114326344035,0.01869120559114168,0.00934560279557084,0.04239230469906874
10.1124/mol.115.099150,OPRX_HUMAN,"SCH 221,510",Accumulation,Downstream,HEK-293,,103.0,8.37,7.68,10.38283722470517,0.6816479256352324,10.1124/mol.115.099150|OPRX_HUMAN|Accumulation|Downstream|HEK-293|nan,2.7028372247051706,0.7597588381270504,0.3798794190635252,0.999999999995236
10.1124/mol.115.099192,CNR1_HUMAN,∆9-THC,Phosphorylation,Downstream,CHO,,31.666666666666664,6.4,6.5,7.900602350569185,-0.3288165751451064,10.1124/mol.115.099192|CNR1_HUMAN|Phosphorylation|Downstream|CHO|nan,1.4006023505691854,-0.3717301941958109,-0.18586509709790544,0.9752604083701701
10.1124/mol.115.099192,CNR1_HUMAN,∆9-THC,Accumulation,Downstream,CHO,,81.25,7.6,7.1,9.509823369650912,0.2098233696509117,10.1124/mol.115.099192|CNR1_HUMAN|Accumulation|Downstream|CHO|nan,2.409823369650912,0.2732218138384175,0.13661090691920874,0.41291940571884783
10.1124/mol.115.099192,CNR1_HUMAN,2-AG,Phosphorylation,Downstream,CHO,,100.0,5.8,5.9,7.8,0.1705810742857076,10.1124/mol.115.099192|CNR1_HUMAN|Phosphorylation|Downstream|CHO|nan,1.8999999999999995,0.12766745523500322,0.06383372761750161,0.21591460762542136
10.1124/mol.115.099192,CNR1_HUMAN,2-AG,Accumulation,Downstream,CHO,,100.0,5.9,5.7,7.9,0.0,10.1124/mol.115.099192|CNR1_HUMAN|Accumulation|Downstream|CHO|nan,2.2,0.06339844418750573,0.031699222093752866,0.04239230469906874
10.1124/mol.115.099192,CNR1_HUMAN,Anandamide,Phosphorylation,Downstream,CHO,,66.66666666666666,5.5,5.6,7.323908740944319,-0.0055101847699727,10.1124/mol.115.099192|CNR1_HUMAN|Phosphorylation|Downstream|CHO|nan,1.723908740944319,-0.048423803820677236,-0.024211901910338618,0.04246979755822236
10.1124/mol.115.099192,CNR1_HUMAN,Anandamide,Accumulation,Downstream,CHO,,115.625,6.1,6.3,8.163051745747088,-0.3369482542529116,10.1124/mol.115.099192|CNR1_HUMAN|Accumulation|Downstream|CHO|nan,1.8630517457470885,-0.2735498100654059,-0.13677490503270295,0.982265961402658
10.1124/mol.115.099192,CNR1_HUMAN,"CP55,940",Phosphorylation,Downstream,CHO,,85.0,7.7,7.9,9.629418925714292,0.0,10.1124/mol.115.099192|CNR1_HUMAN|Phosphorylation|Downstream|CHO|nan,1.7294189257142918,-0.042913619050704455,-0.021456809525352227,0.04239230469906874
10.1124/mol.115.099192,CNR1_HUMAN,"CP55,940",Accumulation,Downstream,CHO,,128.125,8.1,8.3,10.207633878399829,-0.292366121600172,10.1124/mol.115.099192|CNR1_HUMAN|Accumulation|Downstream|CHO|nan,1.9076338783998281,-0.22896767741266633,-0.11448383870633316,0.9048209904609127
10.1124/mol.115.099192,CNR1_HUMAN,HU-210,Phosphorylation,Downstream,CHO,,95.0,7.5,7.6,9.477723605288848,0.1483046795745561,10.1124/mol.115.099192|CNR1_HUMAN|Phosphorylation|Downstream|CHO|nan,1.877723605288848,0.10539106052385172,0.05269553026192586,0.14983933337213867
10.1124/mol.115.099192,CNR1_HUMAN,HU-210,Accumulation,Downstream,CHO,,126.5625,9.0,8.8,11.102305044894765,0.102305044894762,10.1124/mol.115.099192|CNR1_HUMAN|Accumulation|Downstream|CHO|nan,2.302305044894764,0.1657034890822695,0.08285174454113475,0.07870955853573994
10.1124/mol.115.099192,CNR1_HUMAN,Methanandamide,Phosphorylation,Downstream,CHO,,43.333333333333336,5.9,5.9,7.536822097587175,-0.0925968281271174,10.1124/mol.115.099192|CNR1_HUMAN|Phosphorylation|Downstream|CHO|nan,1.6368220975871743,-0.1355104471778219,-0.06775522358891095,0.07051078849434744
10.1124/mol.115.099192,CNR1_HUMAN,Methanandamide,Accumulation,Downstream,CHO,,110.9375,6.8,6.9,8.845078374735188,-0.2549216252648127,10.1124/mol.115.099192|CNR1_HUMAN|Accumulation|Downstream|CHO|nan,1.9450783747351874,-0.19152318107730704,-0.09576159053865352,0.7240576280069733
10.1124/mol.115.099192,CNR1_HUMAN,"WIN55,212-2",Phosphorylation,Downstream,CHO,,86.66666666666667,7.0,6.8,8.937852093251156,0.408433167536864,10.1124/mol.115.099192|CNR1_HUMAN|Phosphorylation|Downstream|CHO|nan,2.1378520932511558,0.36551954848615953,0.18275977424307976,0.9993651428427754
10.1124/mol.115.099192,CNR1_HUMAN,"WIN55,212-2",Accumulation,Downstream,CHO,,134.375,7.1,6.9,9.22831847725968,0.1283184772596799,10.1124/mol.115.099192|CNR1_HUMAN|Accumulation|Downstream|CHO|nan,2.32831847725968,0.19171692144718566,0.09585846072359283,0.11074502942826533
10.1124/mol.115.101980,CNR1_HUMAN,2-AG,Recruitment ,Transducer,STHdhQ111/Q111,Arrestin-2 (β-arrestin-1),96.7,6.2,6.27,8.185426474083002,0.0,10.1124/mol.115.101980|CNR1_HUMAN|Recruitment |Transducer|STHdhQ111/Q111|Arrestin-2 (β-arrestin-1),1.9154264740830023,-0.3419123909751076,-0.1709561954875538,0.04239230469906874
10.1124/mol.115.101980,CNR1_HUMAN,2-AG,Recruitment ,Transducer,STHdhQ7/Q7,Arrestin-2 (β-arrestin-1),101.0,6.1,6.15,8.104321373782643,0.0,10.1124/mol.115.101980|CNR1_HUMAN|Recruitment |Transducer|STHdhQ7/Q7|Arrestin-2 (β-arrestin-1),1.9543213737826424,-0.18093324952748358,-0.09046662476374179,0.04239230469906874
10.1124/mol.115.101980,CNR1_HUMAN,2-AG,Phosphorylation,Downstream,STHdhQ111/Q111,,54.5,6.3,6.28,8.036396502276641,-0.5255650729976469,10.1124/mol.115.101980|CNR1_HUMAN|Phosphorylation|Downstream|STHdhQ111/Q111|nan,1.7563965022766412,-1.2655832331846413,-0.6327916165923206,0.9999993417583042
10.1124/mol.115.101980,CNR1_HUMAN,2-AG,Phosphorylation,Downstream,STHdhQ7/Q7,,75.2,6.4,6.28,8.276217840591643,-0.2321993651188871,10.1124/mol.115.101980|CNR1_HUMAN|Phosphorylation|Downstream|STHdhQ7/Q7|nan,1.996217840591643,-0.6578118464662057,-0.32890592323310286,0.5669436626885971
10.1124/mol.115.101980,CNR1_HUMAN,2-AG,Phosphorylation,Downstream,STHdhQ111/Q111,,102.0,6.4,6.14,8.408600171761918,-0.0133614035123694,10.1124/mol.115.101980|CNR1_HUMAN|Phosphorylation|Downstream|STHdhQ111/Q111|nan,2.2686001717619186,-0.7533795636993639,-0.37668978184968194,0.04284990293259324
10.1124/mol.115.101980,CNR1_HUMAN,2-AG,Phosphorylation,Downstream,STHdhQ7/Q7,,111.0,6.4,6.22,8.445322978786658,-0.003094226923872,10.1124/mol.115.101980|CNR1_HUMAN|Phosphorylation|Downstream|STHdhQ7/Q7|nan,2.225322978786658,-0.4287067082711906,-0.2143533541355953,0.04241672630032354
10.1124/mol.115.101980,CNR1_HUMAN,2-AG,Phosphorylation,Downstream,STHdhQ111/Q111,,87.4,6.2,5.76,8.141511432634402,0.0995498573601145,10.1124/mol.115.101980|CNR1_HUMAN|Phosphorylation|Downstream|STHdhQ111/Q111|nan,2.3815114326344027,-0.6404683028268798,-0.3202341514134399,0.07621323274636929
10.1124/mol.115.101980,CNR1_HUMAN,2-AG,Phosphorylation,Downstream,STHdhQ7/Q7,,87.4,6.3,6.01,8.241511432634402,0.003094226923872,10.1124/mol.115.101980|CNR1_HUMAN|Phosphorylation|Downstream|STHdhQ7/Q7|nan,2.2315114326344023,-0.4225182544234465,-0.21125912721172324,0.04241672630032354
10.1124/mol.115.101980,CNR1_HUMAN,Anandamide,Recruitment ,Transducer,STHdhQ111/Q111,Arrestin-2 (β-arrestin-1),65.0,6.1,6.22,7.912913356642855,-0.2225131174401466,10.1124/mol.115.101980|CNR1_HUMAN|Recruitment |Transducer|STHdhQ111/Q111|Arrestin-2 (β-arrestin-1),1.6929133566428556,-0.5644255084152543,-0.28221275420762715,0.4981795787204373
10.1124/mol.115.101980,CNR1_HUMAN,Anandamide,Recruitment ,Transducer,STHdhQ7/Q7,Arrestin-2 (β-arrestin-1),76.1,6.1,6.09,7.981384656770572,-0.0629367170120698,10.1124/mol.115.101980|CNR1_HUMAN|Recruitment |Transducer|STHdhQ7/Q7|Arrestin-2 (β-arrestin-1),1.8913846567705725,-0.2438699665395534,-0.1219349832697767,0.05372513186605296
10.1124/mol.115.101980,CNR1_HUMAN,Anandamide,Phosphorylation,Downstream,STHdhQ111/Q111,,64.5,6.5,6.42,8.309559714635268,-0.3924018606390196,10.1124/mol.115.101980|CNR1_HUMAN|Phosphorylation|Downstream|STHdhQ111/Q111|nan,1.8895597146352685,-1.132420020826014,-0.566210010413007,0.998579048476676
10.1124/mol.115.101980,CNR1_HUMAN,Anandamide,Phosphorylation,Downstream,STHdhQ7/Q7,,117.0,6.4,6.35,8.468185861746163,-0.1102313439643674,10.1124/mol.115.101980|CNR1_HUMAN|Phosphorylation|Downstream|STHdhQ7/Q7|nan,2.118185861746163,-0.535843825311686,-0.267921912655843,0.08673347061688327
10.1124/mol.115.101980,CNR1_HUMAN,Anandamide,Phosphorylation,Downstream,STHdhQ111/Q111,,111.0,6.5,6.25,8.545322978786658,0.0133614035123694,10.1124/mol.115.101980|CNR1_HUMAN|Phosphorylation|Downstream|STHdhQ111/Q111|nan,2.2953229787866576,-0.7266567566746249,-0.36332837833731246,0.04284990293259324
10.1124/mol.115.101980,CNR1_HUMAN,Anandamide,Phosphorylation,Downstream,STHdhQ7/Q7,,115.0,6.6,6.32,8.660697840353611,0.1122806346430809,10.1124/mol.115.101980|CNR1_HUMAN|Phosphorylation|Downstream|STHdhQ7/Q7|nan,2.340697840353611,-0.31333184670423764,-0.15666592335211882,0.08902939972671078
10.1124/mol.115.101980,CNR1_HUMAN,Anandamide,Phosphorylation,Downstream,STHdhQ111/Q111,,90.2,6.4,5.41,8.355206537541942,0.6632449622676542,10.1124/mol.115.101980|CNR1_HUMAN|Phosphorylation|Downstream|STHdhQ111/Q111|nan,2.9452065375419423,-0.07677319791934023,-0.038386598959670115,0.999999999977449
10.1124/mol.115.101980,CNR1_HUMAN,Anandamide,Phosphorylation,Downstream,STHdhQ7/Q7,,101.0,6.4,6.31,8.404321373782643,-0.1340958319278864,10.1124/mol.115.101980|CNR1_HUMAN|Phosphorylation|Downstream|STHdhQ7/Q7|nan,2.094321373782644,-0.559708313275205,-0.2798541566376025,0.12047714946530182
10.1124/mol.115.101980,CNR1_HUMAN,Cannabidiol,Phosphorylation,Downstream,STHdhQ111/Q111,,348.0,6.4,2.27,8.941579243946581,4.389617668672294,10.1124/mol.115.101980|CNR1_HUMAN|Phosphorylation|Downstream|STHdhQ111/Q111|nan,6.6715792439465815,3.649599508485299,1.8247997542426495,1.0
10.1124/mol.115.101980,CNR1_HUMAN,Cannabidiol,Phosphorylation,Downstream,STHdhQ7/Q7,,445.0,6.2,3.34,8.848360010980931,3.279942805270401,10.1124/mol.115.101980|CNR1_HUMAN|Phosphorylation|Downstream|STHdhQ7/Q7|nan,5.508360010980931,2.8543303239230826,1.4271651619615413,1.0
10.1124/mol.115.101980,CNR1_HUMAN,"CP55,940",Recruitment ,Transducer,STHdhQ111/Q111,Arrestin-2 (β-arrestin-1),126.0,6.9,6.47,9.000370545117564,0.6149440710345617,10.1124/mol.115.101980|CNR1_HUMAN|Recruitment |Transducer|STHdhQ111/Q111|Arrestin-2 (β-arrestin-1),2.530370545117564,0.2730316800594541,0.13651584002972705,0.9999999989099932
10.1124/mol.115.101980,CNR1_HUMAN,"CP55,940",Recruitment ,Transducer,STHdhQ7/Q7,Arrestin-2 (β-arrestin-1),128.0,7.4,6.46,9.50720996964787,1.0928885958652268,10.1124/mol.115.101980|CNR1_HUMAN|Recruitment |Transducer|STHdhQ7/Q7|Arrestin-2 (β-arrestin-1),3.047209969647869,0.9119553463377432,0.4559776731688716,1.0
10.1124/mol.115.101980,CNR1_HUMAN,"CP55,940",Phosphorylation,Downstream,STHdhQ111/Q111,,41.4,6.4,6.22,8.0170003411209,-0.484961234153388,10.1124/mol.115.101980|CNR1_HUMAN|Phosphorylation|Downstream|STHdhQ111/Q111|nan,1.7970003411209001,-1.2249793943403824,-0.6124896971701912,0.9999913352809542
10.1124/mol.115.101980,CNR1_HUMAN,"CP55,940",Phosphorylation,Downstream,STHdhQ7/Q7,,88.0,6.3,6.3,8.244482672150168,-0.283934533560362,10.1124/mol.115.101980|CNR1_HUMAN|Phosphorylation|Downstream|STHdhQ7/Q7|nan,1.9444826721501682,-0.7095470149076806,-0.3547735074538403,0.8750910471187713
10.1124/mol.115.101980,CNR1_HUMAN,"CP55,940",Phosphorylation,Downstream,STHdhQ111/Q111,,76.0,6.2,5.84,8.08081359228079,-0.0411479829934973,10.1124/mol.115.101980|CNR1_HUMAN|Phosphorylation|Downstream|STHdhQ111/Q111|nan,2.240813592280791,-0.7811661431804917,-0.39058307159024586,0.046926355549962155
10.1124/mol.115.101980,CNR1_HUMAN,"CP55,940",Phosphorylation,Downstream,STHdhQ7/Q7,,68.1,6.2,5.94,8.033147111912786,-0.1352700937977444,10.1124/mol.115.101980|CNR1_HUMAN|Phosphorylation|Downstream|STHdhQ7/Q7|nan,2.093147111912786,-0.560882575145063,-0.2804412875725315,0.12259847846155209
10.1124/mol.115.101980,CNR1_HUMAN,"CP55,940",Phosphorylation,Downstream,STHdhQ111/Q111,,70.8,6.2,6.32,8.050033257689769,-0.5519283175845193,10.1124/mol.115.101980|CNR1_HUMAN|Phosphorylation|Downstream|STHdhQ111/Q111|nan,1.7300332576897688,-1.2919464777715137,-0.6459732388857569,0.9999998894812149
10.1124/mol.115.101980,CNR1_HUMAN,"CP55,940",Phosphorylation,Downstream,STHdhQ7/Q7,,71.8,6.2,5.77,8.0561244442423,0.0577072385317705,10.1124/mol.115.101980|CNR1_HUMAN|Phosphorylation|Downstream|STHdhQ7/Q7|nan,2.2861244442423008,-0.36790524281554804,-0.18395262140777402,0.05174559083036388
10.1124/mol.115.101980,CNR1_HUMAN,"CP55,940",Phosphorylation,Downstream,STHdhQ111/Q111,,432.0,6.6,5.07,9.23548374681491,1.8835221715406223,10.1124/mol.115.101980|CNR1_HUMAN|Phosphorylation|Downstream|STHdhQ111/Q111|nan,4.16548374681491,1.143504011353628,0.571752005676814,1.0
10.1124/mol.115.101980,CNR1_HUMAN,"CP55,940",Phosphorylation,Downstream,STHdhQ7/Q7,,443.0,6.6,6.47,9.246403726223068,0.5479865205125383,10.1124/mol.115.101980|CNR1_HUMAN|Phosphorylation|Downstream|STHdhQ7/Q7|nan,2.7764037262230685,0.12237403916521972,0.06118701958260986,0.999999854883559
10.1124/mol.115.101980,CNR1_HUMAN,THC,Recruitment ,Transducer,STHdhQ111/Q111,Arrestin-2 (β-arrestin-1),107.0,6.4,4.98,8.42938377768521,1.5339573036022074,10.1124/mol.115.101980|CNR1_HUMAN|Recruitment |Transducer|STHdhQ111/Q111|Arrestin-2 (β-arrestin-1),3.4493837776852097,1.1920449126270998,0.5960224563135499,1.0
10.1124/mol.115.101980,CNR1_HUMAN,THC,Recruitment ,Transducer,STHdhQ7/Q7,Arrestin-2 (β-arrestin-1),98.8,6.4,6.41,8.394756944587629,0.0304355708049861,10.1124/mol.115.101980|CNR1_HUMAN|Recruitment |Transducer|STHdhQ7/Q7|Arrestin-2 (β-arrestin-1),1.9847569445876285,-0.15049767872249742,-0.07524883936124871,0.04481840241475658
10.1124/mol.115.101980,CNR1_HUMAN,THC,Phosphorylation,Downstream,STHdhQ111/Q111,,33.8,5.5,3.26,7.028916700277655,1.4869551250033672,10.1124/mol.115.101980|CNR1_HUMAN|Phosphorylation|Downstream|STHdhQ111/Q111|nan,3.7689167002776554,0.7469369648163728,0.3734684824081864,1.0
10.1124/mol.115.101980,CNR1_HUMAN,THC,Phosphorylation,Downstream,STHdhQ7/Q7,,40.3,6.0,4.48,7.605305046141109,0.8968878404305785,10.1124/mol.115.101980|CNR1_HUMAN|Phosphorylation|Downstream|STHdhQ7/Q7|nan,3.1253050461411087,0.4712753590832599,0.23563767954162995,1.0
10.1124/mol.115.101980,CNR1_HUMAN,THC,Phosphorylation,Downstream,STHdhQ111/Q111,,40.1,6.5,4.0,8.103144372620182,1.821182797345894,10.1124/mol.115.101980|CNR1_HUMAN|Phosphorylation|Downstream|STHdhQ111/Q111|nan,4.103144372620182,1.0811646371588997,0.5405823185794498,1.0
10.1124/mol.115.101980,CNR1_HUMAN,THC,Phosphorylation,Downstream,STHdhQ7/Q7,,48.3,6.5,5.35,8.183947130751513,0.6055299250409827,10.1124/mol.115.101980|CNR1_HUMAN|Phosphorylation|Downstream|STHdhQ7/Q7|nan,2.833947130751513,0.17991744369366414,0.08995872184683207,0.9999999977567381
10.1124/mol.115.101980,CNR1_HUMAN,THC,Phosphorylation,Downstream,STHdhQ111/Q111,,67.9,6.4,4.33,8.231869774280502,1.6199081990062143,10.1124/mol.115.101980|CNR1_HUMAN|Phosphorylation|Downstream|STHdhQ111/Q111|nan,3.9018697742805024,0.8798900388192199,0.43994501940960995,1.0
10.1124/mol.115.101980,CNR1_HUMAN,THC,Phosphorylation,Downstream,STHdhQ7/Q7,,71.4,6.5,5.45,8.353698211776175,0.6752810060656445,10.1124/mol.115.101980|CNR1_HUMAN|Phosphorylation|Downstream|STHdhQ7/Q7|nan,2.9036982117761747,0.2496685247183259,0.12483426235916295,0.999999999991803
10.1124/mol.115.101980,CNR1_HUMAN,"WIN55,212-2",Recruitment ,Transducer,STHdhQ111/Q111,Arrestin-2 (β-arrestin-1),102.0,6.1,6.41,8.108600171761918,-0.2168263023210848,10.1124/mol.115.101980|CNR1_HUMAN|Recruitment |Transducer|STHdhQ111/Q111|Arrestin-2 (β-arrestin-1),1.6986001717619175,-0.5587386932961924,-0.2793693466480962,0.45903557958004654
10.1124/mol.115.101980,CNR1_HUMAN,"WIN55,212-2",Recruitment ,Transducer,STHdhQ7/Q7,Arrestin-2 (β-arrestin-1),102.0,6.2,6.41,8.208600171761917,-0.1557212020207252,10.1124/mol.115.101980|CNR1_HUMAN|Recruitment |Transducer|STHdhQ7/Q7|Arrestin-2 (β-arrestin-1),1.798600171761917,-0.33665445154820883,-0.16832722577410442,0.16879078295599453
10.1124/mol.115.101980,CNR1_HUMAN,"WIN55,212-2",Phosphorylation,Downstream,STHdhQ111/Q111,,51.5,6.3,6.33,8.01180722904119,-0.6001543462330976,10.1124/mol.115.101980|CNR1_HUMAN|Phosphorylation|Downstream|STHdhQ111/Q111|nan,1.6818072290411905,-1.340172506420092,-0.670086253210046,0.9999999966294961
10.1124/mol.115.101980,CNR1_HUMAN,"WIN55,212-2",Phosphorylation,Downstream,STHdhQ7/Q7,,101.0,6.3,6.35,8.304321373782642,-0.2740958319278879,10.1124/mol.115.101980|CNR1_HUMAN|Phosphorylation|Downstream|STHdhQ7/Q7|nan,1.9543213737826424,-0.6997083132752064,-0.3498541566376032,0.8322782221389482
10.1124/mol.115.101980,CNR1_HUMAN,"WIN55,212-2",Phosphorylation,Downstream,STHdhQ111/Q111,,102.0,6.2,6.21,8.208600171761917,-0.2833614035123708,10.1124/mol.115.101980|CNR1_HUMAN|Phosphorylation|Downstream|STHdhQ111/Q111|nan,1.9986001717619173,-1.0233795636993652,-0.5116897818496826,0.8728414231082455
10.1124/mol.115.101980,CNR1_HUMAN,"WIN55,212-2",Phosphorylation,Downstream,STHdhQ7/Q7,,102.0,6.2,6.18,8.208600171761917,-0.1998170339486127,10.1124/mol.115.101980|CNR1_HUMAN|Phosphorylation|Downstream|STHdhQ7/Q7|nan,2.0286001717619175,-0.6254295152959313,-0.31271475764796564,0.35219708241663256
10.1124/mol.115.101980,CNR1_HUMAN,"WIN55,212-2",Phosphorylation,Downstream,STHdhQ111/Q111,,102.0,6.5,6.51,8.508600171761918,-0.2833614035123699,10.1124/mol.115.101980|CNR1_HUMAN|Phosphorylation|Downstream|STHdhQ111/Q111|nan,1.9986001717619182,-1.0233795636993643,-0.5116897818496822,0.8728414231082418
10.1124/mol.115.101980,CNR1_HUMAN,"WIN55,212-2",Phosphorylation,Downstream,STHdhQ7/Q7,,105.0,6.5,6.54,8.521189299069938,-0.247227906640592,10.1124/mol.115.101980|CNR1_HUMAN|Phosphorylation|Downstream|STHdhQ7/Q7|nan,1.9811892990699382,-0.6728403879879106,-0.3364201939939553,0.673045691737578
10.1124/mol.115.101980,CNR1_HUMAN,"WIN55,212-2",Phosphorylation,Downstream,STHdhQ111/Q111,,105.0,7.0,2.22,9.021189299069938,4.51922772379565,10.1124/mol.115.101980|CNR1_HUMAN|Phosphorylation|Downstream|STHdhQ111/Q111|nan,6.801189299069938,3.779209563608655,1.8896047818043276,1.0
10.1124/mol.115.101980,CNR1_HUMAN,"WIN55,212-2",Phosphorylation,Downstream,STHdhQ7/Q7,,115.0,6.7,3.43,8.760697840353611,3.102280634643081,10.1124/mol.115.101980|CNR1_HUMAN|Phosphorylation|Downstream|STHdhQ7/Q7|nan,5.330697840353611,2.6766681532957626,1.3383340766478813,1.0
10.1124/mol.116.103283,AA3R_HUMAN,AB-MECA,Phosphorylation,Downstream,CHO,,87.73584905660378,8.1,8.0,10.043177083289164,0.1216326011437596,10.1124/mol.116.103283|AA3R_HUMAN|Phosphorylation|Downstream|CHO|nan,2.043177083289164,0.2312587869447773,0.11562939347238865,0.10082156547994717
10.1124/mol.116.103283,AA3R_HUMAN,AB-MECA,Phosphorylation,Downstream,CHO,,47.61904761904761,7.5,8.0,9.17778070526608,-0.7437637768793239,10.1124/mol.116.103283|AA3R_HUMAN|Phosphorylation|Downstream|CHO|nan,1.1777807052660805,-0.6341375910783063,-0.3170687955391531,0.9999999999999817
10.1124/mol.116.103283,AA3R_HUMAN,AB-MECA,Accumulation,Downstream,CHO,,108.33333333333331,7.6,7.7,9.634762106259211,-0.1967781855002348,10.1124/mol.116.103283|AA3R_HUMAN|Accumulation|Downstream|CHO|nan,1.9347621062592113,-0.20834092079301314,-0.10417046039650657,0.33512355973373514
10.1124/mol.116.103283,AA3R_HUMAN,HEMADO,Phosphorylation,Downstream,CHO,,93.39622641509436,9.4,9.4,11.37032932933278,0.0487848471873748,10.1124/mol.116.103283|AA3R_HUMAN|Phosphorylation|Downstream|CHO|nan,1.9703293293327793,0.15841103298839254,0.07920551649419627,0.04889404574440902
10.1124/mol.116.103283,AA3R_HUMAN,HEMADO,Phosphorylation,Downstream,CHO,,85.71428571428571,8.1,8.9,10.033053210369388,-0.7884912717760182,10.1124/mol.116.103283|AA3R_HUMAN|Phosphorylation|Downstream|CHO|nan,1.133053210369388,-0.6788650859749987,-0.33943254298749936,0.9999999999999997
10.1124/mol.116.103283,AA3R_HUMAN,HEMADO,Accumulation,Downstream,CHO,,104.16666666666669,9.3,8.8,11.317728766960432,0.386188475200985,10.1124/mol.116.103283|AA3R_HUMAN|Accumulation|Downstream|CHO|nan,2.517728766960431,0.3746257399082067,0.18731286995410334,0.998075416026326
10.1124/mol.116.106153,HRH3_HUMAN,Imetit,Accumulation,Downstream,CHO,,61.81818181818181,8.17,9.61,9.961116227548011,0.1572803066556192,10.1124/mol.116.106153|HRH3_HUMAN|Accumulation|Downstream|CHO|nan,0.35111622754801175,0.2018425549195063,0.10092127745975316,0.17313542529412237
10.1124/mol.116.103283,AA3R_HUMAN,IB-MECA,Phosphorylation,Downstream,CHO,,100.0,9.6,9.5,11.6,0.1784555178545952,10.1124/mol.116.103283|AA3R_HUMAN|Phosphorylation|Downstream|CHO|nan,2.0999999999999996,0.2880817036556129,0.14404085182780646,0.24657096599108433
10.1124/mol.116.103283,AA3R_HUMAN,IB-MECA,Phosphorylation,Downstream,CHO,,100.0,8.9,9.4,10.9,-0.4215444821454044,10.1124/mol.116.103283|AA3R_HUMAN|Phosphorylation|Downstream|CHO|nan,1.5,-0.3119182963443867,-0.15595914817219336,0.9996794186227169
10.1124/mol.116.103283,AA3R_HUMAN,IB-MECA,Accumulation,Downstream,CHO,,100.0,9.4,9.4,11.4,-0.1315402917594461,10.1124/mol.116.103283|AA3R_HUMAN|Accumulation|Downstream|CHO|nan,2.0,-0.14310302705222444,-0.07155151352611222,0.1160312440540088
10.1124/mol.116.106153,HRH3_HUMAN,Imetit,Accumulation,Downstream,CHO,,84.68468468468468,8.14,8.92,10.067804874813042,0.9539689539206496,10.1124/mol.116.106153|HRH3_HUMAN|Accumulation|Downstream|CHO|nan,1.1478048748130423,0.9985312021845368,0.4992656010922684,1.0
10.1124/mol.116.103283,AA3R_HUMAN,MRS3558,Phosphorylation,Downstream,CHO,,88.67924528301887,9.8,9.7,11.747821988334929,0.1262775061895249,10.1124/mol.116.103283|AA3R_HUMAN|Phosphorylation|Downstream|CHO|nan,2.0478219883349293,0.23590369199054262,0.11795184599527131,0.10757112935546008
10.1124/mol.116.103283,AA3R_HUMAN,MRS3558,Phosphorylation,Downstream,CHO,,90.47619047619048,8.8,9.4,10.75653430621891,-0.5650101759264947,10.1124/mol.116.103283|AA3R_HUMAN|Phosphorylation|Downstream|CHO|nan,1.3565343062189097,-0.45538399012547703,-0.22769199506273852,0.9999999558616051
10.1124/mol.116.103283,AA3R_HUMAN,MRS3558,Accumulation,Downstream,CHO,,97.2222222222222,9.6,9.7,11.587765543582988,-0.2437747481764578,10.1124/mol.116.103283|AA3R_HUMAN|Accumulation|Downstream|CHO|nan,1.8877655435829883,-0.2553374834692361,-0.12766874173461806,0.6491912881217047
10.1124/mol.116.106153,HRH3_HUMAN,Iodoproxyfan,Accumulation,Downstream,CHO,,76.62337662337663,8.29,9.27,10.174361286469662,0.7105253655772694,10.1124/mol.116.106153|HRH3_HUMAN|Accumulation|Downstream|CHO|nan,0.904361286469662,0.7550876138411565,0.37754380692057826,0.9999999999996187
10.1124/mol.116.103283,AA3R_HUMAN,MRS5655,Phosphorylation,Downstream,CHO,,83.01886792452831,9.3,9.0,11.2191768068854,0.2976323247399941,10.1124/mol.116.103283|AA3R_HUMAN|Phosphorylation|Downstream|CHO|nan,2.2191768068854003,0.4072585105410136,0.2036292552705068,0.9203529806698559
10.1124/mol.116.103283,AA3R_HUMAN,MRS5655,Phosphorylation,Downstream,CHO,,114.28571428571428,8.3,8.9,10.357991946977688,-0.4635525351677172,10.1124/mol.116.103283|AA3R_HUMAN|Phosphorylation|Downstream|CHO|nan,1.4579919469776872,-0.35392634936669953,-0.17696317468334977,0.9999689740932435
10.1124/mol.116.103283,AA3R_HUMAN,MRS5655,Accumulation,Downstream,CHO,,108.33333333333331,9.1,9.1,11.134762106259211,-0.0967781855002343,10.1124/mol.116.103283|AA3R_HUMAN|Accumulation|Downstream|CHO|nan,2.034762106259212,-0.10834092079301261,-0.054170460396506304,0.07384123549239391
10.1124/mol.116.103283,AA3R_HUMAN,MRS5667,Phosphorylation,Downstream,CHO,,105.66037735849056,8.1,8.2,10.12391215740541,0.0023676752600065,10.1124/mol.116.103283|AA3R_HUMAN|Phosphorylation|Downstream|CHO|nan,1.923912157405411,0.11199386106102427,0.055996930530512135,0.042406602345193896
10.1124/mol.116.103283,AA3R_HUMAN,MRS5667,Phosphorylation,Downstream,CHO,,119.04761904761904,8.2,8.2,10.275720713938115,0.1541762317927135,10.1124/mol.116.103283|AA3R_HUMAN|Phosphorylation|Downstream|CHO|nan,2.075720713938116,0.26380241759372947,0.13190120879686473,0.16461309826898182
10.1124/mol.116.103283,AA3R_HUMAN,MRS5667,Accumulation,Downstream,CHO,,98.61111111111111,8.5,8.7,10.493925852287807,-0.337614439471638,10.1124/mol.116.103283|AA3R_HUMAN|Accumulation|Downstream|CHO|nan,1.793925852287808,-0.34917717476441634,-0.17458858738220817,0.9827510585473994
10.1124/mol.116.106153,HRH3_HUMAN,NαMH,Accumulation,Downstream,CHO,,90.9090909090909,8.33,9.54,10.288607314841776,0.554771393949383,10.1124/mol.116.106153|HRH3_HUMAN|Accumulation|Downstream|CHO|nan,0.7486073148417773,0.5993336422132719,0.29966682110663595,0.9999999093018616
10.1124/mol.116.103283,AA3R_HUMAN,MRS5679,Phosphorylation,Downstream,CHO,,89.62264150943396,7.6,7.3,9.552417740024078,0.3308732578786735,10.1124/mol.116.103283|AA3R_HUMAN|Phosphorylation|Downstream|CHO|nan,2.252417740024078,0.4404994436796912,0.2202497218398456,0.9772355529958969
10.1124/mol.116.103283,AA3R_HUMAN,MRS5679,Phosphorylation,Downstream,CHO,,66.66666666666666,6.6,7.0,8.423908740944318,-0.4976357412010861,10.1124/mol.116.103283|AA3R_HUMAN|Phosphorylation|Downstream|CHO|nan,1.4239087409443183,-0.38800955540006843,-0.19400477770003421,0.9999960372099029
10.1124/mol.116.103283,AA3R_HUMAN,MRS5679,Accumulation,Downstream,CHO,,81.94444444444444,8.1,7.6,10.013519515210875,0.2819792234514295,10.1124/mol.116.103283|AA3R_HUMAN|Accumulation|Downstream|CHO|nan,2.4135195152108757,0.27041648815865127,0.13520824407932563,0.8672930674092953
10.1124/mol.116.106153,HRH3_HUMAN,NαMH,Accumulation,Downstream,CHO,,134.23423423423424,8.48,9.95,10.607863289625616,0.4640273687332241,10.1124/mol.116.106153|HRH3_HUMAN|Accumulation|Downstream|CHO|nan,0.6578632896256167,0.5085896169971112,0.2542948084985556,0.9999698207077413
10.1124/mol.116.103283,AA3R_HUMAN,MRS5698,Phosphorylation,Downstream,CHO,,100.0,8.1,8.1,10.1,0.0784555178545955,10.1124/mol.116.103283|AA3R_HUMAN|Phosphorylation|Downstream|CHO|nan,2.0,0.18808170365561327,0.09404085182780664,0.061179206780024795
10.1124/mol.116.103283,AA3R_HUMAN,MRS5698,Phosphorylation,Downstream,CHO,,128.57142857142858,8.1,8.1,10.209144469425068,0.1875999872796638,10.1124/mol.116.103283|AA3R_HUMAN|Phosphorylation|Downstream|CHO|nan,2.1091444694250683,0.29722617308068155,0.14861308654034078,0.28767289709251587
10.1124/mol.116.103283,AA3R_HUMAN,MRS5698,Accumulation,Downstream,CHO,,123.61111111111111,8.3,8.5,10.392057510213643,-0.2394827815458011,10.1124/mol.116.103283|AA3R_HUMAN|Accumulation|Downstream|CHO|nan,1.8920575102136432,-0.25104551683858123,-0.12552275841929061,0.6189741918266851
10.1124/mol.116.106153,HRH3_HUMAN,Proxyfan,Accumulation,Downstream,CHO,,48.57142857142857,6.84,8.31,8.526380877027998,0.0225449561356052,10.1124/mol.116.106153|HRH3_HUMAN|Accumulation|Downstream|CHO|nan,0.2163808770279978,0.06710720439949236,0.03355360219974618,0.0437075408773836
10.1124/mol.116.103283,AA3R_HUMAN,MRS5704,Phosphorylation,Downstream,CHO,,100.9433962264151,6.2,6.2,8.20407791242044,0.0825334302750349,10.1124/mol.116.103283|AA3R_HUMAN|Phosphorylation|Downstream|CHO|nan,2.0040779124204393,0.1921596160760526,0.0960798080380263,0.06359113670101743
10.1124/mol.116.103283,AA3R_HUMAN,MRS5704,Phosphorylation,Downstream,CHO,,123.8095238095238,5.8,6.0,7.892754053236898,-0.0287904289085059,10.1124/mol.116.103283|AA3R_HUMAN|Phosphorylation|Downstream|CHO|nan,1.8927540532368976,0.08083575689251088,0.04041787844625544,0.04455711161859255
10.1124/mol.116.103283,AA3R_HUMAN,MRS5704,Accumulation,Downstream,CHO,,97.2222222222222,6.7,6.5,8.687765543582989,0.0562252518235428,10.1124/mol.116.103283|AA3R_HUMAN|Accumulation|Downstream|CHO|nan,2.187765543582989,0.044662516530764584,0.022331258265382292,0.05122762417906135
10.1124/mol.116.106153,HRH3_HUMAN,RαMH,Accumulation,Downstream,CHO,,100.0,7.87,9.32,9.87,0.3561640791076081,10.1124/mol.116.106153|HRH3_HUMAN|Accumulation|Downstream|CHO|nan,0.5499999999999989,0.4007263273714935,0.20036316368574675,0.9922402533655769
10.1124/mol.116.103283,AA3R_HUMAN,MRS5783,Phosphorylation,Downstream,CHO,,105.66037735849056,6.0,6.1,8.023912157405412,0.0023676752600083,10.1124/mol.116.103283|AA3R_HUMAN|Phosphorylation|Downstream|CHO|nan,1.9239121574054128,0.11199386106102605,0.05599693053051302,0.04240660234519392
10.1124/mol.116.103283,AA3R_HUMAN,MRS5783,Phosphorylation,Downstream,CHO,,100.0,5.9,5.9,7.9,0.0784555178545955,10.1124/mol.116.103283|AA3R_HUMAN|Phosphorylation|Downstream|CHO|nan,2.0,0.18808170365561327,0.09404085182780664,0.061179206780024795
10.1124/mol.116.103283,AA3R_HUMAN,MRS5783,Accumulation,Downstream,CHO,,108.33333333333331,6.5,6.4,8.534762106259212,0.0032218144997653,10.1124/mol.116.103283|AA3R_HUMAN|Accumulation|Downstream|CHO|nan,2.1347621062592115,-0.008340920793012963,-0.004170460396506481,0.04241878244062185
10.1124/mol.116.106153,HRH3_HUMAN,RαMH,Accumulation,Downstream,CHO,,100.0,7.98,9.23,9.98,0.5561640791076075,10.1124/mol.116.106153|HRH3_HUMAN|Accumulation|Downstream|CHO|nan,0.75,0.6007263273714946,0.3003631636857473,0.9999999177019204
10.1124/mol.116.103283,AA3R_HUMAN,MRS5857,Phosphorylation,Downstream,CHO,,96.22641509433964,9.7,9.4,11.683294306497146,0.3617498243517412,10.1124/mol.116.103283|AA3R_HUMAN|Phosphorylation|Downstream|CHO|nan,2.2832943064971456,0.4713760101527589,0.23568800507637944,0.9939577373642582
10.1124/mol.116.103283,AA3R_HUMAN,MRS5857,Phosphorylation,Downstream,CHO,,100.0,8.8,9.3,10.8,-0.4215444821454044,10.1124/mol.116.103283|AA3R_HUMAN|Phosphorylation|Downstream|CHO|nan,1.5,-0.3119182963443867,-0.15595914817219336,0.9996794186227169
10.1124/mol.116.103283,AA3R_HUMAN,MRS5857,Accumulation,Downstream,CHO,,101.38888888888889,9.1,9.1,11.105990363689187,-0.1255499280702583,10.1124/mol.116.103283|AA3R_HUMAN|Accumulation|Downstream|CHO|nan,2.005990363689188,-0.13711266336303662,-0.06855633168151831,0.10647119766099938
10.1124/mol.116.103283,AA3R_HUMAN,MRS5916,Phosphorylation,Downstream,CHO,,76.41509433962264,9.5,9.5,11.38317915361388,-0.0383653285315253,10.1124/mol.116.103283|AA3R_HUMAN|Phosphorylation|Downstream|CHO|nan,1.8831791536138809,0.07126085726949416,0.03563042863474708,0.046308645236012844
10.1124/mol.116.103283,AA3R_HUMAN,MRS5916,Phosphorylation,Downstream,CHO,,57.14285714285714,9.2,9.2,10.956961951313705,-0.1645825308316988,10.1124/mol.116.103283|AA3R_HUMAN|Phosphorylation|Downstream|CHO|nan,1.7569619513137056,-0.05495634503068114,-0.02747817251534057,0.19530079321790125
10.1124/mol.116.103283,AA3R_HUMAN,MRS5916,Accumulation,Downstream,CHO,,109.72222222222224,9.5,9.5,11.540294594859173,-0.0912456969002732,10.1124/mol.116.103283|AA3R_HUMAN|Accumulation|Downstream|CHO|nan,2.040294594859173,-0.10280843219305158,-0.05140421609652579,0.0694949852416552
10.1124/mol.116.103283,AA3R_HUMAN,MRS7030,Phosphorylation,Downstream,CHO,,83.01886792452831,8.1,8.1,10.019176806885396,-0.0023676752600065,10.1124/mol.116.103283|AA3R_HUMAN|Phosphorylation|Downstream|CHO|nan,1.919176806885396,0.10725851054100932,0.05362925527050466,0.042406602345193896
10.1124/mol.116.103283,AA3R_HUMAN,MRS7030,Phosphorylation,Downstream,CHO,,76.19047619047619,7.9,8.1,9.781900687922006,-0.2396437942233982,10.1124/mol.116.103283|AA3R_HUMAN|Phosphorylation|Downstream|CHO|nan,1.6819006879220062,-0.13001760842238053,-0.06500880421119026,0.6201164433015772
10.1124/mol.116.103283,AA3R_HUMAN,MRS7030,Accumulation,Downstream,CHO,,111.11111111111111,8.8,8.8,10.845757490560676,-0.0857828011987713,10.1124/mol.116.103283|AA3R_HUMAN|Accumulation|Downstream|CHO|nan,2.045757490560675,-0.09734553649154964,-0.04867276824577482,0.06566786859502892
10.1124/mol.116.103283,AA3R_HUMAN,MRS7034,Phosphorylation,Downstream,CHO,,83.9622641509434,8.0,8.1,9.924084141380142,-0.0974603407652621,10.1124/mol.116.103283|AA3R_HUMAN|Phosphorylation|Downstream|CHO|nan,1.8240841413801423,0.012165845035755574,0.006082922517877787,0.07441247642184132
10.1124/mol.116.103283,AA3R_HUMAN,MRS7034,Phosphorylation,Downstream,CHO,,76.19047619047619,7.8,8.1,9.681900687922006,-0.3396437942233978,10.1124/mol.116.103283|AA3R_HUMAN|Phosphorylation|Downstream|CHO|nan,1.5819006879220066,-0.23001760842238017,-0.11500880421119009,0.9841551692349846
10.1124/mol.116.103283,AA3R_HUMAN,MRS7034,Accumulation,Downstream,CHO,,109.72222222222224,9.4,9.4,11.440294594859171,-0.0912456969002732,10.1124/mol.116.103283|AA3R_HUMAN|Accumulation|Downstream|CHO|nan,2.040294594859171,-0.10280843219305336,-0.05140421609652668,0.0694949852416552
10.1124/mol.116.103283,AA3R_HUMAN,NECA,Phosphorylation,Downstream,CHO,,91.50943396226415,8.6,8.6,10.561465869001474,0.0399213868560694,10.1124/mol.116.103283|AA3R_HUMAN|Phosphorylation|Downstream|CHO|nan,1.961465869001474,0.14954757265708718,0.07477378632854359,0.04664777644671963
10.1124/mol.116.103283,AA3R_HUMAN,NECA,Phosphorylation,Downstream,CHO,,71.42857142857143,7.6,8.1,9.45387196432176,-0.5676725178236426,10.1124/mol.116.103283|AA3R_HUMAN|Phosphorylation|Downstream|CHO|nan,1.35387196432176,-0.4580463320226267,-0.22902316601131334,0.999999963478523
10.1124/mol.116.103283,AA3R_HUMAN,NECA,Accumulation,Downstream,CHO,,111.11111111111111,8.3,8.5,10.345757490560676,-0.2857828011987706,10.1124/mol.116.103283|AA3R_HUMAN|Accumulation|Downstream|CHO|nan,1.8457574905606755,-0.29734553649154893,-0.14867276824577447,0.8821436376102846
10.1124/mol.116.106153,HRH3_HUMAN,Imetit,Phosphorylation,Downstream,CHO,,100.55762081784388,9.08,11.14,11.08241498944018,0.5328276941557295,10.1124/mol.116.106153|HRH3_HUMAN|Phosphorylation|Downstream|CHO|nan,-0.057585010559821015,0.38617554567439394,0.19308777283719697,0.9999995938516942
10.1124/mol.116.106153,HRH3_HUMAN,Imetit,Phosphorylation,Downstream,CHO,,91.1144578313253,8.67,11.22,10.629587295284452,0.0,10.1124/mol.116.106153|HRH3_HUMAN|Phosphorylation|Downstream|CHO|nan,-0.5904127047155487,-0.1466521484813338,-0.0733260742406669,0.04239230469906874
10.1124/mol.116.106153,HRH3_HUMAN,Imetit,Phosphorylation,Downstream,CHO,,52.048145991069696,8.81,11.21,10.5264052641023,-0.0931820311821507,10.1124/mol.116.106153|HRH3_HUMAN|Phosphorylation|Downstream|CHO|nan,-0.6835947358977013,-0.2398341796634863,-0.11991708983174315,0.07095969143641223
10.1124/mol.116.106153,HRH3_HUMAN,Imetit,Activation,Transducer,CHO,,69.43201376936317,8.56,10.58,10.401559761486416,0.0654495765432603,10.1124/mol.116.106153|HRH3_HUMAN|Activation|Transducer|CHO|nan,-0.17844023851358415,0.08612289938017936,0.04306144969008968,0.05476478380983214
10.1124/mol.116.106153,HRH3_HUMAN,Imetit,Activation,Transducer,CHO,,101.2558869701727,8.96,11.45,10.965420282299918,-0.2406899026432363,10.1124/mol.116.106153|HRH3_HUMAN|Activation|Transducer|CHO|nan,-0.4845797177000808,-0.22001657980631728,-0.11000828990315864,0.627523398936732
10.1124/mol.116.106153,HRH3_HUMAN,Imetit,Signaling,,CHO,,93.93939393939394,8.7,8.21,10.672847753956384,0.0434219765907517,10.1124/mol.116.106153|HRH3_HUMAN|Signaling|nan|CHO|nan,2.4628477539563836,0.06597713651942838,0.03298856825971419,0.047469609038393944
10.1124/mol.116.106153,HRH3_HUMAN,Imetit,Signaling,,CHO,,39.13043478260869,8.54,8.07,10.132514673421731,-0.3569111039439008,10.1124/mol.116.106153|HRH3_HUMAN|Signaling|nan|CHO|nan,2.062514673421731,-0.33435594401522417,-0.16717797200761209,0.9924936935465273
10.1124/mol.116.106153,HRH3_HUMAN,Imetit,Accumulation,Downstream,CHO,,107.29833546734956,9.04,10.98,11.070592984752976,-0.1032429361394173,10.1124/mol.116.106153|HRH3_HUMAN|Accumulation|Downstream|CHO|nan,0.09059298475297517,-0.05868068787553027,-0.029340343937765134,0.07959219402889951
10.1124/mol.116.106153,HRH3_HUMAN,Imetit,Accumulation,Downstream,CHO,,67.42671009771988,10.48,12.39,12.308831969979732,-0.2750039509126614,10.1124/mol.116.106153|HRH3_HUMAN|Accumulation|Downstream|CHO|nan,-0.08116803002026884,-0.23044170264877428,-0.11522085132438714,0.8366053097106887
10.1124/mol.116.106153,HRH3_HUMAN,Iodoproxyfan,Phosphorylation,Downstream,CHO,,88.2899628252788,8.63,10.69,10.575911333958478,0.4763240386740275,10.1124/mol.116.106153|HRH3_HUMAN|Phosphorylation|Downstream|CHO|nan,-0.11408866604152124,0.3296718901926937,0.16483594509634686,0.9999854030991825
10.1124/mol.116.106153,HRH3_HUMAN,Iodoproxyfan,Phosphorylation,Downstream,CHO,,37.04819277108434,8.0,9.75,9.568767027735362,0.4091797324509105,10.1124/mol.116.106153|HRH3_HUMAN|Phosphorylation|Downstream|CHO|nan,-0.1812329722646382,0.26252758396957676,0.13126379198478838,0.9993890100698842
10.1124/mol.116.106153,HRH3_HUMAN,Iodoproxyfan,Phosphorylation,Downstream,CHO,,61.59968938070277,8.45,11.17,10.239578522219832,-0.3400087730646177,10.1124/mol.116.106153|HRH3_HUMAN|Phosphorylation|Downstream|CHO|nan,-0.9304214777801683,-0.4866609215459533,-0.24333046077297665,0.9843963310936344
10.1124/mol.116.106153,HRH3_HUMAN,Iodoproxyfan,Activation,Transducer,CHO,,86.71256454388984,8.8,10.85,10.738082030771764,0.131971845828609,10.1124/mol.116.106153|HRH3_HUMAN|Activation|Transducer|CHO|nan,-0.11191796922823549,0.15264516866552802,0.07632258433276401,0.11676595132632264
10.1124/mol.116.106153,HRH3_HUMAN,Iodoproxyfan,Activation,Transducer,CHO,,63.26530612244898,9.18,11.16,10.98116561380576,0.0650554288626032,10.1124/mol.116.106153|HRH3_HUMAN|Activation|Transducer|CHO|nan,-0.17883438619423941,0.0857287516995241,0.04286437584976205,0.054597760022996586
10.1124/mol.116.106153,HRH3_HUMAN,Iodoproxyfan,Signaling,,CHO,,100.0,10.15,9.84,12.15,-0.1094257773656313,10.1124/mol.116.106153|HRH3_HUMAN|Signaling|nan|CHO|nan,2.3100000000000005,-0.08687061743695468,-0.04343530871847734,0.08585705162446405
10.1124/mol.116.106153,HRH3_HUMAN,Iodoproxyfan,Signaling,,CHO,,26.08695652173913,9.49,8.41,10.906423414366053,0.076997637000419,10.1124/mol.116.106153|HRH3_HUMAN|Signaling|nan|CHO|nan,2.4964234143660526,0.09955279692909746,0.04977639846454873,0.06036661621089677
10.1124/mol.116.106153,HRH3_HUMAN,Iodoproxyfan,Accumulation,Downstream,CHO,,114.7247119078105,9.91,10.98,11.969656975784826,0.7958210548924329,10.1124/mol.116.106153|HRH3_HUMAN|Accumulation|Downstream|CHO|nan,0.9896569757848255,0.84038330315632,0.42019165157816,0.9999999999999999
10.1124/mol.116.106153,HRH3_HUMAN,Iodoproxyfan,Accumulation,Downstream,CHO,,64.92942453854505,10.0,11.33,11.812441553791562,0.2886056328991691,10.1124/mol.116.106153|HRH3_HUMAN|Accumulation|Downstream|CHO|nan,0.4824415537915616,0.3331678811630562,0.1665839405815281,0.8923275492860392
10.1124/mol.116.106153,HRH3_HUMAN,NαMH,Phosphorylation,Downstream,CHO,,94.33085501858736,8.45,10.63,10.42465377091886,0.3850664756344084,10.1124/mol.116.106153|HRH3_HUMAN|Phosphorylation|Downstream|CHO|nan,-0.2053462290811403,0.23841432715307465,0.11920716357653732,0.9979681216268965
10.1124/mol.116.106153,HRH3_HUMAN,NαMH,Phosphorylation,Downstream,CHO,,132.5301204819277,8.18,10.26,10.302314592782151,0.6327272974977003,10.1124/mol.116.106153|HRH3_HUMAN|Phosphorylation|Downstream|CHO|nan,0.04231459278215155,0.4860751490163665,0.24303757450818325,0.9999999997295238
10.1124/mol.116.106153,HRH3_HUMAN,NαMH,Phosphorylation,Downstream,CHO,,78.74199184624345,8.08,10.67,9.9762063964447,-0.1033808988397506,10.1124/mol.116.106153|HRH3_HUMAN|Phosphorylation|Downstream|CHO|nan,-0.6937936035552994,-0.25003304732108445,-0.12501652366054222,0.0797234730880344
10.1124/mol.116.106153,HRH3_HUMAN,NαMH,Activation,Transducer,CHO,,93.80378657487093,7.84,10.06,9.812220369886312,-0.0038898150568442,10.1124/mol.116.106153|HRH3_HUMAN|Activation|Transducer|CHO|nan,-0.24777963011368875,0.016783507780074758,0.008391753890037379,0.04243090556897038
10.1124/mol.116.106153,HRH3_HUMAN,NαMH,Activation,Transducer,CHO,,109.31449502878074,7.76,10.1,9.798677752925297,-0.05743243201786,10.1124/mol.116.106153|HRH3_HUMAN|Activation|Transducer|CHO|nan,-0.3013222470747028,-0.036759109180939276,-0.018379554590469638,0.05164815045395738
10.1124/mol.116.106153,HRH3_HUMAN,NαMH,Signaling,,CHO,,96.96969696969695,8.97,8.51,10.95663603844202,0.0272102610763873,10.1124/mol.116.106153|HRH3_HUMAN|Signaling|nan|CHO|nan,2.446636038442021,0.04976542100506576,0.02488271050253288,0.0443210666356682
10.1124/mol.116.106153,HRH3_HUMAN,NαMH,Signaling,,CHO,,39.13043478260869,9.5,8.6,11.092514673421732,0.0730888960561007,10.1124/mol.116.106153|HRH3_HUMAN|Signaling|nan|CHO|nan,2.4925146734217325,0.09564405598477732,0.04782202799238866,0.05830986629990777
10.1124/mol.116.106153,HRH3_HUMAN,NαMH,Accumulation,Downstream,CHO,,60.43533930857875,10.43,12.04,12.211290964756786,-0.0225449561356052,10.1124/mol.116.106153|HRH3_HUMAN|Accumulation|Downstream|CHO|nan,0.1712909647567873,0.02201729212828185,0.011008646064140926,0.0437075408773836
10.1124/mol.116.106153,HRH3_HUMAN,NαMH,Accumulation,Downstream,CHO,,70.90119435396308,9.1,11.33,10.950653551078224,-0.5731823698141687,10.1124/mol.116.106153|HRH3_HUMAN|Accumulation|Downstream|CHO|nan,-0.37934644892177616,-0.5286201215502816,-0.2643100607751408,0.9999999753928283
10.1074/jbc.M115.704122,NPSR1_HUMAN,hNPS,Accumulation,Downstream,HEK-293,,100.0,7.915781313260761,7.6,9.915781313260762,0.4745532550610001,10.1074/jbc.M115.704122|NPSR1_HUMAN|Accumulation|Downstream|HEK-293|nan,2.3157813132607625,0.45207998374003355,0.22603999187001678,0.9999837745928001
10.1124/mol.116.106153,HRH3_HUMAN,Proxyfan,Phosphorylation,Downstream,CHO,,93.7732342007435,8.01,10.01,9.98207889490654,0.5624915996220885,10.1124/mol.116.106153|HRH3_HUMAN|Phosphorylation|Downstream|CHO|nan,-0.02792110509346024,0.4158394511407547,0.20791972557037736,0.999999947242245
10.1124/mol.116.106153,HRH3_HUMAN,Proxyfan,Phosphorylation,Downstream,CHO,,14.307228915662648,6.96,9.16,8.11555552592083,-0.4540317693636222,10.1124/mol.116.106153|HRH3_HUMAN|Phosphorylation|Downstream|CHO|nan,-1.044444474079171,-0.600683917844956,-0.300341958922478,0.999946291363013
10.1124/mol.116.106153,HRH3_HUMAN,Proxyfan,Phosphorylation,Downstream,CHO,,30.20772665501844,8.99,11.16,10.470118042773093,-0.0994692525113603,10.1124/mol.116.106153|HRH3_HUMAN|Phosphorylation|Downstream|CHO|nan,-0.6898819572269073,-0.2461214009926923,-0.12306070049634615,0.07614231609249618
10.1124/mol.116.106153,HRH3_HUMAN,Proxyfan,Activation,Transducer,CHO,,72.83993115318417,7.4,9.44,9.2623695266368,0.0662593416936445,10.1124/mol.116.106153|HRH3_HUMAN|Activation|Transducer|CHO|nan,-0.17763047336319993,0.08693266453056359,0.04346633226528179,0.0551126297452598
10.1124/mol.116.106153,HRH3_HUMAN,Proxyfan,Activation,Transducer,CHO,,76.71376242804814,7.57,9.77,9.454873283250096,-0.0712369016930587,10.1124/mol.116.106153|HRH3_HUMAN|Activation|Transducer|CHO|nan,-0.3151267167499032,-0.05056357885613971,-0.025281789428069856,0.05739472048261167
10.1124/mol.116.106153,HRH3_HUMAN,Proxyfan,Signaling,,CHO,,106.06060606060606,8.54,8.21,10.565554104472389,-0.0638716728932458,10.1124/mol.116.106153|HRH3_HUMAN|Signaling|nan|CHO|nan,2.3555541044723878,-0.0413165129645674,-0.0206582564822837,0.05410501793919609
10.1124/mol.116.106153,HRH3_HUMAN,Proxyfan,Signaling,,CHO,,56.52173913043478,8.38,7.74,10.132215516289245,-0.0272102610763873,10.1124/mol.116.106153|HRH3_HUMAN|Signaling|nan|CHO|nan,2.3922155162892444,-0.004655101147710727,-0.0023275505738553637,0.0443210666356682
10.1124/mol.116.106153,HRH3_HUMAN,Proxyfan,Accumulation,Downstream,CHO,,70.73170731707317,8.3,10.05,10.14961414117922,-0.0942217797131723,10.1124/mol.116.106153|HRH3_HUMAN|Accumulation|Downstream|CHO|nan,0.09961414117921841,-0.04965953144928703,-0.024829765724643516,0.07177085770218447
10.1124/mol.116.106153,HRH3_HUMAN,Proxyfan,Accumulation,Downstream,CHO,,46.496815286624205,6.7,9.65,8.367423207711223,-1.47641271318117,10.1124/mol.116.106153|HRH3_HUMAN|Accumulation|Downstream|CHO|nan,-1.2825767922887774,-1.4318504649172827,-0.7159252324586414,1.0
10.1124/mol.116.106153,HRH3_HUMAN,Proxyfan,Accumulation,Downstream,CHO,,93.08578745198464,8.05,10.07,10.01888337698174,-0.2449525439106539,10.1124/mol.116.106153|HRH3_HUMAN|Accumulation|Downstream|CHO|nan,-0.05111662301825959,-0.20039029564676503,-0.10019514782338251,0.6573810573347362
10.1124/mol.116.106153,HRH3_HUMAN,Proxyfan,Accumulation,Downstream,CHO,,49.94571118349621,7.69,9.8,9.388498201484726,-0.6053377194076672,10.1124/mol.116.106153|HRH3_HUMAN|Accumulation|Downstream|CHO|nan,-0.4115017985152747,-0.5607754711437801,-0.28038773557189006,0.9999999977237014
10.1074/jbc.M115.704122,NPSR1_HUMAN,hNPS-(1–10),Accumulation,Downstream,HEK-293,,110.34482758620688,6.835052627378158,7.09,8.877804607799108,-0.0534234504006541,10.1074/jbc.M115.704122|NPSR1_HUMAN|Accumulation|Downstream|HEK-293|nan,1.7878046077991083,-0.07589672172162065,-0.037948360860810326,0.05029774965036417
10.1074/jbc.M115.704122,NPSR1_HUMAN,hNPS-(1–13),Accumulation,Downstream,HEK-293,,109.19540229885058,7.654430243943608,7.55,9.692634596613836,0.3014065384140751,10.1074/jbc.M115.704122|NPSR1_HUMAN|Accumulation|Downstream|HEK-293|nan,2.142634596613836,0.27893326709310684,0.13946663354655342,0.9301616527330457
10.1124/mol.116.106153,HRH3_HUMAN,RαMH,Phosphorylation,Downstream,CHO,,100.0,8.63,10.73,10.63,0.4904127047155491,10.1124/mol.116.106153|HRH3_HUMAN|Phosphorylation|Downstream|CHO|nan,-0.09999999999999964,0.3437605562342153,0.17188027811710765,0.9999937956466116
10.1124/mol.116.106153,HRH3_HUMAN,RαMH,Phosphorylation,Downstream,CHO,,100.0,7.56,10.29,9.56,-0.1395872952844516,10.1124/mol.116.106153|HRH3_HUMAN|Phosphorylation|Downstream|CHO|nan,-0.7299999999999986,-0.2862394437657837,-0.14311972188289185,0.13084468819842582
10.1124/mol.116.106153,HRH3_HUMAN,RαMH,Phosphorylation,Downstream,CHO,,100.0,7.65,10.3,9.65,-0.0595872952844516,10.1124/mol.116.106153|HRH3_HUMAN|Phosphorylation|Downstream|CHO|nan,-0.6500000000000004,-0.2062394437657854,-0.1031197218828927,0.05242953508834591
10.1124/mol.116.106153,HRH3_HUMAN,RαMH,Activation,Transducer,CHO,,100.0,8.41,10.65,10.41,0.0038898150568442,10.1124/mol.116.106153|HRH3_HUMAN|Activation|Transducer|CHO|nan,-0.2400000000000002,0.024563137893763298,0.012281568946881649,0.04243090556897038
10.1124/mol.116.106153,HRH3_HUMAN,RαMH,Activation,Transducer,CHO,,100.0,8.33,10.74,10.33,-0.1661101849431556,10.1124/mol.116.106153|HRH3_HUMAN|Activation|Transducer|CHO|nan,-0.41000000000000014,-0.14543686210623663,-0.07271843105311832,0.20033633085775182
10.1124/mol.116.106153,HRH3_HUMAN,RαMH,Signaling,,CHO,,100.0,9.04,8.31,11.04,0.3105742226343668,10.1124/mol.116.106153|HRH3_HUMAN|Signaling|nan|CHO|nan,2.7299999999999986,0.3331293825630435,0.16656469128152174,0.9498652278779227
10.1124/mol.116.106153,HRH3_HUMAN,RαMH,Signaling,,CHO,,100.0,8.43,8.21,10.43,-0.1994257773656329,10.1124/mol.116.106153|HRH3_HUMAN|Signaling|nan|CHO|nan,2.219999999999999,-0.1768706174369563,-0.08843530871847816,0.34996160561406026
10.1124/mol.116.106153,HRH3_HUMAN,RαMH,Accumulation,Downstream,CHO,,100.0,8.3,10.87,10.3,-0.763835920892391,10.1124/mol.116.106153|HRH3_HUMAN|Accumulation|Downstream|CHO|nan,-0.5699999999999985,-0.719273672628504,-0.359636836314252,0.9999999999999972
10.1124/mol.116.106153,HRH3_HUMAN,RαMH,Accumulation,Downstream,CHO,,100.0,7.7,10.73,9.7,-1.2238359208923937,10.1124/mol.116.106153|HRH3_HUMAN|Accumulation|Downstream|CHO|nan,-1.0300000000000011,-1.1792736726285065,-0.5896368363142532,1.0
10.1124/mol.116.106153,HRH3_HUMAN,RαMH,Accumulation,Downstream,CHO,,100.0,9.86,11.62,11.86,0.0461640791076076,10.1124/mol.116.106153|HRH3_HUMAN|Accumulation|Downstream|CHO|nan,0.2400000000000002,0.09072632737149477,0.04536316368574739,0.048172242626317696
10.1124/mol.116.106153,HRH3_HUMAN,RαMH,Accumulation,Downstream,CHO,,100.0,8.21,10.52,10.21,-0.5038359208923913,10.1124/mol.116.106153|HRH3_HUMAN|Accumulation|Downstream|CHO|nan,-0.3099999999999987,-0.45927367262850416,-0.22963683631425208,0.9999973170923165
10.1074/jbc.M115.704122,NPSR1_HUMAN,hNPS-K11A,Accumulation,Downstream,HEK-293,,106.89655172413792,6.980053318321158,7.42,9.009017014256475,-0.2522110439432872,10.1074/jbc.M115.704122|NPSR1_HUMAN|Accumulation|Downstream|HEK-293|nan,1.5890170142564752,-0.27468431526425374,-0.13734215763212687,0.7064759271260928
10.1074/jbc.M115.704122,NPSR1_HUMAN,hNPS-K12A,Accumulation,Downstream,HEK-293,,112.64367816091954,7.1180450286604,7.44,9.169751851734276,-0.111476206465487,10.1074/jbc.M115.704122|NPSR1_HUMAN|Accumulation|Downstream|HEK-293|nan,1.7297518517342754,-0.1339494777864536,-0.0669747388932268,0.0881166345931381
10.1126/science.1232808,5HT1B_HUMAN,Ergotamine,Recruitment ,Transducer,HTLA,,98.0,7.78,7.82,9.771226075692494,-0.0140819654762092,10.1126/science.1232808|5HT1B_HUMAN|Recruitment |Transducer|HTLA|nan,1.9512260756924942,-0.014081965476209213,-0.007040982738104606,0.04290087836439266
10.1126/science.1232808,5HT1B_HUMAN,Ergotamine,Accumulation,Downstream,HEK-293T,,101.0,8.57,8.53,10.574321373782643,0.0049999999999998,10.1126/science.1232808|5HT1B_HUMAN|Accumulation|Downstream|HEK-293T|nan,2.044321373782644,0.004999999999999893,0.0024999999999999467,0.04245610201648566
10.1126/science.1232808,5HT1B_HUMAN,LSD,Recruitment ,Transducer,HTLA,,89.0,8.11,8.08,10.059390006644913,0.0140819654762092,10.1126/science.1232808|5HT1B_HUMAN|Recruitment |Transducer|HTLA|nan,1.9793900066449126,0.014081965476209213,0.007040982738104606,0.04290087836439266
10.1126/science.1232808,5HT1B_HUMAN,LSD,Accumulation,Downstream,HEK-293T,,101.0,9.56,9.53,11.564321373782644,-0.0049999999999998,10.1126/science.1232808|5HT1B_HUMAN|Accumulation|Downstream|HEK-293T|nan,2.034321373782644,-0.004999999999999893,-0.0024999999999999467,0.04245610201648566
10.1074/jbc.M115.704122,NPSR1_HUMAN,hNPS-T13A,Accumulation,Downstream,HEK-293,,110.34482758620688,7.3338565727084415,7.56,9.37660855312939,-0.0246195050703716,10.1074/jbc.M115.704122|NPSR1_HUMAN|Accumulation|Downstream|HEK-293|nan,1.8166085531293907,-0.04709277639133824,-0.02354638819566912,0.0439651609037244
10.1126/scisignal.aar4309,OPRK_HUMAN,1.1,Accumulation,Downstream,CHO,,97.0,5.9730583720409705,5.96,7.959830106307216,0.0543151831885353,10.1126/scisignal.aar4309|OPRK_HUMAN|Accumulation|Downstream|CHO|nan,1.9998301063072157,0.06589913308984574,0.03294956654492287,0.050586815508321024
10.1126/scisignal.aar4309,OPRK_HUMAN,2.1,Accumulation,Downstream,CHO,,98.0,5.7975116829399065,5.97,7.788737758632402,-0.1267771644862785,10.1126/scisignal.aar4309|OPRK_HUMAN|Accumulation|Downstream|CHO|nan,1.8187377586324018,-0.11519321458496812,-0.05759660729248406,0.10833599633362435
10.1126/scisignal.aar4309,OPRK_HUMAN,"U69,593",Accumulation,Downstream,CHO,,100.0,7.721246399047171,7.79,9.721246399047171,-0.0142685240715092,10.1126/scisignal.aar4309|OPRK_HUMAN|Accumulation|Downstream|CHO|nan,1.931246399047171,-0.00268457417019885,-0.001342287085099425,0.042914522326802505
10.1126/science.1232808,5HT2B_HUMAN,Ergotamine,Recruitment ,Transducer,HTLA,,92.0,7.78,7.05,9.743787827345557,0.1653489201768061,10.1126/science.1232808|5HT2B_HUMAN|Recruitment |Transducer|HTLA|nan,2.693787827345557,0.16534892017680702,0.08267446008840351,0.19780912036047654
10.1126/science.1232808,5HT2B_HUMAN,LSD,Recruitment ,Transducer,HTLA,,80.0,8.84,8.38,10.743089986991944,-0.1653489201768061,10.1126/science.1232808|5HT2B_HUMAN|Recruitment |Transducer|HTLA|nan,2.363089986991943,-0.16534892017680702,-0.08267446008840351,0.19780912036047654
10.1126/scisignal.aar4309,OPRK_HUMAN,1.1,Recruitment ,Transducer,U2OS,Arrestin-3 (β-arrestin-2),88.0,5.476513667656772,5.44,7.4209963398069405,0.0,10.1126/scisignal.aar4309|OPRK_HUMAN|Recruitment |Transducer|U2OS|Arrestin-3 (β-arrestin-2),1.9809963398069401,-0.3084044412536415,-0.15420222062682076,0.04239230469906874
10.1126/scisignal.aar4309,OPRK_HUMAN,1.1,Activation,Transducer,CHO,,95.0,7.017728766960431,7.0,8.995452372249279,0.0126562168198711,10.1126/scisignal.aar4309|OPRK_HUMAN|Activation|Transducer|CHO|nan,1.9954523722492787,0.02921750820367297,0.014608754101836485,0.042802658743909004
10.1126/scisignal.aar4309,OPRK_HUMAN,1.1,Accumulation,Downstream,CHO,,94.0,6.510041520575165,6.49,8.483169374174864,0.0476544510561831,10.1126/scisignal.aar4309|OPRK_HUMAN|Accumulation|Downstream|CHO|nan,1.9931693741748635,0.05923840095749355,0.029619200478746777,0.04857657479881622
10.1126/scisignal.aar4309,OPRK_HUMAN,1.1,Activation,Downstream,CHO,,108.0,7.67778070526608,8.03,9.71120446075303,-0.1257055522550256,10.1126/scisignal.aar4309|OPRK_HUMAN|Activation|Downstream|CHO|nan,1.6812044607530314,-0.09108923658324208,-0.04554461829162104,0.10670509685802435
10.1126/scisignal.aar4309,OPRK_HUMAN,2.1,Recruitment ,Transducer,U2OS,Arrestin-3 (β-arrestin-2),82.0,6.61261017366127,5.59,8.526424026044987,0.9554276862380472,10.1126/scisignal.aar4309|OPRK_HUMAN|Recruitment |Transducer|U2OS|Arrestin-3 (β-arrestin-2),2.936424026044987,0.6470232449844056,0.3235116224922028,1.0
10.1126/scisignal.aar4309,OPRK_HUMAN,2.1,Activation,Transducer,CHO,,94.0,6.809668301829708,6.8,8.782796155429407,0.0,10.1126/scisignal.aar4309|OPRK_HUMAN|Activation|Transducer|CHO|nan,1.9827961554294076,0.0165612913838018,0.0082806456919009,0.04239230469906874
10.1126/scisignal.aar4309,OPRK_HUMAN,2.1,Accumulation,Downstream,CHO,,98.0,6.518557371497695,6.55,8.50978344719019,0.0142685240715092,10.1126/scisignal.aar4309|OPRK_HUMAN|Accumulation|Downstream|CHO|nan,1.9597834471901896,0.025852473972819645,0.012926236986409823,0.042914522326802505
10.1126/scisignal.aar4309,OPRK_HUMAN,2.1,Activation,Downstream,CHO,,105.0,7.657577319177793,7.85,9.678766618247732,0.0218566052396749,10.1126/scisignal.aar4309|OPRK_HUMAN|Activation|Downstream|CHO|nan,1.828766618247732,0.0564729209114585,0.02823646045572925,0.04362736376145118
10.1126/scisignal.aar4309,OPRK_HUMAN,"U69,593",Recruitment ,Transducer,U2OS,Arrestin-3 (β-arrestin-2),100.0,6.950781977329818,7.0,8.950781977329818,-0.030214362477122,10.1126/scisignal.aar4309|OPRK_HUMAN|Recruitment |Transducer|U2OS|Arrestin-3 (β-arrestin-2),1.950781977329818,-0.3386188037307636,-0.1693094018653818,0.04478233764569113
10.1126/scisignal.aar4309,OPRK_HUMAN,"U69,593",Activation,Transducer,CHO,,100.0,7.180456064458132,7.26,9.18045606445813,-0.0623400909712765,10.1126/scisignal.aar4309|OPRK_HUMAN|Activation|Transducer|CHO|nan,1.920456064458131,-0.04577879958747477,-0.022889399793737386,0.05348693640584006
10.1126/scisignal.aar4309,OPRK_HUMAN,"U69,593",Accumulation,Downstream,CHO,,100.0,7.920818753952375,8.02,9.920818753952377,-0.044696169166305,10.1126/scisignal.aar4309|OPRK_HUMAN|Accumulation|Downstream|CHO|nan,1.900818753952377,-0.03311221926499286,-0.01655610963249643,0.04778954061106988
10.1126/scisignal.aar4309,OPRK_HUMAN,"U69,593",Activation,Downstream,CHO,,100.0,8.096910013008056,8.29,10.096910013008056,0.0,10.1126/scisignal.aar4309|OPRK_HUMAN|Activation|Downstream|CHO|nan,1.806910013008057,0.03461631567178358,0.01730815783589179,0.04239230469906874
10.1126/scisignal.aat1631,AGTR1_HUMAN,[Val4]-AngIII,Accumulation,Downstream,HEK-293,,96.3,8.12,7.97,10.103626287124534,-0.4998460250607524,10.1126/scisignal.aat1631|AGTR1_HUMAN|Accumulation|Downstream|HEK-293|nan,2.1336262871245344,-0.41562157159458746,-0.20781078579729373,0.9999965497192788
10.1126/scisignal.aat1631,AGTR1_HUMAN,[Val4]-AngIII,Recruitment ,Transducer,HEK-293,Gq,96.7,8.42,8.44,10.405426474083,-0.1461344331202756,10.1126/scisignal.aat1631|AGTR1_HUMAN|Recruitment |Transducer|HEK-293|Gq,1.9654264740830012,-0.1703974453416328,-0.0851987226708164,0.14479750815986595
10.1126/scisignal.aat1631,AGTR1_HUMAN,[Val4]-AngIII,Phosphorylation,Downstream,HEK-293,,99.9,8.79,8.8,10.789565488225982,0.0295654882259821,10.1126/scisignal.aat1631|AGTR1_HUMAN|Phosphorylation|Downstream|HEK-293|nan,1.9895654882259812,0.08254493696501841,0.041272468482509206,0.044678221415571706
10.1126/scisignal.aat1631,AGTR1_HUMAN,[Val4]-Angiotensin III,Recruitment ,Transducer,HEK-293,Arrestin-3 (β-arrestin-2),102.4,8.44,8.47,10.450299956639812,0.0364977305350189,10.1126/scisignal.aat1631|AGTR1_HUMAN|Recruitment |Transducer|HEK-293|Arrestin-3 (β-arrestin-2),1.9802999566398114,0.04378773547358228,0.02189386773679114,0.04592230790059077
10.1126/scisignal.aat1631,AGTR1_HUMAN,[Val4]-Angiotensin III,Dissociation,Transducer,HEK-293,G12,89.7,7.78,7.66,9.732792443044092,0.0466124690602045,10.1126/scisignal.aat1631|AGTR1_HUMAN|Dissociation|Transducer|HEK-293|G12,2.072792443044092,0.05834524988290646,0.02917262494145323,0.048292202990352806
10.1126/scisignal.aat1631,AGTR1_HUMAN,[Val4]-Angiotensin III,Dissociation,Transducer,HEK-293,Gi2,86.7,8.5,7.98,10.43801909747621,0.645504456375027,10.1126/scisignal.aat1631|AGTR1_HUMAN|Dissociation|Transducer|HEK-293|Gi2,2.4580190974762104,0.5818156445950311,0.29090782229751555,0.9999999999030448
10.1126/scisignal.aat1631,AGTR1_HUMAN,[Val4]-Angiotensin III,Dissociation,Transducer,HEK-293,Gi3,99.7,8.49,8.5,10.488695158311655,0.1015949889196417,10.1126/scisignal.aat1631|AGTR1_HUMAN|Dissociation|Transducer|HEK-293|Gi3,1.9886951583116552,0.070357306782316,0.035178653391158,0.07805258819746456
10.1126/scisignal.aat1631,AGTR1_HUMAN,[Val4]-Angiotensin III,Dissociation,Transducer,HEK-293,Gq,93.8,8.31,8.23,10.282202838379066,0.0229403458670311,10.1126/scisignal.aat1631|AGTR1_HUMAN|Dissociation|Transducer|HEK-293|Gq,2.052202838379065,0.04504606696605329,0.022523033483026644,0.043754784488590055
10.1126/scisignal.aat1631,AGTR1_HUMAN,[Val5]-Sarmesin,Recruitment ,Transducer,HEK-293,Arrestin-3 (β-arrestin-2),84.3,8.02,8.01,9.945827574624742,-0.0079746514800502,10.1126/scisignal.aat1631|AGTR1_HUMAN|Recruitment |Transducer|HEK-293|Arrestin-3 (β-arrestin-2),1.9358275746247422,-0.0006846465414869218,-0.0003423232707434609,0.04255477267809988
10.1126/scisignal.aat1631,AGTR1_HUMAN,[Val5]-Sarmesin,Dissociation,Transducer,HEK-293,G12,54.6,7.56,7.26,9.297192642704736,0.0110126687208493,10.1126/scisignal.aat1631|AGTR1_HUMAN|Dissociation|Transducer|HEK-293|G12,2.0371926427047367,0.022745449543551288,0.011372724771775644,0.04270265346148084
10.1126/scisignal.aat1631,AGTR1_HUMAN,[Val5]-Sarmesin,Dissociation,Transducer,HEK-293,Gi2,43.2,7.15,6.98,8.785483746814913,-0.0070308942862706,10.1126/scisignal.aat1631|AGTR1_HUMAN|Dissociation|Transducer|HEK-293|Gi2,1.8054837468149127,-0.07071970606626654,-0.03535985303313327,0.0425185422728032
10.1126/scisignal.aat1631,AGTR1_HUMAN,[Val5]-Sarmesin,Dissociation,Transducer,HEK-293,Gi3,40.6,7.27,7.02,8.878526033577193,-0.0285741358148197,10.1126/scisignal.aat1631|AGTR1_HUMAN|Dissociation|Transducer|HEK-293|Gi3,1.8585260335771938,-0.05981181795214541,-0.029905908976072704,0.04452394283148129
10.1126/scisignal.aat1631,AGTR1_HUMAN,[Val5]-Sarmesin,Accumulation,Downstream,HEK-293,,21.8,8.16,6.08,9.498456493604603,0.7849841814193184,10.1126/scisignal.aat1631|AGTR1_HUMAN|Accumulation|Downstream|HEK-293|nan,3.4184564936046034,0.8692086348854815,0.43460431744274075,0.9999999999999997
10.1126/scisignal.aat1631,AGTR1_HUMAN,[Val5]-Sarmesin,Dissociation,Transducer,HEK-293,Gq,49.2,7.46,7.12,9.15196510276736,0.0027026102553255,10.1126/scisignal.aat1631|AGTR1_HUMAN|Dissociation|Transducer|HEK-293|Gq,2.0319651027673595,0.02480833135434768,0.01240416567717384,0.04241093450425867
10.1126/scisignal.aat1631,AGTR1_HUMAN,[Val5]-Sarmesin,Recruitment ,Transducer,HEK-293,Gq,51.6,7.66,7.13,9.37264970162721,0.1310887944239338,10.1126/scisignal.aat1631|AGTR1_HUMAN|Recruitment |Transducer|HEK-293|Gq,2.2426497016272107,0.10682578220257666,0.05341289110128833,0.1152694401615363
10.1126/scisignal.aat1631,AGTR1_HUMAN,[Val5]-Sarmesin,Phosphorylation,Downstream,HEK-293,,20.8,7.93,7.39,9.248063334962762,-0.101936665037237,10.1126/scisignal.aat1631|AGTR1_HUMAN|Phosphorylation|Downstream|HEK-293|nan,1.858063334962762,-0.04895721629820082,-0.02447860814910041,0.07836751978896085
10.1126/scisignal.aat1631,AGTR1_HUMAN,Angiotensin (1–7),Recruitment ,Transducer,HEK-293,Arrestin-3 (β-arrestin-2),53.4,6.54,6.51,8.267541257028556,-0.186260969076236,10.1126/scisignal.aat1631|AGTR1_HUMAN|Recruitment |Transducer|HEK-293|Arrestin-3 (β-arrestin-2),1.7575412570285565,-0.17897096413767266,-0.08948548206883633,0.2812722339768246
10.1126/scisignal.aat1631,AGTR1_HUMAN,Angiotensin (1–7),Dissociation,Transducer,HEK-293,G12,46.7,5.07,4.93,6.739316880566113,-0.216863093417774,10.1126/scisignal.aat1631|AGTR1_HUMAN|Dissociation|Transducer|HEK-293|G12,1.8093168805661133,-0.20513031259507208,-0.10256515629753604,0.45928448251317294
10.1126/scisignal.aat1631,AGTR1_HUMAN,Angiotensin (1–7),Dissociation,Transducer,HEK-293,Gi2,31.7,6.36,6.05,7.861059262217751,-0.0014553788834317,10.1126/scisignal.aat1631|AGTR1_HUMAN|Dissociation|Transducer|HEK-293|Gi2,1.8110592622177508,-0.06514419066342847,-0.032572095331714235,0.04239770637925883
10.1126/scisignal.aat1631,AGTR1_HUMAN,Angiotensin (1–7),Dissociation,Transducer,HEK-293,Gi3,22.9,6.99,6.23,8.349835482339888,0.2327353129478737,10.1126/scisignal.aat1631|AGTR1_HUMAN|Dissociation|Transducer|HEK-293|Gi3,2.1198354823398873,0.20149763081054806,0.10074881540527403,0.5707825971270222
10.1126/scisignal.aat1631,AGTR1_HUMAN,Angiotensin II,Recruitment ,Transducer,HEK-293,Arrestin-3 (β-arrestin-2),100.0,8.66,8.68,10.66,0.0361977738952079,10.1126/scisignal.aat1631|AGTR1_HUMAN|Recruitment |Transducer|HEK-293|Arrestin-3 (β-arrestin-2),1.9800000000000004,0.04348777883377131,0.021743889416885653,0.04586233169184378
10.1126/scisignal.aat1631,AGTR1_HUMAN,Angiotensin II,Dissociation,Transducer,HEK-293,G12,100.0,8.19,8.22,10.19,-0.0561799739838884,10.1126/scisignal.aat1631|AGTR1_HUMAN|Dissociation|Transducer|HEK-293|G12,1.9699999999999989,-0.044447193161186505,-0.022223596580593252,0.05121208772993007
10.1126/scisignal.aat1631,AGTR1_HUMAN,Angiotensin II,Dissociation,Transducer,HEK-293,Gi2,100.0,8.34,8.41,10.34,0.1174853588988162,10.1126/scisignal.aat1631|AGTR1_HUMAN|Dissociation|Transducer|HEK-293|Gi2,1.9299999999999997,0.053796547118820426,0.026898273559410213,0.09531295254155094
10.1126/scisignal.aat1631,AGTR1_HUMAN,Angiotensin II,Dissociation,Transducer,HEK-293,Gi3,100.0,8.56,8.58,10.56,0.0928998306079869,10.1126/scisignal.aat1631|AGTR1_HUMAN|Dissociation|Transducer|HEK-293|Gi3,1.9800000000000004,0.061662148470661204,0.030831074235330602,0.07074253673077073
10.1126/scisignal.aat1631,AGTR1_HUMAN,Angiotensin II,Accumulation,Downstream,HEK-293,,100.0,8.33,8.17,10.33,-0.4734723121852866,10.1126/scisignal.aat1631|AGTR1_HUMAN|Accumulation|Downstream|HEK-293|nan,2.16,-0.3892478587191217,-0.19462392935956085,0.9999826957957659
10.1126/scisignal.aat1631,AGTR1_HUMAN,Angiotensin II,Dissociation,Transducer,HEK-293,Gq,100.0,8.55,8.55,10.55,-0.0292624925120339,10.1126/scisignal.aat1631|AGTR1_HUMAN|Dissociation|Transducer|HEK-293|Gq,2.0,-0.007156771413011853,-0.0035783857065059266,0.04463045526837457
10.1126/scisignal.aat1631,AGTR1_HUMAN,Angiotensin II,Recruitment ,Transducer,HEK-293,Gq,100.0,8.59,8.53,10.59,-0.0515609072032763,10.1126/scisignal.aat1631|AGTR1_HUMAN|Recruitment |Transducer|HEK-293|Gq,2.0600000000000005,-0.07582391942463351,-0.037911959712316756,0.04971424428729197
10.1126/scisignal.aat1631,AGTR1_HUMAN,Angiotensin II,Phosphorylation,Downstream,HEK-293,,100.0,8.92,8.96,10.92,0.0,10.1126/scisignal.aat1631|AGTR1_HUMAN|Phosphorylation|Downstream|HEK-293|nan,1.959999999999999,0.05297944873903626,0.02648972436951813,0.04239230469906874
10.1126/scisignal.aat1631,AGTR1_HUMAN,Angiotensin III,Recruitment ,Transducer,HEK-293,Arrestin-3 (β-arrestin-2),101.0,8.22,8.22,10.224321373782644,0.0605191476778506,10.1126/scisignal.aat1631|AGTR1_HUMAN|Recruitment |Transducer|HEK-293|Arrestin-3 (β-arrestin-2),2.004321373782643,0.06780915261641396,0.03390457630820698,0.05277991848853988
10.1126/scisignal.aat1631,AGTR1_HUMAN,Angiotensin III,Dissociation,Transducer,HEK-293,G12,95.1,7.68,7.65,9.658180516937414,-0.0179994570464741,10.1126/scisignal.aat1631|AGTR1_HUMAN|Dissociation|Transducer|HEK-293|G12,2.008180516937413,-0.006266676223772194,-0.003133338111886097,0.043226211439875005
10.1126/scisignal.aat1631,AGTR1_HUMAN,Angiotensin III,Dissociation,Transducer,HEK-293,Gi2,86.5,8.1,8.0,10.037016107464812,0.22450146636363,10.1126/scisignal.aat1631|AGTR1_HUMAN|Dissociation|Transducer|HEK-293|Gi2,2.0370161074648117,0.16081265458363236,0.08040632729181618,0.512135403463936
10.1126/scisignal.aat1631,AGTR1_HUMAN,Angiotensin III,Dissociation,Transducer,HEK-293,Gi3,98.5,8.39,8.36,10.383436230497612,0.1363360611055988,10.1126/scisignal.aat1631|AGTR1_HUMAN|Dissociation|Transducer|HEK-293|Gi3,2.0234362304976123,0.10509837896827312,0.05254918948413656,0.12456827653813882
10.1126/scisignal.aat1631,AGTR1_HUMAN,Angiotensin III,Accumulation,Downstream,HEK-293,,124.9,7.99,8.2,10.086562438374136,-0.7469098738111501,10.1126/scisignal.aat1631|AGTR1_HUMAN|Accumulation|Downstream|HEK-293|nan,1.8865624383741366,-0.6626854203449852,-0.3313427101724926,0.9999999999999863
10.1126/scisignal.aat1631,AGTR1_HUMAN,Angiotensin III,Dissociation,Transducer,HEK-293,Gq,102.0,8.3,8.32,10.30860017176192,-0.0406623207501155,10.1126/scisignal.aat1631|AGTR1_HUMAN|Dissociation|Transducer|HEK-293|Gq,1.9886001717619202,-0.018556599651091688,-0.009278299825545844,0.04681485674423818
10.1126/scisignal.aat1631,AGTR1_HUMAN,Angiotensin III,Recruitment ,Transducer,HEK-293,Gq,99.9,8.43,8.37,10.429565488225984,-0.0519954189772935,10.1126/scisignal.aat1631|AGTR1_HUMAN|Recruitment |Transducer|HEK-293|Gq,2.059565488225985,-0.07625843119864895,-0.03812921559932447,0.04984794745164883
10.1126/scisignal.aat1631,AGTR1_HUMAN,Angiotensin III,Phosphorylation,Downstream,HEK-293,,92.5,8.91,8.81,10.876141732739033,0.106141732739033,10.1126/scisignal.aat1631|AGTR1_HUMAN|Phosphorylation|Downstream|HEK-293|nan,2.066141732739032,0.1591211814780693,0.07956059073903465,0.08243046139072001
10.1126/scisignal.aat1631,AGTR1_HUMAN,DVG,Recruitment ,Transducer,HEK-293,Arrestin-3 (β-arrestin-2),82.4,7.62,7.61,9.535927211697116,-0.0178750144076769,10.1126/scisignal.aat1631|AGTR1_HUMAN|Recruitment |Transducer|HEK-293|Arrestin-3 (β-arrestin-2),1.9259272116971156,-0.01058500946911356,-0.00529250473455678,0.04321461482681816
10.1126/scisignal.aat1631,AGTR1_HUMAN,DVG,Dissociation,Transducer,HEK-293,G12,60.9,7.44,7.2,9.224617292632876,-0.001562681351011,10.1126/scisignal.aat1631|AGTR1_HUMAN|Dissociation|Transducer|HEK-293|G12,2.0246172926328763,0.010170099471690897,0.005085049735845448,0.042398532312274494
10.1126/scisignal.aat1631,AGTR1_HUMAN,DVG,Dissociation,Transducer,HEK-293,Gi2,36.1,7.84,7.58,9.397507201905658,0.004992560804474,10.1126/scisignal.aat1631|AGTR1_HUMAN|Dissociation|Transducer|HEK-293|Gi2,1.8175072019056575,-0.05869625097552178,-0.02934812548776089,0.04245591218148528
10.1126/scisignal.aat1631,AGTR1_HUMAN,DVG,Dissociation,Transducer,HEK-293,Gi3,32.0,7.88,7.52,9.385149978319903,-0.0219501910721078,10.1126/scisignal.aat1631|AGTR1_HUMAN|Dissociation|Transducer|HEK-293|Gi3,1.865149978319904,-0.0531878732094353,-0.02659393660471765,0.04363811019574635
10.1126/scisignal.aat1631,AGTR1_HUMAN,DVG,Recruitment ,Transducer,HEK-293,Gq,14.1,7.57,6.4,8.71921911265538,0.2076582054521036,10.1126/scisignal.aat1631|AGTR1_HUMAN|Recruitment |Transducer|HEK-293|Gq,2.3192191126553805,0.1833951932307465,0.09169759661537324,0.3992260900101576
10.1126/scisignal.aat1631,AGTR1_HUMAN,hSarmesin,Recruitment ,Transducer,HEK-293,Arrestin-3 (β-arrestin-2),93.2,8.03,8.01,9.999415912353982,0.0456136862491893,10.1126/scisignal.aat1631|AGTR1_HUMAN|Recruitment |Transducer|HEK-293|Arrestin-3 (β-arrestin-2),1.9894159123539819,0.05290369118775273,0.026451845593876366,0.04802695836679838
10.1126/scisignal.aat1631,AGTR1_HUMAN,hSarmesin,Dissociation,Transducer,HEK-293,G12,53.8,7.38,7.1,9.11078227566639,-0.0153976983174972,10.1126/scisignal.aat1631|AGTR1_HUMAN|Dissociation|Transducer|HEK-293|G12,2.01078227566639,-0.003664917494795361,-0.0018324587473976806,0.04300103338190856
10.1126/scisignal.aat1631,AGTR1_HUMAN,hSarmesin,Dissociation,Transducer,HEK-293,Gi2,42.0,7.34,7.19,8.9632492903979,-0.0392653507032831,10.1126/scisignal.aat1631|AGTR1_HUMAN|Dissociation|Transducer|HEK-293|Gi2,1.7732492903979002,-0.10295416248327904,-0.05147708124163952,0.04650286664185838
10.1126/scisignal.aat1631,AGTR1_HUMAN,hSarmesin,Dissociation,Transducer,HEK-293,Gi3,40.2,7.76,7.49,9.36422605308447,-0.0128741163075432,10.1126/scisignal.aat1631|AGTR1_HUMAN|Dissociation|Transducer|HEK-293|Gi3,1.8742260530844703,-0.0441117984448689,-0.02205589922243445,0.04281697831269215
10.1126/scisignal.aat1631,AGTR1_HUMAN,hSarmesin,Dissociation,Transducer,HEK-293,Gq,39.6,7.53,7.08,9.127695185925512,0.0184326934134784,10.1126/scisignal.aat1631|AGTR1_HUMAN|Dissociation|Transducer|HEK-293|Gq,2.0476951859255124,0.04053841451250051,0.020269207256250255,0.043267235484835076
10.1126/scisignal.aat1631,AGTR1_HUMAN,Saralasin,Recruitment ,Transducer,HEK-293,Arrestin-3 (β-arrestin-2),74.8,8.22,8.18,10.093901597864464,-0.0299006282403295,10.1126/scisignal.aat1631|AGTR1_HUMAN|Recruitment |Transducer|HEK-293|Arrestin-3 (β-arrestin-2),1.9139015978644647,-0.022610623301764443,-0.011305311650882222,0.04473168580566802
10.1126/scisignal.aat1631,AGTR1_HUMAN,Saralasin,Dissociation,Transducer,HEK-293,G12,60.1,7.9,7.65,9.67887447200274,0.0026944980188519,10.1126/scisignal.aat1631|AGTR1_HUMAN|Dissociation|Transducer|HEK-293|G12,2.028874472002739,0.014427278841553814,0.007213639420776907,0.04241082280923165
10.1126/scisignal.aat1631,AGTR1_HUMAN,Saralasin,Dissociation,Transducer,HEK-293,Gi2,25.6,8.3,7.93,9.70823996531185,-0.0342746757893324,10.1126/scisignal.aat1631|AGTR1_HUMAN|Dissociation|Transducer|HEK-293|Gi2,1.778239965311851,-0.09796348756932827,-0.048981743784664133,0.04549123663565996
10.1126/scisignal.aat1631,AGTR1_HUMAN,Saralasin,Dissociation,Transducer,HEK-293,Gi3,30.1,8.66,8.33,10.138566495593844,-0.0785336737981694,10.1126/scisignal.aat1631|AGTR1_HUMAN|Dissociation|Transducer|HEK-293|Gi3,1.808566495593844,-0.10977135593549514,-0.05488567796774757,0.061223490166532196
10.1126/scisignal.aat1631,AGTR1_HUMAN,Saralasin,Dissociation,Transducer,HEK-293,Gq,11.3,6.75,5.63,7.80307844348342,0.1438159509713861,10.1126/scisignal.aat1631|AGTR1_HUMAN|Dissociation|Transducer|HEK-293|Gq,2.17307844348342,0.1659216720704082,0.0829608360352041,0.13964636425778829
10.1126/scisignal.aat1631,AGTR1_HUMAN,Saralasin,Recruitment ,Transducer,HEK-293,Gq,20.7,7.65,6.7,8.965970345456919,0.1544094382536416,10.1126/scisignal.aat1631|AGTR1_HUMAN|Recruitment |Transducer|HEK-293|Gq,2.2659703454569184,0.13014642603228443,0.06507321301614222,0.16523568838664907
10.1126/scisignal.aat1631,AGTR1_HUMAN,Sarmesin,Accumulation,Downstream,HEK-293,,22.0,7.0,5.54,8.342422680822207,0.1689503686369198,10.1126/scisignal.aat1631|AGTR1_HUMAN|Accumulation|Downstream|HEK-293|nan,2.8024226808222066,0.25317482210308473,0.12658741105154236,0.2100846788570155
10.1126/scisignal.aat1631,AGTR1_HUMAN,Sarmesin,Recruitment ,Transducer,HEK-293,Gq,50.4,7.43,6.95,9.132430536445526,0.0708696292422486,10.1126/scisignal.aat1631|AGTR1_HUMAN|Recruitment |Transducer|HEK-293|Gq,2.1824305364455254,0.04660661702089142,0.02330330851044571,0.05721760778313219
10.1126/scisignal.aat1631,AGTR1_HUMAN,Sarmesin,Phosphorylation,Downstream,HEK-293,,20.2,7.48,6.81,8.785351369446625,0.015351369446626,10.1126/scisignal.aat1631|AGTR1_HUMAN|Phosphorylation|Downstream|HEK-293|nan,1.9753513694466251,0.06833081818566233,0.03416540909283117,0.042997350973945594
10.1126/scisignal.aat1631,AGTR1_HUMAN,SBpa,Recruitment ,Transducer,HEK-293,Arrestin-3 (β-arrestin-2),89.9,8.05,8.04,10.00375969173323,0.0199574656284378,10.1126/scisignal.aat1631|AGTR1_HUMAN|Recruitment |Transducer|HEK-293|Arrestin-3 (β-arrestin-2),1.9637596917332303,0.027247470567001164,0.013623735283500582,0.04341970386900239
10.1126/scisignal.aat1631,AGTR1_HUMAN,SBpa,Dissociation,Transducer,HEK-293,G12,64.0,8.17,7.95,9.976179973983887,0.0,10.1126/scisignal.aat1631|AGTR1_HUMAN|Dissociation|Transducer|HEK-293|G12,2.0261799739838873,0.011732780822701905,0.005866390411350952,0.04239230469906874
10.1126/scisignal.aat1631,AGTR1_HUMAN,SBpa,Dissociation,Transducer,HEK-293,Gi2,73.2,7.98,7.94,9.844511081058393,0.0919964399572088,10.1126/scisignal.aat1631|AGTR1_HUMAN|Dissociation|Transducer|HEK-293|Gi2,1.9045110810583923,0.028307628177212996,0.014153814088606498,0.07005587881801963
10.1126/scisignal.aat1631,AGTR1_HUMAN,SBpa,Dissociation,Transducer,HEK-293,Gi3,55.8,8.06,7.9,9.80663419893758,0.0195340295455661,10.1126/scisignal.aat1631|AGTR1_HUMAN|Dissociation|Transducer|HEK-293|Gi3,1.9066341989375797,-0.011703652591759539,-0.0058518262958797695,0.04337609577760848
10.1126/scisignal.aat1631,AGTR1_HUMAN,SBpa,Accumulation,Downstream,HEK-293,,19.5,7.39,6.02,8.680034611362517,0.0265622991772307,10.1126/scisignal.aat1631|AGTR1_HUMAN|Accumulation|Downstream|HEK-293|nan,2.6600346113625175,0.11078675264339566,0.05539337632169783,0.044228452999913015
10.1126/scisignal.aat1631,AGTR1_HUMAN,SBpa,Dissociation,Transducer,HEK-293,Gq,42.5,7.53,7.13,9.158388930050313,-0.0008735624617228,10.1126/scisignal.aat1631|AGTR1_HUMAN|Dissociation|Transducer|HEK-293|Gq,2.028388930050313,0.02123215863730099,0.010616079318650495,0.04239425072104373
10.1126/scisignal.aat1631,AGTR1_HUMAN,SBpa,Recruitment ,Transducer,HEK-293,Gq,60.7,7.61,7.27,9.393188691075258,0.0116277838719813,10.1126/scisignal.aat1631|AGTR1_HUMAN|Recruitment |Transducer|HEK-293|Gq,2.123188691075258,-0.012635228349375804,-0.006317614174687902,0.042738429530870564
10.1126/scisignal.aat1631,AGTR1_HUMAN,SBpa,Phosphorylation,Downstream,HEK-293,,16.1,7.93,7.37,9.13682587603185,-0.1931741239681494,10.1126/scisignal.aat1631|AGTR1_HUMAN|Phosphorylation|Downstream|HEK-293|nan,1.7668258760318496,-0.14019467522911322,-0.07009733761455661,0.31574723680688555
10.1126/scisignal.aat1631,AGTR1_HUMAN,SI,Recruitment ,Transducer,HEK-293,Arrestin-3 (β-arrestin-2),94.1,8.26,8.25,10.233589623427257,0.0397873973224642,10.1126/scisignal.aat1631|AGTR1_HUMAN|Recruitment |Transducer|HEK-293|Arrestin-3 (β-arrestin-2),1.9835896234272568,0.047077402261027634,0.023538701130513817,0.04661794976532845
10.1126/scisignal.aat1631,AGTR1_HUMAN,SI,Dissociation,Transducer,HEK-293,G12,48.4,7.83,7.48,9.514845361644412,0.0086653876605256,10.1126/scisignal.aat1631|AGTR1_HUMAN|Dissociation|Transducer|HEK-293|G12,2.034845361644411,0.02039816848322573,0.010199084241612866,0.04258419980323926
10.1126/scisignal.aat1631,AGTR1_HUMAN,SI,Dissociation,Transducer,HEK-293,Gi2,27.1,8.45,8.07,9.882969290874405,0.0004546497732209,10.1126/scisignal.aat1631|AGTR1_HUMAN|Dissociation|Transducer|HEK-293|Gi2,1.8129692908744044,-0.0632341620067749,-0.03161708100338745,0.042392831815828126
10.1126/scisignal.aat1631,AGTR1_HUMAN,SI,Dissociation,Transducer,HEK-293,Gi3,25.6,8.59,8.13,9.99823996531185,-0.0188602040801644,10.1126/scisignal.aat1631|AGTR1_HUMAN|Dissociation|Transducer|HEK-293|Gi3,1.868239965311849,-0.05009788621749012,-0.02504894310874506,0.04330871151390943
10.1126/scisignal.aat1631,AGTR1_HUMAN,SI,Accumulation,Downstream,HEK-293,,12.5,6.5,4.99,7.596910013008056,-0.0265622991772307,10.1126/scisignal.aat1631|AGTR1_HUMAN|Accumulation|Downstream|HEK-293|nan,2.606910013008056,0.057662154288934175,0.028831077144467088,0.044228452999913015
10.1126/scisignal.aat1631,AGTR1_HUMAN,SI,Dissociation,Transducer,HEK-293,Gq,16.5,7.22,6.74,8.437483944213906,-0.3317785482981286,10.1126/scisignal.aat1631|AGTR1_HUMAN|Dissociation|Transducer|HEK-293|Gq,1.6974839442139054,-0.3096728271991065,-0.15483641359955325,0.9780589588548441
10.1126/scisignal.aat1631,AGTR1_HUMAN,SI,Recruitment ,Transducer,HEK-293,Gq,31.2,6.81,6.28,8.304154594018442,-0.087406313184835,10.1126/scisignal.aat1631|AGTR1_HUMAN|Recruitment |Transducer|HEK-293|Gq,2.0241545940184418,-0.11166932540619223,-0.055834662703096116,0.06675990982001583
10.1126/scisignal.aat1631,AGTR1_HUMAN,SII,Recruitment ,Transducer,HEK-293,Arrestin-3 (β-arrestin-2),73.9,6.69,6.66,8.558644438394825,-0.0451577877099671,10.1126/scisignal.aat1631|AGTR1_HUMAN|Recruitment |Transducer|HEK-293|Arrestin-3 (β-arrestin-2),1.8986444383948253,-0.03786778277140379,-0.018933891385701895,0.04790824687867694
10.1126/scisignal.aat1631,AGTR1_HUMAN,SII,Dissociation,Transducer,HEK-293,G12,43.3,6.88,6.44,8.516487896353365,0.0503079223694769,10.1126/scisignal.aat1631|AGTR1_HUMAN|Dissociation|Transducer|HEK-293|G12,2.076487896353364,0.0620407031921788,0.0310203515960894,0.049336819544741485
10.1126/scisignal.aat1631,AGTR1_HUMAN,SII,Dissociation,Transducer,HEK-293,Gi2,27.1,7.06,6.75,8.492969290874406,-0.0695453502267775,10.1126/scisignal.aat1631|AGTR1_HUMAN|Dissociation|Transducer|HEK-293|Gi2,1.7429692908744059,-0.1332341620067734,-0.0666170810033867,0.05659075662657994
10.1126/scisignal.aat1631,AGTR1_HUMAN,SII,Dissociation,Transducer,HEK-293,Gi3,24.4,7.66,7.35,9.04738982633873,-0.1897103430532833,10.1126/scisignal.aat1631|AGTR1_HUMAN|Dissociation|Transducer|HEK-293|Gi3,1.6973898263387301,-0.22094802519060908,-0.11047401259530454,0.2980303724030097
10.1126/scisignal.aat1631,AGTR1_HUMAN,SII,Recruitment ,Transducer,HEK-293,Gq,25.7,5.86,5.17,7.269933123331295,-0.0116277838719813,10.1126/scisignal.aat1631|AGTR1_HUMAN|Recruitment |Transducer|HEK-293|Gq,2.0999331233312954,-0.03589079609333856,-0.01794539804666928,0.042738429530870564
10.1126/scisignal.aat1631,AGTR1_HUMAN,SIII,Recruitment ,Transducer,HEK-293,Arrestin-3 (β-arrestin-2),72.5,6.21,6.18,8.070338006570994,-0.0534642195337982,10.1126/scisignal.aat1631|AGTR1_HUMAN|Recruitment |Transducer|HEK-293|Arrestin-3 (β-arrestin-2),1.8903380065709943,-0.04617421459523485,-0.023087107297617426,0.050310827134525435
10.1126/scisignal.aat1631,AGTR1_HUMAN,SIII,Dissociation,Transducer,HEK-293,G12,36.1,6.69,6.19,8.247507201905659,0.0313272279217713,10.1126/scisignal.aat1631|AGTR1_HUMAN|Dissociation|Transducer|HEK-293|G12,2.0575072019056586,0.043060008744473244,0.021530004372236622,0.04496673165288636
10.1126/scisignal.aat1631,AGTR1_HUMAN,SIII,Dissociation,Transducer,HEK-293,Gi2,23.6,6.44,6.08,7.812912002970107,-0.0796026381310768,10.1126/scisignal.aat1631|AGTR1_HUMAN|Dissociation|Transducer|HEK-293|Gi2,1.7329120029701066,-0.14329144991107268,-0.07164572495553634,0.06183665163366817
10.1126/scisignal.aat1631,AGTR1_HUMAN,SIII,Dissociation,Transducer,HEK-293,Gi3,25.9,6.46,5.76,7.873299764081252,0.2261995946892385,10.1126/scisignal.aat1631|AGTR1_HUMAN|Dissociation|Transducer|HEK-293|Gi3,2.113299764081252,0.19496191255191286,0.09748095627595643,0.5241381855792127
10.1126/scisignal.aat1631,AGTR1_HUMAN,SIII,Dissociation,Transducer,HEK-293,Gq,24.1,5.13,4.49,6.512017042574868,-0.0072454499371659,10.1126/scisignal.aat1631|AGTR1_HUMAN|Dissociation|Transducer|HEK-293|Gq,2.022017042574868,0.014860271161856176,0.007430135580928088,0.04252637620064964
10.1126/scisignal.aat1631,AGTR1_HUMAN,SIII,Recruitment ,Transducer,HEK-293,Gq,43.8,5.18,4.74,6.8214741105041,-0.0300867966991775,10.1126/scisignal.aat1631|AGTR1_HUMAN|Recruitment |Transducer|HEK-293|Gq,2.0814741105041,-0.05434980892053387,-0.027174904460266935,0.04476167199662701
10.1126/scisignal.aat1631,AGTR1_HUMAN,SVdF,Recruitment ,Transducer,HEK-293,Arrestin-3 (β-arrestin-2),82.6,8.16,8.14,10.076980047320385,-0.00682217878441,10.1126/scisignal.aat1631|AGTR1_HUMAN|Recruitment |Transducer|HEK-293|Arrestin-3 (β-arrestin-2),1.9369800473203842,0.0004678261541550821,0.00023391307707754105,0.04251114878916636
10.1126/scisignal.aat1631,AGTR1_HUMAN,SVdF,Dissociation,Transducer,HEK-293,G12,67.5,7.88,7.69,9.709303772831024,-0.0068762011528633,10.1126/scisignal.aat1631|AGTR1_HUMAN|Dissociation|Transducer|HEK-293|G12,2.019303772831024,0.0048565796698385455,0.0024282898349192727,0.04251304097707214
10.1126/scisignal.aat1631,AGTR1_HUMAN,SVdF,Dissociation,Transducer,HEK-293,Gi2,59.0,7.83,7.75,9.600852011642145,0.0383373705409613,10.1126/scisignal.aat1631|AGTR1_HUMAN|Dissociation|Transducer|HEK-293|Gi2,1.8508520116421447,-0.025351441239034544,-0.012675720619517272,0.04630269635049841
10.1126/scisignal.aat1631,AGTR1_HUMAN,SVdF,Dissociation,Transducer,HEK-293,Gi3,53.7,7.69,7.52,9.419974285699556,0.0128741163075432,10.1126/scisignal.aat1631|AGTR1_HUMAN|Dissociation|Transducer|HEK-293|Gi3,1.8999742856995567,-0.01836356582978249,-0.009181782914891246,0.04281697831269215
10.1126/scisignal.aat1631,AGTR1_HUMAN,SVdF,Accumulation,Downstream,HEK-293,,20.7,7.75,6.34,9.065970345456918,0.0924980332716316,10.1126/scisignal.aat1631|AGTR1_HUMAN|Accumulation|Downstream|HEK-293|nan,2.7259703454569184,0.17672248673779656,0.08836124336889828,0.07043554135516754
10.1126/scisignal.aat1631,AGTR1_HUMAN,SVdF,Dissociation,Transducer,HEK-293,Gq,41.7,7.1,6.69,8.720136054973757,0.0008735624617228,10.1126/scisignal.aat1631|AGTR1_HUMAN|Dissociation|Transducer|HEK-293|Gq,2.030136054973757,0.022979283560744967,0.011489641780372484,0.04239425072104373
10.1126/scisignal.aat1631,AGTR1_HUMAN,SVdF,Recruitment ,Transducer,HEK-293,Gq,57.0,7.51,7.06,9.265874855672491,0.0943139484692148,10.1126/scisignal.aat1631|AGTR1_HUMAN|Recruitment |Transducer|HEK-293|Gq,2.2058748556724916,0.07005093624785763,0.035025468123928816,0.07184361211966603
10.1126/scisignal.aat1631,AGTR1_HUMAN,SVdF,Phosphorylation,Downstream,HEK-293,,20.1,7.84,7.41,9.14319605742049,-0.2268039425795098,10.1126/scisignal.aat1631|AGTR1_HUMAN|Phosphorylation|Downstream|HEK-293|nan,1.7331960574204892,-0.1738244938404736,-0.0869122469202368,0.5284256442613093
10.1126/scisignal.aat1631,AGTR1_HUMAN,TRV027,Recruitment ,Transducer,HEK-293,Arrestin-3 (β-arrestin-2),81.4,8.3,8.26,10.210624404889202,0.00682217878441,10.1126/scisignal.aat1631|AGTR1_HUMAN|Recruitment |Transducer|HEK-293|Arrestin-3 (β-arrestin-2),1.9506244048892025,0.014112183722973404,0.007056091861486702,0.04251114878916636
10.1126/scisignal.aat1631,AGTR1_HUMAN,TRV027,Dissociation,Transducer,HEK-293,G12,64.0,7.61,7.39,9.416179973983889,0.0,10.1126/scisignal.aat1631|AGTR1_HUMAN|Dissociation|Transducer|HEK-293|G12,2.026179973983889,0.011732780822703681,0.005866390411351841,0.04239230469906874
10.1126/scisignal.aat1631,AGTR1_HUMAN,TRV027,Dissociation,Transducer,HEK-293,Gi2,40.0,8.18,7.97,9.782059991327962,-0.0004546497732209,10.1126/scisignal.aat1631|AGTR1_HUMAN|Dissociation|Transducer|HEK-293|Gi2,1.8120599913279625,-0.06414346155321682,-0.03207173077660841,0.042392831815828126
10.1126/scisignal.aat1631,AGTR1_HUMAN,TRV027,Dissociation,Transducer,HEK-293,Gi3,29.7,8.23,7.85,9.702756449317214,-0.0343437200747995,10.1126/scisignal.aat1631|AGTR1_HUMAN|Dissociation|Transducer|HEK-293|Gi3,1.852756449317214,-0.06558140221212527,-0.032790701106062636,0.045504161034158976
10.1126/scisignal.aaz3140,OPRM_HUMAN,Buprenorphine,Accumulation,Downstream,HEK-293,,86.0,9.61,8.6,11.544498451243568,0.5444984512435695,10.1126/scisignal.aaz3140|OPRM_HUMAN|Accumulation|Downstream|HEK-293|nan,2.944498451243568,0.4319371909276719,0.21596859546383596,0.9999998156363815
10.1126/scisignal.aaz3140,OPRM_HUMAN,Buprenorphine,Recruitment ,Transducer,HEK-293,Gi2,79.0,8.85,8.6,10.74762709129044,0.1947898665852694,10.1126/scisignal.aaz3140|OPRM_HUMAN|Recruitment |Transducer|HEK-293|Gi2,2.14762709129044,0.001519966020234964,0.000759983010117482,0.32431566643785853
10.1126/scisignal.aaz3140,OPRM_HUMAN,Buprenorphine,Binding/coupling,Transducer,HEK-293,MiniGi,36.0,8.65,8.0,10.206302500767288,0.2002991571324885,10.1126/scisignal.aaz3140|OPRM_HUMAN|Binding/coupling|Transducer|HEK-293|MiniGi,2.206302500767288,0.20424556385418446,0.10212278192709223,0.35496671164924765
10.1126/scisignal.aaz3140,OPRM_HUMAN,DAMGO,Recruitment ,Transducer,HEK-293,Arrestin-3 (β-arrestin-2),100.0,6.27,6.5,8.27,-0.2053802449971034,10.1126/scisignal.aaz3140|OPRM_HUMAN|Recruitment |Transducer|HEK-293|Arrestin-3 (β-arrestin-2),1.7699999999999996,-0.3174118933081691,-0.15870594665408455,0.38513847076391977
10.1126/scisignal.aaz3140,OPRM_HUMAN,DAMGO,Recruitment ,Transducer,HEK-293,Arrestin-3 (β-arrestin-2),100.0,7.55,7.6,9.55,-0.0253802449971018,10.1126/scisignal.aaz3140|OPRM_HUMAN|Recruitment |Transducer|HEK-293|Arrestin-3 (β-arrestin-2),1.950000000000001,-0.1374118933081676,-0.0687059466540838,0.04406570008182313
10.1126/scisignal.aaz3140,OPRM_HUMAN,DAMGO,Accumulation,Downstream,HEK-293,,100.0,8.48,8.0,10.48,0.0800000000000018,10.1126/scisignal.aaz3140|OPRM_HUMAN|Accumulation|Downstream|HEK-293|nan,2.4800000000000004,-0.03256126031589579,-0.016280630157947895,0.06206816949035462
10.1126/scisignal.aaz3140,OPRM_HUMAN,DAMGO,Recruitment ,Transducer,HEK-293,Gi2,100.0,7.94,8.0,9.94,-0.0128372247051711,10.1126/scisignal.aaz3140|OPRM_HUMAN|Recruitment |Transducer|HEK-293|Gi2,1.9399999999999995,-0.20610712527020558,-0.10305356263510279,0.04281453641733207
10.1126/scisignal.aaz3140,OPRM_HUMAN,DAMGO,Binding/coupling,Transducer,HEK-293,MiniGi,100.0,7.03,7.1,9.03,-0.0760033436347979,10.1126/scisignal.aaz3140|OPRM_HUMAN|Binding/coupling|Transducer|HEK-293|MiniGi,1.9299999999999997,-0.07205693691310389,-0.03602846845655194,0.05982683765936051
10.1126/scisignal.aaz3140,OPRM_HUMAN,Fentanyl,Recruitment ,Transducer,HEK-293,Arrestin-3 (β-arrestin-2),70.0,7.1,6.8,8.945098040014257,0.1697177950171537,10.1126/scisignal.aaz3140|OPRM_HUMAN|Recruitment |Transducer|HEK-293|Arrestin-3 (β-arrestin-2),2.1450980400142567,0.05768614670608807,0.028843073353044035,0.21280683135637285
10.1126/scisignal.aaz3140,OPRM_HUMAN,Fentanyl,Recruitment ,Transducer,HEK-293,Arrestin-3 (β-arrestin-2),92.0,8.08,8.0,10.043787827345556,0.0684075823484526,10.1126/scisignal.aaz3140|OPRM_HUMAN|Recruitment |Transducer|HEK-293|Arrestin-3 (β-arrestin-2),2.0437878273455556,-0.043624065962613034,-0.021812032981306517,0.056066664264501666
10.1126/scisignal.aaz3140,OPRM_HUMAN,Fentanyl,Accumulation,Downstream,HEK-293,,100.0,9.2,8.8,11.2,0.0,10.1126/scisignal.aaz3140|OPRM_HUMAN|Accumulation|Downstream|HEK-293|nan,2.3999999999999986,-0.11256126031589764,-0.05628063015794882,0.04239230469906874
10.1126/scisignal.aaz3140,OPRM_HUMAN,Fentanyl,Recruitment ,Transducer,HEK-293,Gi2,103.0,8.68,8.8,10.692837224705173,-0.0600000000000005,10.1126/scisignal.aaz3140|OPRM_HUMAN|Recruitment |Transducer|HEK-293|Gi2,1.892837224705172,-0.2532699005650332,-0.1266349502825166,0.05258377271054586
10.1126/scisignal.aaz3140,OPRM_HUMAN,Fentanyl,Binding/coupling,Transducer,HEK-293,MiniGi,104.0,7.64,7.7,9.65703333929878,-0.0489700043360201,10.1126/scisignal.aaz3140|OPRM_HUMAN|Binding/coupling|Transducer|HEK-293|MiniGi,1.9570333392987793,-0.045023597614324284,-0.022511798807162142,0.04894694652382482
10.1126/scisignal.aaz3140,OPRM_HUMAN,Methadone,Recruitment ,Transducer,HEK-293,Arrestin-3 (β-arrestin-2),88.0,6.39,6.3,8.334482672150168,0.0591024271530651,10.1126/scisignal.aaz3140|OPRM_HUMAN|Recruitment |Transducer|HEK-293|Arrestin-3 (β-arrestin-2),2.034482672150168,-0.05292922115800058,-0.02646461057900029,0.05225022805596944
10.1126/scisignal.aaz3140,OPRM_HUMAN,Methadone,Recruitment ,Transducer,HEK-293,Arrestin-3 (β-arrestin-2),100.0,7.15,7.2,9.15,-0.0253802449971027,10.1126/scisignal.aaz3140|OPRM_HUMAN|Recruitment |Transducer|HEK-293|Arrestin-3 (β-arrestin-2),1.9500000000000002,-0.1374118933081685,-0.06870594665408425,0.04406570008182324
10.1126/scisignal.aaz3140,OPRM_HUMAN,Methadone,Accumulation,Downstream,HEK-293,,106.0,8.22,8.1,10.245305865264772,-0.2546941347352263,10.1126/scisignal.aaz3140|OPRM_HUMAN|Accumulation|Downstream|HEK-293|nan,2.1453058652647723,-0.3672553950511239,-0.18362769752556196,0.722600221762862
10.1126/scisignal.aaz3140,OPRM_HUMAN,Methadone,Recruitment ,Transducer,HEK-293,Gi2,105.0,8.0,8.1,10.021189299069938,-0.0316479256352337,10.1126/scisignal.aaz3140|OPRM_HUMAN|Recruitment |Transducer|HEK-293|Gi2,1.9211892990699386,-0.22491782620026646,-0.11245891310013323,0.045021244802461786
10.1126/scisignal.aaz3140,OPRM_HUMAN,Methadone,Binding/coupling,Transducer,HEK-293,MiniGi,107.0,6.99,7.0,9.01938377768521,0.0133804340504104,10.1126/scisignal.aaz3140|OPRM_HUMAN|Binding/coupling|Transducer|HEK-293|MiniGi,2.01938377768521,0.017326840772106333,0.008663420386053167,0.04285121408803453
10.1126/scisignal.aaz3140,OPRM_HUMAN,Morphine,Recruitment ,Transducer,HEK-293,Arrestin-3 (β-arrestin-2),28.0,6.48,6.0,7.92715803134222,-0.0482222136548831,10.1126/scisignal.aaz3140|OPRM_HUMAN|Recruitment |Transducer|HEK-293|Arrestin-3 (β-arrestin-2),1.9271580313422199,-0.16025386196594882,-0.08012693098297441,0.048734854978981654
10.1126/scisignal.aaz3140,OPRM_HUMAN,Morphine,Recruitment ,Transducer,HEK-293,Arrestin-3 (β-arrestin-2),70.0,7.31,7.2,9.155098040014256,-0.0202822049828474,10.1126/scisignal.aaz3140|OPRM_HUMAN|Recruitment |Transducer|HEK-293|Arrestin-3 (β-arrestin-2),1.9550980400142555,-0.1323138532939132,-0.0661569266469566,0.04345381028087084
10.1126/scisignal.aaz3140,OPRM_HUMAN,Morphine,Accumulation,Downstream,HEK-293,,97.0,8.1,7.8,10.086771734266245,-0.1132282657337535,10.1126/scisignal.aaz3140|OPRM_HUMAN|Accumulation|Downstream|HEK-293|nan,2.286771734266245,-0.2257895260496512,-0.1128947630248256,0.09012414336175545
10.1126/scisignal.aaz3140,OPRM_HUMAN,Morphine,Recruitment ,Transducer,HEK-293,Gi2,98.0,7.72,7.8,9.711226075692494,-0.0416111490126782,10.1126/scisignal.aaz3140|OPRM_HUMAN|Recruitment |Transducer|HEK-293|Gi2,1.9112260756924941,-0.23488104957771094,-0.11744052478885547,0.04703416215452627
10.1126/scisignal.aaz3140,OPRM_HUMAN,Morphine,Binding/coupling,Transducer,HEK-293,MiniGi,80.0,6.94,6.8,8.843089986991943,0.0370866433571439,10.1126/scisignal.aaz3140|OPRM_HUMAN|Binding/coupling|Transducer|HEK-293|MiniGi,2.0430899869919434,0.04103305007883984,0.02051652503941992,0.046041722264267206
10.1126/scisignal.aaz3140,OPRM_HUMAN,Oxycodone,Recruitment ,Transducer,HEK-293,Arrestin-3 (β-arrestin-2),23.0,6.77,5.2,8.131727836017593,0.9563475910204896,10.1126/scisignal.aaz3140|OPRM_HUMAN|Recruitment |Transducer|HEK-293|Arrestin-3 (β-arrestin-2),2.9317278360175925,0.8443159427094238,0.4221579713547119,1.0
10.1126/scisignal.aaz3140,OPRM_HUMAN,Oxycodone,Recruitment ,Transducer,HEK-293,Arrestin-3 (β-arrestin-2),72.0,6.22,6.1,8.077332496431268,0.0019522514341652,10.1126/scisignal.aaz3140|OPRM_HUMAN|Recruitment |Transducer|HEK-293|Arrestin-3 (β-arrestin-2),1.9773324964312682,-0.11007939687690049,-0.055039698438450246,0.04240202476852207
10.1126/scisignal.aaz3140,OPRM_HUMAN,Oxycodone,Accumulation,Downstream,HEK-293,,106.0,7.01,7.0,9.035305865264773,-0.3646941347352275,10.1126/scisignal.aaz3140|OPRM_HUMAN|Accumulation|Downstream|HEK-293|nan,2.035305865264773,-0.47725539505112335,-0.23862769752556168,0.9947133690847257
10.1126/scisignal.aaz3140,OPRM_HUMAN,Oxycodone,Recruitment ,Transducer,HEK-293,Gi2,103.0,6.94,7.0,8.952837224705172,0.0,10.1126/scisignal.aaz3140|OPRM_HUMAN|Recruitment |Transducer|HEK-293|Gi2,1.9528372247051724,-0.19326990056503268,-0.09663495028251634,0.04239230469906874
10.1126/scisignal.aaz3140,OPRM_HUMAN,Oxycodone,Binding/coupling,Transducer,HEK-293,MiniGi,75.0,6.22,6.1,8.095061263391699,-0.0109420802431001,10.1126/scisignal.aaz3140|OPRM_HUMAN|Binding/coupling|Transducer|HEK-293|MiniGi,1.9950612633916993,-0.006995673521404289,-0.0034978367607021443,0.042698674036642154
10.1126/scisignal.aaz3140,OPRM_HUMAN,PZM21,Recruitment ,Transducer,HEK-293,Arrestin-3 (β-arrestin-2),14.0,7.36,6.0,8.506128035678238,0.5307477906811346,10.1126/scisignal.aaz3140|OPRM_HUMAN|Recruitment |Transducer|HEK-293|Arrestin-3 (β-arrestin-2),2.5061280356782376,0.41871614237006893,0.20935807118503447,0.9999995333042898
10.1126/scisignal.aaz3140,OPRM_HUMAN,PZM21,Recruitment ,Transducer,HEK-293,Arrestin-3 (β-arrestin-2),59.0,7.56,7.3,9.330852011642143,0.0554717666450406,10.1126/scisignal.aaz3140|OPRM_HUMAN|Recruitment |Transducer|HEK-293|Arrestin-3 (β-arrestin-2),2.0308520116421436,-0.0565598816660251,-0.02827994083301255,0.05097127732545774
10.1126/scisignal.aaz3140,OPRM_HUMAN,PZM21,Accumulation,Downstream,HEK-293,,84.0,8.64,8.0,10.564279286061884,0.164279286061884,10.1126/scisignal.aaz3140|OPRM_HUMAN|Accumulation|Downstream|HEK-293|nan,2.5642792860618844,0.05171802574598816,0.02585901287299408,0.19431816238666613
10.1126/scisignal.aaz3140,OPRM_HUMAN,PZM21,Recruitment ,Transducer,HEK-293,Gi2,86.0,8.16,8.0,10.094498451243568,0.141661226538396,10.1126/scisignal.aaz3140|OPRM_HUMAN|Recruitment |Transducer|HEK-293|Gi2,2.0944984512435685,-0.0516086740266366,-0.0258043370133183,0.13506824975317547
10.1126/scisignal.aaz3140,OPRM_HUMAN,PZM21,Binding/coupling,Transducer,HEK-293,MiniGi,52.0,7.49,7.2,9.2060033436348,0.0,10.1126/scisignal.aaz3140|OPRM_HUMAN|Binding/coupling|Transducer|HEK-293|MiniGi,2.0060033436347995,0.003946406721695883,0.0019732033608479416,0.04239230469906874
10.1126/scisignal.aaz3140,OPRM_HUMAN,SR-17018,Recruitment ,Transducer,HEK-293,Arrestin-3 (β-arrestin-2),12.0,8.4,6.7,9.479181246047624,0.8038010010505223,10.1126/scisignal.aaz3140|OPRM_HUMAN|Recruitment |Transducer|HEK-293|Arrestin-3 (β-arrestin-2),2.7791812460476235,0.6917693527394548,0.3458846763697274,1.0
10.1126/scisignal.aaz3140,OPRM_HUMAN,SR-17018,Recruitment ,Transducer,HEK-293,Arrestin-3 (β-arrestin-2),49.0,6.48,6.7,8.170196080028514,-0.5051841649685889,10.1126/scisignal.aaz3140|OPRM_HUMAN|Recruitment |Transducer|HEK-293|Arrestin-3 (β-arrestin-2),1.470196080028514,-0.6172158132796546,-0.3086079066398273,0.9999975368399305
10.1126/scisignal.aaz3140,OPRM_HUMAN,SR-17018,Accumulation,Downstream,HEK-293,,62.0,7.67,6.1,9.462391689498254,0.962391689498256,10.1126/scisignal.aaz3140|OPRM_HUMAN|Accumulation|Downstream|HEK-293|nan,3.3623916894982546,0.8498304291823584,0.4249152145911792,1.0
10.1126/scisignal.aaz3140,OPRM_HUMAN,SR-17018,Recruitment ,Transducer,HEK-293,Gi2,61.0,7.66,6.1,9.445329835010767,1.3924926103055952,10.1126/scisignal.aaz3140|OPRM_HUMAN|Recruitment |Transducer|HEK-293|Gi2,3.3453298350107676,1.1992227097405626,0.5996113548702813,1.0
10.1126/scisignal.aaz3140,OPRM_HUMAN,SR-17018,Binding/coupling,Transducer,HEK-293,MiniGi,35.0,7.15,6.6,8.694068044350276,0.0880647007154769,10.1126/scisignal.aaz3140|OPRM_HUMAN|Binding/coupling|Transducer|HEK-293|MiniGi,2.0940680443502764,0.09201110743717278,0.04600555371858639,0.06721347262265273
10.1126/scisignal.aaz3140,OPRM_HUMAN,TRV130,Recruitment ,Transducer,HEK-293,Arrestin-3 (β-arrestin-2),16.0,6.45,5.7,7.654119982655925,-0.0212602623411779,10.1126/scisignal.aaz3140|OPRM_HUMAN|Recruitment |Transducer|HEK-293|Arrestin-3 (β-arrestin-2),1.954119982655925,-0.13329191065224366,-0.06664595532612183,0.043560021934607174
10.1126/scisignal.aaz3140,OPRM_HUMAN,TRV130,Recruitment ,Transducer,HEK-293,Arrestin-3 (β-arrestin-2),58.0,7.71,7.5,9.473427993562938,-0.0019522514341652,10.1126/scisignal.aaz3140|OPRM_HUMAN|Recruitment |Transducer|HEK-293|Arrestin-3 (β-arrestin-2),1.9734279935629377,-0.11398389974523093,-0.056991949872615466,0.04240202476852207
10.1126/scisignal.aaz3140,OPRM_HUMAN,TRV130,Accumulation,Downstream,HEK-293,,86.0,8.66,8.2,10.594498451243568,-0.0055015487564293,10.1126/scisignal.aaz3140|OPRM_HUMAN|Accumulation|Downstream|HEK-293|nan,2.394498451243569,-0.11806280907232702,-0.05903140453616351,0.04246955463103364
10.1126/scisignal.aaz3140,OPRM_HUMAN,TRV130,Recruitment ,Transducer,HEK-293,Gi2,85.0,8.38,8.2,10.309418925714294,0.1565817010091219,10.1126/scisignal.aaz3140|OPRM_HUMAN|Recruitment |Transducer|HEK-293|Gi2,2.1094189257142943,-0.03668819955591074,-0.01834409977795537,0.17117247584953926
10.1126/scisignal.aaz3140,OPRM_HUMAN,TRV130,Binding/coupling,Transducer,HEK-293,MiniGi,51.0,7.46,7.4,9.167570176097936,-0.238433167536864,10.1126/scisignal.aaz3140|OPRM_HUMAN|Binding/coupling|Transducer|HEK-293|MiniGi,1.7675701760979354,-0.23448676081516817,-0.11724338040758409,0.6115152220502735
10.1126/scisignal.aaz3140,OPRM_MOUSE,Buprenorphine,Activation,Downstream,HEK-293,,19.0,7.93,7.0,9.208753600952829,0.1436923375611289,10.1126/scisignal.aaz3140|OPRM_MOUSE|Activation|Downstream|HEK-293|nan,2.2087536009528286,0.13281186682363355,0.06640593341181678,0.13937835561795625
10.1126/scisignal.aaz3140,OPRM_MOUSE,DAMGO,Activation,Downstream,HEK-293,,75.0,7.29,7.1,9.1650612633917,0.0,10.1126/scisignal.aaz3140|OPRM_MOUSE|Activation|Downstream|HEK-293|nan,2.0650612633916996,-0.010880470737495429,-0.0054402353687477145,0.04239230469906874
10.1126/scisignal.aaz3140,OPRM_MOUSE,Fentanyl,Activation,Downstream,HEK-293,,74.0,8.34,8.2,10.209231719730976,-0.0558295436607227,10.1126/scisignal.aaz3140|OPRM_MOUSE|Activation|Downstream|HEK-293|nan,2.009231719730977,-0.06671001439821822,-0.03335500719910911,0.05109241551316801
10.1126/scisignal.aaz3140,OPRM_MOUSE,Morphine,Activation,Downstream,HEK-293,,56.0,7.16,6.9,8.9081880270062,-0.0568732363854991,10.1126/scisignal.aaz3140|OPRM_MOUSE|Activation|Downstream|HEK-293|nan,2.0081880270062005,-0.06775370712299456,-0.03387685356149728,0.05145183714993229
10.1126/scisignal.aaz3140,OPRM_MOUSE,PZM21,Activation,Downstream,HEK-293,,40.0,7.78,7.3,9.382059991327962,0.0169987279362624,10.1126/scisignal.aaz3140|OPRM_MOUSE|Activation|Downstream|HEK-293|nan,2.082059991327962,0.006118257198767019,0.0030591285993835093,0.04313531272682304
10.1126/scisignal.aaz3140,OPRM_MOUSE,SR-17018,Activation,Downstream,HEK-293,,33.0,6.18,5.5,7.698513939877888,0.133452676486188,10.1126/scisignal.aaz3140|OPRM_MOUSE|Activation|Downstream|HEK-293|nan,2.1985139398778877,0.12257220574869265,0.061286102874346327,0.1193364697140667
10.1126/scisignal.aaz3140,OPRM_MOUSE,TRV130,Activation,Downstream,HEK-293,,38.0,7.88,7.5,9.45978359661681,-0.1052776667748904,10.1126/scisignal.aaz3140|OPRM_MOUSE|Activation|Downstream|HEK-293|nan,1.9597835966168091,-0.1161581375123859,-0.05807906875619295,0.08156666125208618
10.1161/HYPERTENSIONAHA.114.05099,APJ_HUMAN,[Pyr1]apelin-13,Recruitment ,Transducer,CHO-K1,,97.0,8.57,8.59,10.556771734266244,0.0658552354372727,10.1161/HYPERTENSIONAHA.114.05099|APJ_HUMAN|Recruitment |Transducer|CHO-K1|nan,1.9667717342662439,0.0658552354372719,0.03292761771863595,0.05493824631073734
10.1161/HYPERTENSIONAHA.114.05099,APJ_HUMAN,[Pyr1]apelin-13,Internalization ,Transducer,U2OS,,105.0,8.49,8.45,10.511189299069938,0.0188827717914943,10.1161/HYPERTENSIONAHA.114.05099|APJ_HUMAN|Internalization |Transducer|U2OS|nan,2.061189299069939,0.018882771791494335,0.009441385895747167,0.04331092846944722
10.1161/HYPERTENSIONAHA.114.05099,APJ_HUMAN,[Pyr1]apelin-13,Physiological effect,,Human Saphenous Vein,,100.0,9.93,10.18,11.93,0.3809868797219664,10.1161/HYPERTENSIONAHA.114.05099|APJ_HUMAN|Physiological effect|nan|Human Saphenous Vein|nan,1.75,0.38098687972196554,0.19049343986098277,0.997528477706779
10.1161/HYPERTENSIONAHA.114.05099,APJ_HUMAN,MM07,Recruitment ,Transducer,CHO-K1,,75.0,5.67,5.71,7.5450612633917,-0.0658552354372727,10.1161/HYPERTENSIONAHA.114.05099|APJ_HUMAN|Recruitment |Transducer|CHO-K1|nan,1.8350612633917,-0.0658552354372719,-0.03292761771863595,0.05493824631073734
10.1161/HYPERTENSIONAHA.114.05099,APJ_HUMAN,MM07,Internalization ,Transducer,U2OS,,108.0,6.16,6.17,8.19342375548695,-0.0188827717914943,10.1161/HYPERTENSIONAHA.114.05099|APJ_HUMAN|Internalization |Transducer|U2OS|nan,2.0234237554869505,-0.018882771791494335,-0.009441385895747167,0.04331092846944722
10.1161/HYPERTENSIONAHA.114.05099,APJ_HUMAN,MM07,Physiological effect,,Human Saphenous Vein,,77.27272727272727,9.54,10.44,11.428026240556068,-0.3809868797219664,10.1161/HYPERTENSIONAHA.114.05099|APJ_HUMAN|Physiological effect|nan|Human Saphenous Vein|nan,0.9880262405560689,-0.38098687972196554,-0.19049343986098277,0.997528477706779
10.3389/fphar.2018.01202,CNR2_HUMAN,7,Internalization ,Transducer,Flp-In-293 ,,94.31643625192014,7.34,7.42,9.314587382572975,-0.0218108685712494,10.3389/fphar.2018.01202|CNR2_HUMAN|Internalization |Transducer|Flp-In-293 |nan,1.8945873825729755,-0.02560965875076704,-0.01280482937538352,0.04362212945105664
10.3389/fphar.2018.01202,CNR2_HUMAN,7,Phosphorylation,Downstream,Flp-In-293 ,,20.01943634596696,5.74,5.51,7.041451845606721,-0.3912689376086562,10.3389/fphar.2018.01202|CNR2_HUMAN|Phosphorylation|Downstream|Flp-In-293 |nan,1.5314518456067212,-0.2966661406643303,-0.14833307033216514,0.9984976712553807
10.3389/fphar.2018.01202,CNR2_HUMAN,7,Accumulation,Downstream,Flp-In-293 ,,103.11750599520384,7.07,7.29,9.08333240060583,-0.1673245708937303,10.3389/fphar.2018.01202|CNR2_HUMAN|Accumulation|Downstream|Flp-In-293 |nan,1.7933324006058298,-0.15577819415472605,-0.07788909707736302,0.20444224303299005
10.3389/fphar.2018.01202,CNR2_HUMAN,15,Internalization ,Transducer,Flp-In-293 ,,86.78955453149003,8.91,8.92,10.848467459251246,0.0120692081070212,10.3389/fphar.2018.01202|CNR2_HUMAN|Internalization |Transducer|Flp-In-293 |nan,1.9284674592512463,0.008270417927503715,0.004135208963751857,0.04276532039154564
10.3389/fphar.2018.01202,CNR2_HUMAN,15,Phosphorylation,Downstream,Flp-In-293 ,,96.79300291545192,7.45,7.45,9.435843963661268,0.0631231804458889,10.3389/fphar.2018.01202|CNR2_HUMAN|Phosphorylation|Downstream|Flp-In-293 |nan,1.9858439636612681,0.15772597739021665,0.07886298869510833,0.05380024696532579
10.3389/fphar.2018.01202,CNR2_HUMAN,15,Accumulation,Downstream,Flp-In-293 ,,94.9640287769784,8.1,8.12,10.077559130951755,-0.0030978405478041,10.3389/fphar.2018.01202|CNR2_HUMAN|Accumulation|Downstream|Flp-In-293 |nan,1.957559130951756,0.008448536191200118,0.004224268095600059,0.04241678339140141
10.3389/fphar.2018.01202,CNR2_HUMAN,16,Internalization ,Transducer,Flp-In-293 ,,76.80491551459295,8.92,8.9,10.805389015767826,-0.0110092353763993,10.3389/fphar.2018.01202|CNR2_HUMAN|Internalization |Transducer|Flp-In-293 |nan,1.9053890157678257,-0.01480802555591687,-0.007404012777958435,0.04270245930645003
10.3389/fphar.2018.01202,CNR2_HUMAN,16,Phosphorylation,Downstream,Flp-In-293 ,,74.14965986394559,7.91,7.84,9.780109163192447,0.0173883799770702,10.3389/fphar.2018.01202|CNR2_HUMAN|Phosphorylation|Downstream|Flp-In-293 |nan,1.9401091631924476,0.11199117692139615,0.055995588460698076,0.0431700662408609
10.3389/fphar.2018.01202,CNR2_HUMAN,16,Accumulation,Downstream,Flp-In-293 ,,85.37170263788968,8.55,8.52,10.48131394299912,0.0006569714995592,10.3389/fphar.2018.01202|CNR2_HUMAN|Accumulation|Downstream|Flp-In-293 |nan,1.961313942999121,0.012203348238565281,0.006101674119282641,0.0423934053477914
10.3389/fphar.2018.01202,CNR2_HUMAN,10 (UOSD015),Internalization ,Transducer,Flp-In-293 ,,88.1720430107527,7.05,7.09,8.995330903829782,-0.0110673473144431,10.3389/fphar.2018.01202|CNR2_HUMAN|Internalization |Transducer|Flp-In-293 |nan,1.9053309038297819,-0.014866137493960707,-0.007433068746980354,0.04270575380009874
10.3389/fphar.2018.01202,CNR2_HUMAN,10 (UOSD015),Phosphorylation,Downstream,Flp-In-293 ,,98.93100097181733,5.97,6.06,7.965332403238307,-0.0173883799770702,10.3389/fphar.2018.01202|CNR2_HUMAN|Phosphorylation|Downstream|Flp-In-293 |nan,1.9053324032383072,0.07721441696725573,0.038607208483627864,0.0431700662408609
10.3389/fphar.2018.01202,CNR2_HUMAN,10 (UOSD015),Accumulation,Downstream,Flp-In-293 ,,79.13669064748201,6.98,6.9,8.87837788490413,0.0177209134045703,10.3389/fphar.2018.01202|CNR2_HUMAN|Accumulation|Downstream|Flp-In-293 |nan,1.9783778849041305,0.029267290143574654,0.014633645071787327,0.04320036996507822
10.3389/fphar.2018.01202,CNR2_HUMAN,14 (UOSD017),Internalization ,Transducer,Flp-In-293 ,,94.93087557603688,6.76,6.81,8.737407486520624,0.0110092353763993,10.3389/fphar.2018.01202|CNR2_HUMAN|Internalization |Transducer|Flp-In-293 |nan,1.9274074865206243,0.007210445196881743,0.0036052225984408715,0.04270245930645003
10.3389/fphar.2018.01202,CNR2_HUMAN,14 (UOSD017),Phosphorylation,Downstream,Flp-In-293 ,,45.28668610301264,5.13,5.16,6.785970541927567,-0.2967502412878109,10.3389/fphar.2018.01202|CNR2_HUMAN|Phosphorylation|Downstream|Flp-In-293 |nan,1.6259705419275665,-0.20214744434348497,-0.10107372217174249,0.9179051016611727
10.3389/fphar.2018.01202,CNR2_HUMAN,14 (UOSD017),Accumulation,Downstream,Flp-In-293 ,,71.46282973621103,6.02,5.83,7.874080209102497,0.0834232376029371,10.3389/fphar.2018.01202|CNR2_HUMAN|Accumulation|Downstream|Flp-In-293 |nan,2.044080209102497,0.0949696143419414,0.0474848071709707,0.06414574576525549
10.3389/fphar.2018.01202,CNR2_HUMAN,"CP55,940",Internalization ,Transducer,Flp-In-293 ,,100.0,8.72,8.76,10.72,0.0436017488557758,10.3389/fphar.2018.01202|CNR2_HUMAN|Internalization |Transducer|Flp-In-293 |nan,1.9600000000000009,0.03980295867625827,0.019901479338129135,0.047514064347528626
10.3389/fphar.2018.01202,CNR2_HUMAN,"CP55,940",Phosphorylation,Downstream,Flp-In-293 ,,100.0,8.03,8.05,10.03,0.0572792167846212,10.3389/fphar.2018.01202|CNR2_HUMAN|Phosphorylation|Downstream|Flp-In-293 |nan,1.9799999999999986,0.15188201372894716,0.07594100686447358,0.05159410061515617
10.3389/fphar.2018.01202,CNR2_HUMAN,"CP55,940",Accumulation,Downstream,Flp-In-293 ,,100.0,8.48,8.52,10.48,-0.0006569714995592,10.3389/fphar.2018.01202|CNR2_HUMAN|Accumulation|Downstream|Flp-In-293 |nan,1.9600000000000009,0.010889405239445038,0.005444702619722519,0.0423934053477914
10.3389/fphar.2020.00188,OPRK_HUMAN,LOR17,Accumulation,Downstream,HEK-293,,85.0,8.55284196865778,8.856,10.482260894372072,-0.264430816205663,10.3389/fphar.2020.00188|OPRK_HUMAN|Accumulation|Downstream|HEK-293|nan,1.6262608943720718,-0.2644308162056639,-0.13221540810283194,0.7815816244979881
10.3389/fphar.2020.00188,OPRK_HUMAN,"U50,488",Accumulation,Downstream,HEK-293,,90.0,8.795880017344075,8.595,10.7501225267834,0.264430816205663,10.3389/fphar.2020.00188|OPRK_HUMAN|Accumulation|Downstream|HEK-293|nan,2.1551225267833996,0.2644308162056639,0.13221540810283194,0.7815816244979881
10.3390/ijms20102417,CCR1_HUMAN,CCL15(∆26),Recruitment ,Transducer,HEK-293,Arrestin-3 (β-arrestin-2),94.3,8.6,8.7,10.574511692737328,-0.0917756463468659,10.3390/ijms20102417|CCR1_HUMAN|Recruitment |Transducer|HEK-293|Arrestin-3 (β-arrestin-2),1.8745116927373289,-0.209394257089206,-0.104697128544603,0.0698900090574326
10.3390/ijms20102417,CCR1_HUMAN,CCL15(∆26),Phosphorylation,Downstream,HEK-293,,25.4,8.6,8.7,10.004833716619938,-0.178039866988815,10.3390/ijms20102417|CCR1_HUMAN|Phosphorylation|Downstream|HEK-293|nan,1.3048337166199389,-0.15672751918708228,-0.07836375959354114,0.2448458586230197
10.3390/ijms20102417,CCR1_HUMAN,CCL15(∆26),Accumulation,Downstream,HEK-293,,28.7,8.6,8.4,10.057881896733992,-0.1305379252687188,10.3390/ijms20102417|CCR1_HUMAN|Accumulation|Downstream|HEK-293|nan,1.6578818967339917,-0.20450932718312087,-0.10225466359156044,0.11434937542207119
10.3390/ijms20102417,CCR1_HUMAN,CCL15(∆26),Recruitment ,Transducer,HEK-293,Gi1,110.6,9.0,8.7,11.04375512696868,0.0388216046145357,10.3390/ijms20102417|CCR1_HUMAN|Recruitment |Transducer|HEK-293|Gi1,2.3437551269686807,0.08771034684996248,0.04385517342498124,0.046406448419092826
10.3390/ijms20102417,CCR1_HUMAN,CCL15(∆26),Recruitment ,Transducer,HEK-293,Gi2,114.0,8.9,8.3,10.956904851336471,0.2356366217237013,10.3390/ijms20102417|CCR1_HUMAN|Recruitment |Transducer|HEK-293|Gi2,2.6569048513364706,0.20925783326299596,0.10462891663149798,0.5915570851249765
10.3390/ijms20102417,CCR1_HUMAN,CCL15(∆28),Recruitment ,Transducer,HEK-293,Arrestin-3 (β-arrestin-2),73.5,8.9,8.8,10.766287339084196,0.0,10.3390/ijms20102417|CCR1_HUMAN|Recruitment |Transducer|HEK-293|Arrestin-3 (β-arrestin-2),1.9662873390841948,-0.11761861074234004,-0.05880930537117002,0.04239230469906874
10.3390/ijms20102417,CCR1_HUMAN,CCL15(∆28),Phosphorylation,Downstream,HEK-293,,28.3,8.7,8.6,10.15178643552429,0.0689128519155364,10.3390/ijms20102417|CCR1_HUMAN|Phosphorylation|Downstream|HEK-293|nan,1.5517864355242903,0.09022519971726917,0.04511259985863458,0.05629777515475929
10.3390/ijms20102417,CCR1_HUMAN,CCL15(∆28),Accumulation,Downstream,HEK-293,,35.7,9.4,8.9,10.952668216112194,0.2642483941094831,10.3390/ijms20102417|CCR1_HUMAN|Accumulation|Downstream|HEK-293|nan,2.0526682161121936,0.1902769921950811,0.09513849609754055,0.7805456502099782
10.3390/ijms20102417,CCR1_HUMAN,CCL15(∆28),Recruitment ,Transducer,HEK-293,Gi1,86.2,8.6,8.4,10.535507265824712,-0.1694262565294328,10.3390/ijms20102417|CCR1_HUMAN|Recruitment |Transducer|HEK-293|Gi1,2.135507265824712,-0.12053751429400617,-0.06026875714700308,0.21176823392373753
10.3390/ijms20102417,CCR1_HUMAN,CCL15(∆28),Recruitment ,Transducer,HEK-293,Gi2,140.4,8.9,8.6,11.047367107793786,0.0260988781810151,10.3390/ijms20102417|CCR1_HUMAN|Recruitment |Transducer|HEK-293|Gi2,2.447367107793786,-0.0002799102796884334,-0.0001399551398442167,0.04416369486544476
10.3390/ijms20102417,CCR1_HUMAN,CCL15(N-CCL7),Recruitment ,Transducer,HEK-293,Arrestin-3 (β-arrestin-2),71.0,8.9,8.8,10.751258348719077,-0.0150289903651206,10.3390/ijms20102417|CCR1_HUMAN|Recruitment |Transducer|HEK-293|Arrestin-3 (β-arrestin-2),1.951258348719076,-0.13264760110745888,-0.06632380055372944,0.04297204237319824
10.3390/ijms20102417,CCR1_HUMAN,CCL15(N-CCL7),Phosphorylation,Downstream,HEK-293,,28.2,8.9,8.8,10.350249108319362,0.0673755247106075,10.3390/ijms20102417|CCR1_HUMAN|Phosphorylation|Downstream|HEK-293|nan,1.5502491083193615,0.08868787251234034,0.04434393625617017,0.055602603657858546
10.3390/ijms20102417,CCR1_HUMAN,CCL15(N-CCL7),Accumulation,Downstream,HEK-293,,35.5,9.7,9.1,11.250228353055093,0.3618085310523824,10.3390/ijms20102417|CCR1_HUMAN|Accumulation|Downstream|HEK-293|nan,2.150228353055093,0.28783712913798043,0.14391856456899021,0.9939737414949558
10.3390/ijms20102417,CCR1_HUMAN,CCL15(N-CCL7),Recruitment ,Transducer,HEK-293,Gi1,91.2,9.2,9.0,11.159994838328416,-0.1449386840257291,10.3390/ijms20102417|CCR1_HUMAN|Recruitment |Transducer|HEK-293|Gi1,2.1599948383284158,-0.09604994179030246,-0.04802497089515123,0.1421111062100698
10.3390/ijms20102417,CCR1_HUMAN,CCL15(N-CCL7),Recruitment ,Transducer,HEK-293,Gi2,124.5,8.8,8.5,10.895169351431756,-0.0260988781810151,10.3390/ijms20102417|CCR1_HUMAN|Recruitment |Transducer|HEK-293|Gi2,2.395169351431756,-0.05247766664171882,-0.02623883332085941,0.04416369486544476
10.3390/ijms20102417,CCR1_HUMAN,CCL7,Recruitment ,Transducer,HEK-293,Arrestin-3 (β-arrestin-2),43.1,8.3,7.5,9.934477270160732,0.4681899310765374,10.3390/ijms20102417|CCR1_HUMAN|Recruitment |Transducer|HEK-293|Arrestin-3 (β-arrestin-2),2.4344772701607322,0.35057132033419736,0.17528566016709868,0.9999763489496393
10.3390/ijms20102417,CCR1_HUMAN,CCL7,Phosphorylation,Downstream,HEK-293,,30.4,8.0,8.0,9.482873583608754,0.0,10.3390/ijms20102417|CCR1_HUMAN|Phosphorylation|Downstream|HEK-293|nan,1.4828735836087539,0.021312347801732745,0.010656173900866373,0.04239230469906874
10.3390/ijms20102417,CCR1_HUMAN,CCL7,Accumulation,Downstream,HEK-293,,48.8,8.0,7.9,9.688419822002713,0.0,10.3390/ijms20102417|CCR1_HUMAN|Accumulation|Downstream|HEK-293|nan,1.7884198220027123,-0.07397140191440021,-0.03698570095720011,0.04239230469906874
10.3390/ijms20102417,CCR1_HUMAN,CCL7,Recruitment ,Transducer,HEK-293,Gi1,160.3,7.9,7.8,10.104933522354145,0.0,10.3390/ijms20102417|CCR1_HUMAN|Recruitment |Transducer|HEK-293|Gi1,2.304933522354145,0.04888874223542672,0.02444437111771336,0.04239230469906874
10.3390/ijms20102417,CCR1_HUMAN,CCL7,Recruitment ,Transducer,HEK-293,Gi2,195.5,7.6,7.6,9.891146761731886,-0.130121467880885,10.3390/ijms20102417|CCR1_HUMAN|Recruitment |Transducer|HEK-293|Gi2,2.291146761731886,-0.1565002563415887,-0.07825012817079435,0.11366060649123351
10.3390/ijms20102417,CCR1_HUMAN,CCL8,Recruitment ,Transducer,HEK-293,Arrestin-3 (β-arrestin-2),98.4,7.0,6.8,8.992995098431342,0.2267077593471471,10.3390/ijms20102417|CCR1_HUMAN|Recruitment |Transducer|HEK-293|Arrestin-3 (β-arrestin-2),2.192995098431342,0.10908914860480712,0.05454457430240356,0.5277427851343698
10.3390/ijms20102417,CCR1_HUMAN,CCL8,Phosphorylation,Downstream,HEK-293,,20.8,7.2,7.1,8.518063334962761,-0.0648102486459922,10.3390/ijms20102417|CCR1_HUMAN|Phosphorylation|Downstream|HEK-293|nan,1.4180633349627616,-0.04349790084425953,-0.021748950422129765,0.05449461220940937
10.3390/ijms20102417,CCR1_HUMAN,CCL8,Accumulation,Downstream,HEK-293,,46.0,7.3,7.3,8.962757831681573,-0.1256619903211371,10.3390/ijms20102417|CCR1_HUMAN|Accumulation|Downstream|HEK-293|nan,1.6627578316815734,-0.1996333922355391,-0.09981669611776955,0.10663954960242772
10.3390/ijms20102417,CCR1_HUMAN,CCL8,Recruitment ,Transducer,HEK-293,Gi1,172.2,7.5,7.4,9.736033147117636,0.0310996247634909,10.3390/ijms20102417|CCR1_HUMAN|Recruitment |Transducer|HEK-293|Gi1,2.336033147117636,0.07998836699891765,0.039994183499458824,0.04492841753741226
10.3390/molecules24244542,OPRD_HUMAN,1a,Recruitment ,Transducer,CHO,Arrestin-3 (β-arrestin-2),107.0,8.010105436281227,8.1,10.039489213966435,-0.1525859390446173,10.3390/molecules24244542|OPRD_HUMAN|Recruitment |Transducer|CHO|Arrestin-3 (β-arrestin-2),1.9394892139664357,-0.1838775501078107,-0.09193877505390535,0.1604421758785088
10.3390/molecules24244542,OPRD_HUMAN,1b,Recruitment ,Transducer,CHO,Arrestin-3 (β-arrestin-2),130.0,8.769551078621726,9.0,10.883494430928565,-0.208580722082492,10.3390/molecules24244542|OPRD_HUMAN|Recruitment |Transducer|CHO|Arrestin-3 (β-arrestin-2),1.8834944309285646,-0.2398723331456818,-0.1199361665728409,0.405025159975325
10.3390/molecules24244542,OPRD_HUMAN,1c,Recruitment ,Transducer,CHO,Arrestin-3 (β-arrestin-2),116.0,9.2518119729938,9.4,11.316269962220716,-0.1758051907903377,10.3390/molecules24244542|OPRD_HUMAN|Recruitment |Transducer|CHO|Arrestin-3 (β-arrestin-2),1.9162699622207153,-0.20709680185353108,-0.10354840092676554,0.23577864150917055
10.3390/molecules24244542,OPRD_HUMAN,1d,Recruitment ,Transducer,CHO,Arrestin-3 (β-arrestin-2),111.0,8.950781977329818,9.0,10.996104956116476,-0.0959701968945792,10.3390/molecules24244542|OPRD_HUMAN|Recruitment |Transducer|CHO|Arrestin-3 (β-arrestin-2),1.9961049561164756,-0.12726180795777076,-0.06363090397888538,0.07317497248732625
10.3390/molecules24244542,OPRD_HUMAN,1e,Recruitment ,Transducer,CHO,Arrestin-3 (β-arrestin-2),105.0,8.460923901207224,8.3,10.482113200277162,0.0900380472661064,10.3390/molecules24244542|OPRD_HUMAN|Recruitment |Transducer|CHO|Arrestin-3 (β-arrestin-2),2.1821132002771613,0.058746436202914865,0.029373218101457432,0.06861093449116973
10.3390/molecules24244542,OPRD_HUMAN,1f,Recruitment ,Transducer,CHO,Arrestin-3 (β-arrestin-2),106.0,7.931814138253839,7.9,9.95712000351861,-0.034955149492446,10.3390/molecules24244542|OPRD_HUMAN|Recruitment |Transducer|CHO|Arrestin-3 (β-arrestin-2),2.057120003518609,-0.06624676055563761,-0.033123380277818804,0.04561990508830397
10.3390/molecules24244542,OPRD_HUMAN,1g,Recruitment ,Transducer,CHO,Arrestin-3 (β-arrestin-2),108.0,8.39040559077478,8.4,10.42382934626173,-0.0682458067493252,10.3390/molecules24244542|OPRD_HUMAN|Recruitment |Transducer|CHO|Arrestin-3 (β-arrestin-2),2.0238293462617296,-0.09953741781251679,-0.049768708906258396,0.055993215013593785
10.3390/molecules24244542,OPRD_HUMAN,1h,Recruitment ,Transducer,CHO,Arrestin-3 (β-arrestin-2),91.0,7.769551078621726,7.4,9.72859247094282,0.2365173179317645,10.3390/molecules24244542|OPRD_HUMAN|Recruitment |Transducer|CHO|Arrestin-3 (β-arrestin-2),2.3285924709428194,0.205225706868573,0.1026128534342865,0.5978528917098732
10.3390/molecules24244542,OPRD_HUMAN,1i,Recruitment ,Transducer,CHO,Arrestin-3 (β-arrestin-2),96.0,7.309803919971486,7.2,9.292075153011057,0.0,10.3390/molecules24244542|OPRD_HUMAN|Recruitment |Transducer|CHO|Arrestin-3 (β-arrestin-2),2.0920751530110566,-0.031291611063189784,-0.015645805531594892,0.04239230469906874
10.3390/molecules24244542,OPRD_HUMAN,1j,Recruitment ,Transducer,CHO,Arrestin-3 (β-arrestin-2),92.0,7.0,6.6,8.963787827345556,0.2717126743345011,10.3390/molecules24244542|OPRD_HUMAN|Recruitment |Transducer|CHO|Arrestin-3 (β-arrestin-2),2.363787827345556,0.24042106327130952,0.12021053163565476,0.8205607872285878
10.3390/molecules24244542,OPRD_HUMAN,1k,Recruitment ,Transducer,CHO,Arrestin-3 (β-arrestin-2),85.0,5.950007143079858,5.4,7.87942606879415,0.3873509157830952,10.3390/molecules24244542|OPRD_HUMAN|Recruitment |Transducer|CHO|Arrestin-3 (β-arrestin-2),2.47942606879415,0.35605930471990366,0.17802965235995183,0.9981809196191911
10.3390/molecules24244542,OPRD_HUMAN,1l,Recruitment ,Transducer,CHO,Arrestin-3 (β-arrestin-2),98.0,6.400116927926312,6.2,8.391343003618807,0.0992678506077524,10.3390/molecules24244542|OPRD_HUMAN|Recruitment |Transducer|CHO|Arrestin-3 (β-arrestin-2),2.1913430036188073,0.06797623954456089,0.033988119772280445,0.07596563645387418
10.3390/molecules24244542,OPRD_HUMAN,Leu-enkephalin,Recruitment ,Transducer,CHO,Arrestin-3 (β-arrestin-2),100.0,8.050122295963126,7.9,10.050122295963126,0.0580471429520708,10.3390/molecules24244542|OPRD_HUMAN|Recruitment |Transducer|CHO|Arrestin-3 (β-arrestin-2),2.1501222959631257,0.026755531888879247,0.013377765944439624,0.05186699938712761
10.3390/molecules24244542,OPRD_MOUSE,1a,Accumulation,Downstream,HEK-293,,95.0,9.4089353929735,9.4,11.386658998262348,-0.0365077139465981,10.3390/molecules24244542|OPRD_MOUSE|Accumulation|Downstream|HEK-293|nan,1.9866589982623477,-0.09090533278762125,-0.045452666393810626,0.04592431387936152
10.3390/molecules24244542,OPRD_MOUSE,1b,Accumulation,Downstream,HEK-293,,94.0,10.657577319177792,10.6,12.630705172777493,0.0075384605685471,10.3390/molecules24244542|OPRD_MOUSE|Accumulation|Downstream|HEK-293|nan,2.030705172777493,-0.046859158272476,-0.023429579136238,0.04253745742106417
10.3390/molecules24244542,OPRD_MOUSE,1c,Accumulation,Downstream,HEK-293,,96.0,10.522878745280336,10.5,12.505149978319906,-0.0180167338890395,10.3390/molecules24244542|OPRD_MOUSE|Accumulation|Downstream|HEK-293|nan,2.0051499783199063,-0.07241435273006269,-0.036207176365031346,0.043227828037674484
10.3390/molecules24244542,OPRD_MOUSE,1d,Accumulation,Downstream,HEK-293,,97.0,10.602059991327964,10.6,12.588831725594208,-0.0343349866147377,10.3390/molecules24244542|OPRD_MOUSE|Accumulation|Downstream|HEK-293|nan,1.988831725594208,-0.0887326054557609,-0.04436630272788045,0.045502524587733024
10.3390/molecules24244542,OPRD_MOUSE,1e,Accumulation,Downstream,HEK-293,,92.0,10.4089353929735,10.0,12.372723220319056,0.3495565081101102,10.3390/molecules24244542|OPRD_MOUSE|Accumulation|Downstream|HEK-293|nan,2.372723220319056,0.29515888926908707,0.14757944463454353,0.9896267220846607
10.3390/molecules24244542,OPRD_MOUSE,1f,Accumulation,Downstream,HEK-293,,98.0,9.853871964321762,9.8,11.845098040014255,0.0219313278053103,10.3390/molecules24244542|OPRD_MOUSE|Accumulation|Downstream|HEK-293|nan,2.0450980400142544,-0.03246629103571452,-0.01623314551785726,0.043635940233986495
10.3390/molecules24244542,OPRD_MOUSE,1g,Accumulation,Downstream,HEK-293,,92.0,9.958607314841776,9.7,11.92239514218733,0.199228429978385,10.3390/molecules24244542|OPRD_MOUSE|Accumulation|Downstream|HEK-293|nan,2.222395142187331,0.14483081113736196,0.07241540556868098,0.34883819122030046
10.3390/molecules24244542,OPRD_MOUSE,1h,Accumulation,Downstream,HEK-293,,100.0,9.455931955649724,9.3,11.455931955649724,0.1327652434407777,10.3390/molecules24244542|OPRD_MOUSE|Accumulation|Downstream|HEK-293|nan,2.1559319556497236,0.07836762459975466,0.03918381229987733,0.11813358113975087
10.3390/molecules24244542,OPRD_MOUSE,1i,Accumulation,Downstream,HEK-293,,99.0,9.327902142064282,9.0,11.323537336661833,0.3003706244528867,10.3390/molecules24244542|OPRD_MOUSE|Accumulation|Downstream|HEK-293|nan,2.3235373366618326,0.24597300561186364,0.12298650280593182,0.9275745784742107
10.3390/molecules24244542,OPRD_MOUSE,1j,Accumulation,Downstream,HEK-293,,100.0,8.34008379993015,8.2,10.34008379993015,0.1169170877212053,10.3390/molecules24244542|OPRD_MOUSE|Accumulation|Downstream|HEK-293|nan,2.140083799930151,0.06251946888018223,0.031259734440091114,0.09459387943390093
10.3390/molecules24244542,OPRD_MOUSE,1k,Accumulation,Downstream,HEK-293,,97.0,7.319664486585437,7.3,9.306436220851682,-0.0167304913572641,10.3390/molecules24244542|OPRD_MOUSE|Accumulation|Downstream|HEK-293|nan,2.0064362208516817,-0.07112811019828724,-0.03556405509914362,0.04311186122615217
10.3390/molecules24244542,OPRD_MOUSE,1l,Accumulation,Downstream,HEK-293,,99.0,7.519993057042849,7.5,9.5156282516404,-0.0075384605685471,10.3390/molecules24244542|OPRD_MOUSE|Accumulation|Downstream|HEK-293|nan,2.0156282516404005,-0.06193607940956847,-0.030968039704784234,0.04253745742106417
10.3390/molecules24244542,OPRD_MOUSE,DAMGO,Accumulation,Downstream,HEK-293,,98.0,5.910094888560602,5.9,7.901320964253097,-0.0218457479558491,10.3390/molecules24244542|OPRD_MOUSE|Accumulation|Downstream|HEK-293|nan,2.0013209642530967,-0.07624336679687227,-0.038121683398436135,0.043626120158197106
10.3390/molecules24244542,OPRD_MOUSE,Leu-enkephalin,Accumulation,Downstream,HEK-293,,100.0,8.991399828238082,9.2,10.991399828238082,-0.2317668839708631,10.3390/molecules24244542|OPRD_MOUSE|Accumulation|Downstream|HEK-293|nan,1.7913998282380827,-0.2861645028118862,-0.1430822514059431,0.5638464262365276
10.3390/molecules24244542,OPRM_HUMAN,1a,Recruitment ,Transducer,CHO,Arrestin-3 (β-arrestin-2),75.0,6.2403321553103694,5.8,8.11539341870207,-0.1201293804259693,10.3390/molecules24244542|OPRM_HUMAN|Recruitment |Transducer|CHO|Arrestin-3 (β-arrestin-2),2.3153934187020697,-0.08429064105077755,-0.042145320525388774,0.09877074668400544
10.3390/molecules24244542,OPRM_HUMAN,1b,Recruitment ,Transducer,CHO,Arrestin-3 (β-arrestin-2),96.0,7.1700533040583645,7.2,9.152324537097932,-0.4831982620301067,10.3390/molecules24244542|OPRM_HUMAN|Recruitment |Transducer|CHO|Arrestin-3 (β-arrestin-2),1.9523245370979323,-0.44735952265491497,-0.22367976132745748,0.9999903546436907
10.3390/molecules24244542,OPRM_HUMAN,1c,Recruitment ,Transducer,CHO,Arrestin-3 (β-arrestin-2),79.0,7.449771646944906,7.2,9.347398738235349,-0.2881240608926925,10.3390/molecules24244542|OPRM_HUMAN|Recruitment |Transducer|CHO|Arrestin-3 (β-arrestin-2),2.1473987382353483,-0.25228532151749894,-0.12614266075874947,0.8906397925701867
10.3390/molecules24244542,OPRM_HUMAN,1d,Recruitment ,Transducer,CHO,Arrestin-3 (β-arrestin-2),70.0,7.329754146925876,6.6,9.174852186940132,0.1393293878120935,10.3390/molecules24244542|OPRM_HUMAN|Recruitment |Transducer|CHO|Arrestin-3 (β-arrestin-2),2.5748521869401326,0.17516812718728536,0.08758406359364268,0.13033165797513008
10.3390/molecules24244542,OPRM_HUMAN,1e,Recruitment ,Transducer,CHO,Arrestin-3 (β-arrestin-2),71.0,6.730487055782084,6.1,8.58174540450116,0.0462226053731207,10.3390/molecules24244542|OPRM_HUMAN|Recruitment |Transducer|CHO|Arrestin-3 (β-arrestin-2),2.4817454045011598,0.0820613447483125,0.04103067237415625,0.04818781868972587
10.3390/molecules24244542,OPRM_HUMAN,1f,Recruitment ,Transducer,CHO,Arrestin-3 (β-arrestin-2),67.0,6.229884705212898,5.6,8.055959507913725,0.0204367087856862,10.3390/molecules24244542|OPRM_HUMAN|Recruitment |Transducer|CHO|Arrestin-3 (β-arrestin-2),2.4559595079137253,0.05627544816087804,0.02813772408043902,0.043470239735871594
10.3390/molecules24244542,OPRM_HUMAN,1g,Recruitment ,Transducer,CHO,Arrestin-3 (β-arrestin-2),71.0,7.250263684430939,6.6,9.101522033150014,0.0659992340219748,10.3390/molecules24244542|OPRM_HUMAN|Recruitment |Transducer|CHO|Arrestin-3 (β-arrestin-2),2.501522033150014,0.1018379733971666,0.0509189866985833,0.05500020386030612
10.3390/molecules24244542,OPRM_HUMAN,1h,Recruitment ,Transducer,CHO,Arrestin-3 (β-arrestin-2),68.0,6.801342913045577,5.9,8.633851825751814,0.2983290266237741,10.3390/molecules24244542|OPRM_HUMAN|Recruitment |Transducer|CHO|Arrestin-3 (β-arrestin-2),2.733851825751813,0.3341677659989659,0.16708388299948296,0.9222440383428058
10.3390/molecules24244542,OPRM_HUMAN,1i,Recruitment ,Transducer,CHO,Arrestin-3 (β-arrestin-2),60.0,6.270025714300444,5.3,8.048176964684087,0.3126541655560482,10.3390/molecules24244542|OPRM_HUMAN|Recruitment |Transducer|CHO|Arrestin-3 (β-arrestin-2),2.7481769646840872,0.34849290493123997,0.17424645246561998,0.9536039177204185
10.3390/molecules24244542,OPRM_HUMAN,1j,Recruitment ,Transducer,CHO,Arrestin-3 (β-arrestin-2),70.0,5.869988050328096,5.3,7.715086090342353,-0.0204367087856862,10.3390/molecules24244542|OPRM_HUMAN|Recruitment |Transducer|CHO|Arrestin-3 (β-arrestin-2),2.4150860903423528,0.015402030589505511,0.0077010152947527555,0.043470239735871594
10.3390/molecules24244542,OPRM_HUMAN,1k,Recruitment ,Transducer,CHO,Arrestin-3 (β-arrestin-2),36.0,4.3799993576999325,3.2,5.936301858467219,0.3007790593391801,10.3390/molecules24244542|OPRM_HUMAN|Recruitment |Transducer|CHO|Arrestin-3 (β-arrestin-2),2.736301858467219,0.3366177987143719,0.16830889935718596,0.9286039159265974
10.3390/molecules24244542,OPRM_HUMAN,1l,Recruitment ,Transducer,CHO,Arrestin-3 (β-arrestin-2),64.0,4.430006112432553,3.9,6.23618608641644,-0.0993367127115987,10.3390/molecules24244542|OPRM_HUMAN|Recruitment |Transducer|CHO|Arrestin-3 (β-arrestin-2),2.3361860864164403,-0.06349797333640694,-0.03174898666820347,0.07602596302689199
10.3390/molecules24244542,OPRM_HUMAN,DAMGO,Recruitment ,Transducer,CHO,Arrestin-3 (β-arrestin-2),100.0,6.801342913045577,6.9,8.801342913045577,-0.5341798860824625,10.3390/molecules24244542|OPRM_HUMAN|Recruitment |Transducer|CHO|Arrestin-3 (β-arrestin-2),1.9013429130455766,-0.4983411467072707,-0.24917057335363535,0.9999996290428967
10.3390/molecules24244542,OPRM_HUMAN,Leu-enkephalin,Recruitment ,Transducer,CHO,Arrestin-3 (β-arrestin-2),61.0,6.0101054362812265,5.5,7.795435271291994,-0.1400875278360454,10.3390/molecules24244542|OPRM_HUMAN|Recruitment |Transducer|CHO|Arrestin-3 (β-arrestin-2),2.2954352712919937,-0.10424878846085361,-0.05212439423042681,0.1318473693931808
10.3390/molecules24244542,OPRM_MOUSE,1a,Accumulation,Downstream,HEK-293,,98.0,8.100179497572904,8.0,10.0914055732654,-0.0197938228880123,10.3390/molecules24244542|OPRM_MOUSE|Accumulation|Downstream|HEK-293|nan,2.0914055732653996,-0.0892974702805156,-0.0446487351402578,0.043402735080023014
10.3390/molecules24244542,OPRM_MOUSE,1b,Accumulation,Downstream,HEK-293,,99.0,7.519993057042849,7.5,9.5156282516404,-0.0955711445130131,10.3390/molecules24244542|OPRM_MOUSE|Accumulation|Downstream|HEK-293|nan,2.0156282516404005,-0.16507479190551466,-0.08253739595275733,0.07285000610458561
10.3390/molecules24244542,OPRM_MOUSE,1c,Accumulation,Downstream,HEK-293,,104.0,8.0,8.1,10.01703333929878,-0.1941660568546308,10.3390/molecules24244542|OPRM_MOUSE|Accumulation|Downstream|HEK-293|nan,1.917033339298781,-0.2636697042471341,-0.13183485212356705,0.32098470040188
10.3390/molecules24244542,OPRM_MOUSE,1d,Accumulation,Downstream,HEK-293,,94.0,8.369572124974976,8.0,10.342699978574675,0.2315005824212632,10.3390/molecules24244542|OPRM_MOUSE|Accumulation|Downstream|HEK-293|nan,2.342699978574675,0.16199693502876,0.08099846751438,0.5619396744761308
10.3390/molecules24244542,OPRM_MOUSE,1e,Accumulation,Downstream,HEK-293,,85.0,8.429457060118102,8.1,10.358875985832396,0.1476765896789831,10.3390/molecules24244542|OPRM_MOUSE|Accumulation|Downstream|HEK-293|nan,2.258875985832397,0.07817294228648164,0.03908647114324082,0.14835780035963694
10.3390/molecules24244542,OPRM_MOUSE,1f,Accumulation,Downstream,HEK-293,,87.0,8.090443970758825,7.4,10.029963223377443,0.5187638272240309,10.3390/molecules24244542|OPRM_MOUSE|Accumulation|Downstream|HEK-293|nan,2.629963223377443,0.44926017983152766,0.22463008991576383,0.9999989716170747
10.3390/molecules24244542,OPRM_MOUSE,1g,Accumulation,Downstream,HEK-293,,90.0,8.610833915635467,8.1,10.565076425074793,0.353877028921381,10.3390/molecules24244542|OPRM_MOUSE|Accumulation|Downstream|HEK-293|nan,2.465076425074793,0.2843733815288778,0.1421866907644389,0.9914140698907511
10.3390/molecules24244542,OPRM_MOUSE,1h,Accumulation,Downstream,HEK-293,,92.0,7.920818753952375,7.5,9.88460658129793,0.2734071851445185,10.3390/molecules24244542|OPRM_MOUSE|Accumulation|Downstream|HEK-293|nan,2.3846065812979305,0.2039035377520153,0.10195176887600765,0.82894604943009
10.3390/molecules24244542,OPRM_MOUSE,1i,Accumulation,Downstream,HEK-293,,105.0,7.309803919971486,7.2,9.330993219041424,0.0197938228880123,10.3390/molecules24244542|OPRM_MOUSE|Accumulation|Downstream|HEK-293|nan,2.1309932190414242,-0.04970982450449091,-0.024854912252245454,0.043402735080023014
10.3390/molecules24244542,OPRM_MOUSE,1j,Accumulation,Downstream,HEK-293,,99.0,7.39040559077478,7.4,9.38604078537233,-0.125158610781082,10.3390/molecules24244542|OPRM_MOUSE|Accumulation|Downstream|HEK-293|nan,1.9860407853723299,-0.1946622581735853,-0.09733112908679264,0.10588632525097719
10.3390/molecules24244542,OPRM_MOUSE,1k,Accumulation,Downstream,HEK-293,,100.0,6.6307841425898575,6.6,8.630784142589857,-0.0804152535635549,10.3390/molecules24244542|OPRM_MOUSE|Accumulation|Downstream|HEK-293|nan,2.030784142589857,-0.1499189009560582,-0.0749594504780291,0.062312214992620095
10.3390/molecules24244542,OPRM_MOUSE,1l,Accumulation,Downstream,HEK-293,,99.0,6.519993057042849,6.6,8.515628251640399,-0.1955711445130128,10.3390/molecules24244542|OPRM_MOUSE|Accumulation|Downstream|HEK-293|nan,1.915628251640399,-0.2650747919055161,-0.13253739595275804,0.32852787880046813
10.3390/molecules24244542,OPRM_MOUSE,DAMGO,Accumulation,Downstream,HEK-293,,100.0,7.82102305270683,7.8,9.821023052706831,-0.0901763434465805,10.3390/molecules24244542|OPRM_MOUSE|Accumulation|Downstream|HEK-293|nan,2.0210230527068314,-0.1596799908390838,-0.0798399954195419,0.06871104809053434
10.3390/molecules24244542,OPRM_MOUSE,Leu-enkephalin,Accumulation,Downstream,HEK-293,,100.0,7.34008379993015,7.0,9.340083799930149,0.2288844037767368,10.3390/molecules24244542|OPRM_MOUSE|Accumulation|Downstream|HEK-293|nan,2.3400837999301487,0.15938075638423355,0.07969037819211677,0.5432363094052627
