doi,receptor,ligand,Measured process,Pathway level,Cell line,Primary effector subtype,em,pEC50u,tc,logRA,dev_entry
10.1002/pep2.24070,OPRD_MOUSE,"4,5-déhydroleucine (4)",Recruitment ,Transducer,HEK-293,Arrestin-3 (β-arrestin-2),90.0,7.214670164989233,7.09,9.168912674428558,0.09791417049049222
10.1002/pep2.24070,OPRD_MOUSE,"4,5-déhydroleucine (4)",Accumulation,Downstream,HEK-293,,89.0,8.767003889607846,8.91,10.71639389625276,-0.023485647288556066
10.1002/pep2.24070,OPRD_MOUSE,Aza-β-homoleucine (6),Recruitment ,Transducer,HEK-293,Arrestin-3 (β-arrestin-2),64.0,6.089375595110798,5.69,7.895555569094686,0.22455706515661955
10.1002/pep2.24070,OPRD_MOUSE,Aza-β-homoleucine (6),Accumulation,Downstream,HEK-293,,90.0,8.397940008672037,8.27,10.352182518111363,0.252302974570048
10.1002/pep2.24070,OPRD_MOUSE,Cyclohexylalanine (3),Recruitment ,Transducer,HEK-293,Arrestin-3 (β-arrestin-2),73.0,8.318758762624412,8.4,10.182081622744867,-0.19891688119319895
10.1002/pep2.24070,OPRD_MOUSE,Cyclohexylalanine (3),Accumulation,Downstream,HEK-293,,95.0,9.853871964321762,9.83,11.83159556961061,0.17171602606929426
10.1002/pep2.24070,OPRD_MOUSE,Cycloleucine (10),Recruitment ,Transducer,HEK-293,Arrestin-3 (β-arrestin-2),85.0,7.021363051615525,7.02,8.950781977329818,-0.05021652660824749
10.1002/pep2.24070,OPRD_MOUSE,Cycloleucine (10),Accumulation,Downstream,HEK-293,,103.0,9.244125144327509,9.19,11.256962369032681,0.23708282549136683
10.1002/pep2.24070,OPRD_MOUSE,Cyclopropylalanine (2),Recruitment ,Transducer,HEK-293,Arrestin-3 (β-arrestin-2),77.0,7.555955204081924,7.46,9.442445929254406,0.001447425316340123
10.1002/pep2.24070,OPRD_MOUSE,Cyclopropylalanine (2),Accumulation,Downstream,HEK-293,,96.0,9.207608310501746,9.36,11.189879543541315,0.0
10.1002/pep2.24070,OPRD_MOUSE,D-allo-isoleucine (9),Recruitment ,Transducer,HEK-293,Arrestin-3 (β-arrestin-2),79.0,7.380906669373258,7.11,9.278533760663699,0.18753525672563232
10.1002/pep2.24070,OPRD_MOUSE,D-allo-isoleucine (9),Accumulation,Downstream,HEK-293,,95.0,8.958607314841775,9.13,10.936330920130622,-0.023548623410693637
10.1002/pep2.24070,OPRD_MOUSE,D-isoleucine (8),Recruitment ,Transducer,HEK-293,Arrestin-3 (β-arrestin-2),82.0,7.653647025549361,7.33,9.567460877933078,0.2564623739950118
10.1002/pep2.24070,OPRD_MOUSE,D-isoleucine (8),Accumulation,Downstream,HEK-293,,98.0,9.3767507096021,9.34,11.367976785294594,0.19809724175327936
10.1002/pep2.24070,OPRD_MOUSE,Homocycloleucine (11),Recruitment ,Transducer,HEK-293,Arrestin-3 (β-arrestin-2),78.0,7.3124710387853655,7.23,9.204565641475845,-0.006432862462220967
10.1002/pep2.24070,OPRD_MOUSE,Homocycloleucine (11),Accumulation,Downstream,HEK-293,,89.0,8.872895201635192,9.19,10.822285208280105,-0.1975943352612095
10.1002/pep2.24070,OPRD_MOUSE,Homoleucine (1),Recruitment ,Transducer,HEK-293,Arrestin-3 (β-arrestin-2),92.0,8.086186147616283,8.13,10.049973974961839,-0.0610245289762279
10.1002/pep2.24070,OPRD_MOUSE,Homoleucine (1),Accumulation,Downstream,HEK-293,,98.0,8.812479279163536,9.92,10.803705354856032,-0.9461741886852835
10.1002/pep2.24070,OPRD_MOUSE,Homoproline (12),Accumulation,Downstream,HEK-293,,69.0,6.559090917934782,5.8,8.397940008672037,0.7680604651307226
10.1002/pep2.24070,OPRD_MOUSE,Isoleucine (7),Recruitment ,Transducer,HEK-293,Arrestin-3 (β-arrestin-2),90.0,7.815308569182402,7.79,9.769551078621726,-0.001447425316340123
10.1002/pep2.24070,OPRD_MOUSE,Isoleucine (7),Accumulation,Downstream,HEK-293,,86.0,9.292429823902063,9.58,11.226928275145632,-0.18295126839568354
10.1002/pep2.24070,OPRD_MOUSE,Leu-enkephalin,Recruitment ,Transducer,HEK-293,Arrestin-3 (β-arrestin-2),100.0,7.87942606879415,8.15,9.87942606879415,-0.2515724351439168
10.1002/pep2.24070,OPRD_MOUSE,Leu-enkephalin,Accumulation,Downstream,HEK-293,,100.0,9.619788758288394,10.02,11.619788758288394,-0.23009078525292104
10.1002/pep2.24070,OPRD_MOUSE,Neopentylglycine (5),Recruitment ,Transducer,HEK-293,Arrestin-3 (β-arrestin-2),95.0,7.296708621881338,7.29,9.274432227170186,0.0034337232321197675
10.1002/pep2.24070,OPRD_MOUSE,Neopentylglycine (5),Accumulation,Downstream,HEK-293,,93.0,9.4089353929735,9.13,11.377418341527436,0.41753879798612026
10.1002/pep2.24070,OPRM_HUMAN,"4,5-déhydroleucine (4)",Recruitment ,Transducer,HEK-293,Arrestin-3 (β-arrestin-2),84.0,6.0,5.76,7.924279286061882,0.12190688457620169
10.1002/pep2.24070,OPRM_HUMAN,"4,5-déhydroleucine (4)",Accumulation,Downstream,HEK-293,,95.0,8.431798275933005,7.99,10.409521881221853,0.43001255704250063
10.1002/pep2.24070,OPRM_HUMAN,Aza-β-homoleucine (6),Recruitment ,Transducer,HEK-293,Arrestin-3 (β-arrestin-2),81.0,4.82102305270683,4.59,6.72950807158548,0.0971356700997994
10.1002/pep2.24070,OPRM_HUMAN,Aza-β-homoleucine (6),Accumulation,Downstream,HEK-293,,95.0,7.404503778174426,7.44,9.382227383463274,-0.047281940716078275
10.1002/pep2.24070,OPRM_HUMAN,Cyclohexylalanine (3),Recruitment ,Transducer,HEK-293,Arrestin-3 (β-arrestin-2),95.0,6.096910013008056,6.0,8.074633618296904,0.03226121681122329
10.1002/pep2.24070,OPRM_HUMAN,Cyclohexylalanine (3),Accumulation,Downstream,HEK-293,,96.0,8.721246399047171,8.77,10.70351763208674,-0.055991692092611345
10.1002/pep2.24070,OPRM_HUMAN,Cycloleucine (10),Recruitment ,Transducer,HEK-293,Arrestin-3 (β-arrestin-2),84.0,5.431798275933005,5.33,7.356077561994887,-0.016294839490793578
10.1002/pep2.24070,OPRM_HUMAN,Cycloleucine (10),Accumulation,Downstream,HEK-293,,93.0,8.00436480540245,7.92,9.972847753956385,0.06333842977703341
10.1002/pep2.24070,OPRM_HUMAN,Cyclopropylalanine (2),Recruitment ,Transducer,HEK-293,Arrestin-3 (β-arrestin-2),102.0,6.096910013008056,6.12,8.105510184769974,-0.05686221671570646
10.1002/pep2.24070,OPRM_HUMAN,Cyclopropylalanine (2),Accumulation,Downstream,HEK-293,,98.0,8.795880017344075,8.64,10.78710609303657,0.15759676885721774
10.1002/pep2.24070,OPRM_HUMAN,D-allo-isoleucine (9),Recruitment ,Transducer,HEK-293,Arrestin-3 (β-arrestin-2),84.0,5.481486060122113,5.42,7.405765346183994,-0.056607055301686415
10.1002/pep2.24070,OPRM_HUMAN,D-allo-isoleucine (9),Accumulation,Downstream,HEK-293,,92.0,7.87942606879415,7.78,9.843213896139705,0.07370457196035307
10.1002/pep2.24070,OPRM_HUMAN,D-isoleucine (8),Recruitment ,Transducer,HEK-293,Arrestin-3 (β-arrestin-2),101.0,5.187086643357144,5.29,7.191408017139787,-0.1409643843458932
10.1002/pep2.24070,OPRM_HUMAN,D-isoleucine (8),Accumulation,Downstream,HEK-293,,95.0,7.712198270069774,7.99,9.689921875358623,-0.28958744882072907
10.1002/pep2.24070,OPRM_HUMAN,Homocycloleucine (11),Recruitment ,Transducer,HEK-293,Arrestin-3 (β-arrestin-2),97.0,5.468521082957745,5.34,7.45529281722399,0.07292041573830943
10.1002/pep2.24070,OPRM_HUMAN,Homocycloleucine (11),Accumulation,Downstream,HEK-293,,96.0,8.00436480540245,8.17,9.986636038442018,-0.1728732857373334
10.1002/pep2.24070,OPRM_HUMAN,Homoleucine (1),Recruitment ,Transducer,HEK-293,Arrestin-3 (β-arrestin-2),93.0,6.096910013008056,6.2,8.065392961561992,-0.1769794399236888
10.1002/pep2.24070,OPRM_HUMAN,Homoleucine (1),Accumulation,Downstream,HEK-293,,95.0,8.853871964321762,8.8,10.83159556961061,0.04208624543125694
10.1002/pep2.24070,OPRM_HUMAN,Homoproline (12),Accumulation,Downstream,HEK-293,,86.0,6.489454989793388,6.29,8.423953441036955,0.1444441168576036
10.1002/pep2.24070,OPRM_HUMAN,Isoleucine (7),Recruitment ,Transducer,HEK-293,Arrestin-3 (β-arrestin-2),88.0,6.221848749616356,5.72,8.166331421766525,0.40395902028084496
10.1002/pep2.24070,OPRM_HUMAN,Isoleucine (7),Accumulation,Downstream,HEK-293,,88.0,8.585026652029182,8.54,10.529509324179351,0.0
10.1002/pep2.24070,OPRM_HUMAN,Leu-enkephalin,Recruitment ,Transducer,HEK-293,Arrestin-3 (β-arrestin-2),100.0,6.154901959985743,6.21,8.154901959985743,-0.09747044149993744
10.1002/pep2.24070,OPRM_HUMAN,Leu-enkephalin,Accumulation,Downstream,HEK-293,,100.0,8.920818753952375,9.0,10.920818753952375,-0.06869057022697689
10.1002/pep2.24070,OPRM_HUMAN,Neopentylglycine (5),Recruitment ,Transducer,HEK-293,Arrestin-3 (β-arrestin-2),87.0,5.229147988357856,5.11,7.1686672409764745,0.016294839490793578
10.1002/pep2.24070,OPRM_HUMAN,Neopentylglycine (5),Accumulation,Downstream,HEK-293,,98.0,7.701146923590294,8.05,9.692372999282789,-0.34713632489656376
10.1007/s00018-013-1461-7,OPRD_HUMAN,DPDPE,Internalization ,Transducer,HEK-293,,54.9,6.9,6.85,8.639572344450093,0.2846048274779247
10.1007/s00018-013-1461-7,OPRD_HUMAN,DPDPE,Accumulation,Downstream,HEK-293,,68.82,8.22,8.0,10.057714668284913,0.0
10.1007/s00018-013-1461-7,OPRD_HUMAN,Morphine,Accumulation,Downstream,HEK-293,,45.86,6.04,5.46,7.70143405039392,0.1837193821090075
10.1007/s00018-013-1461-7,OPRD_HUMAN,SNC-80,Internalization ,Transducer,HEK-293,,62.0,5.51,5.51,7.302391689498254,0.287424172526086
10.1007/s00018-013-1461-7,OPRD_HUMAN,SNC-80,Accumulation,Downstream,HEK-293,,69.42,8.43,8.35,10.271484609335392,-0.13623005894952023
10.1007/s00018-013-1461-7,OPRD_HUMAN,TIPP,Internalization ,Transducer,HEK-293,,4.9,7.21,6.83,7.900196080028514,-0.4347714369436546
10.1007/s00018-013-1461-7,OPRD_HUMAN,TIPP,Accumulation,Downstream,HEK-293,,17.23,10.1,8.8,11.336285277448027,0.4785706091631141
10.1007/s00018-013-1461-7,OPRD_HUMAN,UFP-512,Internalization ,Transducer,HEK-293,,5.5,6.38,5.9,7.120362689494244,-0.2846048274779247
10.1007/s00018-013-1461-7,OPRD_HUMAN,UFP-512,Accumulation,Downstream,HEK-293,,47.97,9.44,9.16,11.120969718465897,-0.0967449498190156
10.1007/s00210-014-1054-5,ADRB2_HUMAN,"(R,R’)-4′-Methoxy-1-naphthyl-fenoterol",Recruitment ,Transducer,HEK-293,Arrestin-3 (β-arrestin-2),37.0,6.769551078621726,6.1,8.33775280268872,-3.5493800309538415e-05
10.1007/s00210-014-1054-5,ADRB2_HUMAN,"(R,R’)-4′-Methoxy-1-naphthyl-fenoterol",Activation,Downstream,Sf9,Gi2,79.0,6.328641996556509,5.97,8.22626908784695,-0.0932310365969915
10.1007/s00210-014-1054-5,ADRB2_HUMAN,"(R,R’)-4′-Methoxy-1-naphthyl-fenoterol",Activation,Downstream,Sf9,Gs,96.0,7.705754283861881,7.54,9.68802551690145,0.013003368423424977
10.1007/s00210-014-1054-5,ADRB2_HUMAN,"(R,R’)-4′-Methoxy-1-naphthyl-fenoterol",Accumulation,Downstream,Human neutrophils,,79.0,7.9044819576768495,7.66,9.80210904896729,0.03562739168572593
10.1007/s00210-014-1054-5,ADRB2_HUMAN,"(R,R’)-4′-Methoxy-1-naphthyl-fenoterol",Accumulation,Downstream,Sf9,,82.0,8.75448733218585,8.47,10.668301184569566,0.017089897533551834
10.1007/s00210-014-1054-5,ADRB2_HUMAN,"(R,R’)-4′-Methoxy-fenoterol",Recruitment ,Transducer,HEK-293,Arrestin-3 (β-arrestin-2),61.0,7.105351696206482,6.74,8.89068153121725,-0.08710676527178052
10.1007/s00210-014-1054-5,ADRB2_HUMAN,"(R,R’)-4′-Methoxy-fenoterol",Activation,Downstream,Sf9,Gi2,74.0,7.270268404712964,6.79,9.139500124443941,0.0
10.1007/s00210-014-1054-5,ADRB2_HUMAN,"(R,R’)-4′-Methoxy-fenoterol",Activation,Downstream,Sf9,Gs,96.0,8.071604147743287,7.92,10.053875380782856,-0.0011467676951686379
10.1007/s00210-014-1054-5,ADRB2_HUMAN,"(R,R’)-4′-Methoxy-fenoterol",Accumulation,Downstream,Human neutrophils,,85.0,8.058488567365597,7.88,9.98790749307989,0.0014258357983254477
10.1007/s00210-014-1054-5,ADRB2_HUMAN,"(R,R’)-4′-Methoxy-fenoterol",Accumulation,Downstream,Sf9,,88.0,8.939302159646388,8.82,10.883784831796557,-0.11742645523945683
10.1007/s00210-014-1054-5,ADRB2_HUMAN,"(R,R’)-Fenoterol ",Recruitment ,Transducer,HEK-293,Arrestin-3 (β-arrestin-2),65.0,7.209714835966758,6.88,9.022628192609613,-0.09516010387941787
10.1007/s00210-014-1054-5,ADRB2_HUMAN,"(R,R’)-Fenoterol ",Activation,Downstream,Sf9,Gi2,76.0,7.780939667551139,7.51,9.66175325983193,-0.19774686461201174
10.1007/s00210-014-1054-5,ADRB2_HUMAN,"(R,R’)-Fenoterol ",Activation,Downstream,Sf9,Gs,95.0,8.033389013318066,7.93,10.011112618606914,-0.053909529871110085
10.1007/s00210-014-1054-5,ADRB2_HUMAN,"(R,R’)-Fenoterol ",Accumulation,Downstream,Human neutrophils,,79.0,7.962573502059376,7.81,9.860200593349818,-0.05628106393174592
10.1007/s00210-014-1054-5,ADRB2_HUMAN,"(R,R’)-Fenoterol ",Accumulation,Downstream,Sf9,,100.0,8.010995384301463,7.93,10.010995384301463,-0.10021590273455061
10.1007/s00210-014-1054-5,ADRB2_HUMAN,"(R,S’)-4′-Methoxy-1-naphthyl-fenoterol",Activation,Downstream,Sf9,Gi2,32.0,5.093718844227847,3.93,6.598868822547753,0.3193686981038115
10.1007/s00210-014-1054-5,ADRB2_HUMAN,"(R,S’)-4′-Methoxy-1-naphthyl-fenoterol",Activation,Downstream,Sf9,Gs,85.0,6.7667499904589,6.56,8.696168916173193,0.0011467676951686379
10.1007/s00210-014-1054-5,ADRB2_HUMAN,"(R,S’)-4′-Methoxy-1-naphthyl-fenoterol",Accumulation,Downstream,Human neutrophils,,30.0,7.452840878672583,6.68,8.929962133392245,0.1434804761106805
10.1007/s00210-014-1054-5,ADRB2_HUMAN,"(R,S’)-4′-Methoxy-1-naphthyl-fenoterol",Accumulation,Downstream,Sf9,,82.0,7.519705539996993,7.23,9.43351939238071,0.022308105344695406
10.1007/s00210-014-1054-5,ADRB2_HUMAN,"(R,S’)-4′-Methoxy-fenoterol",Recruitment ,Transducer,HEK-293,Arrestin-3 (β-arrestin-2),42.0,5.915423722065669,5.33,7.53867301246357,-0.02911528402546093
10.1007/s00210-014-1054-5,ADRB2_HUMAN,"(R,S’)-4′-Methoxy-fenoterol",Activation,Downstream,Sf9,Gi2,48.0,6.312292720375181,5.59,7.993533957750769,0.05403383330682754
10.1007/s00210-014-1054-5,ADRB2_HUMAN,"(R,S’)-4′-Methoxy-fenoterol",Activation,Downstream,Sf9,Gs,91.0,7.402853512166304,7.19,9.361894904487398,0.036872756009373564
10.1007/s00210-014-1054-5,ADRB2_HUMAN,"(R,S’)-4′-Methoxy-fenoterol",Accumulation,Downstream,Human neutrophils,,70.0,6.896538377905295,6.62,8.741636417919551,0.015154760637986708
10.1007/s00210-014-1054-5,ADRB2_HUMAN,"(R,S’)-4′-Methoxy-fenoterol",Accumulation,Downstream,Sf9,,91.0,7.451610581867082,7.29,9.410651974188175,-0.060559312847838775
10.1007/s00210-014-1054-5,ADRB2_HUMAN,"(R,S’)-Fenoterol",Recruitment ,Transducer,HEK-293,Arrestin-3 (β-arrestin-2),29.0,5.855425792390384,5.08,7.31782379028934,3.5493800309538415e-05
10.1007/s00210-014-1054-5,ADRB2_HUMAN,"(R,S’)-Fenoterol",Activation,Downstream,Sf9,Gi2,70.0,6.619788758288394,5.9,8.46488679830265,0.2153866738587089
10.1007/s00210-014-1054-5,ADRB2_HUMAN,"(R,S’)-Fenoterol",Activation,Downstream,Sf9,Gs,92.0,7.077378328476801,6.9,9.041166155822356,0.006144007344331737
10.1007/s00210-014-1054-5,ADRB2_HUMAN,"(R,S’)-Fenoterol",Accumulation,Downstream,Human neutrophils,,62.0,6.684449465578095,6.36,8.476841155076348,0.010359497794783845
10.1007/s00210-014-1054-5,ADRB2_HUMAN,"(R,S’)-Fenoterol",Accumulation,Downstream,Sf9,,91.0,7.32358076828164,7.12,9.282622160602733,-0.018589126433281145
10.1007/s00210-014-1054-5,ADRB2_HUMAN,(R)-Epinephrine,Recruitment ,Transducer,HEK-293,Arrestin-3 (β-arrestin-2),94.0,6.809668301829708,6.71,8.782796155429407,-0.16499214105962334
10.1007/s00210-014-1054-5,ADRB2_HUMAN,(R)-Epinephrine,Activation,Downstream,Sf9,Gi2,83.0,7.1794701514764805,6.92,9.098548243852555,-0.1709518805913861
10.1007/s00210-014-1054-5,ADRB2_HUMAN,(R)-Epinephrine,Activation,Downstream,Sf9,Gs,91.0,7.770062314092066,7.62,9.72910370641316,-0.025918442064865044
10.1007/s00210-014-1054-5,ADRB2_HUMAN,(R)-Epinephrine,Accumulation,Downstream,Human neutrophils,,98.0,6.782516055786093,6.79,8.773742131478588,-0.12273952580297598
10.1007/s00210-014-1054-5,ADRB2_HUMAN,(R)-Epinephrine,Accumulation,Downstream,Sf9,,97.0,7.25924267669223,7.16,9.246014410958475,-0.09519687607753902
10.1007/s00210-014-1054-5,ADRB2_HUMAN,(R)-Isoproterenol,Recruitment ,Transducer,HEK-293,Arrestin-3 (β-arrestin-2),97.0,7.270592203036932,7.21,9.257363937303177,-0.19042435918585365
10.1007/s00210-014-1054-5,ADRB2_HUMAN,(R)-Isoproterenol,Activation,Downstream,Sf9,Gi2,100.0,7.590574131328556,7.49,9.590574131328555,-0.2489259931153862
10.1007/s00210-014-1054-5,ADRB2_HUMAN,(R)-Isoproterenol,Activation,Downstream,Sf9,Gs,93.0,7.900664722314042,7.82,9.869147670867978,-0.08587447761004663
10.1007/s00210-014-1054-5,ADRB2_HUMAN,(R)-Isoproterenol,Accumulation,Downstream,Human neutrophils,,98.0,7.303993284781455,7.37,9.295219360473949,-0.18126229680761563
10.1007/s00210-014-1054-5,ADRB2_HUMAN,(R)-Isoproterenol,Accumulation,Downstream,Sf9,,99.0,7.928486194904911,7.76,9.924121389502462,-0.017089897533551834
10.1007/s00210-014-1054-5,ADRB2_HUMAN,"(S,R’)-4′-Methoxy-1-naphthyl-fenoterol",Recruitment ,Transducer,HEK-293,Arrestin-3 (β-arrestin-2),17.0,5.643209539648284,4.55,6.873658461026558,0.0858701645375275
10.1007/s00210-014-1054-5,ADRB2_HUMAN,"(S,R’)-4′-Methoxy-1-naphthyl-fenoterol",Activation,Downstream,Sf9,Gi2,84.0,5.329754146925876,5.02,7.254033432987757,-0.11546669145618349
10.1007/s00210-014-1054-5,ADRB2_HUMAN,"(S,R’)-4′-Methoxy-1-naphthyl-fenoterol",Activation,Downstream,Sf9,Gs,90.0,6.890084136976206,6.77,8.844326646415531,-0.06069550206249241
10.1007/s00210-014-1054-5,ADRB2_HUMAN,"(S,R’)-4′-Methoxy-1-naphthyl-fenoterol",Accumulation,Downstream,Human neutrophils,,63.0,6.483068191131987,6.29,8.282408740585568,-0.11407291669599617
10.1007/s00210-014-1054-5,ADRB2_HUMAN,"(S,R’)-4′-Methoxy-1-naphthyl-fenoterol",Accumulation,Downstream,Sf9,,77.0,7.769806621130955,7.28,9.656297346303436,0.19508605926742195
10.1007/s00210-014-1054-5,ADRB2_HUMAN,"(S,R’)-4′-Methoxy-fenoterol",Recruitment ,Transducer,HEK-293,Arrestin-3 (β-arrestin-2),10.0,4.987584625237567,3.64,5.987584625237567,0.10979632874853573
10.1007/s00210-014-1054-5,ADRB2_HUMAN,"(S,R’)-4′-Methoxy-fenoterol",Activation,Downstream,Sf9,Gi2,62.0,4.375408540873152,3.91,6.167800230371405,-0.0916998940725362
10.1007/s00210-014-1054-5,ADRB2_HUMAN,"(S,R’)-4′-Methoxy-fenoterol",Activation,Downstream,Sf9,Gs,84.0,6.187220292991036,5.91,8.111499579052918,0.06647743057489341
10.1007/s00210-014-1054-5,ADRB2_HUMAN,"(S,R’)-4′-Methoxy-fenoterol",Accumulation,Downstream,Human neutrophils,,31.0,5.463694127648966,4.85,6.9550558214832385,-0.0014258357983254477
10.1007/s00210-014-1054-5,ADRB2_HUMAN,"(S,R’)-4′-Methoxy-fenoterol",Accumulation,Downstream,Sf9,,72.0,6.507518989871123,6.05,8.364851486302392,0.13364019926637827
10.1007/s00210-014-1054-5,ADRB2_HUMAN,"(S,R’)-Fenoterol",Recruitment ,Transducer,HEK-293,Arrestin-3 (β-arrestin-2),18.0,4.809668301829708,3.72,6.064940806933015,0.10715251044398366
10.1007/s00210-014-1054-5,ADRB2_HUMAN,"(S,R’)-Fenoterol",Activation,Downstream,Sf9,Gi2,54.0,6.341320971417551,5.56,8.07371473124052,0.16421460679657862
10.1007/s00210-014-1054-5,ADRB2_HUMAN,"(S,R’)-Fenoterol",Activation,Downstream,Sf9,Gs,93.0,6.2973110318408665,6.14,8.265793980394802,-0.0092281680832218
10.1007/s00210-014-1054-5,ADRB2_HUMAN,"(S,R’)-Fenoterol",Accumulation,Downstream,Human neutrophils,,49.0,5.25829701604226,4.91,6.948493096070774,-0.06798856121079089
10.1007/s00210-014-1054-5,ADRB2_HUMAN,"(S,R’)-Fenoterol",Accumulation,Downstream,Sf9,,95.0,6.083177715404088,5.97,8.060901320692937,-0.09030996634307709
10.1007/s00210-014-1054-5,ADRB2_HUMAN,"(S,S’)-4′-Methoxy-1-naphthyl-fenoterol",Activation,Downstream,Sf9,Gs,69.0,6.156144577376839,5.68,7.994993668114095,0.17997151963607072
10.1007/s00210-014-1054-5,ADRB2_HUMAN,"(S,S’)-4′-Methoxy-1-naphthyl-fenoterol",Accumulation,Downstream,Human neutrophils,,24.0,5.433916215832004,4.43,6.814127457543609,0.2776458002620452
10.1007/s00210-014-1054-5,ADRB2_HUMAN,"(S,S’)-4′-Methoxy-1-naphthyl-fenoterol",Accumulation,Downstream,Sf9,,77.0,7.078938109209721,6.72,8.965428834382204,0.0642175473461899
10.1007/s00210-014-1054-5,ADRB2_HUMAN,"(S,S’)-4′-Methoxy-fenoterol",Recruitment ,Transducer,HEK-293,Arrestin-3 (β-arrestin-2),9.0,4.780677491580663,3.37,5.734920001019988,0.12713170453095746
10.1007/s00210-014-1054-5,ADRB2_HUMAN,"(S,S’)-4′-Methoxy-fenoterol",Activation,Downstream,Sf9,Gi2,42.0,3.845880474484153,2.81,5.469129764882053,0.30962964043811203
10.1007/s00210-014-1054-5,ADRB2_HUMAN,"(S,S’)-4′-Methoxy-fenoterol",Activation,Downstream,Sf9,Gs,77.0,5.724688645458189,5.54,7.611179370630671,-0.06384277784735337
10.1007/s00210-014-1054-5,ADRB2_HUMAN,"(S,S’)-4′-Methoxy-fenoterol",Accumulation,Downstream,Human neutrophils,,51.0,5.231509894828755,4.56,6.939080070926691,0.27259841364512694
10.1007/s00210-014-1054-5,ADRB2_HUMAN,"(S,S’)-4′-Methoxy-fenoterol",Accumulation,Downstream,Sf9,,60.0,5.9044819576768495,5.07,7.682633208060493,0.4314219210244792
10.1007/s00210-014-1054-5,ADRB2_HUMAN,"(S,S’)-Fenoterol",Recruitment ,Transducer,HEK-293,Arrestin-3 (β-arrestin-2),30.0,4.610656688747922,3.83,6.087777943467585,0.0199896469785541
10.1007/s00210-014-1054-5,ADRB2_HUMAN,"(S,S’)-Fenoterol",Activation,Downstream,Sf9,Gi2,41.0,5.22293584525757,4.24,6.835719701977306,0.2462195775333642
10.1007/s00210-014-1054-5,ADRB2_HUMAN,"(S,S’)-Fenoterol",Activation,Downstream,Sf9,Gs,85.0,5.93292914395463,5.72,7.862348069668923,0.007325921190898921
10.1007/s00210-014-1054-5,ADRB2_HUMAN,"(S,S’)-Fenoterol",Accumulation,Downstream,Human neutrophils,,65.0,5.4320330931768455,5.2,7.244946449819701,-0.06153520746186336
10.1007/s00210-014-1054-5,ADRB2_HUMAN,"(S,S’)-Fenoterol",Accumulation,Downstream,Sf9,,86.0,5.927750102386486,5.63,7.862248553630053,0.05103726659403929
10.1016/j.bcp.2014.05.008,AA2BR_HUMAN,BAY60-6583,Phosphorylation,Downstream,HEK-A2B,,38.4,7.539102157243452,7.02,9.123433381610983,0.049917260405322406
10.1016/j.bcp.2014.05.008,AA2BR_HUMAN,BAY60-6583,Accumulation,Downstream,HEK-A2B,,102.0,8.211831628858832,8.15,10.22043180062075,-0.3095177256958994
10.1016/j.bcp.2014.05.008,AA2BR_HUMAN,MRS3997,Phosphorylation,Downstream,HEK-A2B,,29.7,6.692503962086787,6.08,8.165260411403999,0.03174429019833758
10.1016/j.bcp.2014.05.008,AA2BR_HUMAN,MRS3997,Accumulation,Downstream,HEK-A2B,,102.0,7.201349354554731,6.83,9.209949526316649,0.0
10.1016/j.bcp.2014.05.008,AA2BR_HUMAN,MRS5911,Phosphorylation,Downstream,HEK-A2B,,36.3,5.5718652059712115,5.11,7.131771831007324,-0.03174429019833758
10.1016/j.bcp.2014.05.008,AA2BR_HUMAN,MRS5911,Accumulation,Downstream,HEK-A2B,,93.2,7.5968794788241825,7.17,9.566295391178164,0.016345864861515125
10.1016/j.bcp.2014.05.008,AA2BR_HUMAN,NECA,Phosphorylation,Downstream,HEK-A2B,,100.0,5.627087997029894,5.63,7.627087997029894,-0.05642812417576737
10.1016/j.bcp.2014.05.008,AA2BR_HUMAN,NECA,Accumulation,Downstream,HEK-A2B,,100.0,7.6777807052660805,7.42,9.67778070526608,-0.12216882105056825
10.1016/j.bcp.2014.05.008,AA2BR_MOUSE,BAY60-6583,Recruitment ,Transducer,CHO,Arrestin-3 (β-arrestin-2),26.6,5.250263684430939,4.3,6.675145321062006,0.5455670894284959
10.1016/j.bcp.2014.05.008,AA2BR_MOUSE,MRS5911,Recruitment ,Transducer,CHO,Arrestin-3 (β-arrestin-2),40.9,4.317854923626168,4.1,5.92957823163351,0.0
10.1016/j.bcp.2014.05.008,AA2BR_MOUSE,NECA,Recruitment ,Transducer,CHO,Arrestin-3 (β-arrestin-2),100.0,5.376750709602099,5.73,7.376750709602099,-0.1828275220314115
10.1016/j.bcp.2015.11.013,AA1R_HUMAN,Capadenoson,Phosphorylation,Downstream,CHO,,94.0,8.65,8.51,10.6231278535997,0.07351884226460914
10.1016/j.bcp.2015.11.013,AA1R_HUMAN,Capadenoson,Phosphorylation,Downstream,CHO,,96.15384615384616,8.05,8.1,10.03296666070122,-0.10664235063387029
10.1016/j.bcp.2015.11.013,AA1R_HUMAN,Capadenoson,Accumulation,Downstream,CHO,,102.24719101123596,9.09,8.93,11.09965138567618,0.10438641889741884
10.1016/j.bcp.2015.11.013,AA1R_HUMAN,CPA,Phosphorylation,Downstream,CHO,,98.0,9.57,9.43,11.561226075692495,0.09161706435740502
10.1016/j.bcp.2015.11.013,AA1R_HUMAN,CPA,Phosphorylation,Downstream,CHO,,100.0,9.25,9.23,11.25,-0.019609011335091076
10.1016/j.bcp.2015.11.013,AA1R_HUMAN,CPA,Accumulation,Downstream,CHO,,100.0,9.03,9.09,11.03,-0.12526496677876242
10.1016/j.bcp.2015.11.013,AA1R_HUMAN,MeCCPA,Phosphorylation,Downstream,CHO,,108.0,8.98,9.01,11.01342375548695,-0.0361852558481397
10.1016/j.bcp.2015.11.013,AA1R_HUMAN,MeCCPA,Phosphorylation,Downstream,CHO,,123.07692307692308,8.4,8.6,10.490176630349088,-0.14943238098600187
10.1016/j.bcp.2015.11.013,AA1R_HUMAN,MeCCPA,Accumulation,Downstream,CHO,,87.64044943820225,8.11,8.07,10.052704596045567,-0.08256037073319522
10.1016/j.bcp.2015.11.013,AA1R_HUMAN,NECA,Phosphorylation,Downstream,CHO,,100.0,9.55,9.48,11.55,0.030390988664909635
10.1016/j.bcp.2015.11.013,AA1R_HUMAN,NECA,Phosphorylation,Downstream,CHO,,100.0,9.19,9.2,11.19,-0.049609011335090436
10.1016/j.bcp.2015.11.013,AA1R_HUMAN,NECA,Accumulation,Downstream,CHO,,100.0,8.78,9.91,10.78,-1.1952649667787627
10.1016/j.bcp.2015.11.013,AA1R_HUMAN,R-PIA,Phosphorylation,Downstream,CHO,,98.0,9.57,9.29,11.561226075692495,0.2316170643574056
10.1016/j.bcp.2015.11.013,AA1R_HUMAN,R-PIA,Phosphorylation,Downstream,CHO,,107.6923076923077,9.1,9.04,11.1321846833714,0.05257567203631108
10.1016/j.bcp.2015.11.013,AA1R_HUMAN,R-PIA,Accumulation,Downstream,CHO,,93.25842696629213,9.0,8.99,10.96968808573116,-0.08557688104760164
10.1016/j.bcp.2015.11.013,AA1R_HUMAN,VCP746,Phosphorylation,Downstream,CHO,,104.0,8.42,8.41,10.43703333929878,-0.01257567203631016
10.1016/j.bcp.2015.11.013,AA1R_HUMAN,VCP746,Phosphorylation,Downstream,CHO,,107.6923076923077,8.24,8.22,10.272184683371401,0.01257567203631016
10.1016/j.bcp.2015.11.013,AA1R_HUMAN,VCP746,Accumulation,Downstream,CHO,,97.75280898876404,7.3,7.35,9.290129245973706,-0.12513572080505586
10.1126/science.1232808,5HT2B_HUMAN,Ergotamine,Accumulation,Downstream,HEK-293T,,91.0,5.95,5.95,7.909041392321094,0.09474872838961224
10.1016/j.bcp.2016.05.014,OPRM_HUMAN,DAMGO,Recruitment ,Transducer,CHO,Arrestin-2 (β-arrestin-1),93.3,7.39,7.41,9.3598816437465,-0.04356723185915756
10.1016/j.bcp.2016.05.014,OPRM_HUMAN,DAMGO,Recruitment ,Transducer,CHO,Arrestin-3 (β-arrestin-2),95.4,7.59,7.599,9.569548374704095,-0.02190138941779285
10.1016/j.bcp.2016.05.014,OPRM_HUMAN,DAMGO,Accumulation,Downstream,CHO,,100.0,7.0,7.309,9.0,-0.16255637344244445
10.1016/j.bcp.2016.05.014,OPRM_HUMAN,Endomorphin-1,Recruitment ,Transducer,CHO,Arrestin-2 (β-arrestin-1),88.3,7.34,7.381,9.285960703577569,-0.08848817202808812
10.1016/j.bcp.2016.05.014,OPRM_HUMAN,Endomorphin-1,Recruitment ,Transducer,CHO,Arrestin-3 (β-arrestin-2),88.0,7.65,7.529,9.59448267215017,0.07303290802828233
10.1016/j.bcp.2016.05.014,OPRM_HUMAN,Endomorphin-1,Accumulation,Downstream,CHO,,183.33333333333331,7.88,7.783,10.14324143477458,0.5066850613321359
10.1016/j.bcp.2016.05.014,OPRM_HUMAN,Endomorphin-2,Recruitment ,Transducer,CHO,Arrestin-2 (β-arrestin-1),93.0,7.54,7.587,9.508482948553935,-0.07196592705172167
10.1016/j.bcp.2016.05.014,OPRM_HUMAN,Endomorphin-2,Recruitment ,Transducer,CHO,Arrestin-3 (β-arrestin-2),88.1,7.81,7.755,9.754975908412048,0.00752614429016063
10.1016/j.bcp.2016.05.014,OPRM_HUMAN,Endomorphin-2,Accumulation,Downstream,CHO,,178.39506172839506,7.86,7.818,10.111382828213918,0.43982645477147386
10.1016/j.bcp.2016.05.014,OPRM_HUMAN,Loperamide,Recruitment ,Transducer,CHO,Arrestin-2 (β-arrestin-1),81.3,7.73,7.458,9.640090545594068,0.18864166998841148
10.1016/j.bcp.2016.05.014,OPRM_HUMAN,Loperamide,Recruitment ,Transducer,CHO,Arrestin-3 (β-arrestin-2),103.6,7.73,7.831,9.745359755409215,-0.0780900087126728
10.1016/j.bcp.2016.05.014,OPRM_HUMAN,Loperamide,Accumulation,Downstream,CHO,,120.98765432098766,7.92,8.251,10.002741056813845,-0.1018153166285991
10.1016/j.bcp.2016.05.014,OPRM_HUMAN,Met-enkephalin,Recruitment ,Transducer,CHO,Arrestin-2 (β-arrestin-1),78.5,7.77,7.564,9.664869656745251,0.10742078113959463
10.1016/j.bcp.2016.05.014,OPRM_HUMAN,Met-enkephalin,Recruitment ,Transducer,CHO,Arrestin-3 (β-arrestin-2),87.9,7.78,7.564,9.723988875073772,0.16753911095188467
10.1016/j.bcp.2016.05.014,OPRM_HUMAN,Met-enkephalin,Accumulation,Downstream,CHO,,103.70370370370372,7.19,7.664,9.205794267183233,-0.3117621062592111
10.1016/j.bcp.2016.05.014,OPRM_HUMAN,Met-enkephalin-RF,Recruitment ,Transducer,CHO,Arrestin-2 (β-arrestin-1),93.5,7.3,7.37,9.270811610872517,-0.09263726473313971
10.1016/j.bcp.2016.05.014,OPRM_HUMAN,Met-enkephalin-RF,Recruitment ,Transducer,CHO,Arrestin-3 (β-arrestin-2),88.9,7.9,7.875,9.848901760970215,-0.01854800315167271
10.1016/j.bcp.2016.05.014,OPRM_HUMAN,Met-enkephalin-RF,Accumulation,Downstream,CHO,,166.66666666666669,7.8,7.674,10.021848749616357,0.4942923761739122
10.1016/j.bcp.2016.05.014,OPRM_HUMAN,Morphine,Recruitment ,Transducer,CHO,Arrestin-2 (β-arrestin-1),58.4,6.73,6.437,8.4964128471124,0.06596397150674216
10.1016/j.bcp.2016.05.014,OPRM_HUMAN,Morphine,Recruitment ,Transducer,CHO,Arrestin-3 (β-arrestin-2),72.4,6.92,6.721,8.779738566197146,0.06628880207525878
10.1016/j.bcp.2016.05.014,OPRM_HUMAN,Morphine,Accumulation,Downstream,CHO,,77.1604938271605,6.73,6.943,8.617394998465425,-0.1791613749770189
10.1016/j.bcp.2016.05.014,OPRM_HUMAN,α-neoendorphin,Recruitment ,Transducer,CHO,Arrestin-2 (β-arrestin-1),86.5,6.63,6.53,8.567016107464815,0.04356723185915756
10.1016/j.bcp.2016.05.014,OPRM_HUMAN,α-neoendorphin,Recruitment ,Transducer,CHO,Arrestin-3 (β-arrestin-2),88.7,6.74,6.703,8.687923619831727,-0.00752614429016063
10.1016/j.bcp.2016.05.014,OPRM_HUMAN,α-neoendorphin,Accumulation,Downstream,CHO,,104.32098765432099,7.2,7.263,9.218371690071043,0.1018153166285991
10.1016/j.bcp.2016.05.014,OPRM_MOUSE,DAMGO,Recruitment ,Transducer,AtT20,Arrestin-2 (β-arrestin-1),94.0,6.59,6.475,8.563127853599699,-0.029822945332531603
10.1016/j.bcp.2016.05.014,OPRM_MOUSE,DAMGO,Recruitment ,Transducer,AtT20,Arrestin-3 (β-arrestin-2),98.0,7.01,6.912,9.001226075692495,-0.009450888953601133
10.1016/j.bcp.2016.05.014,OPRM_MOUSE,DAMGO,Accumulation,Downstream,AtT20,,100.0,8.01,8.041,10.01,-0.019613037846248904
10.1016/j.bcp.2016.05.014,OPRM_MOUSE,Endomorphin-1,Recruitment ,Transducer,AtT20,Arrestin-2 (β-arrestin-1),79.0,7.4,7.168,9.297627091290442,0.011676292358210993
10.1016/j.bcp.2016.05.014,OPRM_MOUSE,Endomorphin-1,Recruitment ,Transducer,AtT20,Arrestin-3 (β-arrestin-2),98.0,7.61,7.511,9.601226075692495,-0.008450888953601687
10.1016/j.bcp.2016.05.014,OPRM_MOUSE,Endomorphin-1,Accumulation,Downstream,AtT20,,100.0,8.22,8.232,10.22,-0.0006130378462469999
10.1016/j.bcp.2016.05.014,OPRM_MOUSE,Endomorphin-2,Recruitment ,Transducer,AtT20,Arrestin-2 (β-arrestin-1),88.0,7.37,7.201,9.314482672150168,-0.0044681267820623205
10.1016/j.bcp.2016.05.014,OPRM_MOUSE,Endomorphin-2,Recruitment ,Transducer,AtT20,Arrestin-3 (β-arrestin-2),98.0,7.14,7.049,9.131226075692494,-0.016450888953602583
10.1016/j.bcp.2016.05.014,OPRM_MOUSE,Endomorphin-2,Accumulation,Downstream,AtT20,,100.0,8.26,8.299,10.26,-0.027613037846248023
10.1016/j.bcp.2016.05.014,OPRM_MOUSE,Loperamide,Recruitment ,Transducer,AtT20,Arrestin-2 (β-arrestin-1),80.0,7.38,7.149,9.283089986991943,0.016139188059711707
10.1016/j.bcp.2016.05.014,OPRM_MOUSE,Loperamide,Recruitment ,Transducer,AtT20,Arrestin-3 (β-arrestin-2),98.0,7.53,7.439,9.521226075692494,-0.016450888953601694
10.1016/j.bcp.2016.05.014,OPRM_MOUSE,Loperamide,Accumulation,Downstream,AtT20,,100.0,8.37,8.385,10.37,-0.00361303784624889
10.1016/j.bcp.2016.05.014,OPRM_MOUSE,Met-enkephalin,Recruitment ,Transducer,AtT20,Arrestin-2 (β-arrestin-1),95.0,5.81,5.709,7.787723605288847,-0.03922719364338345
10.1016/j.bcp.2016.05.014,OPRM_MOUSE,Met-enkephalin,Recruitment ,Transducer,AtT20,Arrestin-3 (β-arrestin-2),94.0,6.05,5.916,8.023127853599698,0.008450888953601687
10.1016/j.bcp.2016.05.014,OPRM_MOUSE,Met-enkephalin,Accumulation,Downstream,AtT20,,100.0,7.71,7.676,9.71,0.045386962153752375
10.1016/j.bcp.2016.05.014,OPRM_MOUSE,Met-enkephalin-RF,Recruitment ,Transducer,AtT20,Arrestin-2 (β-arrestin-1),96.0,5.85,5.768,7.8322712330395685,-0.05367956589266232
10.1016/j.bcp.2016.05.014,OPRM_MOUSE,Met-enkephalin-RF,Recruitment ,Transducer,AtT20,Arrestin-3 (β-arrestin-2),95.0,6.26,6.117,8.237723605288847,0.022046640642751303
10.1016/j.bcp.2016.05.014,OPRM_MOUSE,Met-enkephalin-RF,Accumulation,Downstream,AtT20,,98.0,7.32,7.316,9.311226075692495,0.006613037846247227
10.1016/j.bcp.2016.05.014,OPRM_MOUSE,Morphine,Recruitment ,Transducer,AtT20,Arrestin-2 (β-arrestin-1),39.0,6.72,5.979,8.311064607026498,0.21411380809426728
10.1016/j.bcp.2016.05.014,OPRM_MOUSE,Morphine,Recruitment ,Transducer,AtT20,Arrestin-3 (β-arrestin-2),58.0,6.5,5.914,8.263427993562937,0.2507510289168411
10.1016/j.bcp.2016.05.014,OPRM_MOUSE,Morphine,Accumulation,Downstream,AtT20,,100.0,7.71,7.718,9.71,0.0033869621537525596
10.1016/j.bcp.2016.05.014,OPRM_MOUSE,α-neoendorphin,Recruitment ,Transducer,AtT20,Arrestin-2 (β-arrestin-1),85.0,5.58,5.387,7.509418925714293,0.0044681267820623205
10.1016/j.bcp.2016.05.014,OPRM_MOUSE,α-neoendorphin,Recruitment ,Transducer,AtT20,Arrestin-3 (β-arrestin-2),81.0,5.81,5.526,7.718485018878649,0.09380805423255323
10.1016/j.bcp.2016.05.014,OPRM_MOUSE,α-neoendorphin,Accumulation,Downstream,AtT20,,98.0,7.17,7.172,9.161226075692495,0.0006130378462469999
10.1016/j.bcp.2017.03.014,AA2BR_HUMAN,BAY60-6583,Phosphorylation,Downstream,CHO,,61.72212344424689,6.87,6.49,8.660440858808084,0.0
10.1016/j.bcp.2017.03.014,AA2BR_HUMAN,BAY60-6583,Phosphorylation,Downstream,HEK-293T,,40.98119858989424,7.64,7.06,9.252584656197065,0.0663380386668484
10.1016/j.bcp.2017.03.014,AA2BR_HUMAN,BAY60-6583,Accumulation,Downstream,CHO,,77.73,5.05,4.9,6.940588667705487,0.03261947597437853
10.1126/science.1232808,5HT2B_HUMAN,LSD,Accumulation,Downstream,HEK-293T,,66.0,7.58,7.63,9.39954393554187,-0.09474872838961224
10.1016/j.bcp.2017.03.014,AA2BR_HUMAN,BAY60-6583,Accumulation,Downstream,CHO,,96.02334125783443,8.74,8.87,10.722376813740974,-0.1555923779901338
10.1016/j.bcp.2017.03.014,AA2BR_HUMAN,BAY60-6583,Accumulation,Downstream,HEK-293T,,97.26156751652502,7.27,7.25,9.257941264597687,0.017684847813718818
10.1016/j.bcp.2017.03.014,AA2BR_HUMAN,Capadenoson,Phosphorylation,Downstream,CHO,,20.396240792481585,6.12,5.24,7.429550130488451,0.019109271680367357
10.1016/j.bcp.2017.03.014,AA2BR_HUMAN,Capadenoson,Phosphorylation,Downstream,HEK-293T,,33.59283196239718,6.6,6.0,8.126246617530217,0.0
10.1016/j.bcp.2017.03.014,AA2BR_HUMAN,Capadenoson,Accumulation,Downstream,CHO,,62.0,5.03,4.71,6.822391689498254,0.1044224977671453
10.1016/j.bcp.2017.03.014,AA2BR_HUMAN,Capadenoson,Accumulation,Downstream,CHO,,93.10568402852819,8.94,8.52,10.908976195126046,0.381007003394938
10.1016/j.bcp.2017.03.014,AA2BR_HUMAN,Capadenoson,Accumulation,Downstream,HEK-293T,,93.3805476864967,6.85,6.83,8.820256416783968,0.0
10.1016/j.bcp.2017.03.014,AA2BR_HUMAN,NECA,Phosphorylation,Downstream,CHO,,100.0,6.5,6.5,8.5,-0.17044085880808346
10.1016/j.bcp.2017.03.014,AA2BR_HUMAN,NECA,Phosphorylation,Downstream,HEK-293T,,100.0,7.52,7.49,9.52,-0.0962466175302179
10.1016/j.bcp.2017.03.014,AA2BR_HUMAN,NECA,Accumulation,Downstream,CHO,,113.2,5.76,5.74,7.813846426852253,0.0658772351211443
10.1016/j.bcp.2017.03.014,AA2BR_HUMAN,NECA,Accumulation,Downstream,CHO,,100.0,8.61,8.62,10.61,-0.017969191731108225
10.1016/j.bcp.2017.03.014,AA2BR_HUMAN,NECA,Accumulation,Downstream,HEK-293T,,100.0,7.34,7.38,9.34,-0.030256416783967843
10.1016/j.bcp.2017.03.018,GLP1R_HUMAN,GLP-1,Recruitment ,Transducer,CHO,Arrestin-2 (β-arrestin-1),100.0,7.4,7.292,9.4,0.11848074738138248
10.1016/j.bcp.2017.03.018,GLP1R_HUMAN,GLP-1,Recruitment ,Transducer,CHO,Arrestin-3 (β-arrestin-2),100.0,7.6,7.203,9.6,0.2581861476162821
10.1016/j.bcp.2017.03.018,GLP1R_HUMAN,GLP-1,Phosphorylation,Downstream,CHO,,100.0,8.9,8.673,10.9,0.15006109283125113
10.1016/j.bcp.2017.03.018,GLP1R_HUMAN,GLP-1,Accumulation,Downstream,CHO,,100.0,10.0,9.702,12.0,0.20684874961635646
10.1016/j.bcp.2017.03.018,GLP1R_HUMAN,P1,Recruitment ,Transducer,CHO,Arrestin-2 (β-arrestin-1),85.0,6.9,6.803,8.829418925714293,0.03689967309567521
10.1016/j.bcp.2017.03.018,GLP1R_HUMAN,P1,Recruitment ,Transducer,CHO,Arrestin-3 (β-arrestin-2),108.0,6.9,6.802,8.93342375548695,-0.007390096896766174
10.1016/j.bcp.2017.03.018,GLP1R_HUMAN,P1,Phosphorylation,Downstream,CHO,,112.0,8.3,8.232,10.349218022670183,0.04027911550143415
10.1016/j.bcp.2017.03.018,GLP1R_HUMAN,P1,Accumulation,Downstream,CHO,,130.0,8.8,8.813,10.913943352306838,0.009792101923193464
10.1016/j.bcp.2017.03.018,GLP1R_HUMAN,P2,Recruitment ,Transducer,CHO,Arrestin-2 (β-arrestin-1),30.0,6.0,5.442,7.477121254719663,0.04560200210104437
10.1016/j.bcp.2017.03.018,GLP1R_HUMAN,P2,Recruitment ,Transducer,CHO,Arrestin-3 (β-arrestin-2),40.0,5.9,5.343,7.502059991327963,0.02024613894424565
10.1016/j.bcp.2017.03.018,GLP1R_HUMAN,P2,Phosphorylation,Downstream,CHO,,107.0,7.9,7.861,9.92938377768521,-0.00855512948353887
10.1016/j.bcp.2017.03.018,GLP1R_HUMAN,P2,Accumulation,Downstream,CHO,,97.0,8.2,8.106,10.186771734266244,-0.010379516117398957
10.1016/j.bcp.2017.03.018,GLP1R_HUMAN,P3,Recruitment ,Transducer,CHO,Arrestin-2 (β-arrestin-1),50.0,6.8,6.475,8.49897000433602,0.03445075171740175
10.1016/j.bcp.2017.03.018,GLP1R_HUMAN,P3,Recruitment ,Transducer,CHO,Arrestin-3 (β-arrestin-2),61.0,6.4,6.061,8.185329835010767,-0.014484017372949687
10.1016/j.bcp.2017.03.018,GLP1R_HUMAN,P3,Phosphorylation,Downstream,CHO,,92.0,8.1,7.99,10.063787827345555,-0.0031510798231941806
10.1016/j.bcp.2017.03.018,GLP1R_HUMAN,P3,Accumulation,Downstream,CHO,,89.0,8.3,8.088,10.249390006644914,0.07023875626127118
10.1016/j.bcp.2017.03.018,GLP1R_HUMAN,P4,Phosphorylation,Downstream,CHO,,81.0,8.3,8.125,10.208485018878651,0.006546111709901936
10.1016/j.bcp.2017.03.018,GLP1R_HUMAN,P4,Accumulation,Downstream,CHO,,97.0,7.6,7.508,9.586771734266245,-0.012379516117398737
10.1016/j.bcp.2017.03.018,GLP1R_HUMAN,P5,Recruitment ,Transducer,CHO,Arrestin-2 (β-arrestin-1),87.0,8.0,7.95,9.939519252618618,0.0
10.1016/j.bcp.2017.03.018,GLP1R_HUMAN,P5,Recruitment ,Transducer,CHO,Arrestin-3 (β-arrestin-2),102.0,7.1,7.016,9.108600171761918,-0.04621368062179965
10.1016/j.bcp.2017.03.018,GLP1R_HUMAN,P5,Phosphorylation,Downstream,CHO,,89.0,9.2,9.101,11.149390006644913,-0.028548900523837517
10.1016/j.bcp.2017.03.018,GLP1R_HUMAN,P5,Accumulation,Downstream,CHO,,102.0,10.0,9.855,12.008600171761918,0.06244892137827396
10.1016/j.bcp.2017.03.018,GLP1R_HUMAN,P6,Recruitment ,Transducer,CHO,Arrestin-2 (β-arrestin-1),72.0,7.9,7.772,9.75733249643127,-0.004186756187348983
10.1016/j.bcp.2017.03.018,GLP1R_HUMAN,P6,Recruitment ,Transducer,CHO,Arrestin-3 (β-arrestin-2),82.0,7.4,7.175,9.313813852383717,0.0
10.1016/j.bcp.2017.03.018,GLP1R_HUMAN,P6,Phosphorylation,Downstream,CHO,,80.0,8.9,8.867,10.803089986991944,-0.14084892017680595
10.1016/j.bcp.2017.03.018,GLP1R_HUMAN,P6,Accumulation,Downstream,CHO,,89.0,9.9,9.756,11.849390006644914,0.002238756261269792
10.1016/j.bcp.2017.03.018,GLP1R_HUMAN,P7,Recruitment ,Transducer,CHO,Arrestin-2 (β-arrestin-1),36.0,7.4,6.969,8.956302500767288,-0.002216751851330301
10.1016/j.bcp.2017.03.018,GLP1R_HUMAN,P7,Recruitment ,Transducer,CHO,Arrestin-3 (β-arrestin-2),45.0,7.0,6.476,8.653212513775344,0.03839866139162673
10.1016/j.bcp.2017.03.018,GLP1R_HUMAN,P7,Phosphorylation,Downstream,CHO,,89.0,8.9,8.756,10.849390006644914,0.016451099476164188
10.1016/j.bcp.2017.03.018,GLP1R_HUMAN,P7,Accumulation,Downstream,CHO,,89.0,9.6,9.502,11.549390006644913,-0.04376124373873136
10.1016/j.bcp.2017.03.018,GLP1R_HUMAN,P8,Recruitment ,Transducer,CHO,Arrestin-2 (β-arrestin-1),27.0,7.3,6.748,8.731363764158987,-0.006155488459631542
10.1016/j.bcp.2017.03.018,GLP1R_HUMAN,P8,Phosphorylation,Downstream,CHO,,80.0,8.2,8.023,10.103089986991943,0.0031510798231941806
10.1016/j.bcp.2017.03.018,GLP1R_HUMAN,P8,Accumulation,Downstream,CHO,,83.0,8.5,8.309,10.419078092376074,0.018926841992430887
10.1016/j.bcp.2017.03.018,GLP1R_HUMAN,P9,Recruitment ,Transducer,CHO,Arrestin-2 (β-arrestin-1),23.0,6.9,6.276,8.261727836017593,-0.0037914166010244443
10.1016/j.bcp.2017.03.018,GLP1R_HUMAN,P9,Phosphorylation,Downstream,CHO,,73.0,8.0,7.792,9.863322860120455,-0.005616047048293993
10.1016/j.bcp.2017.03.018,GLP1R_HUMAN,P9,Accumulation,Downstream,CHO,,107.0,7.7,7.625,9.72938377768521,0.01323252730156721
10.1016/j.bcp.2018.04.021,AGTR1_HUMAN,"[Sar1Cys3,5]AngII",Recruitment ,Transducer,HEK-293,Arrestin-2 (β-arrestin-1),53.0,6.050122295963125,5.08,7.774398165563914,0.3239112556630914
10.1016/j.bcp.2018.04.021,AGTR1_HUMAN,"[Sar1Cys3,5]AngII",Recruitment ,Transducer,HEK-293,Arrestin-3 (β-arrestin-2),61.0,6.008773924307505,5.28,7.794103759318272,0.2939881964754072
10.1016/j.bcp.2018.04.021,AGTR1_HUMAN,"[Sar1Cys3,5]AngII",Phosphorylation,Downstream,HEK-293,,55.0,6.552841968657781,5.63,8.293204658152025,0.5413287413426864
10.1016/j.bcp.2018.04.021,AGTR1_HUMAN,"[Sar1Cys3,5]AngII",Phosphorylation,Downstream,HEK-293,,62.0,6.728158393463501,5.8,8.520550082961755,0.5986741661524166
10.1016/j.bcp.2018.04.021,AGTR1_HUMAN,"[Sar1Cys3,5]AngII",Dissociation,Transducer,HEK-293,G12,42.0,6.022733787572707,5.21,7.645983077970608,0.19776350675623888
10.1016/j.bcp.2018.04.021,AGTR1_HUMAN,"[Sar1Cys3,5]AngII",Dissociation,Transducer,HEK-293,Gi2,53.0,7.236572006437063,5.3,8.960847876037851,1.1344525788712239
10.1016/j.bcp.2018.04.021,AGTR1_HUMAN,"[Sar1Cys3,5]AngII",Dissociation,Transducer,HEK-293,Gi3,73.0,7.173925197299173,6.62,9.037248057419628,0.49459561802381824
10.1016/j.bcp.2018.04.021,AGTR1_HUMAN,"[Sar1Cys3,5]AngII",Dissociation,Transducer,HEK-293,Gz,64.0,7.7447274948966935,6.46,9.550907468880581,0.6136514613260315
10.1016/j.bcp.2018.04.021,AGTR1_HUMAN,"[Sar1Cys3,5]AngII",Accumulation,Downstream,HEK-293,,60.0,5.534319788401722,4.76,7.3124710387853655,0.2549169764231989
10.1016/j.bcp.2018.04.021,AGTR1_HUMAN,[Sar1Cys3Hcy5]AngII,Recruitment ,Transducer,HEK-293,Arrestin-2 (β-arrestin-1),46.0,6.73754891026957,5.14,8.400306741951145,0.8898198320503221
10.1016/j.bcp.2018.04.021,AGTR1_HUMAN,[Sar1Cys3Hcy5]AngII,Recruitment ,Transducer,HEK-293,Arrestin-3 (β-arrestin-2),70.0,6.653647025549361,6.15,8.498745065563618,0.12862950272075313
10.1016/j.bcp.2018.04.021,AGTR1_HUMAN,[Sar1Cys3Hcy5]AngII,Phosphorylation,Downstream,HEK-293,,72.0,6.6307841425898575,6.27,8.488116639021126,0.09624072221178759
10.1016/j.bcp.2018.04.021,AGTR1_HUMAN,[Sar1Cys3Hcy5]AngII,Phosphorylation,Downstream,HEK-293,,85.0,6.52432881167557,6.22,8.453747737389863,0.1118718205805247
10.1016/j.bcp.2018.04.021,AGTR1_HUMAN,[Sar1Cys3Hcy5]AngII,Dissociation,Transducer,HEK-293,G12,37.0,6.903089986991944,4.84,8.471291711058939,1.3930721398445698
10.1016/j.bcp.2018.04.021,AGTR1_HUMAN,[Sar1Cys3Hcy5]AngII,Dissociation,Transducer,HEK-293,Gi2,64.0,7.036212172654444,5.87,8.842392146638332,0.44599684947170415
10.1016/j.bcp.2018.04.021,AGTR1_HUMAN,[Sar1Cys3Hcy5]AngII,Dissociation,Transducer,HEK-293,Gi3,92.0,7.2076083105017466,7.18,9.171396137847301,0.06874369845149175
10.1016/j.bcp.2018.04.021,AGTR1_HUMAN,[Sar1Cys3Hcy5]AngII,Dissociation,Transducer,HEK-293,Gz,70.0,7.5376020021010435,6.34,9.3827000421153,0.5654440345607501
10.1016/j.bcp.2018.04.021,AGTR1_HUMAN,[Sar1Cys3Hcy5]AngII,Accumulation,Downstream,HEK-293,,70.0,5.805485658117533,5.45,7.65058369813179,-0.09697036423037719
10.1016/j.bcp.2018.04.021,AGTR1_HUMAN,"[Sar1Hcy3,5]AngII",Recruitment ,Transducer,HEK-293,Arrestin-2 (β-arrestin-1),97.0,8.309803919971486,8.25,10.296575654237731,-0.3239112556630914
10.1016/j.bcp.2018.04.021,AGTR1_HUMAN,"[Sar1Hcy3,5]AngII",Recruitment ,Transducer,HEK-293,Arrestin-3 (β-arrestin-2),100.0,8.327902142064282,8.33,10.327902142064282,-0.22221342077858264
10.1016/j.bcp.2018.04.021,AGTR1_HUMAN,"[Sar1Hcy3,5]AngII",Phosphorylation,Downstream,HEK-293,,107.0,7.886056647693163,7.92,9.915440425378373,-0.12643549143096555
10.1016/j.bcp.2018.04.021,AGTR1_HUMAN,"[Sar1Hcy3,5]AngII",Phosphorylation,Downstream,HEK-293,,99.0,8.0,7.97,9.99563519459755,-0.09624072221178759
10.1016/j.bcp.2018.04.021,AGTR1_HUMAN,"[Sar1Hcy3,5]AngII",Dissociation,Transducer,HEK-293,G12,101.0,8.096910013008056,8.14,10.1012313867907,-0.27698818442367035
10.1016/j.bcp.2018.04.021,AGTR1_HUMAN,"[Sar1Hcy3,5]AngII",Dissociation,Transducer,HEK-293,Gi2,102.0,8.431798275933005,8.36,10.440398447694923,-0.44599684947170415
10.1016/j.bcp.2018.04.021,AGTR1_HUMAN,"[Sar1Hcy3,5]AngII",Dissociation,Transducer,HEK-293,Gi3,109.0,8.602059991327963,8.98,10.639486489268586,-0.2631659501272239
10.1016/j.bcp.2018.04.021,AGTR1_HUMAN,"[Sar1Hcy3,5]AngII",Dissociation,Transducer,HEK-293,Gz,97.0,8.130768280269024,8.29,10.117540014535269,-0.6497159930192797
10.1016/j.bcp.2018.04.021,AGTR1_HUMAN,"[Sar1Hcy3,5]AngII",Accumulation,Downstream,HEK-293,,78.0,7.292429823902063,6.79,9.184524426592544,0.09697036423037719
10.1016/j.bcp.2018.04.021,AGTR1_HUMAN,Angiotensin II,Recruitment ,Transducer,HEK-293,Arrestin-2 (β-arrestin-1),100.0,8.387216143280265,8.39,10.387216143280265,-0.3732707666205588
10.1016/j.bcp.2018.04.021,AGTR1_HUMAN,Angiotensin II,Recruitment ,Transducer,HEK-293,Arrestin-3 (β-arrestin-2),100.0,8.481486060122112,8.39,10.481486060122112,-0.12862950272075313
10.1016/j.bcp.2018.04.021,AGTR1_HUMAN,Angiotensin II,Phosphorylation,Downstream,HEK-293,,100.0,8.318758762624412,8.32,10.318758762624412,-0.1231171541849263
10.1016/j.bcp.2018.04.021,AGTR1_HUMAN,Angiotensin II,Phosphorylation,Downstream,HEK-293,,100.0,8.494850021680094,8.59,10.494850021680094,-0.21702589512924453
10.1016/j.bcp.2018.04.021,AGTR1_HUMAN,Angiotensin II,Dissociation,Transducer,HEK-293,G12,100.0,8.18045606445813,8.14,10.18045606445813,-0.19776350675623888
10.1016/j.bcp.2018.04.021,AGTR1_HUMAN,Angiotensin II,Dissociation,Transducer,HEK-293,Gi2,100.0,8.657577319177793,8.84,10.657577319177793,-0.7088179779888342
10.1016/j.bcp.2018.04.021,AGTR1_HUMAN,Angiotensin II,Dissociation,Transducer,HEK-293,Gi3,100.0,8.823908740944319,8.97,10.823908740944319,-0.06874369845149175
10.1016/j.bcp.2018.04.021,AGTR1_HUMAN,Angiotensin II,Dissociation,Transducer,HEK-293,Gz,100.0,8.2518119729938,8.34,10.2518119729938,-0.5654440345607501
10.1016/j.bcp.2018.04.021,AGTR1_HUMAN,Angiotensin II,Accumulation,Downstream,HEK-293,,100.0,8.4089353929735,8.49,10.4089353929735,-0.3786186693886666
10.1016/j.bmc.2017.08.037,DRD2_HUMAN,1 (Aripiprazole),Recruitment ,Transducer,HEK-293,Arrestin-3 (β-arrestin-2),13.0,5.958607314841775,5.59,7.072550667148612,-0.3162527277216771
10.1016/j.bmc.2017.08.037,DRD2_HUMAN,1 (Aripiprazole),Activation,Transducer,HEK-293T,GoA,14.0,6.886056647693163,6.59,8.032184683371401,-0.8435806628125926
10.1016/j.bmc.2017.08.037,DRD2_HUMAN,15b,Recruitment ,Transducer,HEK-293,Arrestin-3 (β-arrestin-2),12.0,6.886056647693163,6.32,7.965237893740788,-0.15356550112950096
10.1016/j.bmc.2017.08.037,DRD2_HUMAN,15b,Activation,Transducer,HEK-293T,GoA,15.0,6.008773924307505,5.09,7.184865183363186,-0.19090016282080757
10.1016/j.bmc.2017.08.037,DRD2_HUMAN,15c,Recruitment ,Transducer,HEK-293,Arrestin-3 (β-arrestin-2),49.0,5.958607314841775,5.85,7.6488033948702885,0.0
10.1016/j.bmc.2017.08.037,DRD2_HUMAN,2 (Ropinirole),Recruitment ,Transducer,HEK-293,Arrestin-3 (β-arrestin-2),83.0,7.050609993355087,7.01,8.96968808573116,0.16088469086087187
10.1016/j.bmc.2017.08.037,DRD2_HUMAN,2 (Ropinirole),Activation,Transducer,HEK-293T,GoA,92.0,6.481486060122113,6.47,8.445273887467668,-0.3104914587163261
10.1016/j.bmc.2017.08.037,DRD2_HUMAN,8a,Recruitment ,Transducer,HEK-293,Arrestin-3 (β-arrestin-2),33.0,7.292429823902063,6.23,8.810943763779951,0.782140368909662
10.1016/j.bmc.2017.08.037,DRD2_HUMAN,8b,Recruitment ,Transducer,HEK-293,Arrestin-3 (β-arrestin-2),38.0,7.167491087293763,6.97,8.747274683910574,-0.02152871095971509
10.1016/j.bmc.2017.08.037,DRD2_HUMAN,8b,Activation,Transducer,HEK-293T,GoA,15.0,6.0,4.08,7.176091259055681,0.8103259128716873
10.1016/j.bmc.2017.08.037,DRD2_HUMAN,9a (E) s-trans ,Recruitment ,Transducer,HEK-293,Arrestin-3 (β-arrestin-2),29.0,7.154901959985743,6.74,8.617299957884699,0.07849656301440966
10.1016/j.bmc.2017.08.037,DRD2_HUMAN,9a (E) s-trans ,Activation,Transducer,HEK-293T,GoA,16.0,7.236572006437063,6.09,8.440691989092988,0.0649266429089943
10.1016/j.bmc.2017.08.037,DRD2_HUMAN,9b (E) s-cis ,Recruitment ,Transducer,HEK-293,Arrestin-3 (β-arrestin-2),34.0,7.337242168318426,7.03,8.868721085360681,0.039917690490391955
10.1016/j.bmc.2017.08.037,DRD2_HUMAN,9b (E) s-cis ,Activation,Transducer,HEK-293T,GoA,14.0,7.259637310505756,6.12,8.405765346183994,0.0
10.1016/j.bmc.2017.08.037,DRD2_HUMAN,9c (E) s-trans ,Recruitment ,Transducer,HEK-293,Arrestin-3 (β-arrestin-2),54.0,6.958607314841775,7.08,8.691001074664744,-0.18780232020554521
10.1016/j.bmc.2017.08.037,DRD2_HUMAN,9c (E) s-trans ,Activation,Transducer,HEK-293T,GoA,19.0,6.585026652029182,5.47,7.863780252982011,0.10801490679801695
10.1016/j.bmc.2017.08.037,DRD2_HUMAN,9d (E) s-cis,Recruitment ,Transducer,HEK-293,Arrestin-3 (β-arrestin-2),44.0,6.958607314841775,6.92,8.602059991327963,-0.11674340354232626
10.1016/j.bmc.2017.08.037,DRD2_HUMAN,9d (E) s-cis,Activation,Transducer,HEK-293T,GoA,18.0,6.0,4.38,7.2552725051033065,0.5895071589193126
10.1016/j.bmc.2017.08.037,DRD2_HUMAN,Quinpirole,Recruitment ,Transducer,HEK-293,Arrestin-3 (β-arrestin-2),100.0,7.136677139879544,7.29,9.136677139879545,0.04787374500925612
10.1016/j.bmc.2017.08.037,DRD2_HUMAN,Quinpirole,Activation,Transducer,HEK-293T,GoA,100.0,6.443697499232712,6.48,8.443697499232712,-0.3220678469512821
10.1016/j.bcp.2015.11.013,AA1R_HUMAN,Capadenoson,Accumulation,Downstream,CHO,,60.0,7.2,6.37,8.978151250383643,0.5428862836048811
10.1016/j.bcp.2015.11.013,AA1R_HUMAN,CPA,Accumulation,Downstream,CHO,,100.0,9.3,9.14,11.3,0.09473503322123822
10.1016/j.bcp.2015.11.013,AA1R_HUMAN,MeCCPA,Accumulation,Downstream,CHO,,101.81818181818181,8.99,8.85,10.997825337511957,0.08256037073319522
10.1016/j.bcp.2015.11.013,AA1R_HUMAN,NECA,Accumulation,Downstream,CHO,,100.0,9.56,9.4,11.56,0.09473503322123822
10.1016/j.bcp.2015.11.013,AA1R_HUMAN,R-PIA,Accumulation,Downstream,CHO,,101.81818181818181,9.62,9.65,11.627825337511956,-0.08743962926680648
10.1016/j.bcp.2015.11.013,AA1R_HUMAN,VCP746,Accumulation,Downstream,CHO,,54.54545454545454,7.04,6.12,8.776758565225418,0.5914935984466556
10.1021/acs.jmedchem.8b00047,AA1R_HUMAN,2,Accumulation,Downstream,CHO,,34.0,6.59,6.15,8.121478917042255,-0.041130683480215424
10.1021/acs.jmedchem.8b00047,AA1R_HUMAN,3,Accumulation,Downstream,CHO,,20.0,6.87,6.32,8.171029995663982,-0.16157960485848832
10.1021/acs.jmedchem.8b00047,AA1R_HUMAN,4,Accumulation,Downstream,CHO,,16.0,7.25,6.33,8.454119982655925,0.11151038213345466
10.1021/acs.jmedchem.8b00047,AA1R_HUMAN,5,Accumulation,Downstream,CHO,,31.0,7.13,6.11,8.621361693834272,0.4987520933118015
10.1021/acs.jmedchem.8b00047,AA1R_HUMAN,6,Accumulation,Downstream,CHO,,28.0,6.7,5.58,8.147158031342219,0.5545484308197484
10.1021/acs.jmedchem.8b00047,AA1R_HUMAN,7,Accumulation,Downstream,CHO,,48.0,7.03,6.98,8.711241237375587,-0.28136836314688374
10.1021/acs.jmedchem.8b00047,AA1R_HUMAN,8,Accumulation,Downstream,CHO,,43.0,5.87,5.74,7.503468455579586,-0.2491411449428842
10.1021/acs.jmedchem.8b00047,AA1R_HUMAN,9,Accumulation,Downstream,CHO,,20.0,6.05,5.02,7.351029995663981,0.3184203951415112
10.1021/acs.jmedchem.8b00047,AA1R_HUMAN,10,Accumulation,Downstream,CHO,,40.0,6.25,5.74,7.8520599913279625,0.099450390805492
10.1021/acs.jmedchem.8b00047,AA1R_HUMAN,11,Accumulation,Downstream,CHO,,42.0,6.96,6.86,8.5832492903979,-0.28936031012457075
10.1021/acs.jmedchem.8b00047,AA1R_HUMAN,12,Accumulation,Downstream,CHO,,49.0,7.53,7.43,9.220196080028513,-0.2224135204939568
10.1021/acs.jmedchem.8b00047,AA1R_HUMAN,13,Accumulation,Downstream,CHO,,49.0,7.11,7.03,8.800196080028513,-0.24241352049395726
10.1021/acs.jmedchem.8b00047,AA1R_HUMAN,14,Accumulation,Downstream,CHO,,39.0,7.06,6.91,8.651064607026498,-0.27154499349597216
10.1021/acs.jmedchem.8b00047,AA1R_HUMAN,15,Accumulation,Downstream,CHO,,47.0,7.46,7.4,9.132097857935717,-0.2805117425867536
10.1021/acs.jmedchem.8b00047,AA1R_HUMAN,16,Accumulation,Downstream,CHO,,49.0,7.45,7.38,9.140196080028513,-0.25241352049395704
10.1021/acs.jmedchem.8b00047,AA1R_HUMAN,1 (VCP746),Accumulation,Downstream,CHO,,34.0,6.91,6.12,8.441478917042256,0.3088693165197851
10.1021/acs.jmedchem.8b00047,AA1R_HUMAN,NECA,Accumulation,Downstream,CHO,,54.0,9.36,9.31,11.092393759822968,-0.2302158406995023
10.1016/j.bcp.2014.05.008,AA2BR_HUMAN,BAY60-6583,Accumulation,Downstream,HEK-A2B,,9.7,5.958607314841775,4.66,6.94537904910802,-0.0945704772086291
10.1016/j.bcp.2014.05.008,AA2BR_HUMAN,MRS5911,Accumulation,Downstream,HEK-A2B,,22.8,5.145693958198919,3.84,6.503628805199373,0.28367927888272426
10.1016/j.bcp.2014.05.008,AA2BR_HUMAN,NECA,Accumulation,Downstream,HEK-A2B,,100.0,5.732828271596986,5.04,7.732828271596986,0.31287874528033743
10.1016/j.euroneuro.2018.12.013,OPRD_HUMAN,Deltorphin II,Recruitment ,Transducer,U2OS,Arrestin-2 (β-arrestin-1),94.0,8.3,8.2,10.2731278535997,0.06656392679985013
10.1016/j.euroneuro.2018.12.013,OPRD_HUMAN,Deltorphin II,Recruitment ,Transducer,CHO,Arrestin-3 (β-arrestin-2),103.0,8.7,8.56,10.712837224705172,0.06837298282474524
10.1016/j.euroneuro.2018.12.013,OPRD_HUMAN,Deltorphin II,Accumulation,Downstream,HEK-293,,95.0,9.4,9.43,11.377723605288848,-0.026985857568297966
10.1016/j.euroneuro.2018.12.013,OPRD_HUMAN,Leu-enkephalin,Recruitment ,Transducer,U2OS,Arrestin-2 (β-arrestin-1),100.0,7.5,7.56,9.5,-0.06656392679985013
10.1016/j.euroneuro.2018.12.013,OPRD_HUMAN,Leu-enkephalin,Recruitment ,Transducer,CHO,Arrestin-3 (β-arrestin-2),100.0,7.5,7.53,9.5,-0.1144642418804267
10.1016/j.euroneuro.2018.12.013,OPRD_HUMAN,Leu-enkephalin,Accumulation,Downstream,HEK-293,,100.0,9.0,9.05,11.0,-0.024709462857146924
10.1016/j.euroneuro.2018.12.013,OPRD_HUMAN,Rubiscolin-5,Recruitment ,Transducer,CHO,Arrestin-3 (β-arrestin-2),15.0,4.1,3.26,5.276091259055681,-0.06837298282474524
10.1016/j.euroneuro.2018.12.013,OPRD_HUMAN,Rubiscolin-5,Accumulation,Downstream,HEK-293,,85.0,5.2,5.13,7.129418925714293,0.024709462857146924
10.1016/j.euroneuro.2018.12.013,OPRD_HUMAN,Rubiscolin-6,Recruitment ,Transducer,CHO,Arrestin-3 (β-arrestin-2),20.0,5.1,4.14,6.401029995663981,0.17656575378355477
10.1016/j.euroneuro.2018.12.013,OPRD_HUMAN,Rubiscolin-6,Accumulation,Downstream,HEK-293,,77.0,5.8,5.41,7.686490725172481,0.30178126231533486
10.1016/j.lfs.2016.02.069,EDNRA_HUMAN,ET-1,Recruitment ,Transducer,CHO-K1,,100.0,9.38,9.46,11.38,0.05839374311232781
10.1016/j.lfs.2016.02.069,EDNRA_HUMAN,ET-2,Recruitment ,Transducer,CHO-K1,,87.0,8.75,8.67,10.689519252618618,0.1579129957309462
10.1016/j.lfs.2016.02.069,EDNRA_HUMAN,ET-3,Recruitment ,Transducer,CHO-K1,,31.0,7.31,7.11,8.801361693834272,-0.17024456305340063
10.1016/j.lfs.2016.02.069,EDNRA_HUMAN,S6b,Recruitment ,Transducer,CHO-K1,,45.0,8.83,8.68,10.483212513775344,-0.05839374311232781
10.1016/j.neuropharm.2019.107718,OPRM_HUMAN,(R)-TRV130,Dissociation,Transducer,HEK-293A,Gi2,82.0,8.49,8.205,10.403813852383717,0.01556117150652847
10.1016/j.neuropharm.2019.107718,OPRM_HUMAN,(R)-TRV130,Dissociation,Transducer,HEK-293A,GoA,96.0,8.7,8.472,10.682271233039568,0.00751589661327845
10.1016/j.neuropharm.2019.107718,OPRM_HUMAN,(S)-TRV130,Dissociation,Transducer,HEK-293A,Gi2,85.0,6.53,6.252,8.459418925714292,0.024166244837104056
10.1016/j.neuropharm.2019.107718,OPRM_HUMAN,(S)-TRV130,Dissociation,Transducer,HEK-293A,GoA,101.0,6.71,6.519,8.714321373782642,-0.007433962643648151
10.1016/j.neuropharm.2019.107718,OPRM_HUMAN,Buprenorphine,Dissociation,Transducer,HEK-293A,Gi2,84.0,9.26,8.993,11.184279286061882,0.008026605184693114
10.1016/j.neuropharm.2019.107718,OPRM_HUMAN,Buprenorphine,Dissociation,Transducer,HEK-293A,GoA,93.0,9.43,9.206,11.398482948553935,-0.010272387872354294
10.1016/j.neuropharm.2019.107718,OPRM_HUMAN,DAMGO,Recruitment ,Transducer,HEK-293A,Arrestin-2 (β-arrestin-1),98.0,6.06,5.919,8.051226075692494,0.04746824401092109
10.1016/j.neuropharm.2019.107718,OPRM_HUMAN,DAMGO,Recruitment ,Transducer,HEK-293A,Arrestin-3 (β-arrestin-2),99.0,6.1,5.959,8.09563519459755,0.05406501849961476
10.1016/j.neuropharm.2019.107718,OPRM_HUMAN,DAMGO,Dissociation,Transducer,HEK-293A,Gi2,99.0,8.61,8.456,10.60563519459755,-0.0336174862796379
10.1016/j.neuropharm.2019.107718,OPRM_HUMAN,DAMGO,Dissociation,Transducer,HEK-293A,GoA,96.0,8.82,8.562,10.80227123303957,0.03751589661327959
10.1016/j.neuropharm.2019.107718,OPRM_HUMAN,Loperamide,Recruitment ,Transducer,HEK-293A,Arrestin-2 (β-arrestin-1),46.0,7.05,6.628,8.712757831681573,0.0
10.1016/j.neuropharm.2019.107718,OPRM_HUMAN,Loperamide,Recruitment ,Transducer,HEK-293A,Arrestin-3 (β-arrestin-2),51.0,6.94,6.565,8.647570176097936,0.0
10.1016/j.neuropharm.2019.107718,OPRM_HUMAN,Loperamide,Dissociation,Transducer,HEK-293A,Gi2,98.0,9.2,9.018,11.191226075692494,-0.01002660518469467
10.1016/j.neuropharm.2019.107718,OPRM_HUMAN,Loperamide,Dissociation,Transducer,HEK-293A,GoA,105.0,9.36,9.171,11.381189299069938,0.007433962643648151
10.1016/j.neuropharm.2019.107718,OPRM_HUMAN,Morphine,Recruitment ,Transducer,HEK-293A,Arrestin-2 (β-arrestin-1),23.0,6.1,5.479,7.461727836017593,-0.10202999566398052
10.1016/j.neuropharm.2019.107718,OPRM_HUMAN,Morphine,Recruitment ,Transducer,HEK-293A,Arrestin-3 (β-arrestin-2),25.0,6.0,5.438,7.3979400086720375,-0.12263016742589805
10.1016/j.neuropharm.2019.107718,OPRM_HUMAN,Morphine,Dissociation,Transducer,HEK-293A,Gi2,98.0,8.17,7.986,10.161226075692495,-0.008026605184693114
10.1016/j.neuropharm.2019.107718,OPRM_HUMAN,Morphine,Dissociation,Transducer,HEK-293A,GoA,106.0,8.43,8.272,10.45530586526477,-0.01944947116152118
10.1016/j.bcp.2017.03.014,AA2BR_HUMAN,BAY60-6583,Accumulation,Downstream,CHO,,55.55305755395684,7.38,7.12,9.124707966828078,-0.0032612249030306018
10.1016/j.bcp.2017.03.014,AA2BR_HUMAN,Capadenoson,Accumulation,Downstream,CHO,,32.95863309352518,6.2,5.71,7.717969191731108,0.0
10.1016/j.bcp.2017.03.014,AA2BR_HUMAN,NECA,Accumulation,Downstream,CHO,,100.0,7.12,7.13,9.120000000000001,-0.017969191731107337
10.1124/mol.116.103283,AA3R_HUMAN,AB-MECA,Accumulation,Downstream,CHO,,106.25,7.9,7.5,9.92632893872235,0.2947886469629033
10.1016/j.phrs.2017.08.008,CNR1_HUMAN,"CP55,940",Recruitment ,Transducer,CHO,Arrestin-3 (β-arrestin-2),104.0,7.3,7.09,9.31703333929878,0.0
10.1016/j.phrs.2017.08.008,CNR1_HUMAN,"CP55,940",Activation,Transducer,CHO,,103.0,9.49,9.38,11.502837224705171,0.16234129407508435
10.1016/j.phrs.2017.08.008,CNR1_HUMAN,"CP55,940",Accumulation,Downstream,CHO,,113.99999999999999,7.77,7.71,9.826904851336472,-0.04866882905142633
10.1016/j.phrs.2017.08.008,CNR1_HUMAN,JWH-018,Recruitment ,Transducer,CHO,Arrestin-3 (β-arrestin-2),115.99999999999999,7.17,7.27,9.234457989226918,-0.2625753500718613
10.1016/j.phrs.2017.08.008,CNR1_HUMAN,JWH-018,Activation,Transducer,CHO,,102.0,9.25,9.26,11.258600171761918,0.03810424113183197
10.1016/j.phrs.2017.08.008,CNR1_HUMAN,JWH-018,Accumulation,Downstream,CHO,,90.0,8.82,8.56,10.774242509439325,0.04866882905142633
10.1016/j.phrs.2017.08.008,CNR1_HUMAN,PNR-4-02,Activation,Transducer,CHO,,62.0,7.66,7.53,9.452391689498254,-0.03810424113183197
10.1016/j.phrs.2017.08.008,CNR1_HUMAN,PNR-4-02,Accumulation,Downstream,CHO,,106.0,6.56,6.73,8.58530586526477,-0.31026781512312906
10.1016/j.phrs.2017.08.008,CNR1_HUMAN,PNR-4-20,Recruitment ,Transducer,CHO,Arrestin-3 (β-arrestin-2),24.0,5.28,4.37,6.660211241711606,0.06317790241282584
10.1016/j.phrs.2017.08.008,CNR1_HUMAN,PNR-4-20,Activation,Transducer,CHO,,102.0,7.29,7.4,9.298600171761917,-0.06189575886816945
10.1016/j.phrs.2017.08.008,CNR1_HUMAN,PNR-4-20,Accumulation,Downstream,CHO,,126.0,6.97,6.45,9.070370545117562,0.4547968647296634
10.1016/j.phrs.2018.02.032,APJ_HUMAN,"[Nle11, (2-pyridyl)Ala13]apelin-13 (Analog 4)",Recruitment ,Transducer,HEK-293,Arrestin-2 (β-arrestin-1),95.7,7.7447274948966935,6.96,9.725639432673537,0.692861990242231
10.1016/j.phrs.2018.02.032,APJ_HUMAN,"[Nle11, (2-pyridyl)Ala13]apelin-13 (Analog 4)",Recruitment ,Transducer,HEK-293,Arrestin-3 (β-arrestin-2),99.2,7.455931955649724,6.9,9.452443627803904,0.7695041105472411
10.1016/j.phrs.2018.02.032,APJ_HUMAN,"[Nle11, (2-pyridyl)Ala13]apelin-13 (Analog 4)",Accumulation,Downstream,HEK-293,,91.7,8.318758762624412,8.82,10.281128098294433,-0.48817383278191606
10.1016/j.phrs.2018.02.032,APJ_HUMAN,"[Nle11, (2-pyridyl)Ala13]apelin-13 (Analog 4)",Dissociation,Transducer,HEK-293,Gi1,112.2,9.494850021680094,8.6,11.544842878600235,0.552820289495358
10.1016/j.phrs.2018.02.032,APJ_HUMAN,"[Nle11, (2-pyridyl)Ala13]apelin-13 (Analog 4)",Dissociation,Transducer,HEK-293,GoA,108.9,8.657577319177793,8.3,10.69460519893357,0.44952048692246294
10.1016/j.phrs.2018.02.032,APJ_HUMAN,"[Nle11, (L-α-Me)Phe13]apelin-13 (Analog 8)",Recruitment ,Transducer,HEK-293,Arrestin-2 (β-arrestin-1),107.5,8.494850021680094,8.45,10.526258485931718,0.003481043500412895
10.1016/j.phrs.2018.02.032,APJ_HUMAN,"[Nle11, (L-α-Me)Phe13]apelin-13 (Analog 8)",Recruitment ,Transducer,HEK-293,Arrestin-3 (β-arrestin-2),92.9,7.823908740944319,8.09,9.791924454937961,-0.08101506231870115
10.1016/j.phrs.2018.02.032,APJ_HUMAN,"[Nle11, (L-α-Me)Phe13]apelin-13 (Analog 8)",Accumulation,Downstream,HEK-293,,89.9,10.045757490560675,10.14,11.999517182293904,-0.08978474878244569
10.1016/j.phrs.2018.02.032,APJ_HUMAN,"[Nle11, (L-α-Me)Phe13]apelin-13 (Analog 8)",Dissociation,Transducer,HEK-293,Gi1,95.3,8.6345120151091,8.43,10.613604915747427,-0.20841767335745054
10.1016/j.phrs.2018.02.032,APJ_HUMAN,"[Nle11, (L-α-Me)Phe13]apelin-13 (Analog 8)",Dissociation,Transducer,HEK-293,GoA,100.3,8.443697499232712,8.44,10.44499843225313,0.05991372024202413
10.1016/j.phrs.2018.02.032,APJ_HUMAN,"[Nle11, AnthranylAla13]apelin-13 (Analog 7)",Recruitment ,Transducer,HEK-293,Arrestin-2 (β-arrestin-1),105.6,6.876148359032914,6.89,8.899812277230708,-0.06296516520059736
10.1016/j.phrs.2018.02.032,APJ_HUMAN,"[Nle11, AnthranylAla13]apelin-13 (Analog 7)",Recruitment ,Transducer,HEK-293,Arrestin-3 (β-arrestin-2),76.0,6.2020403562628035,6.43,8.082853948543594,-0.13008556871306798
10.1016/j.phrs.2018.02.032,APJ_HUMAN,"[Nle11, AnthranylAla13]apelin-13 (Analog 7)",Accumulation,Downstream,HEK-293,,84.7,6.663540266151471,6.68,8.591423676482178,-0.03787825459417071
10.1016/j.phrs.2018.02.032,APJ_HUMAN,"[Nle11, AnthranylAla13]apelin-13 (Analog 7)",Dissociation,Transducer,HEK-293,Gi1,101.2,8.669586226650809,8.19,10.67476673915459,0.09274415004971281
10.1016/j.phrs.2018.02.032,APJ_HUMAN,"[Nle11, AnthranylAla13]apelin-13 (Analog 7)",Dissociation,Transducer,HEK-293,GoA,106.6,8.292429823902063,8.36,10.320187028592617,0.015102316581511843
10.1016/j.phrs.2018.02.032,APJ_HUMAN,"[Nle11, Bpa13]apelin-13 (Analog 6)",Recruitment ,Transducer,HEK-293,Arrestin-2 (β-arrestin-1),105.1,7.886056647693163,7.83,9.907659363721406,0.004881921290099456
10.1016/j.phrs.2018.02.032,APJ_HUMAN,"[Nle11, Bpa13]apelin-13 (Analog 6)",Recruitment ,Transducer,HEK-293,Arrestin-3 (β-arrestin-2),93.1,7.42021640338319,7.42,9.389166084364533,0.18622656710787044
10.1016/j.phrs.2018.02.032,APJ_HUMAN,"[Nle11, Bpa13]apelin-13 (Analog 6)",Accumulation,Downstream,HEK-293,,108.0,10.221848749616356,10.48,12.255272505103306,-0.1740294259730426
10.1016/j.phrs.2018.02.032,APJ_HUMAN,"[Nle11, Bpa13]apelin-13 (Analog 6)",Dissociation,Transducer,HEK-293,Gi1,99.7,9.193820026016112,8.96,11.192515184327767,-0.159507404777111
10.1016/j.phrs.2018.02.032,APJ_HUMAN,"[Nle11, Bpa13]apelin-13 (Analog 6)",Dissociation,Transducer,HEK-293,GoA,95.6,8.397940008672037,8.6,10.378397900948137,-0.16668681106296823
10.1016/j.phrs.2018.02.032,APJ_HUMAN,"[Nle11, Phe(4-Me)13]apelin-13 (Analog 3)",Recruitment ,Transducer,HEK-293,Arrestin-2 (β-arrestin-1),98.2,8.468521082957745,8.49,10.460632570744695,-0.1021448716866118
10.1016/j.phrs.2018.02.032,APJ_HUMAN,"[Nle11, Phe(4-Me)13]apelin-13 (Analog 3)",Recruitment ,Transducer,HEK-293,Arrestin-3 (β-arrestin-2),102.6,7.481486060122112,8.02,9.49263342089791,-0.31030609635875184
10.1016/j.phrs.2018.02.032,APJ_HUMAN,"[Nle11, Phe(4-Me)13]apelin-13 (Analog 3)",Accumulation,Downstream,HEK-293,,105.1,9.886056647693163,9.45,11.907659363721406,0.5083574326450577
10.1016/j.phrs.2018.02.032,APJ_HUMAN,"[Nle11, Phe(4-Me)13]apelin-13 (Analog 3)",Dissociation,Transducer,HEK-293,Gi1,98.0,9.2518119729938,8.9,11.243038048686294,-0.04898454041858358
10.1016/j.phrs.2018.02.032,APJ_HUMAN,"[Nle11, Phe(4-Me)13]apelin-13 (Analog 3)",Dissociation,Transducer,HEK-293,GoA,111.6,8.522878745280337,9.08,10.570542939881896,-0.4545417721292093
10.1016/j.phrs.2018.02.032,APJ_HUMAN,"[Nle11, PheGly13]apelin-13 (Analog 9)",Recruitment ,Transducer,HEK-293,Arrestin-2 (β-arrestin-1),97.8,6.991399828238082,6.96,8.981738683025684,-0.05103875940562208
10.1016/j.phrs.2018.02.032,APJ_HUMAN,"[Nle11, PheGly13]apelin-13 (Analog 9)",Recruitment ,Transducer,HEK-293,Arrestin-3 (β-arrestin-2),88.0,6.607303046740334,6.89,8.551785718890503,-0.12115379836615858
10.1016/j.phrs.2018.02.032,APJ_HUMAN,"[Nle11, PheGly13]apelin-13 (Analog 9)",Accumulation,Downstream,HEK-293,,97.2,8.619788758288394,8.45,10.60745502321467,0.20815309213832123
10.1016/j.phrs.2018.02.032,APJ_HUMAN,"[Nle11, PheGly13]apelin-13 (Analog 9)",Dissociation,Transducer,HEK-293,Gi1,102.4,8.790484985457368,8.18,10.80078494209718,0.22876235299230352
10.1016/j.phrs.2018.02.032,APJ_HUMAN,"[Nle11, PheGly13]apelin-13 (Analog 9)",Dissociation,Transducer,HEK-293,GoA,111.8,7.987162775294828,8.03,10.035604578845232,0.060519866834127356
10.1016/j.phrs.2018.02.032,APJ_HUMAN,"[Nle11, Tyr(OBn)13]apelin-13 (Analog 5)",Recruitment ,Transducer,HEK-293,Arrestin-2 (β-arrestin-1),108.8,8.142667503568731,8.11,10.179296398930893,-0.003481043500412895
10.1016/j.phrs.2018.02.032,APJ_HUMAN,"[Nle11, Tyr(OBn)13]apelin-13 (Analog 5)",Recruitment ,Transducer,HEK-293,Arrestin-3 (β-arrestin-2),92.9,7.853871964321762,7.89,9.821887678315404,0.1489481610587422
10.1016/j.phrs.2018.02.032,APJ_HUMAN,"[Nle11, Tyr(OBn)13]apelin-13 (Analog 5)",Accumulation,Downstream,HEK-293,,92.0,9.508638306165727,9.22,11.472426133511282,0.3031242024349332
10.1016/j.phrs.2018.02.032,APJ_HUMAN,"[Nle11, Tyr(OBn)13]apelin-13 (Analog 5)",Dissociation,Transducer,HEK-293,Gi1,106.0,9.309803919971486,8.91,11.335109785236256,0.033087196131377894
10.1016/j.phrs.2018.02.032,APJ_HUMAN,"[Nle11, Tyr(OBn)13]apelin-13 (Analog 5)",Dissociation,Transducer,HEK-293,GoA,99.1,8.823908740944319,8.89,10.819982395429594,-0.015102316581511843
10.1016/j.phrs.2018.02.032,APJ_HUMAN,"[Nle11, Val13]apelin-13 (Analog 2)",Recruitment ,Transducer,HEK-293,Arrestin-2 (β-arrestin-1),91.8,7.0915149811213505,6.93,9.054357662322593,0.051580219891286916
10.1016/j.phrs.2018.02.032,APJ_HUMAN,"[Nle11, Val13]apelin-13 (Analog 2)",Recruitment ,Transducer,HEK-293,Arrestin-3 (β-arrestin-2),84.6,6.634512015109101,6.77,8.561882378148123,0.008942860891461457
10.1016/j.phrs.2018.02.032,APJ_HUMAN,"[Nle11, Val13]apelin-13 (Analog 2)",Accumulation,Downstream,HEK-293,,83.7,8.161150909262744,8.16,10.083876367256003,-0.02542556382034533
10.1016/j.phrs.2018.02.032,APJ_HUMAN,"[Nle11, Val13]apelin-13 (Analog 2)",Dissociation,Transducer,HEK-293,Gi1,96.3,9.2839966563652,8.46,11.267622943489735,0.415600354384857
10.1016/j.phrs.2018.02.032,APJ_HUMAN,"[Nle11, Val13]apelin-13 (Analog 2)",Dissociation,Transducer,HEK-293,GoA,104.4,8.468521082957745,8.99,10.487221581623988,-0.4478631303871179
10.1016/j.phrs.2018.02.032,APJ_HUMAN,Analog 10,Recruitment ,Transducer,HEK-293,Arrestin-2 (β-arrestin-1),48.43,6.371611069949688,6.3,8.056725538996227,-0.3160519034350786
10.1016/j.phrs.2018.02.032,APJ_HUMAN,Analog 10,Recruitment ,Transducer,HEK-293,Arrestin-3 (β-arrestin-2),47.6,6.812479279163537,6.48,8.49008623188403,0.22714671462736735
10.1016/j.phrs.2018.02.032,APJ_HUMAN,Analog 10,Accumulation,Downstream,HEK-293,,101.7,8.053547734986926,7.91,10.060868687909672,0.2015667568333228
10.1016/j.phrs.2018.02.032,APJ_HUMAN,Analog 10,Dissociation,Transducer,HEK-293,Gi1,105.4,8.61798295742513,8.51,10.64082356830166,-0.2611990208032182
10.1016/j.phrs.2018.02.032,APJ_HUMAN,Analog 10,Dissociation,Transducer,HEK-293,GoA,104.2,8.721246399047171,9.62,10.739114118010676,-0.8259705940004292
10.1016/j.phrs.2018.02.032,APJ_HUMAN,Apelin-13,Recruitment ,Transducer,HEK-293,Arrestin-2 (β-arrestin-1),100.0,7.619788758288394,7.54,9.619788758288394,0.0070113158570874745
10.1016/j.phrs.2018.02.032,APJ_HUMAN,Apelin-13,Recruitment ,Transducer,HEK-293,Arrestin-3 (β-arrestin-2),100.0,7.2839966563652006,7.51,9.2839966563652,-0.008942860891461457
10.1016/j.phrs.2018.02.032,APJ_HUMAN,Apelin-13,Accumulation,Downstream,HEK-293,,100.0,8.744727494896694,8.77,10.744727494896694,0.02542556382034533
10.1016/j.phrs.2018.02.032,APJ_HUMAN,Apelin-13,Dissociation,Transducer,HEK-293,Gi1,100.0,9.4089353929735,9.05,11.4089353929735,-0.033087196131377894
10.1016/j.phrs.2018.02.032,APJ_HUMAN,Apelin-13,Dissociation,Transducer,HEK-293,GoA,100.0,8.207608310501746,7.98,10.207608310501746,0.28252359849063957
10.1124/mol.116.103283,AA3R_HUMAN,HEMADO,Accumulation,Downstream,CHO,,112.5,9.3,8.7,11.351152522447382,0.5196122306879367
10.1124/mol.116.103283,AA3R_HUMAN,IB-MECA,Accumulation,Downstream,CHO,,100.0,8.9,8.6,10.9,0.16845970824055456
10.1124/mol.116.103283,AA3R_HUMAN,MRS3558,Accumulation,Downstream,CHO,,140.625,8.5,8.4,10.648062535455438,0.11652224369599118
10.1124/mol.116.103283,AA3R_HUMAN,MRS5655,Accumulation,Downstream,CHO,,125.0,7.5,7.4,9.596910013008056,0.06536972124860974
10.1124/mol.116.103283,AA3R_HUMAN,MRS5667,Accumulation,Downstream,CHO,,134.375,7.6,7.6,9.72831847725968,-0.0032218144997653297
10.1124/mol.116.103283,AA3R_HUMAN,MRS5679,Accumulation,Downstream,CHO,,40.625,6.7,5.9,8.308793373986932,0.27725308222748524
10.1124/mol.116.103283,AA3R_HUMAN,MRS5698,Accumulation,Downstream,CHO,,143.75,7.8,7.8,9.957607853361669,0.02606756160222279
10.1124/mol.116.103283,AA3R_HUMAN,MRS5704,Accumulation,Downstream,CHO,,128.125,5.4,5.3,7.5076338783998295,0.07609358664038357
10.1021/acs.jmedchem.6b01857,DRD2_HUMAN,(R)-13a,Recruitment ,Transducer,HEK-293,Arrestin-3 (β-arrestin-2),51.0,6.661543506395395,6.32,8.369113682493332,0.12837330480166642
10.1021/acs.jmedchem.6b01857,DRD2_HUMAN,(R)-13a,Dissociation,Transducer,HEK-293,GoA,98.0,8.769551078621726,8.76,10.760777154314221,-0.006104439330499645
10.1021/acs.jmedchem.6b01857,DRD2_HUMAN,(R)-13b,Recruitment ,Transducer,HEK-293,Arrestin-3 (β-arrestin-2),49.0,6.79317412396815,6.42,8.483370203996664,0.14262982630499899
10.1021/acs.jmedchem.6b01857,DRD2_HUMAN,(R)-13b,Dissociation,Transducer,HEK-293,GoA,95.0,8.823908740944319,8.78,10.801632346233166,0.014750752588446048
10.1021/acs.jmedchem.6b01857,DRD2_HUMAN,(S)-13a,Recruitment ,Transducer,HEK-293,Arrestin-3 (β-arrestin-2),93.0,8.522878745280337,8.62,10.491361693834273,-0.04937868385739108
10.1021/acs.jmedchem.6b01857,DRD2_HUMAN,(S)-13a,Dissociation,Transducer,HEK-293,GoA,98.0,9.886056647693163,9.84,11.877282723385658,0.03040112974093745
10.1021/acs.jmedchem.6b01857,DRD2_HUMAN,(S)-13b,Recruitment ,Transducer,HEK-293,Arrestin-3 (β-arrestin-2),97.0,8.886056647693163,8.87,10.872828381959408,0.0820880042677441
10.1021/acs.jmedchem.6b01857,DRD2_HUMAN,(S)-13b,Dissociation,Transducer,HEK-293,GoA,99.0,9.920818753952375,9.88,11.916453948549925,0.029572354905203824
10.1021/acs.jmedchem.6b01857,DRD2_HUMAN,(S)-15a,Recruitment ,Transducer,HEK-293,Arrestin-3 (β-arrestin-2),97.0,8.522878745280337,8.66,10.509650479546583,-0.07108989814508249
10.1021/acs.jmedchem.6b01857,DRD2_HUMAN,(S)-15a,Dissociation,Transducer,HEK-293,GoA,99.0,9.886056647693163,9.88,11.881691842290714,-0.00518975135400801
10.1021/acs.jmedchem.6b01857,DRD2_HUMAN,(S)-15b,Recruitment ,Transducer,HEK-293,Arrestin-3 (β-arrestin-2),96.0,8.537602002101044,8.64,10.519873235140613,-0.04086714255105228
10.1021/acs.jmedchem.6b01857,DRD2_HUMAN,(S)-15b,Dissociation,Transducer,HEK-293,GoA,99.0,9.958607314841775,9.97,11.954242509439325,-0.022639084205396287
10.1021/acs.jmedchem.6b01857,DRD2_HUMAN,(S)-17a,Recruitment ,Transducer,HEK-293,Arrestin-3 (β-arrestin-2),99.0,8.823908740944319,8.89,10.81954393554187,0.008803557850203703
10.1021/acs.jmedchem.6b01857,DRD2_HUMAN,(S)-17a,Dissociation,Transducer,HEK-293,GoA,99.0,9.721246399047171,9.71,11.716881593644722,0.0
10.1021/acs.jmedchem.6b01857,DRD2_HUMAN,(S)-17b,Recruitment ,Transducer,HEK-293,Arrestin-3 (β-arrestin-2),105.0,8.769551078621726,8.87,10.790740377691664,0.0
10.1021/acs.jmedchem.6b01857,DRD2_HUMAN,(S)-17b,Dissociation,Transducer,HEK-293,GoA,101.0,9.67778070526608,9.76,11.682102079048724,-0.08477951459599709
10.1021/acs.jmedchem.6b01857,DRD2_HUMAN,12a,Dissociation,Transducer,HEK-293,GoA,81.0,8.823908740944319,8.69,10.732393759822969,0.035512166178248705
10.1021/acs.jmedchem.6b01857,DRD2_HUMAN,14a,Dissociation,Transducer,HEK-293,GoA,84.0,8.585026652029182,8.5,10.509305938091064,0.0024243444463429853
10.1021/acs.jmedchem.6b01857,DRD2_HUMAN,16a,Dissociation,Transducer,HEK-293,GoA,82.0,8.537602002101044,8.44,10.451415854484761,0.004534260840040716
10.1021/acs.jmedchem.6b01857,DRD2_HUMAN,16b (E) s-trans,Dissociation,Transducer,HEK-293,GoA,86.0,8.744727494896694,8.65,10.679225946140262,0.022344352495540676
10.1021/acs.jmedchem.6b01857,DRD2_HUMAN,16c (E) s-cis,Dissociation,Transducer,HEK-293,GoA,77.0,8.602059991327963,8.54,10.488550716500445,-0.058330877144275206
10.1021/acs.jmedchem.6b01857,DRD2_HUMAN,1a (Aripiprazole),Dissociation,Transducer,HEK-293,GoA,81.0,8.060480747381382,8.19,9.968965766260032,-0.22791582738468819
10.1021/acs.jmedchem.6b01857,DRD2_HUMAN,Quinpirole,Recruitment ,Transducer,HEK-293,Arrestin-3 (β-arrestin-2),100.0,7.1938200260161125,7.47,9.193820026016112,-0.19692035167555222
10.1021/acs.jmedchem.6b01857,DRD2_HUMAN,Quinpirole,Dissociation,Transducer,HEK-293,GoA,100.0,8.920818753952375,8.95,10.920818753952375,-0.03606283969234525
10.1021/acs.jmedchem.6b01875,DRD2_HUMAN,2,Recruitment ,Transducer,HEK-293,Arrestin-3 (β-arrestin-2),68.0,6.913996294381618,6.737,8.746505207087854,0.002055677716169324
10.1021/acs.jmedchem.6b01875,DRD2_HUMAN,2,Accumulation,Downstream,HEK-293,,93.0,8.040958607678906,8.015,10.009441556232842,-0.01051880497790858
10.1021/acs.jmedchem.6b01875,DRD2_HUMAN,3,Recruitment ,Transducer,HEK-293,Arrestin-3 (β-arrestin-2),31.0,7.688246138944246,7.008,9.179607832778519,0.1641583034068348
10.1021/acs.jmedchem.6b01875,DRD2_HUMAN,3,Accumulation,Downstream,HEK-293,,57.0,9.0,8.607,10.755874855672491,0.14391449446174231
10.1021/acs.jmedchem.6b01875,DRD2_HUMAN,4,Recruitment ,Transducer,HEK-293,Arrestin-3 (β-arrestin-2),61.0,6.705974905904677,6.488,8.491304740915444,-0.004144788456240445
10.1021/acs.jmedchem.6b01875,DRD2_HUMAN,4,Accumulation,Downstream,HEK-293,,95.0,7.59176003468815,7.588,9.569483639976998,-0.02347672123375233
10.1021/acs.jmedchem.6b01875,DRD2_HUMAN,8,Recruitment ,Transducer,HEK-293,Arrestin-3 (β-arrestin-2),33.0,5.301029995663981,4.571,6.819543935541869,0.2410944061701854
10.1021/acs.jmedchem.6b01875,DRD2_HUMAN,8,Accumulation,Downstream,HEK-293,,115.0,5.301029995663981,5.086,7.361727836017593,0.27076747480684293
10.1021/acs.jmedchem.6b01875,DRD2_HUMAN,9,Recruitment ,Transducer,HEK-293,Arrestin-3 (β-arrestin-2),21.0,5.596999655978837,4.89,6.919218950712756,0.021769421341072626
10.1021/acs.jmedchem.6b01875,DRD2_HUMAN,9,Accumulation,Downstream,HEK-293,,61.0,6.14898639317633,5.913,7.934316228187097,0.01635586697634661
10.1021/acs.jmedchem.6b01875,DRD2_HUMAN,11,Recruitment ,Transducer,HEK-293,Arrestin-3 (β-arrestin-2),59.0,5.823995608527747,5.567,7.594847620169892,0.020398090798207758
10.1021/acs.jmedchem.6b01875,DRD2_HUMAN,11,Accumulation,Downstream,HEK-293,,82.0,6.592949185195749,6.489,8.506763037579466,0.012802676368716348
10.1021/acs.jmedchem.6b01875,DRD2_HUMAN,12,Recruitment ,Transducer,HEK-293,Arrestin-3 (β-arrestin-2),34.0,5.301029995663981,4.92,6.832508912706237,-0.0949406166654474
10.1021/acs.jmedchem.6b01875,DRD2_HUMAN,12,Accumulation,Downstream,HEK-293,,77.0,5.836004245358256,5.716,7.722494970530738,0.001534609319987723
10.1021/acs.jmedchem.6b01875,DRD2_HUMAN,15,Recruitment ,Transducer,HEK-293,Arrestin-3 (β-arrestin-2),38.0,5.607004242422646,5.173,7.186787839039456,0.006338309667772268
10.1021/acs.jmedchem.6b01875,DRD2_HUMAN,15,Accumulation,Downstream,HEK-293,,107.0,5.911013881052087,5.986,7.940397658737297,-0.05056270247345296
10.1021/acs.jmedchem.6b01875,DRD2_HUMAN,16,Recruitment ,Transducer,HEK-293,Arrestin-3 (β-arrestin-2),14.0,6.856985199745905,5.947,8.003113235424143,0.048663706052459066
10.1021/acs.jmedchem.6b01875,DRD2_HUMAN,16,Accumulation,Downstream,HEK-293,,89.0,6.553929064298995,6.484,8.503319070943908,0.014358709733158115
10.1021/acs.jmedchem.6b01875,DRD2_HUMAN,17,Recruitment ,Transducer,HEK-293,Arrestin-3 (β-arrestin-2),29.0,5.727995853756558,5.185,7.190393851655514,-0.002055677716169324
10.1021/acs.jmedchem.6b01875,DRD2_HUMAN,17,Accumulation,Downstream,HEK-293,,85.0,5.99800682617647,5.924,7.9274257518907625,-0.001534609319987723
10.1021/acs.jmedchem.6b01875,DRD2_HUMAN,18,Recruitment ,Transducer,HEK-293,Arrestin-3 (β-arrestin-2),52.0,6.677987561417599,6.475,8.393990905052398,-0.08845862431928575
10.1021/acs.jmedchem.6b01875,DRD2_HUMAN,18,Accumulation,Downstream,HEK-293,,97.0,7.18111458540599,7.171,9.167886319672235,-0.00807404153851543
10.1021/acs.jmedchem.6b01875,DRD2_HUMAN,19,Recruitment ,Transducer,HEK-293,Arrestin-3 (β-arrestin-2),66.0,6.811071516239147,6.636,8.630615451781015,-0.012834077590669235
10.1021/acs.jmedchem.6b01875,DRD2_HUMAN,19,Accumulation,Downstream,HEK-293,,96.0,9.522878745280337,9.602,11.505149978319906,-0.10181038289084388
10.1021/acs.jmedchem.6b01875,DRD2_HUMAN,20,Recruitment ,Transducer,HEK-293,Arrestin-3 (β-arrestin-2),5.0,6.025028005701931,4.765,6.72399801003795,-0.04845151933373382
10.1021/acs.jmedchem.6b01875,DRD2_HUMAN,20,Accumulation,Downstream,HEK-293,,112.0,6.470954829234231,6.648,8.520172851904412,-0.1327875093063371
10.1021/acs.jmedchem.6b01875,DRD2_HUMAN,22,Recruitment ,Transducer,HEK-293,Arrestin-3 (β-arrestin-2),61.0,7.130768280269024,7.014,8.916098115279791,-0.10535141409189341
10.1021/acs.jmedchem.6b01875,DRD2_HUMAN,22,Accumulation,Downstream,HEK-293,,73.0,8.508638306165727,7.697,10.371961166286184,0.6700008050754338
10.1021/acs.jmedchem.6b01875,DRD2_HUMAN,(-)-Quinpirole,Recruitment ,Transducer,HEK-293,Arrestin-3 (β-arrestin-2),100.0,6.830913642512977,6.811,8.830913642512977,0.01246411314129281
10.1021/acs.jmedchem.6b01875,DRD2_HUMAN,(-)-Quinpirole,Accumulation,Downstream,HEK-293,,100.0,7.962573502059376,7.929,9.962573502059376,0.028613140848626095
10.1021/acs.jmedchem.6b01875,DRD2_HUMAN,Sumanirole,Recruitment ,Transducer,HEK-293,Arrestin-3 (β-arrestin-2),91.0,6.299988937677887,6.255,8.25903032999898,-0.0034191993727037406
10.1021/acs.jmedchem.6b01875,DRD2_HUMAN,Sumanirole,Accumulation,Downstream,HEK-293,,114.0,7.492144128304169,7.611,9.549048979640641,-0.06691138157010812
10.1021/acs.jmedchem.7b00363,DRD2_HUMAN,1 (UNC0006),Recruitment ,Transducer,HEK-293,Arrestin-3 (β-arrestin-2),19.0,6.568636235841013,6.6,7.847389836793842,-0.692972852700402
10.1021/acs.jmedchem.7b00363,DRD2_HUMAN,1 (UNC0006),Activation,Transducer,HEK-293T,GoA,17.0,5.301029995663981,3.98,6.531478917042255,0.5475875030410671
10.1021/acs.jmedchem.7b00363,DRD2_HUMAN,13a,Recruitment ,Transducer,HEK-293,Arrestin-3 (β-arrestin-2),110.0,6.698970004336019,6.8,8.740362689494244,0.0
10.1021/acs.jmedchem.7b00363,DRD2_HUMAN,13a,Activation,Transducer,HEK-293T,GoA,55.0,7.173925197299173,7.08,8.914287886793417,-0.16960352720777117
10.1021/acs.jmedchem.7b00363,DRD2_HUMAN,13b,Recruitment ,Transducer,HEK-293,Arrestin-3 (β-arrestin-2),51.0,6.886056647693163,6.92,8.5936268237911,-0.26673586570314445
10.1021/acs.jmedchem.7b00363,DRD2_HUMAN,13b,Activation,Transducer,HEK-293T,GoA,36.0,5.301029995663981,4.82,6.857332496431269,0.03344108243008037
10.1021/acs.jmedchem.7b00363,DRD2_HUMAN,13c,Recruitment ,Transducer,HEK-293,Arrestin-3 (β-arrestin-2),94.0,6.200659450546418,6.19,8.173787304146117,0.04342461465187242
10.1021/acs.jmedchem.7b00363,DRD2_HUMAN,13c,Activation,Transducer,HEK-293T,GoA,26.0,7.107905397309519,6.58,8.522878745280337,-0.06101266872085098
10.1021/acs.jmedchem.7b00363,DRD2_HUMAN,17a,Recruitment ,Transducer,HEK-293,Arrestin-3 (β-arrestin-2),103.0,6.6020599913279625,6.65,8.614897216033135,0.024534526538890766
10.1021/acs.jmedchem.7b00363,DRD2_HUMAN,17a,Activation,Transducer,HEK-293T,GoA,56.0,7.045757490560675,6.65,8.793945517566875,0.14005410356568682
10.1021/acs.jmedchem.7b00363,DRD2_HUMAN,Aripiprazole,Recruitment ,Transducer,HEK-293,Arrestin-3 (β-arrestin-2),43.0,6.130768280269024,6.2,7.76423673584861,-0.3761259536456345
10.1021/acs.jmedchem.7b00363,DRD2_HUMAN,Aripiprazole,Activation,Transducer,HEK-293T,GoA,14.0,6.886056647693163,6.15,8.032184683371401,-0.12170673062978743
10.1021/acs.jmedchem.7b00363,DRD2_HUMAN,Dopamine,Recruitment ,Transducer,HEK-293,Arrestin-3 (β-arrestin-2),97.0,6.795880017344075,6.79,8.78265175161032,0.05228906211607587
10.1021/acs.jmedchem.7b00363,DRD2_HUMAN,Dopamine,Activation,Transducer,HEK-293T,GoA,93.0,6.698970004336019,6.59,8.667452952889954,0.07356153888876626
10.1021/acs.jmedchem.7b00363,DRD2_HUMAN,Pramipexole,Recruitment ,Transducer,HEK-293,Arrestin-3 (β-arrestin-2),100.0,8.017728766960431,8.03,10.017728766960431,0.047366077466187484
10.1021/acs.jmedchem.7b00363,DRD2_HUMAN,Pramipexole,Activation,Transducer,HEK-293T,GoA,102.0,7.0,7.05,9.008600171761918,-0.04529124223927017
10.1021/acs.jmedchem.7b00363,DRD2_HUMAN,Quinpirole,Recruitment ,Transducer,HEK-293,Arrestin-3 (β-arrestin-2),100.0,7.795880017344075,7.82,9.795880017344075,0.035517327849830416
10.1021/acs.jmedchem.7b00363,DRD2_HUMAN,Quinpirole,Activation,Transducer,HEK-293T,GoA,100.0,6.568636235841013,6.62,8.568636235841012,-0.05525517816017622
10.1021/acs.jmedchem.7b00363,DRD2_HUMAN,Ropinirole,Recruitment ,Transducer,HEK-293,Arrestin-3 (β-arrestin-2),104.0,7.522878745280337,7.61,9.539912084579118,-0.010450604915126505
10.1021/acs.jmedchem.7b00363,DRD2_HUMAN,Ropinirole,Activation,Transducer,HEK-293T,GoA,92.0,6.481486060122113,6.42,8.445273887467668,0.021382473466479368
10.1021/acs.jmedchem.7b00363,DRD2_HUMAN,Rotigotine,Recruitment ,Transducer,HEK-293,Arrestin-3 (β-arrestin-2),106.0,8.356547323513812,8.49,10.381853188778582,-0.048509500715662845
10.1021/acs.jmedchem.7b00363,DRD2_HUMAN,Rotigotine,Activation,Transducer,HEK-293T,GoA,91.0,8.494850021680094,8.45,10.453891414001188,0.0
10.1124/mol.116.103283,AA3R_HUMAN,MRS5783,Accumulation,Downstream,CHO,,128.125,5.5,5.5,7.607633878399829,-0.023906413359616963
10.1124/mol.116.103283,AA3R_HUMAN,MRS5857,Accumulation,Downstream,CHO,,106.25,7.7,7.6,9.72632893872235,-0.005211353037095634
10.1124/mol.116.103283,AA3R_HUMAN,MRS5916,Accumulation,Downstream,CHO,,112.5,8.3,8.2,10.351152522447382,0.019612230687936716
10.1124/mol.116.103283,AA3R_HUMAN,MRS7030,Accumulation,Downstream,CHO,,115.625,7.2,7.2,9.26305174574709,-0.06848854601235654
10.1124/mol.116.103283,AA3R_HUMAN,MRS7034,Accumulation,Downstream,CHO,,112.5,7.6,7.5,9.651152522447381,0.01961223068793494
10.1124/mol.116.103283,AA3R_HUMAN,NECA,Accumulation,Downstream,CHO,,156.25,8.2,8.2,10.393820026016112,0.06227973425666633
10.1021/acs.jmedchem.8b00047,AA1R_HUMAN,2,Accumulation,Downstream,CHO,,115.0,5.87,6.01,7.930697840353612,-0.09191176016885816
10.1021/acs.jmedchem.8b00047,AA1R_HUMAN,3,Accumulation,Downstream,CHO,,106.0,6.65,6.7,8.675305865264772,-0.03730373525769881
10.1021/acs.jmedchem.8b00047,AA1R_HUMAN,4,Accumulation,Downstream,CHO,,112.0,7.01,6.8,9.059218022670182,0.24660842214771161
10.1021/acs.jmedchem.8b00047,AA1R_HUMAN,5,Accumulation,Downstream,CHO,,114.0,7.02,6.98,9.076904851336472,0.08429525081400158
10.1021/acs.jmedchem.8b00047,AA1R_HUMAN,6,Accumulation,Downstream,CHO,,105.0,7.64,7.85,9.661189299069939,-0.2014203014525311
10.1021/acs.jmedchem.8b00047,AA1R_HUMAN,7,Accumulation,Downstream,CHO,,99.0,6.98,6.97,8.975635194597551,-0.006974405924919047
10.1021/acs.jmedchem.8b00047,AA1R_HUMAN,8,Accumulation,Downstream,CHO,,104.0,5.89,5.89,7.9070333392987795,0.004423738776309527
10.1124/mol.110.067454,ADA1A_HUMAN,A61603,Accumulation,Downstream,CHO-K1,,105.0,9.63,9.58,11.651189299069939,0.0
10.1021/acs.jmedchem.8b00047,AA1R_HUMAN,9,Accumulation,Downstream,CHO,,119.0,6.86,6.97,8.93554696139253,-0.047062639129939576
10.1124/mol.110.067454,ADA1A_HUMAN,Cirazoline,Accumulation,Downstream,CHO-K1,,105.0,8.54,8.57,10.561189299069937,-0.08000000000000185
10.1021/acs.jmedchem.8b00047,AA1R_HUMAN,10,Accumulation,Downstream,CHO,,114.0,6.96,6.93,9.016904851336474,0.07429525081400357
10.1124/mol.110.067454,ADA1A_HUMAN,Epinephrine,Accumulation,Downstream,CHO-K1,,103.0,9.32,9.33,11.332837224705173,-0.06835207436476587
10.1021/acs.jmedchem.8b00047,AA1R_HUMAN,11,Accumulation,Downstream,CHO,,110.0,7.42,7.44,9.461392685158225,0.008783084635754612
10.1124/mol.110.067454,ADA1A_HUMAN,Methoxamine,Accumulation,Downstream,CHO-K1,,95.0,7.44,7.24,9.417723605288849,0.10653430621890969
10.1021/acs.jmedchem.8b00047,AA1R_HUMAN,12,Accumulation,Downstream,CHO,,101.0,7.38,7.21,9.384321373782642,0.16171177326017183
10.1124/mol.110.067454,ADA1A_HUMAN,Norepinephrine,Accumulation,Downstream,CHO-K1,,100.0,8.83,8.78,10.83,-0.021189299069938272
10.1021/acs.jmedchem.8b00047,AA1R_HUMAN,13,Accumulation,Downstream,CHO,,106.0,6.77,6.64,8.795305865264769,0.14269626474229913
10.1124/mol.110.067454,ADA1A_HUMAN,Norepinephrine,Accumulation,Downstream,CHO-K1,,100.0,8.58,8.46,10.58,0.048810700930060236
10.1021/acs.jmedchem.8b00047,AA1R_HUMAN,14,Accumulation,Downstream,CHO,,109.0,6.86,6.86,8.897426497940625,0.024816897418154404
10.1124/mol.110.067454,ADA1A_HUMAN,Oxymetazoline,Accumulation,Downstream,CHO-K1,,84.0,8.86,8.52,10.784279286061881,0.1930899869919429
10.1021/acs.jmedchem.8b00047,AA1R_HUMAN,15,Accumulation,Downstream,CHO,,100.0,7.17,7.04,9.17,0.1173903994775296
10.1124/mol.110.067454,ADA1A_HUMAN,Phenylephrine,Accumulation,Downstream,CHO-K1,,99.0,8.1,7.94,10.09563519459755,0.08444589552761084
10.1021/acs.jmedchem.8b00047,AA1R_HUMAN,16,Accumulation,Downstream,CHO,,117.0,6.63,6.69,8.698185861746161,-0.004423738776309527
10.1021/acs.jmedchem.8b00047,AA1R_HUMAN,1 (VCP746),Accumulation,Downstream,CHO,,112.0,7.37,7.35,9.419218022670181,0.056608422147711224
10.1021/acs.jmedchem.8b00047,AA1R_HUMAN,NECA,Accumulation,Downstream,CHO,,101.0,9.12,8.98,11.124321373782642,0.13171177326017158
10.1021/acs.jmedchem.8b01912,FPR1_HUMAN,43,Phosphorylation,Downstream,CHO,,100.0,7.29,7.23,9.29,0.08499999999999774
10.1021/acs.jmedchem.8b01912,FPR1_HUMAN,50,Phosphorylation,Downstream,CHO,,100.0,7.08,7.1,9.08,0.004999999999999449
10.1021/acs.jmedchem.8b01912,FPR1_HUMAN,54,Phosphorylation,Downstream,CHO,,100.0,7.03,7.06,9.030000000000001,-0.004999999999999449
10.1021/acs.jmedchem.8b01912,FPR1_HUMAN,17b,Phosphorylation,Downstream,CHO,,92.7927927927928,6.22,6.33,8.187514245918514,-0.11748575408148687
10.1021/acs.jmedchem.8b01912,FPR2_HUMAN,43,Phosphorylation,Downstream,CHO,,100.0,7.39,7.33,9.39,0.009999999999999787
10.1021/acs.jmedchem.8b01912,FPR2_HUMAN,50,Phosphorylation,Downstream,CHO,,100.0,7.15,7.16,9.15,-0.0600000000000005
10.1021/acs.jmedchem.8b01912,FPR2_HUMAN,54,Phosphorylation,Downstream,CHO,,100.0,7.21,7.16,9.21,0.0
10.1038/s41598-020-65636-3,ADRB1_HUMAN,Epinephrine,Accumulation,Downstream,HEK-293,,110.4,7.2,7.24,9.24296907339318,-0.060593151760469866
10.1038/s41598-020-65636-3,ADRB1_HUMAN,Isoproterenol,Accumulation,Downstream,HEK-293,,107.8,7.68,7.69,9.71261876085072,-0.04094346430292983
10.1038/s41598-020-65636-3,ADRB1_HUMAN,Norepinephrine,Accumulation,Downstream,HEK-293,,101.9,7.17,7.13,9.178174184006426,-0.015388041147223142
10.1021/acschemneuro.9b00429,CNR1_HUMAN,AMB-FUBINACA,Recruitment ,Transducer,HEK,Arrestin-2 (β-arrestin-1),101.7,7.05,7.149,9.057320952922744,0.15814379283750846
10.1021/acschemneuro.9b00429,CNR1_HUMAN,AMB-FUBINACA,Recruitment ,Transducer,HEK,Arrestin-3 (β-arrestin-2),102.4,7.26,7.28,9.270299956639812,0.05745196392339347
10.1021/acschemneuro.9b00429,CNR1_HUMAN,AMB-FUBINACA,Internalization ,Transducer,HEK,,158.96,8.14,8.134,10.34128785410176,0.056143927050880116
10.1021/acschemneuro.9b00429,CNR1_HUMAN,AMB-FUBINACA,Phosphorylation,Downstream,HEK,,118.2,8.8,8.802,10.872617476545237,0.0725463455157116
10.1021/acschemneuro.9b00429,CNR1_HUMAN,AMB-FUBINACA,Accumulation,Downstream,HEK,,101.1,9.18,9.195,11.184751155591002,-0.10907185170607869
10.1021/acschemneuro.9b00429,CNR1_HUMAN,"CP55,940",Recruitment ,Transducer,HEK,Arrestin-2 (β-arrestin-1),19.1,7.29,6.979,8.571033367247727,-0.15814379283750846
10.1021/acschemneuro.9b00429,CNR1_HUMAN,"CP55,940",Recruitment ,Transducer,HEK,Arrestin-3 (β-arrestin-2),57.2,6.75,6.632,8.507396028793025,-0.05745196392339347
10.1021/acschemneuro.9b00429,CNR1_HUMAN,"CP55,940",Internalization ,Transducer,HEK,,100.0,8.28,8.185,10.28,-0.056143927050880116
10.1021/acschemneuro.9b00429,CNR1_HUMAN,"CP55,940",Phosphorylation,Downstream,HEK,,100.0,8.35,8.308,10.35,0.04392886897047399
10.1021/acschemneuro.9b00429,CNR1_HUMAN,"CP55,940",Accumulation,Downstream,HEK,,99.4,9.2,9.172,11.197386384397312,-0.07343662289976871
10.1021/acschemneuro.9b00429,CNR1_HUMAN,"WIN55,212-2",Internalization ,Transducer,HEK,,194.55,6.6,6.624,8.889031235139761,0.11388730808888248
10.1021/acschemneuro.9b00429,CNR1_HUMAN,"WIN55,212-2",Phosphorylation,Downstream,HEK,,113.8,6.91,7.012,8.966142262059051,-0.04392886897047399
10.1021/acschemneuro.9b00429,CNR1_HUMAN,"WIN55,212-2",Accumulation,Downstream,HEK,,92.1,8.12,7.912,10.084259630196849,0.07343662289976871
10.1021/acschemneuro.9b00429,CNR1_HUMAN,Δ9-THC,Internalization ,Transducer,HEK,,30.54,7.14,6.675,8.624869032720403,-0.20127489433047607
10.1021/acschemneuro.9b00429,CNR1_HUMAN,Δ9-THC,Phosphorylation,Downstream,HEK,,50.9,7.23,7.1,8.936717782336759,-0.16135334869276674
10.1021/acschemneuro.9b00429,CNR1_HUMAN,Δ9-THC,Accumulation,Downstream,HEK,,67.8,7.78,7.419,9.611229693867063,0.09340668656998341
10.1021/acsptsci.0c00022,GLP1R_HUMAN,Chimera 1,Recruitment ,Transducer,CHO-K1,Arrestin-3 (β-arrestin-2),108.0,6.6,6.6,8.63342375548695,-0.035059193066985905
10.1021/acsptsci.0c00022,GLP1R_HUMAN,Chimera 1 ,Recruitment ,Transducer,CHO-K1,Arrestin-3 (β-arrestin-2),102.0,6.4,6.4,8.408600171761918,-0.059882776792018255
10.1021/acsptsci.0c00022,GLP1R_HUMAN,Chimera 1 ,Internalization ,Transducer,HEK-293,,100.0,8.2,8.2,10.2,0.0
10.1021/acsptsci.0c00022,GLP1R_HUMAN,Chimera 1 ,Accumulation,Downstream,CHO-K1,,100.0,9.5,9.5,11.5,0.0
10.1021/acsptsci.0c00022,GLP1R_HUMAN,Chimera 1 ,Accumulation,Downstream,CHO-K1,,100.0,9.5,9.5,11.5,0.0
10.1021/acsptsci.0c00022,GLP1R_HUMAN,Chimera 1-phe1,Recruitment ,Transducer,CHO-K1,Arrestin-3 (β-arrestin-2),55.0,5.6,5.2,7.340362689494244,0.07187974094030736
10.1021/acsptsci.0c00022,GLP1R_HUMAN,Chimera 1-phe1,Accumulation,Downstream,CHO-K1,,100.0,8.1,8.1,10.1,0.0
10.1021/acsptsci.0c00022,GLP1R_HUMAN,Chimera 2,Recruitment ,Transducer,CHO-K1,Arrestin-3 (β-arrestin-2),104.0,6.9,6.9,8.917033339298781,-0.051449609255155515
10.1021/acsptsci.0c00022,GLP1R_HUMAN,Chimera 2,Recruitment ,Transducer,CHO-K1,Arrestin-3 (β-arrestin-2),108.0,7.0,7.0,9.03342375548695,-0.035059193066985905
10.1021/acsptsci.0c00022,GLP1R_HUMAN,Chimera 2,Internalization ,Transducer,HEK-293,,101.0,8.2,8.2,10.204321373782642,0.004321373782643079
10.1021/acsptsci.0c00022,GLP1R_HUMAN,Chimera 2,Accumulation,Downstream,CHO-K1,,100.0,10.0,10.0,12.0,0.0
10.1021/acsptsci.0c00022,GLP1R_HUMAN,Chimera 2,Accumulation,Downstream,CHO-K1,,100.0,10.0,9.9,12.0,0.09999999999999964
10.1021/acsptsci.0c00022,GLP1R_HUMAN,Chimera 2-phe1,Recruitment ,Transducer,CHO-K1,Arrestin-3 (β-arrestin-2),62.0,5.9,5.5,7.692391689498255,0.12390874094431847
10.1021/acsptsci.0c00022,GLP1R_HUMAN,Chimera 2-phe1,Accumulation,Downstream,CHO-K1,,100.0,8.8,8.7,10.8,0.10000000000000142
10.1021/acsptsci.0c00022,GLP1R_HUMAN,Chimera 3,Recruitment ,Transducer,CHO-K1,Arrestin-3 (β-arrestin-2),93.0,6.9,6.8,8.868482948553936,0.0
10.1021/acsptsci.0c00022,GLP1R_HUMAN,Chimera 3,Recruitment ,Transducer,CHO-K1,Arrestin-3 (β-arrestin-2),105.0,7.0,7.0,9.021189299069938,-0.047293649483997946
10.1021/acsptsci.0c00022,GLP1R_HUMAN,Chimera 3,Internalization ,Transducer,HEK-293,,103.0,8.4,8.4,10.412837224705171,0.012837224705171124
10.1021/acsptsci.0c00022,GLP1R_HUMAN,Chimera 3,Accumulation,Downstream,CHO-K1,,100.0,10.0,10.0,12.0,0.0
10.1021/acsptsci.0c00022,GLP1R_HUMAN,Chimera 3,Accumulation,Downstream,CHO-K1,,100.0,9.9,9.8,11.9,0.09999999999999964
10.1021/acsptsci.0c00022,GLP1R_HUMAN,Chimera 3-phe1,Recruitment ,Transducer,CHO-K1,Arrestin-3 (β-arrestin-2),53.0,6.3,5.9,8.024275869600789,0.055792921046852406
10.1021/acsptsci.0c00022,GLP1R_HUMAN,Chimera 3-phe1,Accumulation,Downstream,CHO-K1,,100.0,9.4,9.3,11.4,0.09999999999999964
10.1021/acsptsci.0c00022,GLP1R_HUMAN,Ex-ala2,Recruitment ,Transducer,CHO-K1,Arrestin-3 (β-arrestin-2),97.0,7.1,6.8,9.086771734266245,0.2182887857123088
10.1021/acsptsci.0c00022,GLP1R_HUMAN,Ex-ala2,Recruitment ,Transducer,CHO-K1,Arrestin-3 (β-arrestin-2),105.0,7.3,7.2,9.321189299069939,0.05270635051600259
10.1021/acsptsci.0c00022,GLP1R_HUMAN,Ex-ala2,Internalization ,Transducer,HEK-293,,101.0,8.3,8.3,10.304321373782644,0.004321373782643079
10.1021/acsptsci.0c00022,GLP1R_HUMAN,Ex-ala2,Accumulation,Downstream,CHO-K1,,100.0,10.1,10.1,12.1,0.0
10.1021/acsptsci.0c00022,GLP1R_HUMAN,Ex-ala2,Accumulation,Downstream,CHO-K1,,100.0,10.0,10.0,12.0,0.0
10.1021/acsptsci.0c00022,GLP1R_HUMAN,Ex-ala2-phe1,Recruitment ,Transducer,CHO-K1,Arrestin-3 (β-arrestin-2),51.0,6.7,6.2,8.407570176097936,0.1390872275439996
10.1021/acsptsci.0c00022,GLP1R_HUMAN,Ex-ala2-phe1,Accumulation,Downstream,CHO-K1,,100.0,9.8,9.8,11.8,0.0
10.1021/acsptsci.0c00022,GLP1R_HUMAN,Ex-phe1,Recruitment ,Transducer,CHO-K1,Arrestin-3 (β-arrestin-2),12.0,6.0,4.6,7.079181246047625,0.41069829749368925
10.1021/acsptsci.0c00022,GLP1R_HUMAN,Ex-phe1,Accumulation,Downstream,CHO-K1,,100.0,9.0,8.9,11.0,0.09999999999999964
10.1021/acsptsci.0c00022,GLP1R_HUMAN,Exendin-4,Recruitment ,Transducer,CHO-K1,Arrestin-3 (β-arrestin-2),77.0,6.9,7.0,8.786490725172483,-0.2819922233814536
10.1021/acsptsci.0c00022,GLP1R_HUMAN,Exendin-4,Recruitment ,Transducer,CHO-K1,Arrestin-3 (β-arrestin-2),87.0,7.2,7.0,9.13951925261862,0.07103630406468309
10.1021/acsptsci.0c00022,GLP1R_HUMAN,Exendin-4,Internalization ,Transducer,HEK-293,,92.0,8.4,8.4,10.363787827345556,-0.03621217265444443
10.1021/acsptsci.0c00022,GLP1R_HUMAN,Exendin-4,Accumulation,Downstream,CHO-K1,,100.0,10.2,10.1,12.2,0.09999999999999964
10.1021/acsptsci.0c00022,GLP1R_HUMAN,Exendin-4,Accumulation,Downstream,CHO-K1,,100.0,10.0,10.1,12.0,-0.09999999999999964
10.1021/acsptsci.0c00022,GLP1R_HUMAN,GLP-1,Recruitment ,Transducer,CHO-K1,Arrestin-3 (β-arrestin-2),102.0,6.2,6.2,8.208600171761917,-0.05988277679201914
10.1021/acsptsci.0c00022,GLP1R_HUMAN,GLP-1,Recruitment ,Transducer,CHO-K1,Arrestin-3 (β-arrestin-2),111.0,6.4,6.4,8.445322978786658,-0.023159969767278632
10.1021/acsptsci.0c00022,GLP1R_HUMAN,GLP-1,Internalization ,Transducer,HEK-293,,98.0,7.8,7.8,9.791226075692494,-0.008773924307505787
10.1021/acsptsci.0c00022,GLP1R_HUMAN,GLP-1,Accumulation,Downstream,CHO-K1,,100.0,9.5,9.5,11.5,0.0
10.1021/acsptsci.0c00022,GLP1R_HUMAN,GLP-1,Accumulation,Downstream,CHO-K1,,100.0,9.4,9.3,11.4,0.09999999999999964
10.1021/acsptsci.0c00022,GLP1R_HUMAN,GLP-1-gly2,Recruitment ,Transducer,CHO-K1,Arrestin-3 (β-arrestin-2),87.0,5.7,5.7,7.639519252618618,-0.12896369593531798
10.1021/acsptsci.0c00022,GLP1R_HUMAN,GLP-1-gly2,Recruitment ,Transducer,CHO-K1,Arrestin-3 (β-arrestin-2),101.0,5.8,5.8,7.804321373782642,-0.06416157477129403
10.1021/acsptsci.0c00022,GLP1R_HUMAN,GLP-1-gly2,Internalization ,Transducer,HEK-293,,86.0,7.7,7.8,9.634498451243568,-0.1655015487564322
10.1021/acsptsci.0c00022,GLP1R_HUMAN,GLP-1-gly2,Accumulation,Downstream,CHO-K1,,100.0,8.8,8.9,10.8,-0.09999999999999964
10.1021/acsptsci.0c00022,GLP1R_HUMAN,GLP-1-gly2,Accumulation,Downstream,CHO-K1,,100.0,8.8,8.8,10.8,0.0
10.1021/acsptsci.0c00022,GLP1R_HUMAN,GLP-1-gly2-phe1,Recruitment ,Transducer,CHO-K1,Arrestin-3 (β-arrestin-2),16.0,4.8,3.6,6.004119982655925,0.33563703410198853
10.1021/acsptsci.0c00022,GLP1R_HUMAN,GLP-1-gly2-phe1,Accumulation,Downstream,CHO-K1,,100.0,7.0,7.1,9.0,-0.09999999999999964
10.1021/acsptsci.0c00022,GLP1R_HUMAN,GLP-1-phe1,Recruitment ,Transducer,CHO-K1,Arrestin-3 (β-arrestin-2),61.0,5.7,5.4,7.485329835010767,0.016846886456830745
10.1021/acsptsci.0c00022,GLP1R_HUMAN,GLP-1-phe1,Accumulation,Downstream,CHO-K1,,100.0,8.1,8.1,10.1,0.0
10.1021/acsptsci.9b00083,CALRL_HUMAN,AM,Phosphorylation,Downstream,COS-7,,76.2,8.57,8.25,10.451954971339601,-0.01653004753904863
10.1021/acsptsci.9b00083,CALRL_HUMAN,AM,Phosphorylation,Downstream,COS-7,,90.2,8.0,8.11,9.955206537541942,-0.3732784813367074
10.1021/acsptsci.9b00083,CALRL_HUMAN,AM,Phosphorylation,Downstream,COS-7,,100.0,9.67,9.46,11.67,-0.00848501887865094
10.1021/acsptsci.9b00083,CALRL_HUMAN,AM,Phosphorylation,Downstream,COS-7,,100.0,9.03,8.88,11.03,-0.06848501887865144
10.1021/acsptsci.9b00083,CALRL_HUMAN,AM,Phosphorylation,Downstream,COS-7,,100.0,8.98,8.92,10.98,-0.15848501887864952
10.1021/acsptsci.9b00083,CALRL_HUMAN,AM,Phosphorylation,Downstream,COS-7,,113.0,8.89,8.69,10.94307844348342,0.034593424604770995
10.1021/acsptsci.9b00083,CALRL_HUMAN,AM,Phosphorylation,Downstream,COS-7,,54.8,6.5,6.11,8.238780558484368,-0.08970446039428204
10.1021/acsptsci.9b00083,CALRL_HUMAN,AM,Phosphorylation,Downstream,COS-7,,145.0,6.29,5.89,8.451368002234975,0.3428829833563256
10.1021/acsptsci.9b00083,CALRL_HUMAN,AM,Phosphorylation,Downstream,COS-7,,100.0,7.9,7.86,9.9,-0.17848501887864998
10.1021/acsptsci.9b00083,CALRL_HUMAN,AM,Phosphorylation,Downstream,COS-7,,98.1,7.87,7.4,9.861669007379948,0.24318398850129785
10.1021/acsptsci.9b00083,CALRL_HUMAN,AM,Accumulation,Downstream,COS-7,,87.6,8.1,7.87,10.04250410616808,-0.06737498023315602
10.1021/acsptsci.9b00083,CALRL_HUMAN,AM,Accumulation,Downstream,COS-7,,123.0,7.94,7.69,10.029905111439398,0.10002602503816149
10.1021/acsptsci.9b00083,CALRL_HUMAN,AM,Accumulation,Downstream,COS-7,,100.0,9.3,9.12,11.3,-0.05987908640123418
10.1021/acsptsci.9b00083,CALRL_HUMAN,AM,Accumulation,Downstream,COS-7,,97.9,9.05,8.81,11.04078269180314,-0.009096394598096857
10.1021/acsptsci.9b00083,CALRL_HUMAN,AM,Accumulation,Downstream,COS-7,,100.0,9.48,9.42,11.48,-0.17987908640123518
10.1021/acsptsci.9b00083,CALRL_HUMAN,AM,Accumulation,Downstream,COS-7,,111.0,9.45,9.33,11.495322978786657,-0.07455610761457887
10.1021/acsptsci.9b00083,CALRL_HUMAN,AM,Phosphorylation,Downstream,COS-7,,91.9,7.76,7.47,9.723315511386112,0.03483049250746184
10.1021/acsptsci.9b00083,CALRL_HUMAN,AM,Phosphorylation,Downstream,COS-7,,99.2,8.32,8.06,10.31651167215418,0.03802665327552912
10.1021/acsptsci.9b00083,CALRL_HUMAN,AM,Phosphorylation,Downstream,COS-7,,100.0,9.06,8.86,11.06,-0.01848501887864895
10.1021/acsptsci.9b00083,CALRL_HUMAN,AM,Phosphorylation,Downstream,COS-7,,93.1,9.05,8.75,11.018949680981343,0.0504646621026934
10.1021/acsptsci.9b00083,CALRL_HUMAN,AM,Phosphorylation,Downstream,COS-7,,100.0,9.31,9.18,11.31,-0.08848501887864924
10.1021/acsptsci.9b00083,CALRL_HUMAN,AM,Phosphorylation,Downstream,COS-7,,110.0,9.23,9.02,11.271392685158226,0.0329076662795762
10.1021/acsptsci.9b00083,CALRL_HUMAN,AM15-52,Phosphorylation,Downstream,COS-7,,90.2,8.24,8.19,10.195206537541942,-0.21327848133670724
10.1021/acsptsci.9b00083,CALRL_HUMAN,AM15-52,Phosphorylation,Downstream,COS-7,,100.0,8.95,8.8,10.95,-0.06848501887865144
10.1021/acsptsci.9b00083,CALRL_HUMAN,AM15-52,Phosphorylation,Downstream,COS-7,,113.0,8.85,8.66,10.90307844348342,0.02459342460476943
10.1021/acsptsci.9b00083,CALRL_HUMAN,AM15-52,Phosphorylation,Downstream,COS-7,,100.0,7.81,7.5,9.809999999999999,0.0915149811213487
10.1021/acsptsci.9b00083,CALRL_HUMAN,AM15-52,Phosphorylation,Downstream,COS-7,,100.0,9.06,8.91,11.06,-0.06848501887864966
10.1021/acsptsci.9b00083,CALRL_HUMAN,AM15-52,Phosphorylation,Downstream,COS-7,,100.0,8.8,8.57,10.8,0.01151498112135041
10.1021/acsptsci.9b00083,CALRL_HUMAN,AM15-52,Phosphorylation,Downstream,COS-7,,145.0,5.96,5.73,8.121368002234975,0.1728829833563248
10.1021/acsptsci.9b00083,CALRL_HUMAN,AM15-52,Phosphorylation,Downstream,COS-7,,98.1,7.71,7.22,9.701669007379948,0.2631839885012983
10.1021/acsptsci.9b00083,CALRL_HUMAN,AM15-52,Phosphorylation,Downstream,COS-7,,100.0,5.97,5.65,7.97,0.10151498112134938
10.1021/acsptsci.9b00083,CALRL_HUMAN,AM15-52,Phosphorylation,Downstream,COS-7,,100.0,7.77,7.3,9.77,0.25151498112134973
10.1021/acsptsci.9b00083,CALRL_HUMAN,AM15-52,Accumulation,Downstream,COS-7,,123.0,7.74,7.56,9.829905111439398,0.030026025038162985
10.1021/acsptsci.9b00083,CALRL_HUMAN,AM15-52,Accumulation,Downstream,COS-7,,97.9,8.79,8.53,10.780782691803138,0.010903605401902716
10.1021/acsptsci.9b00083,CALRL_HUMAN,AM15-52,Accumulation,Downstream,COS-7,,111.0,9.07,9.0,11.115322978786658,-0.1245561076145778
10.1021/acsptsci.9b00083,CALRL_HUMAN,AM15-52,Accumulation,Downstream,COS-7,,100.0,7.84,7.59,9.84,0.010120913598764325
10.1021/acsptsci.9b00083,CALRL_HUMAN,AM15-52,Accumulation,Downstream,COS-7,,100.0,8.64,8.38,10.64,0.020120913598764112
10.1021/acsptsci.9b00083,CALRL_HUMAN,AM15-52,Accumulation,Downstream,COS-7,,100.0,9.06,8.93,11.06,-0.1098790864012349
10.1021/acsptsci.9b00083,CALRL_HUMAN,AM15-52,Phosphorylation,Downstream,COS-7,,99.2,8.06,7.96,10.05651167215418,-0.12197334672447013
10.1021/acsptsci.9b00083,CALRL_HUMAN,AM15-52,Phosphorylation,Downstream,COS-7,,93.1,9.09,8.75,11.058949680981343,0.09046466210269255
10.1021/acsptsci.9b00083,CALRL_HUMAN,AM15-52,Phosphorylation,Downstream,COS-7,,110.0,9.0,8.85,11.041392685158225,-0.0270923337204243
10.1021/acsptsci.9b00083,CALRL_HUMAN,AM15-52,Phosphorylation,Downstream,COS-7,,100.0,8.11,7.94,10.11,-0.048485018878650976
10.1021/acsptsci.9b00083,CALRL_HUMAN,AM15-52,Phosphorylation,Downstream,COS-7,,100.0,9.14,8.83,11.14,0.09151498112135048
10.1021/acsptsci.9b00083,CALRL_HUMAN,AM15-52,Phosphorylation,Downstream,COS-7,,100.0,9.23,9.06,11.23,-0.04848501887865009
10.1021/acsptsci.9b00083,CALRL_HUMAN,AM15-52 F18A,Phosphorylation,Downstream,COS-7,,58.5,7.46,6.93,9.22715586608218,0.07867084720353024
10.1021/acsptsci.9b00083,CALRL_HUMAN,AM15-52 F18A,Phosphorylation,Downstream,COS-7,,69.9,7.71,7.39,9.554477175745681,-0.05400784313296825
10.1021/acsptsci.9b00083,CALRL_HUMAN,AM15-52 F18A,Phosphorylation,Downstream,COS-7,,48.4,7.98,7.54,9.664845361644414,-0.0936396572342364
10.1021/acsptsci.9b00083,CALRL_HUMAN,AM15-52 F18A,Accumulation,Downstream,COS-7,,75.2,6.44,5.96,8.316217840591642,0.11633875419040685
10.1021/acsptsci.9b00083,CALRL_HUMAN,AM15-52 F18A,Accumulation,Downstream,COS-7,,49.6,7.65,7.07,9.345481676490198,0.035602590088962494
10.1021/acsptsci.9b00083,CALRL_HUMAN,AM15-52 F18A,Accumulation,Downstream,COS-7,,80.2,7.74,7.52,9.644174368284164,-0.11570471811707161
10.1021/acsptsci.9b00083,CALRL_HUMAN,AM15-52 F18A,Phosphorylation,Downstream,COS-7,,81.6,6.57,6.32,8.481690158753862,-0.05679486012478829
10.1021/acsptsci.9b00083,CALRL_HUMAN,AM15-52 F18A,Phosphorylation,Downstream,COS-7,,79.2,8.11,7.73,10.008725181589494,0.060240162710843315
10.1021/acsptsci.9b00083,CALRL_HUMAN,AM15-52 F18A,Phosphorylation,Downstream,COS-7,,81.0,7.85,7.57,9.75848501887865,-0.03000000000000025
10.1021/acsptsci.9b00083,CALRL_HUMAN,AM15-52 G15A,Phosphorylation,Downstream,COS-7,,110.0,7.56,7.28,9.601392685158224,0.10290766627957382
10.1021/acsptsci.9b00083,CALRL_HUMAN,AM15-52 G15A,Phosphorylation,Downstream,COS-7,,88.6,9.38,9.2,11.32743372188705,-0.09105129699159864
10.1021/acsptsci.9b00083,CALRL_HUMAN,AM15-52 G15A,Phosphorylation,Downstream,COS-7,,87.7,8.8,8.53,10.742999593366042,-0.005485425512607556
10.1021/acsptsci.9b00083,CALRL_HUMAN,AM15-52 G15A,Phosphorylation,Downstream,COS-7,,86.0,5.98,5.53,7.914498451243568,0.1660134323649176
10.1021/acsptsci.9b00083,CALRL_HUMAN,AM15-52 G15A,Phosphorylation,Downstream,COS-7,,97.6,7.54,7.14,9.529449817666691,0.1709647987880416
10.1021/acsptsci.9b00083,CALRL_HUMAN,AM15-52 G15A,Accumulation,Downstream,COS-7,,100.0,7.48,7.2,9.48,0.040120913598764574
10.1021/acsptsci.9b00083,CALRL_HUMAN,AM15-52 G15A,Accumulation,Downstream,COS-7,,93.9,8.69,8.41,10.66266559226611,0.01278650586487462
10.1021/acsptsci.9b00083,CALRL_HUMAN,AM15-52 G15A,Accumulation,Downstream,COS-7,,97.1,8.94,8.81,10.927219229908005,-0.12265985649323152
10.1021/acsptsci.9b00083,CALRL_HUMAN,AM15-52 G15A,Phosphorylation,Downstream,COS-7,,98.8,8.21,8.02,10.20475694458763,-0.03372807429102043
10.1021/acsptsci.9b00083,CALRL_HUMAN,AM15-52 G15A,Phosphorylation,Downstream,COS-7,,105.0,9.43,9.12,11.451189299069938,0.11270428019128875
10.1021/acsptsci.9b00083,CALRL_HUMAN,AM15-52 G15A,Phosphorylation,Downstream,COS-7,,86.5,9.18,8.94,11.117016107464814,-0.04146891141383602
10.1021/acsptsci.9b00083,CALRL_HUMAN,AM15-52 G19A,Phosphorylation,Downstream,COS-7,,162.0,8.12,8.0,10.329515014542629,0.11102999566397909
10.1021/acsptsci.9b00083,CALRL_HUMAN,AM15-52 G19A,Phosphorylation,Downstream,COS-7,,121.0,9.75,9.71,11.83278537031645,-0.09569964856220015
10.1021/acsptsci.9b00083,CALRL_HUMAN,AM15-52 G19A,Phosphorylation,Downstream,COS-7,,136.0,9.05,8.96,11.183538908370219,0.005053889491567709
10.1021/acsptsci.9b00083,CALRL_HUMAN,AM15-52 G19A,Phosphorylation,Downstream,COS-7,,158.0,6.79,6.64,8.988657086954422,0.13017206807577253
10.1021/acsptsci.9b00083,CALRL_HUMAN,AM15-52 G19A,Phosphorylation,Downstream,COS-7,,244.0,8.25,8.17,10.63738982633873,0.2489048074600797
10.1021/acsptsci.9b00083,CALRL_HUMAN,AM15-52 G19A,Accumulation,Downstream,COS-7,,100.0,6.18,5.97,8.18,-0.02987908640123571
10.1021/acsptsci.9b00083,CALRL_HUMAN,AM15-52 G19A,Accumulation,Downstream,COS-7,,100.0,8.03,7.83,10.03,-0.039879086401236385
10.1021/acsptsci.9b00083,CALRL_HUMAN,AM15-52 G19A,Accumulation,Downstream,COS-7,,106.0,9.06,8.82,11.085305865264772,0.025426778863535837
10.1021/acsptsci.9b00083,CALRL_HUMAN,AM15-52 G19A,Accumulation,Downstream,COS-7,,107.0,9.43,9.19,11.45938377768521,0.02950469128397426
10.1021/acsptsci.9b00083,CALRL_HUMAN,AM15-52 G19A,Accumulation,Downstream,COS-7,,105.0,9.93,9.84,11.951189299069938,-0.12868978733129754
10.1021/acsptsci.9b00083,CALRL_HUMAN,AM15-52 G19A,Phosphorylation,Downstream,COS-7,,113.0,9.4,9.28,11.45307844348342,-0.045406575395229076
10.1021/acsptsci.9b00083,CALRL_HUMAN,AM15-52 G19A,Phosphorylation,Downstream,COS-7,,89.5,10.1,9.85,12.051823035315913,-0.01666198356273707
10.1021/acsptsci.9b00083,CALRL_HUMAN,AM15-52 G19A,Phosphorylation,Downstream,COS-7,,113.0,10.0,9.88,12.05307844348342,-0.04540657539523085
10.1021/acsptsci.9b00083,CALRL_HUMAN,AM15-52 H28A,Phosphorylation,Downstream,COS-7,,83.5,7.24,6.83,9.161686475483602,0.11320145660495218
10.1021/acsptsci.9b00083,CALRL_HUMAN,AM15-52 H28A,Phosphorylation,Downstream,COS-7,,83.0,8.68,8.49,10.599078092376073,-0.10940692650257677
10.1021/acsptsci.9b00083,CALRL_HUMAN,AM15-52 H28A,Phosphorylation,Downstream,COS-7,,84.6,8.2,7.89,10.127370363039024,0.018885344160374018
10.1021/acsptsci.9b00083,CALRL_HUMAN,AM15-52 H28A,Phosphorylation,Downstream,COS-7,,59.2,7.45,6.56,9.22232170672292,0.44383668784426966
10.1021/acsptsci.9b00083,CALRL_HUMAN,AM15-52 H28A,Accumulation,Downstream,COS-7,,103.0,6.83,6.53,8.842837224705171,0.07295813830393527
10.1021/acsptsci.9b00083,CALRL_HUMAN,AM15-52 H28A,Accumulation,Downstream,COS-7,,80.1,7.98,7.61,9.883632516084237,0.0337534296830011
10.1021/acsptsci.9b00083,CALRL_HUMAN,AM15-52 H28A,Accumulation,Downstream,COS-7,,80.8,8.24,8.03,10.147411360774587,-0.12246772562664798
10.1021/acsptsci.9b00083,CALRL_HUMAN,AM15-52 H28A,Phosphorylation,Downstream,COS-7,,91.6,7.18,6.96,9.14189547366785,-0.03658954521080027
10.1021/acsptsci.9b00083,CALRL_HUMAN,AM15-52 H28A,Phosphorylation,Downstream,COS-7,,109.0,8.18,7.88,10.217426497940624,0.11894147906197361
10.1021/acsptsci.9b00083,CALRL_HUMAN,AM15-52 H28A,Phosphorylation,Downstream,COS-7,,99.1,8.41,8.21,10.406073654485276,-0.02241136439337499
10.1021/acsptsci.9b00083,CALRL_HUMAN,AM15-52 I30A,Phosphorylation,Downstream,COS-7,,58.5,5.96,5.42,7.72715586608218,0.08867084720353002
10.1021/acsptsci.9b00083,CALRL_HUMAN,AM15-52 I30A,Phosphorylation,Downstream,COS-7,,54.8,6.84,6.35,8.578780558484368,0.010295539605718496
10.1021/acsptsci.9b00083,CALRL_HUMAN,AM15-52 I30A,Accumulation,Downstream,COS-7,,52.7,5.75,5.21,7.471810615212546,0.021931528811310663
10.1021/acsptsci.9b00083,CALRL_HUMAN,AM15-52 I30A,Accumulation,Downstream,COS-7,,44.8,6.66,5.21,8.311278013998145,0.861398927596909
10.1021/acsptsci.9b00083,CALRL_HUMAN,AM15-52 I30A,Accumulation,Downstream,COS-7,,77.1,6.92,6.65,8.807054378050957,-0.08282470835027933
10.1021/acsptsci.9b00083,CALRL_HUMAN,AM15-52 I30A,Phosphorylation,Downstream,COS-7,,80.3,6.0,5.73,7.904715545278681,-0.04376947359996919
10.1021/acsptsci.9b00083,CALRL_HUMAN,AM15-52 I30A,Phosphorylation,Downstream,COS-7,,61.0,6.99,6.43,8.775329835010767,0.12684481613211762
10.1021/acsptsci.9b00083,CALRL_HUMAN,AM15-52 I30A,Phosphorylation,Downstream,COS-7,,69.5,6.98,6.77,8.821984804590114,-0.16650021428853545
10.1021/acsptsci.9b00083,CALRL_HUMAN,AM15-52 K25A,Phosphorylation,Downstream,COS-7,,84.4,6.97,6.61,8.896342446625654,0.0678574277470041
10.1021/acsptsci.9b00083,CALRL_HUMAN,AM15-52 K25A,Phosphorylation,Downstream,COS-7,,82.1,8.38,8.19,10.294343157119442,-0.11414186175920715
10.1021/acsptsci.9b00083,CALRL_HUMAN,AM15-52 K25A,Phosphorylation,Downstream,COS-7,,89.1,8.1,7.82,10.049877704036874,0.011392685158223337
10.1021/acsptsci.9b00083,CALRL_HUMAN,AM15-52 K25A,Phosphorylation,Downstream,COS-7,,100.0,6.82,6.31,8.82,0.29151498112135066
10.1021/acsptsci.9b00083,CALRL_HUMAN,AM15-52 K25A,Accumulation,Downstream,COS-7,,88.8,6.92,6.61,8.868412965778601,0.01853387937736528
10.1021/acsptsci.9b00083,CALRL_HUMAN,AM15-52 K25A,Accumulation,Downstream,COS-7,,85.1,8.05,7.72,9.979929560084589,0.02005047368335333
10.1021/acsptsci.9b00083,CALRL_HUMAN,AM15-52 K25A,Accumulation,Downstream,COS-7,,84.4,8.21,8.01,10.136342446625656,-0.11353663977557904
10.1021/acsptsci.9b00083,CALRL_HUMAN,AM15-52 K25A,Phosphorylation,Downstream,COS-7,,103.0,7.11,6.94,9.122837224705172,-0.035647794173478076
10.1021/acsptsci.9b00083,CALRL_HUMAN,AM15-52 K25A,Phosphorylation,Downstream,COS-7,,91.8,8.06,7.73,10.022842681201244,0.07435766232259322
10.1021/acsptsci.9b00083,CALRL_HUMAN,AM15-52 K25A,Phosphorylation,Downstream,COS-7,,100.0,8.5,8.32,10.5,-0.0384850188786503
10.1021/acsptsci.9b00083,CALRL_HUMAN,AM15-52 L26A,Phosphorylation,Downstream,COS-7,,44.0,6.4,5.77,8.043452676486188,0.054967657607538634
10.1021/acsptsci.9b00083,CALRL_HUMAN,AM15-52 L26A,Phosphorylation,Downstream,COS-7,,36.3,7.46,6.88,9.019906625036112,-0.07857839384253751
10.1021/acsptsci.9b00083,CALRL_HUMAN,AM15-52 L26A,Phosphorylation,Downstream,COS-7,,42.5,7.44,6.87,9.068388930050311,-0.02009608882833902
10.1021/acsptsci.9b00083,CALRL_HUMAN,AM15-52 L26A,Accumulation,Downstream,COS-7,,39.6,6.2,5.32,7.797695185925512,0.2378160995242764
10.1021/acsptsci.9b00083,CALRL_HUMAN,AM15-52 L26A,Accumulation,Downstream,COS-7,,44.9,7.01,6.39,8.662246341003323,0.03236725460208767
10.1021/acsptsci.9b00083,CALRL_HUMAN,AM15-52 L26A,Accumulation,Downstream,COS-7,,62.2,7.1,6.77,8.893790384690819,-0.11608870171041641
10.1021/acsptsci.9b00083,CALRL_HUMAN,AM15-52 L26A,Phosphorylation,Downstream,COS-7,,65.7,6.13,5.74,7.947565369559781,-0.01091964931886924
10.1021/acsptsci.9b00083,CALRL_HUMAN,AM15-52 L26A,Phosphorylation,Downstream,COS-7,,49.0,7.08,6.49,8.770196080028514,0.06171106114986369
10.1021/acsptsci.9b00083,CALRL_HUMAN,AM15-52 L26A,Phosphorylation,Downstream,COS-7,,67.9,7.56,7.15,9.3918697742805,0.023384755401850477
10.1021/acsptsci.9b00083,CALRL_HUMAN,AM15-52 Q24A,Phosphorylation,Downstream,COS-7,,120.0,7.38,7.14,9.459181246047624,0.10069622716897442
10.1021/acsptsci.9b00083,CALRL_HUMAN,AM15-52 Q24A,Phosphorylation,Downstream,COS-7,,102.0,8.51,8.36,10.518600171761918,-0.0598848471167317
10.1021/acsptsci.9b00083,CALRL_HUMAN,AM15-52 Q24A,Phosphorylation,Downstream,COS-7,,102.0,8.6,8.39,10.608600171761918,0.00011515288326702233
10.1021/acsptsci.9b00083,CALRL_HUMAN,AM15-52 Q24A,Phosphorylation,Downstream,COS-7,,74.6,5.64,5.25,7.512738827472669,0.04425380859401873
10.1021/acsptsci.9b00083,CALRL_HUMAN,AM15-52 Q24A,Phosphorylation,Downstream,COS-7,,89.2,7.25,6.74,9.200364854376122,0.24187983549747205
10.1021/acsptsci.9b00083,CALRL_HUMAN,AM15-52 Q24A,Accumulation,Downstream,COS-7,,102.0,7.19,6.91,9.198600171761917,0.04872108536068165
10.1021/acsptsci.9b00083,CALRL_HUMAN,AM15-52 Q24A,Accumulation,Downstream,COS-7,,89.6,8.19,7.88,10.142308009662125,0.022428923260889633
10.1021/acsptsci.9b00083,CALRL_HUMAN,AM15-52 Q24A,Accumulation,Downstream,COS-7,,104.0,8.74,8.64,10.757033339298781,-0.12284574710245533
10.1021/acsptsci.9b00083,CALRL_HUMAN,AM15-52 Q24A,Phosphorylation,Downstream,COS-7,,113.0,7.59,7.48,9.64307844348342,-0.05540657539523064
10.1021/acsptsci.9b00083,CALRL_HUMAN,AM15-52 Q24A,Phosphorylation,Downstream,COS-7,,104.0,8.35,8.08,10.36703333929878,0.06854832042013026
10.1021/acsptsci.9b00083,CALRL_HUMAN,AM15-52 Q24A,Phosphorylation,Downstream,COS-7,,95.8,9.03,8.83,11.011365509078544,-0.03711950980010581
10.1021/acsptsci.9b00083,CALRL_HUMAN,AM15-52 Q29A,Phosphorylation,Downstream,COS-7,,109.0,7.29,7.01,9.327426497940625,0.09894147906197492
10.1021/acsptsci.9b00083,CALRL_HUMAN,AM15-52 Q29A,Phosphorylation,Downstream,COS-7,,95.3,8.96,8.6,10.939092900638327,0.1206078817596774
10.1021/acsptsci.9b00083,CALRL_HUMAN,AM15-52 Q29A,Phosphorylation,Downstream,COS-7,,112.0,8.06,7.87,10.109218022670182,0.020733003791532312
10.1021/acsptsci.9b00083,CALRL_HUMAN,AM15-52 Q29A,Phosphorylation,Downstream,COS-7,,65.9,5.69,4.98,7.50888541459401,0.3104003957153596
10.1021/acsptsci.9b00083,CALRL_HUMAN,AM15-52 Q29A,Phosphorylation,Downstream,COS-7,,103.0,7.27,6.82,9.282837224705172,0.24435220582652217
10.1021/acsptsci.9b00083,CALRL_HUMAN,AM15-52 Q29A,Accumulation,Downstream,COS-7,,106.0,7.12,6.88,9.14530586526477,0.02542677886353495
10.1021/acsptsci.9b00083,CALRL_HUMAN,AM15-52 Q29A,Accumulation,Downstream,COS-7,,123.0,8.08,7.88,10.169905111439398,0.05002602503816256
10.1021/acsptsci.9b00083,CALRL_HUMAN,AM15-52 Q29A,Accumulation,Downstream,COS-7,,110.0,8.7,8.62,10.741392685158225,-0.11848640124301024
10.1021/acsptsci.9b00083,CALRL_HUMAN,AM15-52 Q29A,Phosphorylation,Downstream,COS-7,,103.0,7.38,7.21,9.392837224705172,-0.035647794173478076
10.1021/acsptsci.9b00083,CALRL_HUMAN,AM15-52 Q29A,Phosphorylation,Downstream,COS-7,,96.8,8.5,8.16,10.485875357308394,0.10739033842974433
10.1021/acsptsci.9b00083,CALRL_HUMAN,AM15-52 Q29A,Phosphorylation,Downstream,COS-7,,83.3,8.69,8.42,10.610645001406787,-0.027840017471862488
10.1021/acsptsci.9b00083,CALRL_HUMAN,AM15-52 R17A,Phosphorylation,Downstream,COS-7,,95.2,7.21,6.89,9.188636948384474,0.08015192950582417
10.1021/acsptsci.9b00083,CALRL_HUMAN,AM15-52 R17A,Phosphorylation,Downstream,COS-7,,88.6,8.41,8.22,10.357433721887052,-0.08105129699159885
10.1021/acsptsci.9b00083,CALRL_HUMAN,AM15-52 R17A,Phosphorylation,Downstream,COS-7,,87.3,8.29,7.95,10.23101424370557,0.06252922482691936
10.1021/acsptsci.9b00083,CALRL_HUMAN,AM15-52 R17A,Phosphorylation,Downstream,COS-7,,44.3,6.72,5.83,8.36640372622307,0.3179187073444192
10.1021/acsptsci.9b00083,CALRL_HUMAN,AM15-52 R17A,Accumulation,Downstream,COS-7,,78.6,6.79,6.45,8.685422546039408,-0.004456540361827521
10.1021/acsptsci.9b00083,CALRL_HUMAN,AM15-52 R17A,Accumulation,Downstream,COS-7,,93.2,7.66,7.36,9.62941591235398,0.02953682595274465
10.1021/acsptsci.9b00083,CALRL_HUMAN,AM15-52 R17A,Accumulation,Downstream,COS-7,,84.9,8.21,8.02,10.138907690243954,-0.12097139615728114
10.1021/acsptsci.9b00083,CALRL_HUMAN,AM15-52 R17A,Phosphorylation,Downstream,COS-7,,102.0,7.09,6.93,9.098600171761918,-0.04988484711673191
10.1021/acsptsci.9b00083,CALRL_HUMAN,AM15-52 R17A,Phosphorylation,Downstream,COS-7,,119.0,8.12,7.86,10.19554696139253,0.11706194251387991
10.1021/acsptsci.9b00083,CALRL_HUMAN,AM15-52 R17A,Phosphorylation,Downstream,COS-7,,84.6,8.52,8.26,10.447370363039024,-0.031114655839625804
10.1021/acsptsci.9b00083,CALRL_HUMAN,AM15-52 T20A,Phosphorylation,Downstream,COS-7,,29.5,6.47,5.74,7.939822015978162,-0.018663002900487946
10.1021/acsptsci.9b00083,CALRL_HUMAN,AM15-52 T20A,Phosphorylation,Downstream,COS-7,,32.1,7.93,7.31,9.436505032404872,-0.09197998647377759
10.1021/acsptsci.9b00083,CALRL_HUMAN,AM15-52 T20A,Phosphorylation,Downstream,COS-7,,38.2,7.95,7.27,9.532063362911709,0.04357834403305905
10.1021/acsptsci.9b00083,CALRL_HUMAN,AM15-52 T20A,Accumulation,Downstream,COS-7,,64.1,5.96,5.53,7.766858029518818,-0.0030210568824182715
10.1021/acsptsci.9b00083,CALRL_HUMAN,AM15-52 T20A,Accumulation,Downstream,COS-7,,13.4,8.12,6.95,9.247104798364807,0.05722571196357151
10.1021/acsptsci.9b00083,CALRL_HUMAN,AM15-52 T20A,Accumulation,Downstream,COS-7,,53.9,7.62,7.24,9.351588765186738,-0.12829032121449746
10.1021/acsptsci.9b00083,CALRL_HUMAN,AM15-52 T20A,Phosphorylation,Downstream,COS-7,,64.9,6.35,6.01,8.16224469680037,-0.06624032207828012
10.1021/acsptsci.9b00083,CALRL_HUMAN,AM15-52 T20A,Phosphorylation,Downstream,COS-7,,68.4,7.92,7.37,9.755056101720117,0.16657108284146638
10.1021/acsptsci.9b00083,CALRL_HUMAN,AM15-52 T22A,Phosphorylation,Downstream,COS-7,,128.0,7.99,7.77,10.097209969647869,0.1087249507692194
10.1021/acsptsci.9b00083,CALRL_HUMAN,AM15-52 T22A,Phosphorylation,Downstream,COS-7,,107.0,9.5,9.39,11.52938377768521,-0.07910124119344086
10.1021/acsptsci.9b00083,CALRL_HUMAN,AM15-52 T22A,Phosphorylation,Downstream,COS-7,,118.0,8.9,8.54,10.971882007306126,0.21339698842747712
10.1021/acsptsci.9b00083,CALRL_HUMAN,AM15-52 T22A,Phosphorylation,Downstream,COS-7,,120.0,6.24,5.99,8.319181246047625,0.11069622716897509
10.1021/acsptsci.9b00083,CALRL_HUMAN,AM15-52 T22A,Phosphorylation,Downstream,COS-7,,110.0,7.94,7.52,9.981392685158225,0.24290766627957527
10.1021/acsptsci.9b00083,CALRL_HUMAN,AM15-52 T22A,Accumulation,Downstream,COS-7,,103.0,8.45,8.21,10.462837224705172,0.012958138303935662
10.1021/acsptsci.9b00083,CALRL_HUMAN,AM15-52 T22A,Accumulation,Downstream,COS-7,,93.9,9.37,9.09,11.34266559226611,0.01278650586487462
10.1021/acsptsci.9b00083,CALRL_HUMAN,AM15-52 T22A,Accumulation,Downstream,COS-7,,100.0,9.64,9.55,11.64,-0.14987908640123582
10.1021/acsptsci.9b00083,CALRL_HUMAN,AM15-52 T22A,Phosphorylation,Downstream,COS-7,,114.0,8.32,8.19,10.376904851336473,-0.03158016754217652
10.1021/acsptsci.9b00083,CALRL_HUMAN,AM15-52 T22A,Phosphorylation,Downstream,COS-7,,98.5,9.4,9.1,11.393436230497612,0.0749512116189619
10.1021/acsptsci.9b00083,CALRL_HUMAN,AM15-52 T22A,Phosphorylation,Downstream,COS-7,,87.0,9.67,9.46,11.609519252618618,-0.0689657662600327
10.1021/acsptsci.9b00083,CALRL_HUMAN,AM15-52 V23A,Phosphorylation,Downstream,COS-7,,72.4,7.47,7.02,9.329738566197147,0.09125354731849722
10.1021/acsptsci.9b00083,CALRL_HUMAN,AM15-52 V23A,Phosphorylation,Downstream,COS-7,,92.9,8.01,7.85,9.978015713993642,-0.0904693048850076
10.1021/acsptsci.9b00083,CALRL_HUMAN,AM15-52 V23A,Phosphorylation,Downstream,COS-7,,86.8,7.8,7.52,9.738519725176491,3.470629784185775e-05
10.1021/acsptsci.9b00083,CALRL_HUMAN,AM15-52 V23A,Phosphorylation,Downstream,COS-7,,77.8,6.83,6.24,8.72097959698969,0.26249457811103927
10.1021/acsptsci.9b00083,CALRL_HUMAN,AM15-52 V23A,Accumulation,Downstream,COS-7,,101.0,6.83,6.56,8.834321373782643,0.034442287381407866
10.1021/acsptsci.9b00083,CALRL_HUMAN,AM15-52 V23A,Accumulation,Downstream,COS-7,,82.2,7.97,7.62,9.88487181754005,0.024992731138814506
10.1021/acsptsci.9b00083,CALRL_HUMAN,AM15-52 V23A,Accumulation,Downstream,COS-7,,98.7,8.28,8.15,10.274317152669637,-0.11556193373159918
10.1021/acsptsci.9b00083,CALRL_HUMAN,AM15-52 V23A,Phosphorylation,Downstream,COS-7,,94.6,7.09,6.91,9.065891136401792,-0.06259388247685838
10.1021/acsptsci.9b00083,CALRL_HUMAN,AM15-52 V23A,Phosphorylation,Downstream,COS-7,,86.9,8.28,7.93,10.219019776448667,0.07053475757001682
10.1021/acsptsci.9b00083,CALRL_HUMAN,AM15-52 V23A,Phosphorylation,Downstream,COS-7,,106.0,8.54,8.38,10.565305865264769,-0.03317915361388213
10.1021/acsptsci.9b00083,CALRL_HUMAN,AM15-52 Y31A,Phosphorylation,Downstream,COS-7,,91.6,6.58,6.21,8.54189547366785,0.11341045478920009
10.1021/acsptsci.9b00083,CALRL_HUMAN,AM15-52 Y31A,Phosphorylation,Downstream,COS-7,,72.9,7.74,7.45,9.602727528317974,-0.06575749056067615
10.1021/acsptsci.9b00083,CALRL_HUMAN,AM15-52 Y31A,Phosphorylation,Downstream,COS-7,,81.0,8.12,7.81,10.02848501887865,0.0
10.1021/acsptsci.9b00083,CALRL_HUMAN,AM15-52 Y31A,Phosphorylation,Downstream,COS-7,,82.4,6.81,6.21,8.725927211697115,0.2974421928184654
10.1021/acsptsci.9b00083,CALRL_HUMAN,AM15-52 Y31A,Accumulation,Downstream,COS-7,,95.7,6.71,6.43,8.690911937776843,0.021032851375607287
10.1021/acsptsci.9b00083,CALRL_HUMAN,AM15-52 Y31A,Accumulation,Downstream,COS-7,,76.9,7.82,7.45,9.705926339801431,0.016047253400195416
10.1021/acsptsci.9b00083,CALRL_HUMAN,AM15-52 Y31A,Accumulation,Downstream,COS-7,,102.0,8.2,8.09,10.208600171761917,-0.12127891463931828
10.1021/acsptsci.9b00083,CALRL_HUMAN,AM15-52 Y31A,Phosphorylation,Downstream,COS-7,,109.0,6.85,6.71,8.887426497940623,-0.04105852093802653
10.1021/acsptsci.9b00083,CALRL_HUMAN,AM15-52 Y31A,Phosphorylation,Downstream,COS-7,,95.8,7.5,7.16,9.481365509078545,0.10288049019989476
10.1021/acsptsci.9b00083,CALRL_HUMAN,AM15-52 Y31A,Phosphorylation,Downstream,COS-7,,96.8,8.16,7.97,10.145875357308395,-0.04260966157025514
10.1021/acsptsci.9b00083,CALRL_HUMAN,AM2,Phosphorylation,Downstream,COS-7,,80.9,8.68,8.4,10.587948521612272,-0.03053649726637797
10.1021/acsptsci.9b00083,CALRL_HUMAN,AM2,Phosphorylation,Downstream,COS-7,,81.3,8.75,8.57,10.660090545594068,-0.1283944732845823
10.1021/acsptsci.9b00083,CALRL_HUMAN,AM2,Phosphorylation,Downstream,COS-7,,85.8,8.96,8.81,10.893487287848707,-0.1349977310299435
10.1021/acsptsci.9b00083,CALRL_HUMAN,AM2,Phosphorylation,Downstream,COS-7,,41.5,6.96,6.5,8.578048096712093,-0.14043692216655668
10.1021/acsptsci.9b00083,CALRL_HUMAN,AM2,Phosphorylation,Downstream,COS-7,,51.6,8.0,7.65,9.71264970162721,-0.15583531725143995
10.1021/acsptsci.9b00083,CALRL_HUMAN,AM2,Accumulation,Downstream,COS-7,,95.2,8.45,8.25,10.428636948384474,-0.061242138016761594
10.1021/acsptsci.9b00083,CALRL_HUMAN,AM2,Accumulation,Downstream,COS-7,,65.3,8.5,8.12,10.314913181275074,-0.044965905126161054
10.1021/acsptsci.9b00083,CALRL_HUMAN,AM2,Accumulation,Downstream,COS-7,,102.0,9.18,9.12,11.188600171761918,-0.17127891463931721
10.1021/acsptsci.9b00083,CALRL_HUMAN,AM2,Phosphorylation,Downstream,COS-7,,84.4,7.86,7.54,9.786342446625655,0.027857427747004948
10.1021/acsptsci.9b00083,CALRL_HUMAN,AM2,Phosphorylation,Downstream,COS-7,,84.5,8.42,8.16,10.346856708949693,-0.0316283099289576
10.1021/acsptsci.9b00083,CALRL_HUMAN,AM2,Phosphorylation,Downstream,COS-7,,89.6,9.27,9.07,11.222308009662125,-0.06617700921652503
10.1021/acsptsci.9b00083,CALRL_HUMAN,αCGRP,Phosphorylation,Downstream,COS-7,,100.0,8.8,8.61,10.8,-0.028485018878648738
10.1021/acsptsci.9b00083,CALRL_HUMAN,αCGRP,Phosphorylation,Downstream,COS-7,,69.4,7.57,8.03,9.411359470454855,-0.8371255484237947
10.1021/acsptsci.9b00083,CALRL_HUMAN,αCGRP,Phosphorylation,Downstream,COS-7,,48.1,7.46,7.03,9.142145076373831,-0.10633994250481926
10.1021/acsptsci.9b00083,CALRL_HUMAN,αCGRP,Phosphorylation,Downstream,COS-7,,100.0,7.68,7.67,9.68,-0.20848501887865023
10.1021/acsptsci.9b00083,CALRL_HUMAN,αCGRP,Accumulation,Downstream,COS-7,,100.0,6.4,6.14,8.4,0.020120913598765
10.1021/acsptsci.9b00083,CALRL_HUMAN,αCGRP,Accumulation,Downstream,COS-7,,100.0,9.46,9.29,11.46,-0.06987908640123397
10.1021/acsptsci.9b00083,CALRL_HUMAN,αCGRP,Accumulation,Downstream,COS-7,,72.0,6.7,6.29,8.557332496431268,0.027453410030032543
10.1021/acsptsci.9b00083,CALRL_HUMAN,αCGRP,Accumulation,Downstream,COS-7,,78.4,6.91,6.74,8.804316062684439,-0.17556302371679688
10.1021/acsptsci.9b00083,CALRL_HUMAN,αCGRP,Phosphorylation,Downstream,COS-7,,100.0,9.31,9.03,11.31,0.06151498112135112
10.1021/acsptsci.9b00083,CALRL_HUMAN,αCGRP,Phosphorylation,Downstream,COS-7,,82.1,6.88,6.52,8.79434315711944,0.055858138240791
10.1021/acsptsci.9b00083,CALRL_HUMAN,αCGRP,Phosphorylation,Downstream,COS-7,,72.4,6.95,7.23,8.809738566197147,-0.6387464526815032
10.1021/acsptsci.9b00083,CALRL_HUMAN,βCGRP,Phosphorylation,Downstream,COS-7,,111.0,8.55,8.39,10.595322978786658,-0.013162040091992289
10.1021/acsptsci.9b00083,CALRL_HUMAN,βCGRP,Phosphorylation,Downstream,COS-7,,64.8,8.25,7.7,10.061575005870594,0.14308998699194397
10.1021/acsptsci.9b00083,CALRL_HUMAN,βCGRP,Phosphorylation,Downstream,COS-7,,45.2,8.14,7.72,9.795138434811383,-0.14334658406726675
10.1021/acsptsci.9b00083,CALRL_HUMAN,βCGRP,Phosphorylation,Downstream,COS-7,,93.3,7.98,7.94,9.949881643746501,-0.20860337513214944
10.1021/acsptsci.9b00083,CALRL_HUMAN,βCGRP,Accumulation,Downstream,COS-7,,138.0,7.46,7.36,9.599879086401236,0.0
10.1021/acsptsci.9b00083,CALRL_HUMAN,βCGRP,Accumulation,Downstream,COS-7,,104.0,10.0,9.84,12.01703333929878,-0.06284574710245483
10.1021/acsptsci.9b00083,CALRL_HUMAN,βCGRP,Accumulation,Downstream,COS-7,,108.0,7.34,7.17,9.37342375548695,-0.03645533091428543
10.1021/acsptsci.9b00083,CALRL_HUMAN,βCGRP,Accumulation,Downstream,COS-7,,90.9,7.75,7.64,9.708563883221967,-0.17131520317926885
10.1021/acsptsci.9b00083,CALRL_HUMAN,βCGRP,Phosphorylation,Downstream,COS-7,,76.0,9.83,8.82,11.710813592280791,0.6723285734021411
10.1021/acsptsci.9b00083,CALRL_HUMAN,βCGRP,Phosphorylation,Downstream,COS-7,,103.0,7.22,7.0,9.232837224705172,0.014352205826521747
10.1021/acsptsci.9b00083,CALRL_HUMAN,βCGRP,Phosphorylation,Downstream,COS-7,,57.5,7.61,8.12,9.36966784468963,-0.9688171741890192
10.1021/jm401318w,DRD2_HUMAN,4,Phosphorylation,Downstream,CHO,,19.0,7.16,6.54,8.438753600952829,0.009376800476414537
10.1021/jm401318w,DRD2_HUMAN,4,Accumulation,Downstream,CHO,,78.0,7.26,7.06,9.15209460269048,-0.012286376415544531
10.1021/jm401318w,DRD2_HUMAN,30,Accumulation,Downstream,CHO,,49.0,7.2,6.82,8.890196080028513,-0.034184899077512654
10.1021/jm401318w,DRD2_HUMAN,32,Phosphorylation,Downstream,CHO,,30.0,7.6,7.21,9.077121254719662,-0.02225554575675215
10.1021/jm401318w,DRD2_HUMAN,32,Accumulation,Downstream,CHO,,84.0,8.1,7.92,10.024279286061882,-0.00010169304414375802
10.1021/jm401318w,DRD2_HUMAN,35,Accumulation,Downstream,CHO,,33.0,7.1,6.54,8.618513939877888,-0.025867039228137934
10.1021/jm401318w,DRD2_HUMAN,37,Accumulation,Downstream,CHO,,46.0,7.56,7.12,9.222757831681573,-0.0016231474244525756
10.1021/jm401318w,DRD2_HUMAN,38,Accumulation,Downstream,CHO,,51.0,6.69,6.29,8.397570176097936,0.00318919699191067
10.1021/jm401318w,DRD2_HUMAN,39,Accumulation,Downstream,CHO,,68.0,6.69,6.4,8.522508912706236,0.018127933600210255
10.1021/jm401318w,DRD2_HUMAN,40,Accumulation,Downstream,CHO,,54.0,6.22,5.72,7.952393759822968,0.12801278071694266
10.1021/jm401318w,DRD2_HUMAN,41,Accumulation,Downstream,CHO,,62.0,7.77,7.4,9.562391689498254,0.05801071039222805
10.1021/jm401318w,DRD2_HUMAN,42,Accumulation,Downstream,CHO,,37.0,7.03,6.51,8.598201724066996,-0.016179255039029172
10.1021/jm401318w,DRD2_HUMAN,44,Phosphorylation,Downstream,CHO,,7.0,6.72,5.7,7.565098040014257,-0.024278760462157933
10.1021/jm401318w,DRD2_HUMAN,44,Accumulation,Downstream,CHO,,65.0,7.42,7.09,9.232913356642856,0.03853237753683025
10.1021/jm401318w,DRD2_HUMAN,45,Accumulation,Downstream,CHO,,69.0,8.01,7.7,9.848849090737255,0.04446811163122977
10.1021/jm401318w,DRD2_HUMAN,46,Accumulation,Downstream,CHO,,49.0,6.3,5.89,7.990196080028514,-0.004184899077511517
10.1021/jm401318w,DRD2_HUMAN,47,Phosphorylation,Downstream,CHO,,86.0,6.13,6.15,8.064498451243567,0.02512165076715256
10.1021/jm401318w,DRD2_HUMAN,47,Accumulation,Downstream,CHO,,98.0,7.67,7.61,9.661226075692495,-0.053154903413530796
10.1021/jm401318w,DRD2_HUMAN,48,Phosphorylation,Downstream,CHO,,10.0,6.88,6.0,7.88,-0.009376800476414537
10.1021/jm401318w,DRD2_HUMAN,48,Accumulation,Downstream,CHO,,52.0,7.41,6.96,9.1260033436348,0.06162236452877412
10.1021/jm401318w,DRD2_HUMAN,49,Phosphorylation,Downstream,CHO,,38.0,6.96,6.62,8.539783596616811,0.03040679614039643
10.1021/jm401318w,DRD2_HUMAN,49,Accumulation,Downstream,CHO,,78.0,7.49,7.3,9.382094602690481,-0.022286376415544318
10.1021/jm401318w,DRD2_HUMAN,54,Accumulation,Downstream,CHO,,69.0,7.68,7.33,9.518849090737255,0.0844681116312298
10.1021/jm401318w,DRD2_HUMAN,55,Phosphorylation,Downstream,CHO,,12.0,7.6,6.8,8.679181246047625,-0.0101955544287895
10.1021/jm401318w,DRD2_HUMAN,55,Accumulation,Downstream,CHO,,67.0,7.52,7.22,9.346074802700826,0.02169382359480121
10.1021/jm401318w,DRD2_HUMAN,cis-Cariprazine (56),Accumulation,Downstream,CHO,,52.0,7.17,6.95,8.8860033436348,-0.1683776354712263
10.1021/jm401318w,DRD2_HUMAN,trans-Cariprazine (2),Phosphorylation,Downstream,CHO,,27.0,7.9,7.25,9.331363764158988,0.19198696368257373
10.1021/jm401318w,DRD2_HUMAN,trans-Cariprazine (2),Accumulation,Downstream,CHO,,88.0,9.75,9.59,11.69448267215017,0.00010169304414375802
10.1021/jm500457x,DRD2_HUMAN,19,Phosphorylation,Downstream,CHO,,22.0,7.07,6.6,8.412422680822207,-0.16802624055606685
10.1021/jm500457x,DRD2_HUMAN,19,Accumulation,Downstream,CHO,,73.0,8.42,8.17,10.283322860120457,0.06678143816441384
10.1021/jm500457x,DRD2_HUMAN,35,Phosphorylation,Downstream,CHO,,17.0,7.17,6.42,8.400448921378274,0.0
10.1021/jm500457x,DRD2_HUMAN,35,Accumulation,Downstream,CHO,,71.0,7.23,7.18,9.081258348719075,-0.14528307323696765
10.1021/jm500457x,DRD2_HUMAN,36,Phosphorylation,Downstream,CHO,,13.0,7.88,7.08,8.993943352306836,-0.06650556907143823
10.1021/jm500457x,DRD2_HUMAN,36,Accumulation,Downstream,CHO,,50.0,9.46,8.96,11.15897000433602,0.1524285823799758
10.1021/jm500457x,DRD2_HUMAN,37,Accumulation,Downstream,CHO,,33.0,8.88,8.45,10.398513939877889,-0.09802748207815348
10.1021/jm500457x,DRD2_HUMAN,18d,Phosphorylation,Downstream,CHO,,16.0,8.89,8.07,10.094119982655926,0.04367106127765119
10.1021/jm500457x,DRD2_HUMAN,18d,Accumulation,Downstream,CHO,,64.0,7.47,7.26,9.276179973983886,-0.03036144797215634
10.1021/jm500457x,DRD2_HUMAN,34d,Phosphorylation,Downstream,CHO,,17.0,8.57,8.18,9.800448921378274,-0.35999999999999943
10.1021/jm500457x,DRD2_HUMAN,34d,Accumulation,Downstream,CHO,,40.0,7.81,7.23,9.412059991327961,0.13551856937191786
10.1021/jm500457x,DRD2_HUMAN,Aripiprazole,Phosphorylation,Downstream,CHO,,25.0,7.03,6.39,8.427940008672039,0.05749108729376484
10.1021/jm500457x,DRD2_HUMAN,Aripiprazole,Accumulation,Downstream,CHO,,88.0,9.01,8.88,10.954482672150169,0.02794125019412519
10.1021/jm500457x,DRD2_HUMAN,Dopamine,Phosphorylation,Downstream,CHO,,87.0,8.79,8.72,10.729519252618617,0.02907033124034264
10.1021/jm500457x,DRD2_HUMAN,Dopamine,Accumulation,Downstream,CHO,,102.0,8.57,8.56,10.578600171761918,-0.02794125019412519
10.1038/nchembio.2527,DRD2_HUMAN,1,Recruitment ,Transducer,HTLA,Arrestin-3 (β-arrestin-2),69.0,9.148741651280925,9.13,10.987590742018181,-0.13211217117404672
10.1038/nchembio.2527,DRD2_HUMAN,1,Accumulation,Downstream,HEK-293T,,66.0,9.008773924307505,8.82,10.828317859849374,0.01401548863431934
10.1038/nchembio.2527,DRD2_HUMAN,2,Recruitment ,Transducer,HTLA,Arrestin-3 (β-arrestin-2),36.0,8.200659450546418,7.68,9.756961951313706,0.08725903812147884
10.1038/nchembio.2527,DRD2_HUMAN,3,Recruitment ,Transducer,HTLA,Arrestin-3 (β-arrestin-2),32.0,7.0915149811213505,6.7,8.596664959441256,-0.09303795375097135
10.1038/nchembio.2527,DRD2_HUMAN,6,Recruitment ,Transducer,HTLA,Arrestin-3 (β-arrestin-2),78.0,9.207608310501746,9.11,11.099702913192226,0.0
10.1038/nchembio.2527,DRD2_HUMAN,6,Accumulation,Downstream,HEK-293T,,86.0,9.309803919971486,9.25,11.244302371215054,0.0
10.1038/nchembio.2527,DRD2_HUMAN,7,Recruitment ,Transducer,HTLA,Arrestin-3 (β-arrestin-2),78.0,8.537602002101044,8.39,10.429696604791525,0.04999369159929756
10.1038/nchembio.2527,DRD2_HUMAN,7,Accumulation,Downstream,HEK-293T,,60.0,7.638272163982407,7.75,9.41642341436605,-0.3278789568490037
10.1038/ncomms13958,CNR2_HUMAN,(R)-AM1241,Recruitment ,Transducer,CHO-K1,,29.0,7.52,7.21,8.982397997898955,0.06115676052336738
10.1038/ncomms13958,CNR2_HUMAN,(R)-AM1241,Phosphorylation,Downstream,Flp-In-293 ,,75.0,7.84,8.12,9.7150612633917,0.5516490165579571
10.1038/ncomms13958,CNR2_HUMAN,(R)-AM1241,Activation,Transducer,CHO-K1,,33.0,7.4,7.3,8.918513939877888,-0.8568158951328799
10.1038/ncomms13958,CNR2_HUMAN,(R)-AM1241,Activation,Downstream,AtT20,,47.0,5.0,5.48,6.672097857935718,-0.8984967915992512
10.1038/ncomms13958,CNR2_HUMAN,(rac)-AM1241,Recruitment ,Transducer,CHO-K1,,14.0,5.0,7.95,6.146128035678238,-3.51511320169735
10.1038/ncomms13958,CNR2_HUMAN,(rac)-AM1241,Phosphorylation,Downstream,Flp-In-293 ,,32.0,7.6,8.67,9.105149978319906,-0.6082622685138377
10.1038/ncomms13958,CNR2_HUMAN,(rac)-AM1241,Activation,Transducer,CHO-K1,,56.0,6.89,5.9,8.6381880270062,0.2628581919954307
10.1038/ncomms13958,CNR2_HUMAN,(rac)-AM1241,Activation,Downstream,AtT20,,59.0,5.23,5.52,7.000852011642145,-0.6097426378928232
10.1038/ncomms13958,CNR2_HUMAN,(S)-AM1241,Recruitment ,Transducer,CHO-K1,,29.0,6.54,5.97,8.002397997898957,0.32115676052336894
10.1038/ncomms13958,CNR2_HUMAN,(S)-AM1241,Phosphorylation,Downstream,Flp-In-293 ,,60.0,6.92,7.54,8.698151250383644,0.11473900354990008
10.1038/ncomms13958,CNR2_HUMAN,(S)-AM1241,Activation,Downstream,AtT20,,68.0,5.6,5.7,7.432508912706236,-0.3580857368287327
10.1038/ncomms13958,CNR2_HUMAN,∆9-THC,Phosphorylation,Downstream,Flp-In-293 ,,41.0,6.7,7.89,8.312783856719737,-0.6206283901140068
10.1038/ncomms13958,CNR2_HUMAN,∆9-THC,Activation,Transducer,CHO-K1,,21.0,7.07,4.51,8.39221929473392,1.4068894597231516
10.1038/ncomms13958,CNR2_HUMAN,2-AG,Recruitment ,Transducer,CHO-K1,,80.0,5.7,5.9,7.603089986991944,-0.008151250383644282
10.1038/ncomms13958,CNR2_HUMAN,2-AG,Phosphorylation,Downstream,Flp-In-293 ,,99.0,5.41,6.37,7.40563519459755,-0.00777705223619396
10.1038/ncomms13958,CNR2_HUMAN,2-AG,Activation,Transducer,CHO-K1,,57.0,6.19,4.63,7.945874855672492,0.8405450206617235
10.1038/ncomms13958,CNR2_HUMAN,2-AG,Accumulation,Downstream,CHO,,94.0,6.82,6.99,8.7931278535997,-0.23634698689097267
10.1038/ncomms13958,CNR2_HUMAN,2-AG,Activation,Downstream,AtT20,,100.0,6.51,6.4,8.51,0.01940535046503067
10.1038/ncomms13958,CNR2_HUMAN,Anandamide,Recruitment ,Transducer,CHO-K1,,38.0,6.21,5.54,7.78978359661681,0.5385423592412222
10.1038/ncomms13958,CNR2_HUMAN,Anandamide,Phosphorylation,Downstream,Flp-In-293 ,,62.0,5.41,6.03,7.2023916894982545,0.12897944266451056
10.1038/ncomms13958,CNR2_HUMAN,Anandamide,Activation,Transducer,CHO-K1,,31.0,6.37,4.54,7.861361693834272,0.8460318588235038
10.1038/ncomms13958,CNR2_HUMAN,Anandamide,Accumulation,Downstream,CHO,,87.0,5.93,5.96,7.869519252618618,-0.12995558787205397
10.1038/ncomms13958,CNR2_HUMAN,Anandamide,Activation,Downstream,AtT20,,51.0,5.29,4.53,6.997570176097936,0.37697552656296685
10.1038/ncomms13958,CNR2_HUMAN,"CP55,940",Recruitment ,Transducer,CHO-K1,,80.0,8.39,8.5,10.293089986991944,0.08184874961635646
10.1038/ncomms13958,CNR2_HUMAN,"CP55,940",Phosphorylation,Downstream,Flp-In-293 ,,102.0,7.96,9.03,9.968600171761917,-0.104812075071826
10.1038/ncomms13958,CNR2_HUMAN,"CP55,940",Activation,Transducer,CHO-K1,,95.0,8.43,8.28,10.407723605288847,-0.34760622972192046
10.1038/ncomms13958,CNR2_HUMAN,"CP55,940",Accumulation,Downstream,CHO,,98.0,10.33,10.17,12.321226075692495,0.11175123520182328
10.1038/ncomms13958,CNR2_HUMAN,"CP55,940",Activation,Downstream,AtT20,,100.0,7.98,7.863,9.98,0.02640535046503123
10.1038/ncomms13958,CNR2_HUMAN,HU210,Phosphorylation,Downstream,Flp-In-293 ,,105.0,7.25,8.22,9.271189299069938,0.00777705223619396
10.1038/ncomms13958,CNR2_HUMAN,HU210,Activation,Downstream,AtT20,,105.0,7.24,7.19,9.261189299069938,-0.01940535046503067
10.1038/ncomms13958,CNR2_HUMAN,HU308,Recruitment ,Transducer,CHO-K1,,57.0,7.45,7.72,9.20587485567249,-0.22536638170309686
10.1038/ncomms13958,CNR2_HUMAN,HU308,Phosphorylation,Downstream,Flp-In-293 ,,93.0,6.86,7.55,8.828482948553935,0.23507070172019162
10.1038/ncomms13958,CNR2_HUMAN,HU308,Activation,Transducer,CHO-K1,,97.0,7.29,6.95,9.276771734266244,-0.14855810074452425
10.1038/ncomms13958,CNR2_HUMAN,HU308,Accumulation,Downstream,CHO,,98.0,8.53,8.49,10.521226075692494,-0.00824876479817771
10.1038/ncomms13958,CNR2_HUMAN,HU308,Activation,Downstream,AtT20,,82.0,6.58,6.281,8.493813852383717,0.12221920284874832
10.1038/ncomms13958,CNR2_HUMAN,HU910,Recruitment ,Transducer,CHO-K1,,48.0,7.75,7.72,9.431241237375588,0.0
10.1038/ncomms13958,CNR2_HUMAN,HU910,Phosphorylation,Downstream,Flp-In-293 ,,104.0,5.5,6.94,7.517033339298781,-0.46637890753496336
10.1038/ncomms13958,CNR2_HUMAN,HU910,Activation,Transducer,CHO-K1,,61.0,7.27,6.82,9.055329835010767,-0.240000000000002
10.1038/ncomms13958,CNR2_HUMAN,HU910,Accumulation,Downstream,CHO,,98.0,8.41,8.37,10.401226075692495,-0.008248764798175934
10.1038/ncomms13958,CNR2_HUMAN,HU910,Activation,Downstream,AtT20,,74.0,5.87,5.9,7.739231719730976,-0.2513629298039928
10.1038/ncomms13958,CNR2_HUMAN,JWH015,Recruitment ,Transducer,CHO-K1,,70.0,7.53,7.62,9.375098040014258,0.04385680263867009
10.1038/ncomms13958,CNR2_HUMAN,JWH015,Activation,Transducer,CHO-K1,,67.0,6.7,5.96,8.526074802700826,0.0907449676900578
10.1038/ncomms13958,CNR2_HUMAN,JWH015,Accumulation,Downstream,CHO,,95.0,8.52,8.45,10.497723605288847,0.008248764798175934
10.1038/ncomms13958,CNR2_HUMAN,JWH015,Activation,Downstream,AtT20,,76.0,7.32,6.78,9.200813592280792,0.33021894274582264
10.1038/ncomms13958,CNR2_HUMAN,JWH133,Recruitment ,Transducer,CHO-K1,,62.0,7.81,8.02,9.602391689498253,-0.12884954787733438
10.1038/ncomms13958,CNR2_HUMAN,JWH133,Phosphorylation,Downstream,Flp-In-293 ,,96.0,6.19,7.07,8.172271233039568,0.058858986205824415
10.1038/ncomms13958,CNR2_HUMAN,JWH133,Activation,Transducer,CHO-K1,,61.0,6.96,6.27,8.745329835010768,0.0
10.1038/ncomms13958,CNR2_HUMAN,JWH133,Accumulation,Downstream,CHO,,98.0,8.38,8.28,10.371226075692496,0.051751235201824564
10.1038/ncomms13958,CNR2_HUMAN,JWH133,Activation,Downstream,AtT20,,31.0,5.0,5.98,6.491361693834273,-1.579232955700696
10.1038/ncomms13958,CNR2_HUMAN,WIN55212-2,Recruitment ,Transducer,CHO-K1,,55.0,7.93,8.1,9.670362689494244,-0.14087854788134369
10.1038/ncomms13958,CNR2_HUMAN,WIN55212-2,Phosphorylation,Downstream,Flp-In-293 ,,92.0,8.34,9.29,10.303787827345555,-0.029624419488187392
10.1038/ncomms13958,CNR2_HUMAN,WIN55212-2,Activation,Transducer,CHO-K1,,49.0,7.96,7.49,9.650196080028513,-0.3151337549822557
10.1038/ncomms13958,CNR2_HUMAN,WIN55212-2,Accumulation,Downstream,CHO,,98.0,9.5,9.4,11.491226075692495,0.05175123520182279
10.1038/ncomms13958,CNR2_HUMAN,WIN55212-2,Activation,Downstream,AtT20,,87.0,7.98,7.62,9.919519252618619,0.2089246030836498
10.1038/ncomms13958,CNR2_MOUSE,"CP55,940",Recruitment ,Transducer,CHO-K1,,96.0,8.02,8.0,10.002271233039568,-0.027171009458156092
10.1038/ncomms13958,CNR2_MOUSE,"CP55,940",Activation,Transducer,CHO-K1,,102.0,7.79,7.82,9.798600171761917,-0.016747215464281595
10.1038/ncomms13958,CNR2_MOUSE,"CP55,940",Accumulation,Downstream,CHO,,100.0,10.17,10.52,12.17,-0.23295581614752336
10.1038/ncomms13958,CNR2_MOUSE,HU308,Recruitment ,Transducer,CHO-K1,,69.0,6.47,6.22,8.308849090737255,0.05940684823953024
10.1038/ncomms13958,CNR2_MOUSE,HU308,Activation,Transducer,CHO-K1,,96.0,6.83,6.77,8.812271233039569,0.046923845813370946
10.1038/ncomms13958,CNR2_MOUSE,HU308,Accumulation,Downstream,CHO,,56.0,8.43,8.07,10.1781880270062,0.2252322108586764
10.1038/ncomms13958,CNR2_MOUSE,HU910,Recruitment ,Transducer,CHO-K1,,66.0,6.78,6.57,8.599543935541869,0.00010169304414375802
10.1038/ncomms13958,CNR2_MOUSE,HU910,Activation,Transducer,CHO-K1,,78.0,7.27,7.15,9.16209460269048,0.016747215464281595
10.1038/ncomms13958,CNR2_MOUSE,HU910,Accumulation,Downstream,CHO,,67.0,8.98,8.48,10.806074802700827,0.4431189865533032
10.1038/ncomms13958,CNR2_MOUSE,JWH133,Recruitment ,Transducer,CHO-K1,,63.0,6.8,6.57,8.599340549453581,-0.00010169304414375802
10.1038/ncomms13958,CNR2_MOUSE,JWH133,Activation,Transducer,CHO-K1,,103.0,7.03,7.07,9.042837224705172,-0.022510162521026444
10.1038/ncomms13958,CNR2_MOUSE,JWH133,Accumulation,Downstream,CHO,,95.0,7.75,8.07,9.727723605288848,-0.2252322108586764
10.1124/mol.113.088880,ADRB2_HUMAN,Isoproterenol ,Accumulation,Downstream,HEK,,100.0,7.47,7.0,9.469999999999999,0.2044746647809248
10.1038/s41401-018-0200-x,ADRB2_HUMAN,"(R,R')-Fenoterol",Recruitment ,Transducer,CHO-K1,,91.0,7.39,7.4,9.349041392321093,0.15557293674150596
10.1038/s41401-018-0200-x,ADRB2_HUMAN,"(R,R')-Fenoterol",Accumulation,Downstream,HEK-293,,86.0,7.42,7.5,9.354498451243568,0.021370597643869615
10.1038/s41401-018-0200-x,ADRB2_HUMAN,"(R,R')-MNF",Recruitment ,Transducer,CHO-K1,,74.0,6.92,6.85,8.789231719730976,0.14576326415139018
10.1038/s41401-018-0200-x,ADRB2_HUMAN,"(R,R')-MNF",Accumulation,Downstream,HEK-293,,52.0,7.11,7.02,8.826003343634799,-0.027124509964899346
10.1038/s41401-018-0200-x,ADRB2_HUMAN,(R)-Epinephrine,Recruitment ,Transducer,CHO-K1,,112.0,6.92,6.99,8.969218022670182,0.1857495670905953
10.1038/s41401-018-0200-x,ADRB2_HUMAN,(R)-Epinephrine,Accumulation,Downstream,HEK-293,,61.0,7.13,7.03,8.915329835010766,0.052201981411067244
10.1038/s41401-018-0200-x,ADRB2_HUMAN,(R)-Isoproterenol,Recruitment ,Transducer,CHO-K1,,104.0,7.28,7.3,9.29703333929878,0.2035648837191939
10.1038/s41401-018-0200-x,ADRB2_HUMAN,(R)-Isoproterenol,Accumulation,Downstream,HEK-293,,91.0,7.16,7.23,9.119041392321094,0.05591353872139493
10.1038/s41401-018-0200-x,ADRB2_HUMAN,A-17,Recruitment ,Transducer,CHO-K1,,29.0,8.37,8.08,9.832397997898955,-0.041070457680631556
10.1038/s41401-018-0200-x,ADRB2_HUMAN,A-17,Accumulation,Downstream,HEK-293,,36.0,8.21,8.05,9.766302500767289,-0.1168253528324108
10.1038/s41401-018-0200-x,ADRB2_HUMAN,A-18,Recruitment ,Transducer,CHO-K1,,19.0,7.31,6.88,8.588753600952828,-0.08471485462675865
10.1038/s41401-018-0200-x,ADRB2_HUMAN,A-18,Accumulation,Downstream,HEK-293,,23.0,7.11,6.72,8.471727836017592,-0.08140001758210591
10.1038/s41401-018-0200-x,ADRB2_HUMAN,A-23,Recruitment ,Transducer,CHO-K1,,20.0,7.63,7.25,8.93102999566398,-0.11243845991560608
10.1038/s41401-018-0200-x,ADRB2_HUMAN,A-23,Accumulation,Downstream,HEK-293,,27.0,7.77,7.42,9.201363764158987,-0.0517640894407112
10.1038/s41401-018-0200-x,ADRB2_HUMAN,A-31,Recruitment ,Transducer,CHO-K1,,33.0,6.89,6.64,8.408513939877887,-0.024954515701699265
10.1038/s41401-018-0200-x,ADRB2_HUMAN,A-31,Accumulation,Downstream,HEK-293,,39.0,6.81,6.56,8.401064607026498,0.007936753426800003
10.1038/s41401-018-0200-x,ADRB2_HUMAN,A-32,Recruitment ,Transducer,CHO-K1,,38.0,8.13,7.91,9.709783596616811,0.006315141037224414
10.1038/s41401-018-0200-x,ADRB2_HUMAN,A-32,Accumulation,Downstream,HEK-293,,43.0,8.09,7.95,9.723468455579587,-0.05965939802011189
10.1038/s41401-018-0200-x,ADRB2_HUMAN,A-33,Recruitment ,Transducer,CHO-K1,,28.0,6.68,6.39,8.12715803134222,-0.056310424237366874
10.1038/s41401-018-0200-x,ADRB2_HUMAN,A-33,Accumulation,Downstream,HEK-293,,28.0,6.56,6.17,8.007158031342218,0.0040301777425195695
10.1038/s41401-018-0200-x,ADRB2_HUMAN,A-35,Recruitment ,Transducer,CHO-K1,,25.0,6.55,6.18,7.947940008672037,-0.02552844690754874
10.1038/s41401-018-0200-x,ADRB2_HUMAN,A-35,Accumulation,Downstream,HEK-293,,25.0,6.02,5.68,7.417940008672037,-0.0951878449276613
10.1038/s41401-018-0200-x,ADRB2_HUMAN,B-24,Recruitment ,Transducer,CHO-K1,,43.0,4.18,4.02,5.813468455579586,0.0
10.1038/s41401-018-0200-x,ADRB2_HUMAN,B-24,Accumulation,Downstream,HEK-293,,60.0,4.19,4.01,5.968151250383644,0.1250233967839458
10.1038/s41401-018-0200-x,ADRB2_HUMAN,B-30,Recruitment ,Transducer,CHO-K1,,33.0,5.42,5.18,6.938513939877888,-0.03495451570169816
10.1038/s41401-018-0200-x,ADRB2_HUMAN,B-30,Accumulation,Downstream,HEK-293,,37.0,5.43,5.22,6.998201724066995,-0.054926129532703705
10.1038/s41401-018-0200-x,ADRB2_HUMAN,Fenoterol,Recruitment ,Transducer,CHO-K1,,91.0,7.18,7.19,9.139041392321094,0.15557293674150685
10.1038/s41401-018-0200-x,ADRB2_HUMAN,Fenoterol,Accumulation,Downstream,HEK-293,,94.0,7.11,7.25,9.083127853599699,0.0
10.1038/s41401-018-0200-x,ADRB2_HUMAN,L-12,Recruitment ,Transducer,CHO-K1,,32.0,5.21,4.9,6.715149978319906,0.021681522740319537
10.1038/s41401-018-0200-x,ADRB2_HUMAN,L-12,Accumulation,Downstream,HEK-293,,36.0,4.45,4.12,6.006302500767287,0.05317464716758824
10.1038/s41401-018-0200-x,ADRB2_HUMAN,L-2,Recruitment ,Transducer,CHO-K1,,54.0,5.12,5.0,6.852393759822968,0.05892530424338194
10.1038/s41401-018-0200-x,ADRB2_HUMAN,L-2,Accumulation,Downstream,HEK-293,,44.0,4.72,4.51,6.363452676486187,0.020324822886488292
10.1038/s41401-018-0200-x,ADRB2_HUMAN,L-4,Recruitment ,Transducer,CHO-K1,,90.0,5.3,5.29,7.254242509439325,0.17077405385973865
10.1038/s41401-018-0200-x,ADRB2_HUMAN,L-4,Accumulation,Downstream,HEK-293,,54.0,4.76,4.59,6.492393759822969,0.06926590622327033
10.1038/s41401-018-0200-x,ADRB2_HUMAN,L-6,Recruitment ,Transducer,CHO-K1,,14.0,4.46,3.84,5.606128035678238,-0.027340419901348056
10.1038/s41401-018-0200-x,ADRB2_HUMAN,L-6,Accumulation,Downstream,HEK-293,,10.0,4.42,3.63,5.42,-0.04312785359969862
10.1038/s41401-018-0200-x,ADRB2_HUMAN,Salmeterol,Recruitment ,Transducer,CHO-K1,,16.0,8.06,7.49,9.264119982655926,-0.019348472923661042
10.1038/s41401-018-0200-x,ADRB2_HUMAN,Salmeterol,Accumulation,Downstream,HEK-293,,15.0,8.93,8.28,10.106091259055681,-0.00703659454401695
10.1038/s41467-018-03941-2,GLP1R_HUMAN,Exendin-4,Recruitment ,Transducer,CHO-K1,Arrestin-3 (β-arrestin-2),97.0,7.66,7.65,9.646771734266245,0.06471162752814497
10.1038/s41467-018-03941-2,GLP1R_HUMAN,Exendin-4,Accumulation,Downstream,CHO-K1,,105.0,10.3,10.28,12.321189299069939,0.05219039409056947
10.1038/s41467-018-03941-2,GLP1R_HUMAN,Exendin-AIB2,Recruitment ,Transducer,CHO-K1,Arrestin-3 (β-arrestin-2),89.0,7.64,7.56,9.589390006644912,0.0973298999068124
10.1038/s41467-018-03941-2,GLP1R_HUMAN,Exendin-AIB2,Accumulation,Downstream,CHO-K1,,101.0,9.87,9.86,11.874321373782642,0.025322468803272713
10.1038/s41467-018-03941-2,GLP1R_HUMAN,Exendin-ala2,Recruitment ,Transducer,CHO-K1,Arrestin-3 (β-arrestin-2),99.0,7.62,7.65,9.61563519459755,0.033575087859449404
10.1038/s41467-018-03941-2,GLP1R_HUMAN,Exendin-ala2,Accumulation,Downstream,CHO-K1,,106.0,9.84,9.82,11.86530586526477,0.056306960285398944
10.1038/s41467-018-03941-2,GLP1R_HUMAN,Exendin-asn1,Recruitment ,Transducer,CHO-K1,Arrestin-3 (β-arrestin-2),15.0,7.12,6.62,8.296091259055682,-0.2559688476824178
10.1038/s41467-018-03941-2,GLP1R_HUMAN,Exendin-asn1,Accumulation,Downstream,CHO-K1,,100.0,9.85,9.89,11.85,-0.028998904979371076
10.1038/s41467-018-03941-2,GLP1R_HUMAN,Exendin-asp3,Recruitment ,Transducer,CHO-K1,Arrestin-3 (β-arrestin-2),98.0,7.66,7.67,9.651226075692495,0.04916596895439529
10.1038/s41467-018-03941-2,GLP1R_HUMAN,Exendin-asp3,Accumulation,Downstream,CHO-K1,,110.0,9.93,9.95,11.971392685158225,0.032393780178855636
10.1038/s41467-018-03941-2,GLP1R_HUMAN,Exendin-dGln3,Recruitment ,Transducer,CHO-K1,Arrestin-3 (β-arrestin-2),31.0,7.1,6.94,8.591361693834273,-0.2806984129038277
10.1038/s41467-018-03941-2,GLP1R_HUMAN,Exendin-dGln3,Accumulation,Downstream,CHO-K1,,95.0,9.94,10.01,11.917723605288847,-0.08127529969052283
10.1038/s41467-018-03941-2,GLP1R_HUMAN,Exendin-dHis1,Recruitment ,Transducer,CHO-K1,Arrestin-3 (β-arrestin-2),48.0,7.14,6.8,8.821241237375586,0.08918113063748656
10.1038/s41467-018-03941-2,GLP1R_HUMAN,Exendin-dHis1,Accumulation,Downstream,CHO-K1,,96.0,10.35,10.41,12.332271233039569,-0.06672767193980178
10.1038/s41467-018-03941-2,GLP1R_HUMAN,Exendin-dTyr1,Recruitment ,Transducer,CHO-K1,Arrestin-3 (β-arrestin-2),5.0,6.25,6.33,6.948970004336019,-1.3130901024020813
10.1038/s41467-018-03941-2,GLP1R_HUMAN,Exendin-dTyr1,Accumulation,Downstream,CHO-K1,,95.0,9.14,9.19,11.117723605288848,-0.06127529969052148
10.1038/s41467-018-03941-2,GLP1R_HUMAN,Exendin-gln1,Recruitment ,Transducer,CHO-K1,Arrestin-3 (β-arrestin-2),7.0,6.36,5.87,7.205098040014257,-0.5969620667238429
10.1038/s41467-018-03941-2,GLP1R_HUMAN,Exendin-gln1,Accumulation,Downstream,CHO-K1,,103.0,9.21,9.23,11.222837224705174,0.0038383197258031743
10.1038/s41467-018-03941-2,GLP1R_HUMAN,Exendin-gln3,Recruitment ,Transducer,CHO-K1,Arrestin-3 (β-arrestin-2),81.0,7.75,7.76,9.65848501887865,-0.033575087859449404
10.1038/s41467-018-03941-2,GLP1R_HUMAN,Exendin-gln3,Accumulation,Downstream,CHO-K1,,97.0,10.2,10.2,12.186771734266244,-0.0022271707131249485
10.1038/s41467-018-03941-2,GLP1R_HUMAN,Exendin-phe1,Recruitment ,Transducer,CHO-K1,Arrestin-3 (β-arrestin-2),12.0,7.29,6.27,8.369181246047624,0.16712113930952466
10.1038/s41467-018-03941-2,GLP1R_HUMAN,Exendin-phe1,Accumulation,Downstream,CHO-K1,,99.0,9.89,9.91,11.885635194597551,-0.01336371038181916
10.1038/s41467-018-03941-2,GLP1R_HUMAN,Exendin-tyr1,Recruitment ,Transducer,CHO-K1,Arrestin-3 (β-arrestin-2),12.0,7.03,6.62,8.109181246047624,-0.44287886069047566
10.1038/s41467-018-03941-2,GLP1R_HUMAN,Exendin-tyr1,Accumulation,Downstream,CHO-K1,,98.0,9.67,9.67,11.661226075692495,0.0022271707131249485
10.1038/s41467-019-11875-6,ADRB2_HUMAN,Isoproterenol ,Recruitment ,Transducer,HEK-293,Arrestin-3 (β-arrestin-2),99.02,6.793,6.701,8.788722921995465,-0.582335168847206
10.1038/s41467-019-11875-6,ADRB2_HUMAN,Isoproterenol ,Accumulation,Downstream,HEK-293,,99.98,9.098,9.251,11.097913132416572,-0.6543433414048447
10.1038/s41467-019-11875-6,ADRB2_HUMAN,Norepinephrine,Recruitment ,Transducer,HEK-293,Arrestin-3 (β-arrestin-2),46.86,4.943,4.236,6.613802284260943,-0.29225580658172756
10.1038/s41467-019-11875-6,ADRB2_HUMAN,Norepinephrine,Accumulation,Downstream,HEK-293,,42.88,6.755,5.402,8.387254776684713,0.4839983028632959
10.1038/s41467-019-11875-6,ADRB2_HUMAN,Salbutamol ,Recruitment ,Transducer,HEK-293,Arrestin-3 (β-arrestin-2),16.38,5.741,3.993,6.955313897424399,0.292255806581728
10.1038/s41467-019-11875-6,ADRB2_HUMAN,Salbutamol ,Accumulation,Downstream,HEK-293,,70.2,6.519,5.725,8.365337112129806,0.13908063830838913
10.1038/s41467-019-11875-6,ADRB2_HUMAN,Salmeterol ,Recruitment ,Transducer,HEK-293,Arrestin-3 (β-arrestin-2),7.681,8.031,3.504,8.916417765110937,2.7423596742682665
10.1038/s41467-019-11875-6,ADRB2_HUMAN,Salmeterol ,Accumulation,Downstream,HEK-293,,72.64,9.0,8.499,10.861175835513029,-0.13908063830838913
10.1038/s41467-019-11875-6,OPRD_HUMAN,Buprenorphine,Accumulation,Downstream,HEK-293,,101.3,8.519,8.454,10.52460944536028,-0.01737890437230938
10.1038/s41467-019-11875-6,OPRD_HUMAN,Buprenorphine,Dissociation,Transducer,HEK-293,Gi1,13.34,7.347,5.508,8.472155829580531,0.3329141647024496
10.1038/s41467-019-11875-6,OPRD_HUMAN,Buprenorphine,Dissociation,Transducer,HEK-293,Gi2,72.84,7.05,6.732,8.912369937122882,-0.055852730880785906
10.1038/s41467-019-11875-6,OPRD_HUMAN,Buprenorphine,Binding/coupling,Downstream,HEK-293,,63.5,5.315,4.877,7.117773725291976,0.21537301999403047
10.1038/s41467-019-11875-6,OPRD_HUMAN,Buprenorphine,Dissociation,Transducer,HEK-293,GoA,42.38,7.442,6.61,9.069160952374776,0.0
10.1038/s41467-019-11875-6,OPRD_HUMAN,Compound 1,Recruitment ,Transducer,HEK-293,Arrestin-3 (β-arrestin-2),49.28,4.569,4.189,6.261670699156369,0.026609300211088094
10.1038/s41467-019-11875-6,OPRD_HUMAN,Compound 1,Recruitment ,Transducer,HEK-293,Arrestin-3 (β-arrestin-2),45.1,4.621,4.088,6.275176541877961,0.14111514293268046
10.1038/s41467-019-11875-6,OPRD_HUMAN,Compound 1,Recruitment ,Transducer,HEK-293,Arrestin-3 (β-arrestin-2),43.78,5.109,4.526,6.750275757231913,0.17821435828663246
10.1038/s41467-019-11875-6,OPRD_HUMAN,Compound 1,Recruitment ,Transducer,HEK-293,Arrestin-3 (β-arrestin-2),47.22,4.897,4.641,6.571125982742709,-0.11593541620257186
10.1038/s41467-019-11875-6,OPRD_HUMAN,Compound 1,Accumulation,Downstream,HEK-293,,111.0,6.522,6.653,8.567322978786658,-0.1736653709459306
10.1038/s41467-019-11875-6,OPRD_HUMAN,Compound 1,Dissociation,Transducer,HEK-293,Gi2,81.6,5.738,5.384,7.649690158753861,0.029467490750192837
10.1038/s41467-019-11875-6,OPRD_HUMAN,Compound 1,Dissociation,Transducer,HEK-293,GoA,22.39,5.43,3.518,6.78005409357903,0.8028931412042537
10.1038/s41467-019-11875-6,OPRD_HUMAN,Compound 10,Recruitment ,Transducer,HEK-293,Arrestin-2 (β-arrestin-1),20.43,4.859,4.18,6.169268366632448,-0.0542634239098998
10.1038/s41467-019-11875-6,OPRD_HUMAN,Compound 10,Recruitment ,Transducer,HEK-293,Arrestin-3 (β-arrestin-2),20.7,4.552,3.713,5.867970345456918,0.10890894651163707
10.1038/s41467-019-11875-6,OPRD_HUMAN,Compound 10,Recruitment ,Transducer,HEK-293,Arrestin-3 (β-arrestin-2),21.14,5.079,4.323,6.404104982971408,0.035043584026126506
10.1038/s41467-019-11875-6,OPRD_HUMAN,Compound 10,Recruitment ,Transducer,HEK-293,Arrestin-3 (β-arrestin-2),45.8,4.635,3.946,6.2958654780038685,0.30380407905858764
10.1038/s41467-019-11875-6,OPRD_HUMAN,Compound 10,Recruitment ,Transducer,HEK-293,Arrestin-3 (β-arrestin-2),36.04,4.264,4.029,5.820784782307026,-0.2542766166382546
10.1038/s41467-019-11875-6,OPRD_HUMAN,Compound 10,Accumulation,Downstream,HEK-293,,96.23,6.253,6.351,8.236310485794116,-0.2026778639384732
10.1038/s41467-019-11875-6,OPRD_HUMAN,Compound 10,Dissociation,Transducer,HEK-293,Gi1,100.7,5.782,5.353,7.785029470553618,-0.19921219432446335
10.1038/s41467-019-11875-6,OPRD_HUMAN,Compound 10,Dissociation,Transducer,HEK-293,Gi2,110.4,5.955,5.864,7.997969073393181,-0.10225359461048722
10.1038/s41467-019-11875-6,OPRD_HUMAN,Compound 10,Binding/coupling,Downstream,HEK-293,,150.6,5.827,6.044,8.004824971864682,-0.0645757334332635
10.1038/s41467-019-11875-6,OPRD_HUMAN,Compound 10,Dissociation,Transducer,HEK-293,GoA,113.5,5.909,5.673,7.963995861529142,-0.16816509084563425
10.1038/s41467-019-11875-6,OPRD_HUMAN,Compound 11,Recruitment ,Transducer,HEK-293,Arrestin-2 (β-arrestin-1),89.44,6.088,5.996,8.039531790542348,0.0
10.1038/s41467-019-11875-6,OPRD_HUMAN,Compound 11,Recruitment ,Transducer,HEK-293,Arrestin-3 (β-arrestin-2),98.3,6.118,6.104,8.110553517832136,-0.03950788111314507
10.1038/s41467-019-11875-6,OPRD_HUMAN,Compound 11,Recruitment ,Transducer,HEK-293,Arrestin-3 (β-arrestin-2),94.42,6.383,6.303,8.358063996095236,0.009002597149955438
10.1038/s41467-019-11875-6,OPRD_HUMAN,Compound 11,Recruitment ,Transducer,HEK-293,Arrestin-3 (β-arrestin-2),100.3,6.805,6.859,8.806300933020417,-0.09876046592486398
10.1038/s41467-019-11875-6,OPRD_HUMAN,Compound 11,Recruitment ,Transducer,HEK-293,Arrestin-3 (β-arrestin-2),94.29,6.661,6.653,8.635465635737242,-0.06359576320803795
10.1038/s41467-019-11875-6,OPRD_HUMAN,Compound 11,Accumulation,Downstream,HEK-293,,86.77,9.588,9.347,11.526369597451806,0.09138124771921774
10.1038/s41467-019-11875-6,OPRD_HUMAN,Compound 11,Dissociation,Transducer,HEK-293,Gi1,116.5,6.946,6.674,9.012325925362038,-0.29291573951604377
10.1038/s41467-019-11875-6,OPRD_HUMAN,Compound 11,Dissociation,Transducer,HEK-293,Gi2,118.8,7.3,7.133,9.374816440645175,0.0055937726415065114
10.1038/s41467-019-11875-6,OPRD_HUMAN,Compound 11,Binding/coupling,Downstream,HEK-293,,111.4,7.433,7.404,9.47988519083771,0.05048448553976348
10.1038/s41467-019-11875-6,OPRD_HUMAN,Compound 11,Dissociation,Transducer,HEK-293,GoA,96.18,7.186,6.945,9.169084772737788,-0.23507617963698824
10.1038/s41467-019-11875-6,OPRD_HUMAN,Compound 12,Accumulation,Downstream,HEK-293,,81.72,7.529,7.326,9.44132835796041,0.027340008227821677
10.1038/s41467-019-11875-6,OPRD_HUMAN,Compound 12,Dissociation,Transducer,HEK-293,Gi1,28.79,5.383,4.211,6.842241664878082,0.0
10.1038/s41467-019-11875-6,OPRD_HUMAN,Compound 12,Dissociation,Transducer,HEK-293,Gi2,30.52,6.92,5.853,8.404584529282843,0.3153618612791753
10.1038/s41467-019-11875-6,OPRD_HUMAN,Compound 12,Binding/coupling,Downstream,HEK-293,,40.81,5.555,5.064,7.16576659477327,0.07636588947532408
10.1038/s41467-019-11875-6,OPRD_HUMAN,Compound 12,Dissociation,Transducer,HEK-293,GoA,19.37,6.752,5.353,8.03912962071911,0.22696866834433482
10.1038/s41467-019-11875-6,OPRD_HUMAN,Compound 13,Accumulation,Downstream,HEK-293,,122.2,6.135,6.43,8.222071205906534,-0.2959171438260544
10.1038/s41467-019-11875-6,OPRD_HUMAN,Compound 13,Dissociation,Transducer,HEK-293,Gi1,23.93,5.443,4.026,6.821942698613437,0.16470103373535583
10.1038/s41467-019-11875-6,OPRD_HUMAN,Compound 13,Dissociation,Transducer,HEK-293,Gi2,33.97,5.684,4.767,7.215095546870028,0.21187287886635975
10.1038/s41467-019-11875-6,OPRD_HUMAN,Compound 13,Binding/coupling,Downstream,HEK-293,,50.66,5.154,4.932,6.858665185454529,-0.09873551984341722
10.1038/s41467-019-11875-6,OPRD_HUMAN,Compound 13,Dissociation,Transducer,HEK-293,GoA,63.03,5.297,4.629,7.096547307125615,0.008386354750839153
10.1038/s41467-019-11875-6,OPRD_HUMAN,Compound 14,Accumulation,Downstream,HEK-293,,100.0,6.308,6.355,8.308,-0.13498834973258944
10.1038/s41467-019-11875-6,OPRD_HUMAN,Compound 15,Dissociation,Transducer,HEK-293,Gi1,12.9,5.394,3.682,6.504589710299249,0.19134804542116735
10.1038/s41467-019-11875-6,OPRD_HUMAN,Compound 15,Dissociation,Transducer,HEK-293,Gi2,13.04,6.615,5.225,7.730277591395902,0.26905492339223436
10.1038/s41467-019-11875-6,OPRD_HUMAN,Compound 15,Binding/coupling,Downstream,HEK-293,,29.14,4.702,3.913,6.166489547433971,0.22808884213602543
10.1038/s41467-019-11875-6,OPRD_HUMAN,Compound 16,Accumulation,Downstream,HEK-293,,85.33,8.4,8.102,10.331101745632639,0.14111339590004945
10.1038/s41467-019-11875-6,OPRD_HUMAN,Compound 16,Dissociation,Transducer,HEK-293,Gi1,21.36,5.607,5.966,6.936601248356519,-1.660640416521563
10.1038/s41467-019-11875-6,OPRD_HUMAN,Compound 16,Dissociation,Transducer,HEK-293,Gi2,29.57,6.988,5.966,8.458851324526119,0.2566286565224507
10.1038/s41467-019-11875-6,OPRD_HUMAN,Compound 16,Binding/coupling,Downstream,HEK-293,,61.34,7.66,7.881,9.447743771646467,-0.45865693365147964
10.1038/s41467-019-11875-6,OPRD_HUMAN,Compound 16,Dissociation,Transducer,HEK-293,GoA,34.45,6.519,5.438,8.056189226243644,0.1590282738688682
10.1038/s41467-019-11875-6,OPRD_HUMAN,Compound 3,Recruitment ,Transducer,HEK-293,Arrestin-3 (β-arrestin-2),15.71,7.184,5.787,8.380176185039973,0.5471147860946926
10.1038/s41467-019-11875-6,OPRD_HUMAN,Compound 3,Accumulation,Downstream,HEK-293,,97.72,8.953,8.636,10.942983458301399,0.21899510856881044
10.1038/s41467-019-11875-6,OPRD_HUMAN,Compound 3,Dissociation,Transducer,HEK-293,Gi1,49.45,7.204,6.152,8.898166295933198,0.11492463105511597
10.1038/s41467-019-11875-6,OPRD_HUMAN,Compound 3,Dissociation,Transducer,HEK-293,Gi2,45.6,7.523,6.746,9.181964842664435,0.19974217466076638
10.1038/s41467-019-11875-6,OPRD_HUMAN,Compound 3,Binding/coupling,Downstream,HEK-293,,42.27,6.914,6.5,8.540032247829018,0.014631542531071684
10.1038/s41467-019-11875-6,OPRD_HUMAN,Compound 3,Dissociation,Transducer,HEK-293,GoA,53.5,7.592,6.795,9.320353782021229,0.0661928296464529
10.1038/s41467-019-11875-6,OPRD_HUMAN,Compound 5,Recruitment ,Transducer,HEK-293,Arrestin-2 (β-arrestin-1),61.18,5.508,5.235,7.29460947264866,0.016077682106311997
10.1038/s41467-019-11875-6,OPRD_HUMAN,Compound 5,Recruitment ,Transducer,HEK-293,Arrestin-3 (β-arrestin-2),69.51,5.534,5.378,7.376047288509637,-0.04801411043564352
10.1038/s41467-019-11875-6,OPRD_HUMAN,Compound 5,Recruitment ,Transducer,HEK-293,Arrestin-3 (β-arrestin-2),82.92,5.764,3.628,7.682659293421823,2.008597894476542
10.1038/s41467-019-11875-6,OPRD_HUMAN,Compound 5,Recruitment ,Transducer,HEK-293,Arrestin-3 (β-arrestin-2),98.63,6.219,6.231,8.213009033123614,-0.06405236582166696
10.1038/s41467-019-11875-6,OPRD_HUMAN,Compound 5,Recruitment ,Transducer,HEK-293,Arrestin-3 (β-arrestin-2),88.98,6.047,5.962,7.996292401412026,-0.011768997533254666
10.1038/s41467-019-11875-6,OPRD_HUMAN,Compound 5,Accumulation,Downstream,HEK-293,,86.96,10.19,9.93,12.129319531078238,0.11133118134564945
10.1038/s41467-019-11875-6,OPRD_HUMAN,Compound 5,Dissociation,Transducer,HEK-293,Gi1,112.9,6.072,5.745,8.124693941924967,-0.25154772295311467
10.1038/s41467-019-11875-6,OPRD_HUMAN,Compound 5,Dissociation,Transducer,HEK-293,Gi2,108.8,6.523,6.329,8.559628895362161,-0.0055937726415065114
10.1038/s41467-019-11875-6,OPRD_HUMAN,Compound 5,Binding/coupling,Downstream,HEK-293,,95.05,6.644,6.679,8.621952121201462,-0.08244858409648481
10.1038/s41467-019-11875-6,OPRD_HUMAN,Compound 5,Dissociation,Transducer,HEK-293,GoA,100.2,6.731,6.471,8.731867721531227,-0.19829323084354922
10.1038/s41467-019-11875-6,OPRD_HUMAN,Compound 6,Recruitment ,Transducer,HEK-293,Arrestin-3 (β-arrestin-2),11.94,6.19,5.24,7.267004326793351,-0.01905707215193031
10.1038/s41467-019-11875-6,OPRD_HUMAN,Compound 6,Accumulation,Downstream,HEK-293,,92.09,7.716,7.475,9.680212472969819,0.11722412323723042
10.1038/s41467-019-11875-6,OPRD_HUMAN,Compound 6,Dissociation,Transducer,HEK-293,Gi1,24.75,5.551,4.156,6.944575203269588,0.15733353839150688
10.1038/s41467-019-11875-6,OPRD_HUMAN,Compound 6,Dissociation,Transducer,HEK-293,Gi2,42.93,6.087,5.283,7.719760888479438,0.20053822047576997
10.1038/s41467-019-11875-6,OPRD_HUMAN,Compound 6,Binding/coupling,Downstream,HEK-293,,32.1,5.966,5.343,7.4725050324048725,0.10410432710692641
10.1038/s41467-019-11875-6,OPRD_HUMAN,Compound 6,Dissociation,Transducer,HEK-293,GoA,42.57,5.865,4.92,7.494103650177137,0.11494269780236088
10.1038/s41467-019-11875-6,OPRD_HUMAN,Compound 7,Recruitment ,Transducer,HEK-293,Arrestin-2 (β-arrestin-1),23.98,4.25,3.462,5.62984917876283,0.12431738822048244
10.1038/s41467-019-11875-6,OPRD_HUMAN,Compound 7,Recruitment ,Transducer,HEK-293,Arrestin-3 (β-arrestin-2),27.07,4.385,3.481,5.817488255770506,0.2904268568252255
10.1038/s41467-019-11875-6,OPRD_HUMAN,Compound 7,Recruitment ,Transducer,HEK-293,Arrestin-3 (β-arrestin-2),55.56,4.14,3.856,5.884762237065578,-0.017299161879702485
10.1038/s41467-019-11875-6,OPRD_HUMAN,Compound 7,Recruitment ,Transducer,HEK-293,Arrestin-3 (β-arrestin-2),67.61,4.501,4.117,6.331010935936118,0.16794953699083726
10.1038/s41467-019-11875-6,OPRD_HUMAN,Compound 7,Recruitment ,Transducer,HEK-293,Arrestin-3 (β-arrestin-2),44.32,4.422,3.874,6.068599751720373,0.1485383527750921
10.1038/s41467-019-11875-6,OPRD_HUMAN,Compound 7,Accumulation,Downstream,HEK-293,,93.08,7.187,7.002,9.155856374614693,0.06586802488210441
10.1038/s41467-019-11875-6,OPRD_HUMAN,Compound 7,Dissociation,Transducer,HEK-293,Gi1,115.5,4.983,4.681,7.045581984228162,-0.2666596806499193
10.1038/s41467-019-11875-6,OPRD_HUMAN,Compound 7,Dissociation,Transducer,HEK-293,Gi2,100.6,5.356,5.211,7.3585979807199084,-0.08862468728375994
10.1038/s41467-019-11875-6,OPRD_HUMAN,Compound 7,Binding/coupling,Downstream,HEK-293,,135.9,5.051,5.472,7.184219456732494,-0.3131812485654524
10.1038/s41467-019-11875-6,OPRD_HUMAN,Compound 7,Dissociation,Transducer,HEK-293,GoA,115.4,5.279,5.063,7.341205808819712,-0.1809551435550638
10.1038/s41467-019-11875-6,OPRD_HUMAN,Compound 8,Recruitment ,Transducer,HEK-293,Arrestin-2 (β-arrestin-1),89.97,6.594,6.638,8.54809772047919,-0.13343407006315822
10.1038/s41467-019-11875-6,OPRD_HUMAN,Compound 8,Recruitment ,Transducer,HEK-293,Arrestin-3 (β-arrestin-2),109.3,6.577,6.652,8.615620161949703,-0.0824412369955776
10.1038/s41467-019-11875-6,OPRD_HUMAN,Compound 8,Recruitment ,Transducer,HEK-293,Arrestin-3 (β-arrestin-2),104.6,6.8,6.814,8.819531684531256,-0.04052971441402464
10.1038/s41467-019-11875-6,OPRD_HUMAN,Compound 8,Recruitment ,Transducer,HEK-293,Arrestin-3 (β-arrestin-2),90.22,7.183,7.019,9.138302822761691,0.0732414238164103
10.1038/s41467-019-11875-6,OPRD_HUMAN,Compound 8,Recruitment ,Transducer,HEK-293,Arrestin-3 (β-arrestin-2),88.63,6.932,6.78,8.879580749304322,0.05351935035904143
10.1038/s41467-019-11875-6,OPRD_HUMAN,Compound 8,Accumulation,Downstream,HEK-293,,98.71,9.081,9.003,11.075361151908,-0.01562719782458899
10.1038/s41467-019-11875-6,OPRD_HUMAN,Compound 8,Dissociation,Transducer,HEK-293,Gi1,140.8,8.053,7.932,10.201602654806095,-0.36163901007198707
10.1038/s41467-019-11875-6,OPRD_HUMAN,Compound 8,Dissociation,Transducer,HEK-293,Gi2,121.6,8.195,8.173,10.279933574936717,-0.12928909306695147
10.1038/s41467-019-11875-6,OPRD_HUMAN,Compound 8,Binding/coupling,Downstream,HEK-293,,102.3,8.489,8.475,10.49887563371216,-0.0015250715857857422
10.1038/s41467-019-11875-6,OPRD_HUMAN,Compound 8,Dissociation,Transducer,HEK-293,GoA,126.3,8.41,8.355,10.51140335055533,-0.30275760181944644
10.1038/s41467-019-11875-6,OPRD_HUMAN,Compound 9,Recruitment ,Transducer,HEK-293,Arrestin-3 (β-arrestin-2),9.309,6.103,5.294,7.071903030303828,-0.2681583686414526
10.1038/s41467-019-11875-6,OPRD_HUMAN,Compound 9,Recruitment ,Transducer,HEK-293,Arrestin-3 (β-arrestin-2),28.74,6.541,5.907,7.999486763798207,0.046425364852926254
10.1038/s41467-019-11875-6,OPRD_HUMAN,Compound 9,Recruitment ,Transducer,HEK-293,Arrestin-3 (β-arrestin-2),16.19,6.316,5.409,7.5252468487533735,0.07018544980809294
10.1038/s41467-019-11875-6,OPRD_HUMAN,Compound 9,Accumulation,Downstream,HEK-293,,93.77,9.142,8.995,11.114063916008021,0.031075566275433175
10.1038/s41467-019-11875-6,OPRD_HUMAN,Compound 9,Dissociation,Transducer,HEK-293,Gi1,52.16,6.507,5.622,8.224337582723864,-0.02890408215421747
10.1038/s41467-019-11875-6,OPRD_HUMAN,Compound 9,Dissociation,Transducer,HEK-293,Gi2,56.36,6.811,6.195,8.56197098443732,0.13074831643365137
10.1038/s41467-019-11875-6,OPRD_HUMAN,Compound 9,Binding/coupling,Downstream,HEK-293,,64.11,6.655,6.435,8.461925776883731,0.0015250715857857422
10.1038/s41467-019-11875-6,OPRD_HUMAN,Compound 9,Dissociation,Transducer,HEK-293,GoA,62.52,6.852,6.291,8.648018969347149,-0.10214198302762778
10.1038/s41467-019-11875-6,OPRD_HUMAN,Fentanyl,Recruitment ,Transducer,HEK-293,Arrestin-3 (β-arrestin-2),14.44,4.766,4.024,5.92556719323362,-0.1444942057116605
10.1038/s41467-019-11875-6,OPRD_HUMAN,Fentanyl,Recruitment ,Transducer,HEK-293,Arrestin-3 (β-arrestin-2),16.31,5.035,4.231,6.247453961040276,-0.02960743790500464
10.1038/s41467-019-11875-6,OPRD_HUMAN,Fentanyl,Recruitment ,Transducer,HEK-293,Arrestin-3 (β-arrestin-2),30.44,5.299,4.729,6.782444648098536,0.007383249153254834
10.1038/s41467-019-11875-6,OPRD_HUMAN,Fentanyl,Recruitment ,Transducer,HEK-293,Arrestin-3 (β-arrestin-2),26.13,4.742,3.997,6.1591394097273255,0.11607801078204494
10.1038/s41467-019-11875-6,OPRD_HUMAN,Fentanyl,Accumulation,Downstream,HEK-293,,95.41,7.909,8.108,9.88859389584893,-0.30739445388365993
10.1038/s41467-019-11875-6,OPRD_HUMAN,Fentanyl,Dissociation,Transducer,HEK-293,Gi1,21.71,5.581,4.193,6.917659823454421,0.0934181585763394
10.1038/s41467-019-11875-6,OPRD_HUMAN,Fentanyl,Dissociation,Transducer,HEK-293,Gi2,98.75,5.792,5.659,7.786537104298498,-0.10868556370517002
10.1038/s41467-019-11875-6,OPRD_HUMAN,Fentanyl,Dissociation,Transducer,HEK-293,GoA,46.56,5.608,4.727,7.276012971641832,0.0898520192670551
10.1038/s41467-019-11875-6,OPRD_HUMAN,Loperamide,Recruitment ,Transducer,HEK-293,Arrestin-2 (β-arrestin-1),39.72,4.565,4.047,6.1640092398233435,0.07347744928099598
10.1038/s41467-019-11875-6,OPRD_HUMAN,Loperamide,Recruitment ,Transducer,HEK-293,Arrestin-3 (β-arrestin-2),35.56,4.797,4.367,6.3479617522981755,-0.06509964664710521
10.1038/s41467-019-11875-6,OPRD_HUMAN,Loperamide,Recruitment ,Transducer,HEK-293,Arrestin-3 (β-arrestin-2),35.13,5.118,4.625,6.663678149792026,-0.007383249153254834
10.1038/s41467-019-11875-6,OPRD_HUMAN,Loperamide,Recruitment ,Transducer,HEK-293,Arrestin-3 (β-arrestin-2),55.19,5.057,4.712,6.798860394065263,0.04079899511998297
10.1038/s41467-019-11875-6,OPRD_HUMAN,Loperamide,Recruitment ,Transducer,HEK-293,Arrestin-3 (β-arrestin-2),48.48,4.911,4.632,6.596562611158229,-0.081498787787051
10.1038/s41467-019-11875-6,OPRD_HUMAN,Loperamide,Accumulation,Downstream,HEK-293,,114.1,7.058,7.278,9.115285644418215,-0.25070270531437355
10.1038/s41467-019-11875-6,OPRD_HUMAN,Loperamide,Dissociation,Transducer,HEK-293,Gi1,62.24,5.3,4.518,7.094069583981632,-0.055172080896449316
10.1038/s41467-019-11875-6,OPRD_HUMAN,Loperamide,Dissociation,Transducer,HEK-293,Gi2,118.3,5.809,5.789,7.88198474462793,-0.1432379233757377
10.1038/s41467-019-11875-6,OPRD_HUMAN,Loperamide,Binding/coupling,Downstream,HEK-293,,253.0,5.387,5.542,7.790120521175817,0.22271981587787115
10.1038/s41467-019-11875-6,OPRD_HUMAN,Loperamide,Dissociation,Transducer,HEK-293,GoA,88.89,5.699,5.277,7.647852906199713,-0.08830804617506338
10.1038/s41467-019-11875-6,OPRD_HUMAN,Met-enkephalin,Recruitment ,Transducer,HEK-293,Arrestin-2 (β-arrestin-1),99.48,6.218,6.24,8.2157357765979,-0.06779601394444867
10.1038/s41467-019-11875-6,OPRD_HUMAN,Met-enkephalin,Recruitment ,Transducer,HEK-293,Arrestin-3 (β-arrestin-2),100.3,6.283,6.28,8.284300933020418,-0.04176046592486271
10.1038/s41467-019-11875-6,OPRD_HUMAN,Met-enkephalin,Recruitment ,Transducer,HEK-293,Arrestin-3 (β-arrestin-2),100.0,6.55,6.572,8.55,-0.06806139894528007
10.1038/s41467-019-11875-6,OPRD_HUMAN,Met-enkephalin,Recruitment ,Transducer,HEK-293,Arrestin-3 (β-arrestin-2),102.5,7.049,7.116,9.059723865391774,-0.10233753355350617
10.1038/s41467-019-11875-6,OPRD_HUMAN,Met-enkephalin,Recruitment ,Transducer,HEK-293,Arrestin-3 (β-arrestin-2),99.38,6.859,6.882,8.856298992409513,-0.07176240653576693
10.1038/s41467-019-11875-6,OPRD_HUMAN,Met-enkephalin,Accumulation,Downstream,HEK-293,,103.9,9.072,8.985,11.088615547557177,0.01562719782458899
10.1038/s41467-019-11875-6,OPRD_HUMAN,Met-enkephalin,Dissociation,Transducer,HEK-293,Gi1,107.8,6.141,5.918,8.17361876085072,-0.3756229040273613
10.1038/s41467-019-11875-6,OPRD_HUMAN,Met-enkephalin,Dissociation,Transducer,HEK-293,Gi2,111.3,7.197,7.023,9.243495164334709,-0.01572750366895903
10.1038/s41467-019-11875-6,OPRD_HUMAN,Met-enkephalin,Binding/coupling,Downstream,HEK-293,,100.5,7.289,7.268,9.291166061756508,-0.002234643541437986
10.1038/s41467-019-11875-6,OPRD_HUMAN,Met-enkephalin,Dissociation,Transducer,HEK-293,GoA,103.9,6.599,6.589,8.615615547557178,-0.4325454048175983
10.1038/s41467-019-11875-6,OPRD_HUMAN,Morphine,Recruitment ,Transducer,HEK-293,Arrestin-3 (β-arrestin-2),27.55,4.84,4.035,6.280121603187804,0.19906020424252313
10.1038/s41467-019-11875-6,OPRD_HUMAN,Morphine,Recruitment ,Transducer,HEK-293,Arrestin-3 (β-arrestin-2),16.35,4.827,3.937,6.040517756996305,0.05745635805102456
10.1038/s41467-019-11875-6,OPRD_HUMAN,Morphine,Accumulation,Downstream,HEK-293,,120.6,7.705,8.185,9.786347307804132,-0.4866410419284577
10.1038/s41467-019-11875-6,OPRD_HUMAN,Morphine,Dissociation,Transducer,HEK-293,Gi1,37.76,5.397,4.26,6.9740319856260315,0.08279032074795012
10.1038/s41467-019-11875-6,OPRD_HUMAN,Morphine,Dissociation,Transducer,HEK-293,Gi2,98.11,5.95,5.75,7.94171327571309,-0.044509392290578376
10.1038/s41467-019-11875-6,OPRD_HUMAN,Morphine,Binding/coupling,Downstream,HEK-293,,63.86,5.173,5.053,6.978228914203426,-0.10017179109451968
10.1038/s41467-019-11875-6,OPRD_HUMAN,Morphine,Dissociation,Transducer,HEK-293,GoA,70.84,5.808,5.235,7.658278552518037,-0.03588239985673969
10.1038/s41467-019-11875-6,OPRD_HUMAN,Nalfurafine (Compound 4),Accumulation,Downstream,HEK-293,,104.1,8.32,8.152,10.337450729510536,0.09746237977794792
10.1038/s41467-019-11875-6,OPRD_HUMAN,Nalfurafine (Compound 4),Dissociation,Transducer,HEK-293,Gi1,23.48,6.44,5.04,7.810698092575578,0.1394564276974961
10.1038/s41467-019-11875-6,OPRD_HUMAN,Nalfurafine (Compound 4),Dissociation,Transducer,HEK-293,Gi2,45.01,5.912,5.338,7.565309012938479,-0.008913655065189374
10.1038/s41467-019-11875-6,OPRD_HUMAN,Nalfurafine (Compound 4),Binding/coupling,Downstream,HEK-293,,45.81,5.86,5.619,7.520960291776084,-0.12344041352186208
10.1038/s41467-019-11875-6,OPRD_HUMAN,Nalfurafine (Compound 4),Dissociation,Transducer,HEK-293,GoA,30.72,6.531,5.368,8.018421211359474,0.19126025898469745
10.1038/s41467-019-11875-6,OPRD_HUMAN,Oxycodone,Recruitment ,Transducer,HEK-293,Arrestin-3 (β-arrestin-2),11.86,4.584,3.824,5.658084689028243,-0.21197670991703754
10.1038/s41467-019-11875-6,OPRD_HUMAN,Oxycodone,Recruitment ,Transducer,HEK-293,Arrestin-3 (β-arrestin-2),25.62,4.503,3.15,5.911579125408668,0.7155177264633874
10.1038/s41467-019-11875-6,OPRD_HUMAN,Oxycodone,Recruitment ,Transducer,HEK-293,Arrestin-3 (β-arrestin-2),14.05,4.254,3.023,5.401676324241098,0.33261492529581727
10.1038/s41467-019-11875-6,OPRD_HUMAN,Oxycodone,Accumulation,Downstream,HEK-293,,110.1,6.648,6.632,8.689787318971751,-0.030201030760837355
10.1038/s41467-019-11875-6,OPRD_HUMAN,Oxycodone,Dissociation,Transducer,HEK-293,Gi1,21.67,5.191,3.522,6.526858911319818,0.3736172464417362
10.1038/s41467-019-11875-6,OPRD_HUMAN,Oxycodone,Dissociation,Transducer,HEK-293,Gi2,90.02,5.504,5.208,7.45833900860246,0.01411634059879141
10.1038/s41467-019-11875-6,OPRD_HUMAN,Oxycodone,Binding/coupling,Downstream,HEK-293,,52.01,4.335,3.722,6.051086853774832,0.3036861484768858
10.1038/s41467-019-11875-6,OPRD_HUMAN,Oxycodone,Dissociation,Transducer,HEK-293,GoA,66.14,4.91,4.259,6.730464190577685,0.01230323820290824
10.1038/s41467-019-11875-6,OPRD_RAT,Buprenorphine,Accumulation,Downstream,HEK-293,,99.79,7.783,7.868,9.78208702262589,-0.050666882563848326
10.1038/s41467-019-11875-6,OPRD_RAT,Buprenorphine,Dissociation,Transducer,HEK-293,Gi1,15.54,7.485,6.157,8.676451014464895,0.07770194057333857
10.1038/s41467-019-11875-6,OPRD_RAT,Buprenorphine,Dissociation,Transducer,HEK-293,Gi2,45.46,6.883,6.139,8.540629431388952,0.06816302130808616
10.1038/s41467-019-11875-6,OPRD_RAT,Buprenorphine,Binding/coupling,Downstream,HEK-293,,193.1,5.525,4.599,7.810782273779395,0.04422449991660926
10.1038/s41467-019-11875-6,OPRD_RAT,Buprenorphine,Dissociation,Transducer,HEK-293,GoA,30.59,7.279,6.059,8.764579476984679,0.15336111157740762
10.1038/s41467-019-11875-6,OPRD_RAT,Compound 1,Accumulation,Downstream,HEK-293,,141.3,5.195,5.464,7.345142161848559,-0.08361174334117916
10.1038/s41467-019-11875-6,OPRD_RAT,Compound 1,Dissociation,Transducer,HEK-293,Gi2,25.13,5.62,4.522,7.020192488592576,0.16472607851170995
10.1038/s41467-019-11875-6,OPRD_RAT,Compound 1,Binding/coupling,Downstream,HEK-293,,65.42,4.458,2.725,6.273710539788963,0.3811527659261773
10.1038/s41467-019-11875-6,OPRD_RAT,Compound 1,Dissociation,Transducer,HEK-293,GoA,32.09,4.575,3.276,6.081369717095504,0.25315135168823355
10.1038/s41467-019-11875-6,OPRD_RAT,Compound 10,Accumulation,Downstream,HEK-293,,84.48,4.872,4.834,6.798753905189737,0.0
10.1038/s41467-019-11875-6,OPRD_RAT,Compound 10,Dissociation,Transducer,HEK-293,Gi1,25.31,4.575,3.424,5.978292145158255,0.11254307126669838
10.1038/s41467-019-11875-6,OPRD_RAT,Compound 10,Dissociation,Transducer,HEK-293,Gi2,82.44,5.061,4.727,6.977137983107175,-0.08332842697369092
10.1038/s41467-019-11875-6,OPRD_RAT,Compound 10,Binding/coupling,Downstream,HEK-293,,187.1,5.174,4.201,7.44607378750001,0.07751601363722482
10.1038/s41467-019-11875-6,OPRD_RAT,Compound 10,Dissociation,Transducer,HEK-293,GoA,44.08,4.941,3.914,6.585241585843729,0.11902322043645785
10.1038/s41467-019-11875-6,OPRD_RAT,Compound 11,Recruitment ,Transducer,HEK-293,Arrestin-2 (β-arrestin-1),95.74,6.325,6.267,8.30609342314593,-0.10125616082790057
10.1038/s41467-019-11875-6,OPRD_RAT,Compound 11,Recruitment ,Transducer,HEK-293,Arrestin-3 (β-arrestin-2),88.02,6.299,6.156,8.243581364226927,-0.010689411672563764
10.1038/s41467-019-11875-6,OPRD_RAT,Compound 11,Recruitment ,Transducer,HEK-293,Arrestin-3 (β-arrestin-2),101.7,6.407,6.362,8.414320952922745,-0.04594982297674566
10.1038/s41467-019-11875-6,OPRD_RAT,Compound 11,Recruitment ,Transducer,HEK-293,Arrestin-3 (β-arrestin-2),105.8,6.802,6.862,8.826485667699167,-0.13378510820032385
10.1038/s41467-019-11875-6,OPRD_RAT,Compound 11,Recruitment ,Transducer,HEK-293,Arrestin-3 (β-arrestin-2),96.88,6.65,6.594,8.636234130134996,-0.05603664576449496
10.1038/s41467-019-11875-6,OPRD_RAT,Compound 11,Accumulation,Downstream,HEK-293,,101.9,9.822,10.2,11.830174184006426,-0.33457972118331103
10.1038/s41467-019-11875-6,OPRD_RAT,Compound 11,Dissociation,Transducer,HEK-293,Gi1,105.8,6.498,6.258,8.522485667699167,-0.1772634061923899
10.1038/s41467-019-11875-6,OPRD_RAT,Compound 11,Dissociation,Transducer,HEK-293,Gi2,97.72,7.085,6.845,9.0749834583014,-0.10348295177946554
10.1038/s41467-019-11875-6,OPRD_RAT,Compound 11,Binding/coupling,Downstream,HEK-293,,110.6,7.174,6.06,9.21775512696868,-0.009802646894105926
10.1038/s41467-019-11875-6,OPRD_RAT,Compound 11,Dissociation,Transducer,HEK-293,GoA,123.5,6.891,7.016,8.982666957595685,-0.5855514078115864
10.1038/s41467-019-11875-6,OPRD_RAT,Compound 12,Accumulation,Downstream,HEK-293,,118.8,5.15,5.319,7.224816440645175,-0.05893746454456217
10.1038/s41467-019-11875-6,OPRD_RAT,Compound 12,Dissociation,Transducer,HEK-293,Gi1,31.87,4.737,3.689,6.240382063473733,0.1096329895821766
10.1038/s41467-019-11875-6,OPRD_RAT,Compound 12,Dissociation,Transducer,HEK-293,Gi2,35.96,5.951,4.939,7.506819683061191,0.23435327298032504
10.1038/s41467-019-11875-6,OPRD_RAT,Compound 12,Binding/coupling,Downstream,HEK-293,,168.0,4.638,3.627,6.863309281725863,0.0687515078630776
10.1038/s41467-019-11875-6,OPRD_RAT,Compound 12,Dissociation,Transducer,HEK-293,GoA,41.97,5.22,4.129,6.84293896921149,0.16172060380421938
10.1038/s41467-019-11875-6,OPRD_RAT,Compound 13,Recruitment ,Transducer,HEK-293,Arrestin-3 (β-arrestin-2),12.99,4.886,3.633,5.999609151073028,0.26833837517353754
10.1038/s41467-019-11875-6,OPRD_RAT,Compound 13,Recruitment ,Transducer,HEK-293,Arrestin-3 (β-arrestin-2),14.01,4.372,3.285,5.518438135285774,0.13516735938628344
10.1038/s41467-019-11875-6,OPRD_RAT,Compound 13,Accumulation,Downstream,HEK-293,,116.1,4.92,4.903,6.984832219738574,0.11707831454883699
10.1038/s41467-019-11875-6,OPRD_RAT,Compound 13,Dissociation,Transducer,HEK-293,Gi1,110.1,4.767,4.523,6.808787318971753,-0.15596175491980357
10.1038/s41467-019-11875-6,OPRD_RAT,Compound 13,Dissociation,Transducer,HEK-293,Gi2,52.41,5.854,5.242,7.573414159702594,-0.002052250378271836
10.1038/s41467-019-11875-6,OPRD_RAT,Compound 13,Binding/coupling,Downstream,HEK-293,,151.9,5.284,4.298,7.465557773862786,0.0
10.1038/s41467-019-11875-6,OPRD_RAT,Compound 13,Dissociation,Transducer,HEK-293,GoA,95.8,5.082,4.862,7.063365509078544,-0.3508528563287272
10.1038/s41467-019-11875-6,OPRD_RAT,Compound 14,Accumulation,Downstream,HEK-293,,110.7,5.941,5.938,7.985147620878722,0.08239371568898513
10.1038/s41467-019-11875-6,OPRD_RAT,Compound 14,Dissociation,Transducer,HEK-293,Gi1,30.43,4.865,3.768,6.348301952358168,0.13855287846661124
10.1038/s41467-019-11875-6,OPRD_RAT,Compound 14,Dissociation,Transducer,HEK-293,Gi2,33.66,6.115,5.142,7.642114111639805,0.16664770155893915
10.1038/s41467-019-11875-6,OPRD_RAT,Compound 14,Dissociation,Transducer,HEK-293,GoA,48.12,4.922,3.979,6.604325618667807,0.07310725326053591
10.1038/s41467-019-11875-6,OPRD_RAT,Compound 15,Dissociation,Transducer,HEK-293,Gi2,23.56,6.689,5.329,8.061175286115065,0.398708876034199
10.1038/s41467-019-11875-6,OPRD_RAT,Compound 15,Binding/coupling,Downstream,HEK-293,,133.9,4.589,3.565,6.715780577012009,-0.016777196850776388
10.1038/s41467-019-11875-6,OPRD_RAT,Compound 16,Accumulation,Downstream,HEK-293,,59.36,6.487,6.342,8.26049389227097,-0.04626001291876669
10.1038/s41467-019-11875-6,OPRD_RAT,Compound 16,Dissociation,Transducer,HEK-293,Gi1,28.33,6.356,5.262,7.808246574520437,0.10449750062888086
10.1038/s41467-019-11875-6,OPRD_RAT,Compound 16,Dissociation,Transducer,HEK-293,Gi2,53.45,6.998,6.308,8.725947709544798,0.08448129946393212
10.1038/s41467-019-11875-6,OPRD_RAT,Compound 16,Dissociation,Transducer,HEK-293,GoA,48.57,6.344,5.467,8.030368103473037,0.011149738065766801
10.1038/s41467-019-11875-6,OPRD_RAT,Compound 3,Recruitment ,Transducer,HEK-293,Arrestin-3 (β-arrestin-2),10.05,7.24,6.09,8.242166061756508,0.05389528585701786
10.1038/s41467-019-11875-6,OPRD_RAT,Compound 3,Accumulation,Downstream,HEK-293,,73.98,8.105,8.073,9.974114326979375,-0.06363957821036248
10.1038/s41467-019-11875-6,OPRD_RAT,Compound 3,Dissociation,Transducer,HEK-293,Gi1,29.16,6.801,5.986,8.265787519645936,-0.16196155424561987
10.1038/s41467-019-11875-6,OPRD_RAT,Compound 3,Dissociation,Transducer,HEK-293,Gi2,59.63,6.927,6.28,8.702464809345738,0.08899839926487196
10.1038/s41467-019-11875-6,OPRD_RAT,Compound 3,Binding/coupling,Downstream,HEK-293,,117.2,6.959,6.337,9.027927611682072,-0.4766301621807134
10.1038/s41467-019-11875-6,OPRD_RAT,Compound 3,Dissociation,Transducer,HEK-293,GoA,82.58,7.106,6.712,9.022874878538683,-0.2413434868685873
10.1038/s41467-019-11875-6,OPRD_RAT,Compound 5,Recruitment ,Transducer,HEK-293,Arrestin-2 (β-arrestin-1),49.29,5.47,4.995,7.162758818154724,0.027409234180893804
10.1038/s41467-019-11875-6,OPRD_RAT,Compound 5,Recruitment ,Transducer,HEK-293,Arrestin-3 (β-arrestin-2),55.0,5.772,5.44,7.512362689494244,-0.025908086405246777
10.1038/s41467-019-11875-6,OPRD_RAT,Compound 5,Recruitment ,Transducer,HEK-293,Arrestin-3 (β-arrestin-2),65.54,5.743,5.456,7.559506437046357,0.005235661146866022
10.1038/s41467-019-11875-6,OPRD_RAT,Compound 5,Recruitment ,Transducer,HEK-293,Arrestin-3 (β-arrestin-2),81.19,6.024,5.818,7.933502541405415,0.01723176550592509
10.1038/s41467-019-11875-6,OPRD_RAT,Compound 5,Recruitment ,Transducer,HEK-293,Arrestin-3 (β-arrestin-2),82.14,5.729,5.597,7.643554698517634,-0.05171607738185724
10.1038/s41467-019-11875-6,OPRD_RAT,Compound 5,Accumulation,Downstream,HEK-293,,99.4,9.376,9.325,11.373386384397312,0.08363247920757555
10.1038/s41467-019-11875-6,OPRD_RAT,Compound 5,Dissociation,Transducer,HEK-293,Gi1,132.7,5.611,5.707,7.733870922864435,-0.41487815102712133
10.1038/s41467-019-11875-6,OPRD_RAT,Compound 5,Dissociation,Transducer,HEK-293,Gi2,94.71,5.895,5.691,7.871395836611879,-0.15307057346898656
10.1038/s41467-019-11875-6,OPRD_RAT,Compound 5,Binding/coupling,Downstream,HEK-293,,193.5,6.607,6.031,8.89368096935493,-0.30487680450785515
10.1038/s41467-019-11875-6,OPRD_RAT,Compound 5,Dissociation,Transducer,HEK-293,GoA,120.0,6.021,6.221,8.100181246047624,-0.6730371193596469
10.1038/s41467-019-11875-6,OPRD_RAT,Compound 6,Accumulation,Downstream,HEK-293,,100.7,6.785,6.773,8.788029470553617,0.050275565363880226
10.1038/s41467-019-11875-6,OPRD_RAT,Compound 6,Dissociation,Transducer,HEK-293,Gi2,46.3,6.267,5.416,7.932580991017954,0.18311458093708755
10.1038/s41467-019-11875-6,OPRD_RAT,Compound 6,Binding/coupling,Downstream,HEK-293,,108.7,5.147,3.808,7.183229544086295,0.20767177022350936
10.1038/s41467-019-11875-6,OPRD_RAT,Compound 6,Dissociation,Transducer,HEK-293,GoA,40.18,5.529,4.4,7.1330099324122305,0.18079156700495913
10.1038/s41467-019-11875-6,OPRD_RAT,Compound 7,Recruitment ,Transducer,HEK-293,Arrestin-2 (β-arrestin-1),18.74,4.478,3.495,5.750769586551759,0.11542000257792928
10.1038/s41467-019-11875-6,OPRD_RAT,Compound 7,Recruitment ,Transducer,HEK-293,Arrestin-3 (β-arrestin-2),26.79,4.836,5.322,6.263972713608209,-1.156298062291282
10.1038/s41467-019-11875-6,OPRD_RAT,Compound 7,Recruitment ,Transducer,HEK-293,Arrestin-3 (β-arrestin-2),54.2,4.345,3.914,6.078999286538386,0.06672851063889551
10.1038/s41467-019-11875-6,OPRD_RAT,Compound 7,Recruitment ,Transducer,HEK-293,Arrestin-3 (β-arrestin-2),58.31,4.608,4.217,6.373743041421044,0.05847226552155327
10.1038/s41467-019-11875-6,OPRD_RAT,Compound 7,Recruitment ,Transducer,HEK-293,Arrestin-3 (β-arrestin-2),55.14,4.271,3.921,6.012466761769755,-0.006804014129735858
10.1038/s41467-019-11875-6,OPRD_RAT,Compound 7,Accumulation,Downstream,HEK-293,,117.7,5.225,5.608,7.295776462843435,-0.2769774423463023
10.1038/s41467-019-11875-6,OPRD_RAT,Compound 7,Dissociation,Transducer,HEK-293,Gi1,111.0,4.741,4.504,6.786322978786657,-0.1594260951048989
10.1038/s41467-019-11875-6,OPRD_RAT,Compound 7,Dissociation,Transducer,HEK-293,Gi2,105.8,5.324,5.429,7.348485667699167,-0.4139807423816988
10.1038/s41467-019-11875-6,OPRD_RAT,Compound 7,Binding/coupling,Downstream,HEK-293,,284.6,5.095,4.428,7.549234895748265,-0.04632287811452063
10.1038/s41467-019-11875-6,OPRD_RAT,Compound 7,Dissociation,Transducer,HEK-293,GoA,111.7,4.98,5.046,7.028053173115609,-0.5701651922916624
10.1038/s41467-019-11875-6,OPRD_RAT,Compound 8,Recruitment ,Transducer,HEK-293,Arrestin-2 (β-arrestin-1),75.36,6.653,6.452,8.530140889784821,-0.06220869418900854
10.1038/s41467-019-11875-6,OPRD_RAT,Compound 8,Recruitment ,Transducer,HEK-293,Arrestin-3 (β-arrestin-2),88.38,6.789,6.674,8.735353997226275,-0.0369167786732163
10.1038/s41467-019-11875-6,OPRD_RAT,Compound 8,Recruitment ,Transducer,HEK-293,Arrestin-3 (β-arrestin-2),95.13,6.844,6.773,8.822317496746752,-0.04895327915273828
10.1038/s41467-019-11875-6,OPRD_RAT,Compound 8,Recruitment ,Transducer,HEK-293,Arrestin-3 (β-arrestin-2),93.48,7.424,7.362,9.394718703720189,-0.06555207217930192
10.1038/s41467-019-11875-6,OPRD_RAT,Compound 8,Recruitment ,Transducer,HEK-293,Arrestin-3 (β-arrestin-2),85.56,7.203,7.037,9.13527077589949,0.0
10.1038/s41467-019-11875-6,OPRD_RAT,Compound 8,Accumulation,Downstream,HEK-293,,104.2,8.901,8.852,10.918867718963504,0.10211381377376672
10.1038/s41467-019-11875-6,OPRD_RAT,Compound 8,Dissociation,Transducer,HEK-293,Gi1,104.9,7.478,7.233,9.498775488193559,-0.1759735856979976
10.1038/s41467-019-11875-6,OPRD_RAT,Compound 8,Dissociation,Transducer,HEK-293,Gi2,95.01,8.458,8.26,10.435769318091575,-0.1576970919892906
10.1038/s41467-019-11875-6,OPRD_RAT,Compound 8,Binding/coupling,Downstream,HEK-293,,172.6,8.182,7.335,10.419040791379192,-0.08351698248359352
10.1038/s41467-019-11875-6,OPRD_RAT,Compound 8,Dissociation,Transducer,HEK-293,GoA,85.83,7.779,7.59,9.712639112524926,-0.4295792528823452
10.1038/s41467-019-11875-6,OPRD_RAT,Compound 9,Recruitment ,Transducer,HEK-293,Arrestin-3 (β-arrestin-2),8.84,6.594,5.297,7.540452265013073,0.14518148911358253
10.1038/s41467-019-11875-6,OPRD_RAT,Compound 9,Recruitment ,Transducer,HEK-293,Arrestin-3 (β-arrestin-2),14.35,6.679,5.666,7.835851901070011,0.07158112517052029
10.1038/s41467-019-11875-6,OPRD_RAT,Compound 9,Recruitment ,Transducer,HEK-293,Arrestin-3 (β-arrestin-2),10.83,6.609,5.429,7.64362845662532,0.1163576807258293
10.1038/s41467-019-11875-6,OPRD_RAT,Compound 9,Accumulation,Downstream,HEK-293,,79.38,8.632,8.456,10.531711094571143,0.11095718938140653
10.1038/s41467-019-11875-6,OPRD_RAT,Compound 9,Dissociation,Transducer,HEK-293,Gi1,55.42,5.841,5.114,7.584666521446213,0.028917447554656306
10.1038/s41467-019-11875-6,OPRD_RAT,Compound 9,Dissociation,Transducer,HEK-293,Gi2,61.98,7.185,6.675,8.977251571903263,-0.03121483817760229
10.1038/s41467-019-11875-6,OPRD_RAT,Compound 9,Binding/coupling,Downstream,HEK-293,,110.4,6.73,5.523,8.772969073393181,0.08241129953039561
10.1038/s41467-019-11875-6,OPRD_RAT,Compound 9,Dissociation,Transducer,HEK-293,GoA,43.86,6.876,5.977,8.518068627341504,-0.011149738065766801
10.1038/s41467-019-11875-6,OPRD_RAT,Fentanyl,Recruitment ,Transducer,HEK-293,Arrestin-3 (β-arrestin-2),9.069,4.999,3.693,5.956559401897479,0.16528862599798844
10.1038/s41467-019-11875-6,OPRD_RAT,Fentanyl,Recruitment ,Transducer,HEK-293,Arrestin-3 (β-arrestin-2),17.95,4.798,3.932,6.052064452914338,0.021793677014847024
10.1038/s41467-019-11875-6,OPRD_RAT,Fentanyl,Recruitment ,Transducer,HEK-293,Arrestin-3 (β-arrestin-2),12.83,4.904,3.827,6.012226656374929,0.08695588047543801
10.1038/s41467-019-11875-6,OPRD_RAT,Fentanyl,Dissociation,Transducer,HEK-293,Gi1,19.52,4.651,3.338,5.941479813330673,0.16173073943911653
10.1038/s41467-019-11875-6,OPRD_RAT,Fentanyl,Dissociation,Transducer,HEK-293,Gi2,55.46,5.655,4.973,7.398979865241843,0.09251345516097764
10.1038/s41467-019-11875-6,OPRD_RAT,Fentanyl,Binding/coupling,Downstream,HEK-293,,76.89,4.891,3.361,6.776869860903906,0.24831208704111996
10.1038/s41467-019-11875-6,OPRD_RAT,Fentanyl,Dissociation,Transducer,HEK-293,GoA,34.81,5.263,4.07,6.804704023284288,0.1824856578770171
10.1038/s41467-019-11875-6,OPRD_RAT,Loperamide,Recruitment ,Transducer,HEK-293,Arrestin-2 (β-arrestin-1),46.63,4.546,3.96,6.214665415454492,0.11431583148066249
10.1038/s41467-019-11875-6,OPRD_RAT,Loperamide,Recruitment ,Transducer,HEK-293,Arrestin-3 (β-arrestin-2),58.62,4.475,4.104,6.243045814102416,0.04077503820292527
10.1038/s41467-019-11875-6,OPRD_RAT,Loperamide,Recruitment ,Transducer,HEK-293,Arrestin-3 (β-arrestin-2),95.37,4.363,4.295,6.342411782634436,-0.05085899326505494
10.1038/s41467-019-11875-6,OPRD_RAT,Loperamide,Recruitment ,Transducer,HEK-293,Arrestin-3 (β-arrestin-2),83.51,4.829,4.614,6.750738483684598,0.03846770778510766
10.1038/s41467-019-11875-6,OPRD_RAT,Loperamide,Recruitment ,Transducer,HEK-293,Arrestin-3 (β-arrestin-2),93.47,4.542,4.482,6.512672242689719,-0.06759853320977172
10.1038/s41467-019-11875-6,OPRD_RAT,Loperamide,Accumulation,Downstream,HEK-293,,73.36,6.101,5.901,7.966459322661965,0.10070541747222794
10.1038/s41467-019-11875-6,OPRD_RAT,Loperamide,Dissociation,Transducer,HEK-293,Gi1,106.6,5.049,4.784,7.076757204690554,-0.14899186920100238
10.1038/s41467-019-11875-6,OPRD_RAT,Loperamide,Dissociation,Transducer,HEK-293,Gi2,97.02,5.416,5.24,7.402861270290045,-0.17060513979082081
10.1038/s41467-019-11875-6,OPRD_RAT,Loperamide,Binding/coupling,Downstream,HEK-293,,428.6,5.231,5.019,7.86305216670581,-0.3235056071569762
10.1038/s41467-019-11875-6,OPRD_RAT,Loperamide,Dissociation,Transducer,HEK-293,GoA,87.37,5.51,5.22,7.451362335711761,-0.32085602969550964
10.1038/s41467-019-11875-6,OPRD_RAT,Met-enkephalin,Recruitment ,Transducer,HEK-293,Arrestin-2 (β-arrestin-1),103.5,6.387,6.289,8.401940349792936,-0.027409234180893804
10.1038/s41467-019-11875-6,OPRD_RAT,Met-enkephalin,Recruitment ,Transducer,HEK-293,Arrestin-3 (β-arrestin-2),98.44,6.567,6.575,8.560171605030765,-0.11309917086872545
10.1038/s41467-019-11875-6,OPRD_RAT,Met-enkephalin,Recruitment ,Transducer,HEK-293,Arrestin-3 (β-arrestin-2),98.58,6.657,6.67,8.650788813818705,-0.11748196208078543
10.1038/s41467-019-11875-6,OPRD_RAT,Met-enkephalin,Recruitment ,Transducer,HEK-293,Arrestin-3 (β-arrestin-2),99.52,6.857,7.025,8.854910367346744,-0.26836040855274756
10.1038/s41467-019-11875-6,OPRD_RAT,Met-enkephalin,Recruitment ,Transducer,HEK-293,Arrestin-3 (β-arrestin-2),99.89,6.741,6.825,8.740522013128903,-0.18274876277058816
10.1038/s41467-019-11875-6,OPRD_RAT,Met-enkephalin,Accumulation,Downstream,HEK-293,,96.16,9.363,9.404,11.345994454658664,-0.022759450531073533
10.1038/s41467-019-11875-6,OPRD_RAT,Met-enkephalin,Dissociation,Transducer,HEK-293,Gi1,102.5,6.086,5.858,8.096723865391773,-0.203025208499783
10.1038/s41467-019-11875-6,OPRD_RAT,Met-enkephalin,Dissociation,Transducer,HEK-293,Gi2,117.7,6.554,6.552,8.624776462843435,-0.26068994723743
10.1038/s41467-019-11875-6,OPRD_RAT,Met-enkephalin,Binding/coupling,Downstream,HEK-293,,93.42,6.11,4.967,8.080439862951764,-0.054117910911021916
10.1038/s41467-019-11875-6,OPRD_RAT,Met-enkephalin,Dissociation,Transducer,HEK-293,GoA,98.46,6.513,6.442,8.506259831436736,-0.4879585339705348
10.1038/s41467-019-11875-6,OPRD_RAT,Morphine,Recruitment ,Transducer,HEK-293,Arrestin-3 (β-arrestin-2),7.51,5.582,4.244,6.457639937004168,0.11536916110467743
10.1038/s41467-019-11875-6,OPRD_RAT,Morphine,Recruitment ,Transducer,HEK-293,Arrestin-3 (β-arrestin-2),17.23,5.413,4.528,6.649285277448029,0.02301450154853857
10.1038/s41467-019-11875-6,OPRD_RAT,Morphine,Recruitment ,Transducer,HEK-293,Arrestin-3 (β-arrestin-2),12.85,5.183,4.202,6.291903127667313,-0.008367648232177949
10.1038/s41467-019-11875-6,OPRD_RAT,Morphine,Accumulation,Downstream,HEK-293,,83.74,6.762,6.682,8.684932956555212,0.03817905136547406
10.1038/s41467-019-11875-6,OPRD_RAT,Morphine,Dissociation,Transducer,HEK-293,Gi1,54.67,5.109,4.405,6.846749073891557,0.0
10.1038/s41467-019-11875-6,OPRD_RAT,Morphine,Dissociation,Transducer,HEK-293,Gi2,92.39,5.573,5.311,7.538624967109243,-0.10584144297162279
10.1038/s41467-019-11875-6,OPRD_RAT,Morphine,Binding/coupling,Downstream,HEK-293,,175.5,5.669,4.79,7.913277120801842,-0.04428065306094364
10.1038/s41467-019-11875-6,OPRD_RAT,Morphine,Dissociation,Transducer,HEK-293,GoA,78.72,5.49,5.142,7.386085085423286,-0.30813327998398554
10.1038/s41467-019-11875-6,OPRD_RAT,Nalfurafine (Compound 4),Recruitment ,Transducer,HEK-293,Arrestin-3 (β-arrestin-2),5.724,6.026,4.655,6.783699625087738,0.030428849188247398
10.1038/s41467-019-11875-6,OPRD_RAT,Nalfurafine (Compound 4),Accumulation,Downstream,HEK-293,,102.0,7.619,7.56,9.627600171761918,0.10284626657218077
10.1038/s41467-019-11875-6,OPRD_RAT,Nalfurafine (Compound 4),Dissociation,Transducer,HEK-293,Gi2,52.28,6.188,5.155,7.906335578908506,0.41786916882764036
10.1038/s41467-019-11875-6,OPRD_RAT,Nalfurafine (Compound 4),Binding/coupling,Downstream,HEK-293,,80.57,6.275,4.624,8.18117336364405,0.38961558978126387
10.1038/s41467-019-11875-6,OPRD_RAT,Nalfurafine (Compound 4),Dissociation,Transducer,HEK-293,GoA,28.4,6.171,4.908,7.624318340047038,0.1640999746397669
10.1038/s41467-019-11875-6,OPRD_RAT,Oxycodone,Recruitment ,Transducer,HEK-293,Arrestin-3 (β-arrestin-2),17.51,4.48,3.497,5.7232861460834465,0.12801537018395592
10.1038/s41467-019-11875-6,OPRD_RAT,Oxycodone,Recruitment ,Transducer,HEK-293,Arrestin-3 (β-arrestin-2),14.66,4.158,3.305,5.32413397030511,-0.07913680559438108
10.1038/s41467-019-11875-6,OPRD_RAT,Oxycodone,Accumulation,Downstream,HEK-293,,130.5,5.887,6.085,8.002610511674298,-0.04714339351543906
10.1038/s41467-019-11875-6,OPRD_RAT,Oxycodone,Dissociation,Transducer,HEK-293,Gi1,25.8,4.4,2.981,5.81161970596323,0.38887063207167394
10.1038/s41467-019-11875-6,OPRD_RAT,Oxycodone,Dissociation,Transducer,HEK-293,Gi2,74.04,4.874,4.41,6.743466410080866,0.0
10.1038/s41467-019-11875-6,OPRD_RAT,Oxycodone,Binding/coupling,Downstream,HEK-293,,111.3,4.568,3.292,6.614495164334707,0.1549373904719218
10.1038/s41467-019-11875-6,OPRD_RAT,Oxycodone,Dissociation,Transducer,HEK-293,GoA,59.51,4.591,3.801,6.365589950264795,0.012371584857523654
10.1038/s41467-019-11875-6,OPRM_HUMAN,Buprenorphine,Recruitment ,Transducer,HEK-293,Arrestin-3 (β-arrestin-2),15.86,4.643,3.995,5.843303182981584,-0.11554713703508046
10.1038/s41467-019-11875-6,OPRM_HUMAN,Buprenorphine,Recruitment ,Transducer,HEK-293,Arrestin-3 (β-arrestin-2),14.99,4.709,4.286,5.884801632848279,-0.3650486871683851
10.1038/s41467-019-11875-6,OPRM_HUMAN,Buprenorphine,Recruitment ,Transducer,HEK-293,Arrestin-3 (β-arrestin-2),7.405,4.555,3.699,5.424525062857227,-0.23832525715943742
10.1038/s41467-019-11875-6,OPRM_HUMAN,Buprenorphine,Accumulation,Downstream,HEK-293,,88.35,9.248,9.157,11.194206553842783,0.0
10.1038/s41467-019-11875-6,OPRM_HUMAN,Buprenorphine,Dissociation,Transducer,HEK-293,Gi1,40.91,8.252,7.356,9.863829479498374,0.27107385738975065
10.1038/s41467-019-11875-6,OPRM_HUMAN,Buprenorphine,Dissociation,Transducer,HEK-293,Gi2,58.86,8.212,7.881,9.981820257763593,-0.03188605114125931
10.1038/s41467-019-11875-6,OPRM_HUMAN,Buprenorphine,Binding/coupling,Downstream,HEK-293,,60.85,8.371,7.404,10.155260582566084,0.2825367171743114
10.1038/s41467-019-11875-6,OPRM_HUMAN,Buprenorphine,Dissociation,Transducer,HEK-293,GoA,79.93,8.577,8.264,10.479709812969878,0.0423843785798077
10.1038/s41467-019-11875-6,OPRM_HUMAN,Compound 1,Recruitment ,Transducer,HEK-293,Arrestin-3 (β-arrestin-2),13.11,4.504,3.689,5.621602691690084,-0.031247628326580568
10.1038/s41467-019-11875-6,OPRM_HUMAN,Compound 1,Accumulation,Downstream,HEK-293,,102.6,8.83,8.865,10.841147360775798,-0.06105919306698482
10.1038/s41467-019-11875-6,OPRM_HUMAN,Compound 1,Dissociation,Transducer,HEK-293,Gi1,38.27,6.776,5.814,8.3588584622245,0.3081028401158763
10.1038/s41467-019-11875-6,OPRM_HUMAN,Compound 1,Dissociation,Transducer,HEK-293,Gi2,60.52,6.701,6.152,8.482898919351149,0.19819261044629677
10.1038/s41467-019-11875-6,OPRM_HUMAN,Compound 1,Dissociation,Transducer,HEK-293,GoA,60.28,7.139,6.646,8.919173243642595,0.09984780925252412
10.1038/s41467-019-11875-6,OPRM_HUMAN,Compound 10,Recruitment ,Transducer,HEK-293,Arrestin-2 (β-arrestin-1),14.76,4.677,3.814,5.846086357487023,0.12349468162780486
10.1038/s41467-019-11875-6,OPRM_HUMAN,Compound 10,Recruitment ,Transducer,HEK-293,Arrestin-3 (β-arrestin-2),10.31,4.915,3.919,5.928258665283517,0.04540834526685211
10.1038/s41467-019-11875-6,OPRM_HUMAN,Compound 10,Recruitment ,Transducer,HEK-293,Arrestin-3 (β-arrestin-2),57.12,5.313,5.155,7.0697881987681175,-0.04906212124854736
10.1038/s41467-019-11875-6,OPRM_HUMAN,Compound 10,Recruitment ,Transducer,HEK-293,Arrestin-3 (β-arrestin-2),56.46,5.27,5.079,7.0217408738109,-0.021109446205763938
10.1038/s41467-019-11875-6,OPRM_HUMAN,Compound 10,Recruitment ,Transducer,HEK-293,Arrestin-3 (β-arrestin-2),36.32,4.984,4.653,6.5441458398490475,-0.07270448016761666
10.1038/s41467-019-11875-6,OPRM_HUMAN,Compound 10,Accumulation,Downstream,HEK-293,,98.45,8.711,8.669,10.704215720474137,-0.00199083336864625
10.1038/s41467-019-11875-6,OPRM_HUMAN,Compound 10,Dissociation,Transducer,HEK-293,Gi1,66.95,6.311,5.898,8.136750581348029,0.0019949592394050697
10.1038/s41467-019-11875-6,OPRM_HUMAN,Compound 10,Dissociation,Transducer,HEK-293,Gi2,88.86,6.983,6.799,8.931706308904852,0.0
10.1038/s41467-019-11875-6,OPRM_HUMAN,Compound 10,Binding/coupling,Downstream,HEK-293,,150.7,6.057,5.983,8.235113252314632,-0.21661061307714125
10.1038/s41467-019-11875-6,OPRM_HUMAN,Compound 10,Dissociation,Transducer,HEK-293,GoA,84.08,7.086,6.816,9.010692703020187,0.021367268630116065
10.1038/s41467-019-11875-6,OPRM_HUMAN,Compound 11,Recruitment ,Transducer,HEK-293,Arrestin-3 (β-arrestin-2),15.34,5.392,4.68,6.577825359612962,-0.06602496040370198
10.1038/s41467-019-11875-6,OPRM_HUMAN,Compound 11,Recruitment ,Transducer,HEK-293,Arrestin-3 (β-arrestin-2),17.05,5.74,5.047,6.9717243833285165,-0.03912593668814779
10.1038/s41467-019-11875-6,OPRM_HUMAN,Compound 11,Recruitment ,Transducer,HEK-293,Arrestin-3 (β-arrestin-2),6.336,5.545,4.532,6.346815168581437,-0.1490351514352275
10.1038/s41467-019-11875-6,OPRM_HUMAN,Compound 11,Accumulation,Downstream,HEK-293,,96.03,8.134,8.165,10.116406928863796,-0.08579962497898563
10.1038/s41467-019-11875-6,OPRM_HUMAN,Compound 11,Dissociation,Transducer,HEK-293,Gi1,60.38,6.467,5.906,8.247893108687078,0.1051374865784549
10.1038/s41467-019-11875-6,OPRM_HUMAN,Compound 11,Dissociation,Transducer,HEK-293,Gi2,88.64,6.199,6.002,8.146629747384354,0.011923438479502835
10.1038/s41467-019-11875-6,OPRM_HUMAN,Compound 11,Binding/coupling,Downstream,HEK-293,,77.39,6.174,5.495,8.0626848466597,0.0989609812679264
10.1038/s41467-019-11875-6,OPRM_HUMAN,Compound 11,Dissociation,Transducer,HEK-293,GoA,88.38,6.938,6.697,8.884353997226274,0.014028562836203129
10.1038/s41467-019-11875-6,OPRM_HUMAN,Compound 12,Recruitment ,Transducer,HEK-293,Arrestin-2 (β-arrestin-1),17.46,5.182,4.961,6.424044239369551,-0.445547436489667
10.1038/s41467-019-11875-6,OPRM_HUMAN,Compound 12,Recruitment ,Transducer,HEK-293,Arrestin-3 (β-arrestin-2),23.91,5.27,4.995,6.648579576115774,-0.31027074390089027
10.1038/s41467-019-11875-6,OPRM_HUMAN,Compound 12,Recruitment ,Transducer,HEK-293,Arrestin-3 (β-arrestin-2),66.12,6.513,6.403,8.33333284489941,-0.03351747511725467
10.1038/s41467-019-11875-6,OPRM_HUMAN,Compound 12,Recruitment ,Transducer,HEK-293,Arrestin-3 (β-arrestin-2),65.83,6.498,6.373,8.31642385509208,-0.020426464924585552
10.1038/s41467-019-11875-6,OPRM_HUMAN,Compound 12,Recruitment ,Transducer,HEK-293,Arrestin-3 (β-arrestin-2),49.53,6.025,5.911,7.719868327982456,-0.15498199203420793
10.1038/s41467-019-11875-6,OPRM_HUMAN,Compound 12,Accumulation,Downstream,HEK-293,,93.65,9.069,8.989,11.040507781711257,0.014301227868473987
10.1038/s41467-019-11875-6,OPRM_HUMAN,Compound 12,Dissociation,Transducer,HEK-293,Gi1,81.27,7.644,7.38,9.55393025975283,-0.0628253623557935
10.1038/s41467-019-11875-6,OPRM_HUMAN,Compound 12,Dissociation,Transducer,HEK-293,Gi2,93.05,7.726,7.492,9.694716377466786,0.0700100685619347
10.1038/s41467-019-11875-6,OPRM_HUMAN,Compound 12,Binding/coupling,Downstream,HEK-293,,159.7,7.024,7.048,9.227304916138483,-0.2894189492532906
10.1038/s41467-019-11875-6,OPRM_HUMAN,Compound 12,Dissociation,Transducer,HEK-293,GoA,119.3,8.36,8.482,10.436640443670342,-0.21868499071972813
10.1038/s41467-019-11875-6,OPRM_HUMAN,Compound 13,Recruitment ,Transducer,HEK-293,Arrestin-2 (β-arrestin-1),52.62,5.077,4.894,6.798150843749684,-0.004440832109533943
10.1038/s41467-019-11875-6,OPRM_HUMAN,Compound 13,Recruitment ,Transducer,HEK-293,Arrestin-3 (β-arrestin-2),68.96,4.882,4.737,6.720597252816656,0.019746932799991512
10.1038/s41467-019-11875-6,OPRM_HUMAN,Compound 13,Recruitment ,Transducer,HEK-293,Arrestin-3 (β-arrestin-2),93.47,5.711,5.679,7.68167224268972,0.03882192267305484
10.1038/s41467-019-11875-6,OPRM_HUMAN,Compound 13,Recruitment ,Transducer,HEK-293,Arrestin-3 (β-arrestin-2),95.3,5.636,5.617,7.615092900638326,0.034242580621661745
10.1038/s41467-019-11875-6,OPRM_HUMAN,Compound 13,Recruitment ,Transducer,HEK-293,Arrestin-3 (β-arrestin-2),85.82,5.328,5.281,7.2615885101966535,0.016738190179989232
10.1038/s41467-019-11875-6,OPRM_HUMAN,Compound 13,Accumulation,Downstream,HEK-293,,97.54,8.565,8.578,10.554182751255548,-0.0610238025872345
10.1038/s41467-019-11875-6,OPRM_HUMAN,Compound 13,Dissociation,Transducer,HEK-293,Gi1,72.7,7.157,6.793,9.018534410859038,-0.01122121124958575
10.1038/s41467-019-11875-6,OPRM_HUMAN,Compound 13,Dissociation,Transducer,HEK-293,Gi2,94.85,6.756,6.57,8.733037335224681,0.030331026319829313
10.1038/s41467-019-11875-6,OPRM_HUMAN,Compound 13,Binding/coupling,Downstream,HEK-293,,115.1,6.749,6.401,8.81007532362979,-0.05964854176198209
10.1038/s41467-019-11875-6,OPRM_HUMAN,Compound 13,Dissociation,Transducer,HEK-293,GoA,95.72,7.353,7.177,9.3340026899414,-0.016322744448670434
10.1038/s41467-019-11875-6,OPRM_HUMAN,Compound 14,Accumulation,Downstream,HEK-293,,90.29,9.203,9.12,11.15863965302325,0.0014330991804687443
10.1038/s41467-019-11875-6,OPRM_HUMAN,Compound 14,Dissociation,Transducer,HEK-293,Gi1,48.39,6.183,5.631,7.867755622108624,0.0
10.1038/s41467-019-11875-6,OPRM_HUMAN,Compound 14,Dissociation,Transducer,HEK-293,Gi2,40.67,7.404,6.658,9.013274172404588,0.22256786349973545
10.1038/s41467-019-11875-6,OPRM_HUMAN,Compound 14,Dissociation,Transducer,HEK-293,GoA,56.52,7.606,6.863,9.35820215317652,0.3218767187864495
10.1038/s41467-019-11875-6,OPRM_HUMAN,Compound 15,Recruitment ,Transducer,HEK-293,Arrestin-3 (β-arrestin-2),21.35,4.712,3.955,6.0413978793610426,0.12254755934437789
10.1038/s41467-019-11875-6,OPRM_HUMAN,Compound 15,Recruitment ,Transducer,HEK-293,Arrestin-3 (β-arrestin-2),15.66,5.047,4.507,6.241791757721924,-0.22905856229473986
10.1038/s41467-019-11875-6,OPRM_HUMAN,Compound 15,Accumulation,Downstream,HEK-293,,92.98,8.674,8.553,10.642389541847068,0.05218298800428478
10.1038/s41467-019-11875-6,OPRM_HUMAN,Compound 15,Dissociation,Transducer,HEK-293,Gi1,66.23,6.216,5.89,8.037054755046888,-0.08970086706173497
10.1038/s41467-019-11875-6,OPRM_HUMAN,Compound 15,Dissociation,Transducer,HEK-293,Gi2,79.92,6.221,5.956,8.123655475217927,0.03494916631307454
10.1038/s41467-019-11875-6,OPRM_HUMAN,Compound 15,Binding/coupling,Downstream,HEK-293,,102.5,4.836,4.378,6.846723865391773,0.0
10.1038/s41467-019-11875-6,OPRM_HUMAN,Compound 15,Dissociation,Transducer,HEK-293,GoA,62.38,6.806,6.135,8.601045370421126,0.2927199360310553
10.1038/s41467-019-11875-6,OPRM_HUMAN,Compound 16,Recruitment ,Transducer,HEK-293,Arrestin-3 (β-arrestin-2),10.76,5.792,4.874,6.82381227133037,-0.014038048686294324
10.1038/s41467-019-11875-6,OPRM_HUMAN,Compound 16,Recruitment ,Transducer,HEK-293,Arrestin-3 (β-arrestin-2),59.56,6.396,6.207,8.170954689080139,0.00010436906347432995
10.1038/s41467-019-11875-6,OPRM_HUMAN,Compound 16,Recruitment ,Transducer,HEK-293,Arrestin-3 (β-arrestin-2),54.16,6.283,6.06,8.016678655677088,-0.007171664339575834
10.1038/s41467-019-11875-6,OPRM_HUMAN,Compound 16,Recruitment ,Transducer,HEK-293,Arrestin-3 (β-arrestin-2),30.37,6.094,5.658,7.576444791918266,-0.04540552809839937
10.1038/s41467-019-11875-6,OPRM_HUMAN,Compound 16,Accumulation,Downstream,HEK-293,,99.02,9.511,9.447,11.506722921995465,0.022516368152682986
10.1038/s41467-019-11875-6,OPRM_HUMAN,Compound 16,Dissociation,Transducer,HEK-293,Gi1,70.81,7.682,7.304,9.5320945943867,-0.008661027721923453
10.1038/s41467-019-11875-6,OPRM_HUMAN,Compound 16,Dissociation,Transducer,HEK-293,Gi2,90.18,7.624,7.401,9.579110230970551,0.04540392206569965
10.1038/s41467-019-11875-6,OPRM_HUMAN,Compound 16,Binding/coupling,Downstream,HEK-293,,79.97,7.401,6.909,9.303927096017263,-0.07379676937450963
10.1038/s41467-019-11875-6,OPRM_HUMAN,Compound 16,Dissociation,Transducer,HEK-293,GoA,96.07,8.061,7.9,10.043587790701663,-0.029737643688408255
10.1038/s41467-019-11875-6,OPRM_HUMAN,Compound 3,Accumulation,Downstream,HEK-293,,90.03,8.987,8.857,10.941387250144516,0.047180696301733605
10.1038/s41467-019-11875-6,OPRM_HUMAN,Compound 3,Dissociation,Transducer,HEK-293,Gi1,25.97,7.794,6.856,9.208471949629303,0.11571632752067895
10.1038/s41467-019-11875-6,OPRM_HUMAN,Compound 3,Dissociation,Transducer,HEK-293,Gi2,62.0,7.678,7.495,9.470391689498253,-0.1573146194065984
10.1038/s41467-019-11875-6,OPRM_HUMAN,Compound 3,Binding/coupling,Downstream,HEK-293,,48.31,5.688,4.893,7.372037037486519,0.01031317209474647
10.1038/s41467-019-11875-6,OPRM_HUMAN,Compound 3,Dissociation,Transducer,HEK-293,GoA,69.1,8.76,8.332,10.599478047374198,0.0941526129841268
10.1038/s41467-019-11875-6,OPRM_HUMAN,Compound 5,Recruitment ,Transducer,HEK-293,Arrestin-2 (β-arrestin-1),103.5,7.03,7.058,9.044940349792936,0.0783486739337187
10.1038/s41467-019-11875-6,OPRM_HUMAN,Compound 5,Recruitment ,Transducer,HEK-293,Arrestin-3 (β-arrestin-2),100.7,7.058,7.082,9.061029470553617,0.015179150536952513
10.1038/s41467-019-11875-6,OPRM_HUMAN,Compound 5,Recruitment ,Transducer,HEK-293,Arrestin-3 (β-arrestin-2),101.3,7.741,7.768,9.74660944536028,0.014759125343615231
10.1038/s41467-019-11875-6,OPRM_HUMAN,Compound 5,Recruitment ,Transducer,HEK-293,Arrestin-3 (β-arrestin-2),99.19,7.763,7.754,9.759467890261718,0.041617570245053415
10.1038/s41467-019-11875-6,OPRM_HUMAN,Compound 5,Recruitment ,Transducer,HEK-293,Arrestin-3 (β-arrestin-2),102.3,7.37,7.38,9.37987563371216,0.036025313695495775
10.1038/s41467-019-11875-6,OPRM_HUMAN,Compound 5,Accumulation,Downstream,HEK-293,,90.32,11.07,10.99,13.025783928916912,-0.0014226249258708634
10.1038/s41467-019-11875-6,OPRM_HUMAN,Compound 5,Dissociation,Transducer,HEK-293,Gi1,110.1,7.96,7.94,10.001787318971752,-0.17496830313687184
10.1038/s41467-019-11875-6,OPRM_HUMAN,Compound 5,Dissociation,Transducer,HEK-293,Gi2,97.22,9.052,9.072,11.039755616738523,-0.16495069216632796
10.1038/s41467-019-11875-6,OPRM_HUMAN,Compound 5,Binding/coupling,Downstream,HEK-293,,131.2,9.024,8.907,11.14193383503964,-0.2337900303521323
10.1038/s41467-019-11875-6,OPRM_HUMAN,Compound 5,Dissociation,Transducer,HEK-293,GoA,107.6,8.808,8.824,10.83981227133037,-0.15751316305970064
10.1038/s41467-019-11875-6,OPRM_HUMAN,Compound 6,Recruitment ,Transducer,HEK-293,Arrestin-3 (β-arrestin-2),16.42,7.317,6.617,8.532373152783421,-0.04847716723324336
10.1038/s41467-019-11875-6,OPRM_HUMAN,Compound 6,Recruitment ,Transducer,HEK-293,Arrestin-3 (β-arrestin-2),18.82,7.411,6.763,8.685619619091238,-0.04123070092542669
10.1038/s41467-019-11875-6,OPRM_HUMAN,Compound 6,Recruitment ,Transducer,HEK-293,Arrestin-3 (β-arrestin-2),7.337,7.492,6.329,8.357518519074773,0.06466819905810883
10.1038/s41467-019-11875-6,OPRM_HUMAN,Compound 6,Accumulation,Downstream,HEK-293,,92.11,8.951,8.866,10.915306782303936,0.012100228461154217
10.1038/s41467-019-11875-6,OPRM_HUMAN,Compound 6,Dissociation,Transducer,HEK-293,Gi1,57.37,6.678,6.085,8.436684849882441,0.11492922777381764
10.1038/s41467-019-11875-6,OPRM_HUMAN,Compound 6,Dissociation,Transducer,HEK-293,Gi2,76.27,7.424,7.068,9.306353746388714,0.10564743748386274
10.1038/s41467-019-11875-6,OPRM_HUMAN,Compound 6,Binding/coupling,Downstream,HEK-293,,55.64,7.516,6.768,9.26138712132001,0.02466325592823626
10.1038/s41467-019-11875-6,OPRM_HUMAN,Compound 6,Dissociation,Transducer,HEK-293,GoA,66.73,7.584,7.213,9.40832112485077,0.021995690460699713
10.1038/s41467-019-11875-6,OPRM_HUMAN,Compound 7,Recruitment ,Transducer,HEK-293,Arrestin-2 (β-arrestin-1),118.1,5.151,5.398,7.223249897613515,-0.08334177824570244
10.1038/s41467-019-11875-6,OPRM_HUMAN,Compound 7,Recruitment ,Transducer,HEK-293,Arrestin-3 (β-arrestin-2),101.2,5.314,5.514,7.319180512503781,-0.15866980751288384
10.1038/s41467-019-11875-6,OPRM_HUMAN,Compound 7,Recruitment ,Transducer,HEK-293,Arrestin-3 (β-arrestin-2),97.35,6.6,6.583,8.58833595585605,0.04148563583938447
10.1038/s41467-019-11875-6,OPRM_HUMAN,Compound 7,Recruitment ,Transducer,HEK-293,Arrestin-3 (β-arrestin-2),100.1,6.552,6.559,8.552434077479319,0.02958375746265407
10.1038/s41467-019-11875-6,OPRM_HUMAN,Compound 7,Recruitment ,Transducer,HEK-293,Arrestin-3 (β-arrestin-2),104.4,6.102,6.163,8.120700498666244,-0.006149821350421192
10.1038/s41467-019-11875-6,OPRM_HUMAN,Compound 7,Accumulation,Downstream,HEK-293,,81.84,9.527,9.395,11.439965620704102,0.0077590668613201075
10.1038/s41467-019-11875-6,OPRM_HUMAN,Compound 7,Dissociation,Transducer,HEK-293,Gi1,112.8,7.278,7.367,9.330309099647323,-0.27344652246130075
10.1038/s41467-019-11875-6,OPRM_HUMAN,Compound 7,Dissociation,Transducer,HEK-293,Gi2,100.9,8.009,8.103,10.01289116623691,-0.22281514266794122
10.1038/s41467-019-11875-6,OPRM_HUMAN,Compound 7,Binding/coupling,Downstream,HEK-293,,151.5,7.456,7.312,9.636412632838324,-0.14431123255344946
10.1038/s41467-019-11875-6,OPRM_HUMAN,Compound 7,Dissociation,Transducer,HEK-293,GoA,113.5,8.187,8.145,10.24199586152914,-0.07632957286092967
10.1038/s41467-019-11875-6,OPRM_HUMAN,Compound 8,Recruitment ,Transducer,HEK-293,Arrestin-2 (β-arrestin-1),41.84,4.936,4.649,6.557591675859218,0.0
10.1038/s41467-019-11875-6,OPRM_HUMAN,Compound 8,Recruitment ,Transducer,HEK-293,Arrestin-3 (β-arrestin-2),39.18,4.738,4.143,6.331064431658718,0.22421411164205374
10.1038/s41467-019-11875-6,OPRM_HUMAN,Compound 8,Recruitment ,Transducer,HEK-293,Arrestin-3 (β-arrestin-2),76.98,5.126,5.004,7.012377906758573,0.04452758674190882
10.1038/s41467-019-11875-6,OPRM_HUMAN,Compound 8,Recruitment ,Transducer,HEK-293,Arrestin-3 (β-arrestin-2),81.76,5.079,5.008,6.991540882790638,0.019690562773972964
10.1038/s41467-019-11875-6,OPRM_HUMAN,Compound 8,Recruitment ,Transducer,HEK-293,Arrestin-3 (β-arrestin-2),70.43,4.914,4.813,6.761757688392331,-0.015092631624333386
10.1038/s41467-019-11875-6,OPRM_HUMAN,Compound 8,Accumulation,Downstream,HEK-293,,92.16,8.284,8.161,10.248542466079137,0.050335912236354474
10.1038/s41467-019-11875-6,OPRM_HUMAN,Compound 8,Dissociation,Transducer,HEK-293,Gi1,93.53,6.592,6.382,8.562950934345423,-0.055804687763200356
10.1038/s41467-019-11875-6,OPRM_HUMAN,Compound 8,Dissociation,Transducer,HEK-293,Gi2,101.4,6.797,6.759,8.803037954997317,-0.08866835390753547
10.1038/s41467-019-11875-6,OPRM_HUMAN,Compound 8,Binding/coupling,Downstream,HEK-293,,181.3,5.728,5.969,7.986397804095509,-0.45132606129626485
10.1038/s41467-019-11875-6,OPRM_HUMAN,Compound 8,Dissociation,Transducer,HEK-293,GoA,89.68,7.405,7.196,9.357695599586917,-0.011629834803153827
10.1038/s41467-019-11875-6,OPRM_HUMAN,Compound 9,Recruitment ,Transducer,HEK-293,Arrestin-3 (β-arrestin-2),17.59,7.042,6.355,8.287265839457461,-0.0315844805592036
10.1038/s41467-019-11875-6,OPRM_HUMAN,Compound 9,Recruitment ,Transducer,HEK-293,Arrestin-3 (β-arrestin-2),16.78,7.193,6.522,8.417791956492682,-0.06805836352398309
10.1038/s41467-019-11875-6,OPRM_HUMAN,Compound 9,Recruitment ,Transducer,HEK-293,Arrestin-3 (β-arrestin-2),7.541,6.622,5.69,7.49942894078822,-0.15442137922844523
10.1038/s41467-019-11875-6,OPRM_HUMAN,Compound 9,Accumulation,Downstream,HEK-293,,89.75,9.153,9.038,11.106034457250358,0.030827903407574908
10.1038/s41467-019-11875-6,OPRM_HUMAN,Compound 9,Dissociation,Transducer,HEK-293,Gi1,45.57,7.568,6.817,9.22667902858245,0.1729234064738252
10.1038/s41467-019-11875-6,OPRM_HUMAN,Compound 9,Dissociation,Transducer,HEK-293,Gi2,64.8,8.016,7.76,9.827575005870592,-0.06513130303425907
10.1038/s41467-019-11875-6,OPRM_HUMAN,Compound 9,Binding/coupling,Downstream,HEK-293,,55.83,7.838,7.01,9.584867627850429,0.10614376245865564
10.1038/s41467-019-11875-6,OPRM_HUMAN,Compound 9,Dissociation,Transducer,HEK-293,GoA,79.23,8.398,8.1,10.296889655926586,0.023564221536515717
10.1038/s41467-019-11875-6,OPRM_HUMAN,DAMGO,Recruitment ,Transducer,HEK-293,Arrestin-2 (β-arrestin-1),103.9,5.933,5.974,7.949615547557178,0.06702387169795987
10.1038/s41467-019-11875-6,OPRM_HUMAN,DAMGO,Recruitment ,Transducer,HEK-293,Arrestin-3 (β-arrestin-2),86.58,5.899,5.827,7.8364175814771375,0.04556726146047296
10.1038/s41467-019-11875-6,OPRM_HUMAN,DAMGO,Recruitment ,Transducer,HEK-293,Arrestin-3 (β-arrestin-2),98.99,6.612,6.615,8.607591324252354,0.02874100423568926
10.1038/s41467-019-11875-6,OPRM_HUMAN,DAMGO,Recruitment ,Transducer,HEK-293,Arrestin-3 (β-arrestin-2),104.0,6.576,6.627,8.59303333929878,0.002183019282115062
10.1038/s41467-019-11875-6,OPRM_HUMAN,DAMGO,Recruitment ,Transducer,HEK-293,Arrestin-3 (β-arrestin-2),104.8,6.207,6.241,8.227361282647708,0.022510962631043796
10.1038/s41467-019-11875-6,OPRM_HUMAN,DAMGO,Accumulation,Downstream,HEK-293,,93.71,10.23,10.17,12.201785937879116,-0.0054206159636667195
10.1038/s41467-019-11875-6,OPRM_HUMAN,DAMGO,Dissociation,Transducer,HEK-293,Gi1,100.9,6.643,6.585,8.64689116623691,-0.17486445587171318
10.1038/s41467-019-11875-6,OPRM_HUMAN,DAMGO,Dissociation,Transducer,HEK-293,Gi2,100.4,7.195,7.209,9.196733712809001,-0.14497259609585011
10.1038/s41467-019-11875-6,OPRM_HUMAN,DAMGO,Binding/coupling,Downstream,HEK-293,,115.3,7.272,6.752,9.3338293072947,0.1131054419029267
10.1038/s41467-019-11875-6,OPRM_HUMAN,DAMGO,Dissociation,Transducer,HEK-293,GoA,107.4,7.636,7.424,9.667004281363537,0.06967884697346616
10.1038/s41467-019-11875-6,OPRM_HUMAN,Endomorphin-1,Recruitment ,Transducer,HEK-293,Arrestin-2 (β-arrestin-1),45.44,6.108,5.847,7.765438322702963,0.009846646843744367
10.1038/s41467-019-11875-6,OPRM_HUMAN,Endomorphin-1,Recruitment ,Transducer,HEK-293,Arrestin-3 (β-arrestin-2),50.73,6.027,5.754,7.732264862317404,0.014414542300739797
10.1038/s41467-019-11875-6,OPRM_HUMAN,Endomorphin-1,Recruitment ,Transducer,HEK-293,Arrestin-3 (β-arrestin-2),84.44,6.66,6.606,8.586548224635619,0.016697904618954595
10.1038/s41467-019-11875-6,OPRM_HUMAN,Endomorphin-1,Recruitment ,Transducer,HEK-293,Arrestin-3 (β-arrestin-2),82.6,6.591,6.521,8.507980047320382,0.02312972730371765
10.1038/s41467-019-11875-6,OPRM_HUMAN,Endomorphin-1,Recruitment ,Transducer,HEK-293,Arrestin-3 (β-arrestin-2),68.26,6.334,6.211,8.16816628394262,-0.006684036074044997
10.1038/s41467-019-11875-6,OPRM_HUMAN,Endomorphin-1,Accumulation,Downstream,HEK-293,,93.91,9.646,9.515,11.618711840547068,0.06650528670428457
10.1038/s41467-019-11875-6,OPRM_HUMAN,Endomorphin-1,Dissociation,Transducer,HEK-293,Gi1,85.29,6.66,6.38,8.590898114410106,-0.025857507698518134
10.1038/s41467-019-11875-6,OPRM_HUMAN,Endomorphin-1,Dissociation,Transducer,HEK-293,Gi2,91.58,7.126,6.998,9.087800639191679,-0.04290566971317311
10.1038/s41467-019-11875-6,OPRM_HUMAN,Endomorphin-1,Binding/coupling,Downstream,HEK-293,,116.4,6.195,5.941,8.26095298031387,-0.14877088507790237
10.1038/s41467-019-11875-6,OPRM_HUMAN,Endomorphin-1,Dissociation,Transducer,HEK-293,GoA,107.4,7.549,7.466,9.580004281363538,-0.0593211530265334
10.1038/s41467-019-11875-6,OPRM_HUMAN,Fentanyl,Recruitment ,Transducer,HEK-293,Arrestin-2 (β-arrestin-1),26.62,6.171,5.78,7.596208051138657,-0.09238362472056139
10.1038/s41467-019-11875-6,OPRM_HUMAN,Fentanyl,Recruitment ,Transducer,HEK-293,Arrestin-3 (β-arrestin-2),27.5,6.221,5.692,7.660332693830263,0.004482373813598173
10.1038/s41467-019-11875-6,OPRM_HUMAN,Fentanyl,Recruitment ,Transducer,HEK-293,Arrestin-3 (β-arrestin-2),72.67,6.794,6.705,8.65535516019326,-0.01349515982340499
10.1038/s41467-019-11875-6,OPRM_HUMAN,Fentanyl,Recruitment ,Transducer,HEK-293,Arrestin-3 (β-arrestin-2),72.7,6.8,6.695,8.661534410859037,0.0026840908423722
10.1038/s41467-019-11875-6,OPRM_HUMAN,Fentanyl,Recruitment ,Transducer,HEK-293,Arrestin-3 (β-arrestin-2),52.33,6.43,6.223,8.148750734739664,-0.03809958527700008
10.1038/s41467-019-11875-6,OPRM_HUMAN,Fentanyl,Accumulation,Downstream,HEK-293,,94.44,10.52,10.53,12.49515597840669,-0.0720505754360925
10.1038/s41467-019-11875-6,OPRM_HUMAN,Fentanyl,Dissociation,Transducer,HEK-293,Gi1,80.97,7.475,7.148,9.383324139276178,-0.0014314828324453188
10.1038/s41467-019-11875-6,OPRM_HUMAN,Fentanyl,Dissociation,Transducer,HEK-293,Gi2,97.09,7.648,7.615,9.63517450108754,-0.11253180781731142
10.1038/s41467-019-11875-6,OPRM_HUMAN,Fentanyl,Binding/coupling,Downstream,HEK-293,,83.54,7.476,6.941,9.397894470929103,-0.011829394462670173
10.1038/s41467-019-11875-6,OPRM_HUMAN,Fentanyl,Dissociation,Transducer,HEK-293,GoA,102.7,8.156,8.037,10.16757044359728,-0.042754990792792213
10.1038/s41467-019-11875-6,OPRM_HUMAN,Loperamide,Recruitment ,Transducer,HEK-293,Arrestin-2 (β-arrestin-1),75.4,6.27,6.159,8.147371345869773,0.07977967001055575
10.1038/s41467-019-11875-6,OPRM_HUMAN,Loperamide,Recruitment ,Transducer,HEK-293,Arrestin-3 (β-arrestin-2),81.41,6.059,5.982,7.969677754742706,0.023827434726040764
10.1038/s41467-019-11875-6,OPRM_HUMAN,Loperamide,Recruitment ,Transducer,HEK-293,Arrestin-3 (β-arrestin-2),89.42,6.649,6.589,8.600434665532013,0.0475843455153484
10.1038/s41467-019-11875-6,OPRM_HUMAN,Loperamide,Recruitment ,Transducer,HEK-293,Arrestin-3 (β-arrestin-2),89.3,6.678,6.624,8.628851458888546,0.041001138871881615
10.1038/s41467-019-11875-6,OPRM_HUMAN,Loperamide,Recruitment ,Transducer,HEK-293,Arrestin-3 (β-arrestin-2),87.73,6.361,6.321,8.304148129358563,0.019297809341898287
10.1038/s41467-019-11875-6,OPRM_HUMAN,Loperamide,Accumulation,Downstream,HEK-293,,97.73,9.727,9.701,11.717027898770295,-0.02117865507248773
10.1038/s41467-019-11875-6,OPRM_HUMAN,Loperamide,Dissociation,Transducer,HEK-293,Gi1,110.9,8.038,7.885,10.08293154614916,-0.03882407595946358
10.1038/s41467-019-11875-6,OPRM_HUMAN,Loperamide,Dissociation,Transducer,HEK-293,Gi2,103.1,8.21,8.056,10.223258665283517,0.03455235637866583
10.1038/s41467-019-11875-6,OPRM_HUMAN,Loperamide,Binding/coupling,Downstream,HEK-293,,181.8,6.657,6.96,8.916593878885948,-0.5121299865058253
10.1038/s41467-019-11875-6,OPRM_HUMAN,Loperamide,Dissociation,Transducer,HEK-293,GoA,121.6,8.785,8.895,10.869933574936717,-0.1983918594533538
10.1038/s41467-019-11875-6,OPRM_HUMAN,Meptazinol,Accumulation,Downstream,HEK-293,,91.15,8.11,8.021,10.069756672990994,0.011550119148211024
10.1038/s41467-019-11875-6,OPRM_HUMAN,Meptazinol,Dissociation,Transducer,HEK-293,Gi1,39.86,6.16,5.231,7.760537294364469,0.2927816722558454
10.1038/s41467-019-11875-6,OPRM_HUMAN,Meptazinol,Dissociation,Transducer,HEK-293,Gi2,62.68,6.586,6.099,8.383128987796553,0.15142267889170125
10.1038/s41467-019-11875-6,OPRM_HUMAN,Meptazinol,Binding/coupling,Downstream,HEK-293,,84.82,5.567,4.837,7.495498268123691,0.18977440273191792
10.1038/s41467-019-11875-6,OPRM_HUMAN,Meptazinol,Dissociation,Transducer,HEK-293,GoA,69.87,6.709,6.31,8.553290743254342,0.06996530886427177
10.1038/s41467-019-11875-6,OPRM_HUMAN,Met-enkephalin,Recruitment ,Transducer,HEK-293,Arrestin-2 (β-arrestin-1),99.47,5.911,5.896,7.908692117941726,0.10410044208250824
10.1038/s41467-019-11875-6,OPRM_HUMAN,Met-enkephalin,Recruitment ,Transducer,HEK-293,Arrestin-3 (β-arrestin-2),98.47,5.997,5.967,7.9903039379194745,0.05945361790281023
10.1038/s41467-019-11875-6,OPRM_HUMAN,Met-enkephalin,Recruitment ,Transducer,HEK-293,Arrestin-3 (β-arrestin-2),100.3,6.644,6.658,8.645300933020419,0.02345061300375395
10.1038/s41467-019-11875-6,OPRM_HUMAN,Met-enkephalin,Recruitment ,Transducer,HEK-293,Arrestin-3 (β-arrestin-2),99.88,6.646,6.648,8.64547853367931,0.03362821366264512
10.1038/s41467-019-11875-6,OPRM_HUMAN,Met-enkephalin,Recruitment ,Transducer,HEK-293,Arrestin-3 (β-arrestin-2),99.06,6.362,6.362,8.357898323646438,0.03204800362977345
10.1038/s41467-019-11875-6,OPRM_HUMAN,Met-enkephalin,Accumulation,Downstream,HEK-293,,104.1,8.555,8.62,10.572450729510535,-0.08475582433224638
10.1038/s41467-019-11875-6,OPRM_HUMAN,Met-enkephalin,Dissociation,Transducer,HEK-293,Gi1,101.3,6.508,6.466,8.51360944536028,-0.1891461767483431
10.1038/s41467-019-11875-6,OPRM_HUMAN,Met-enkephalin,Dissociation,Transducer,HEK-293,Gi2,101.8,7.267,7.315,9.27474777800074,-0.17295853090411129
10.1038/s41467-019-11875-6,OPRM_HUMAN,Met-enkephalin,Binding/coupling,Downstream,HEK-293,,96.36,7.067,6.575,9.050896791326306,0.007172925934532337
10.1038/s41467-019-11875-6,OPRM_HUMAN,Met-enkephalin,Dissociation,Transducer,HEK-293,GoA,103.9,7.519,7.403,9.535615547557178,-0.04070988683289212
10.1038/s41467-019-11875-6,OPRM_HUMAN,Morphine,Recruitment ,Transducer,HEK-293,Arrestin-2 (β-arrestin-1),15.11,6.435,5.809,7.6142644643390245,-0.10332721152019353
10.1038/s41467-019-11875-6,OPRM_HUMAN,Morphine,Recruitment ,Transducer,HEK-293,Arrestin-3 (β-arrestin-2),18.83,6.369,5.68,7.643850320016664,0.0
10.1038/s41467-019-11875-6,OPRM_HUMAN,Morphine,Recruitment ,Transducer,HEK-293,Arrestin-3 (β-arrestin-2),68.35,6.805,6.686,8.63973851890384,-0.010111801112824281
10.1038/s41467-019-11875-6,OPRM_HUMAN,Morphine,Recruitment ,Transducer,HEK-293,Arrestin-3 (β-arrestin-2),65.14,6.869,6.723,8.682847754228854,-0.004002565787810219
10.1038/s41467-019-11875-6,OPRM_HUMAN,Morphine,Recruitment ,Transducer,HEK-293,Arrestin-3 (β-arrestin-2),44.03,6.548,6.274,8.191748685459526,-0.04610163455713856
10.1038/s41467-019-11875-6,OPRM_HUMAN,Morphine,Accumulation,Downstream,HEK-293,,97.25,9.991,9.888,11.978889609997745,0.05368305615496283
10.1038/s41467-019-11875-6,OPRM_HUMAN,Morphine,Dissociation,Transducer,HEK-293,Gi1,86.58,7.671,7.369,9.608417581477138,0.0026619593685142107
10.1038/s41467-019-11875-6,OPRM_HUMAN,Morphine,Dissociation,Transducer,HEK-293,Gi2,98.08,7.936,7.911,9.92758045717434,-0.11612585173051126
10.1038/s41467-019-11875-6,OPRM_HUMAN,Morphine,Binding/coupling,Downstream,HEK-293,,116.1,8.161,7.841,10.225832219738574,-0.08389164565319884
10.1038/s41467-019-11875-6,OPRM_HUMAN,Morphine,Dissociation,Transducer,HEK-293,GoA,104.1,8.535,8.519,10.552450729510536,-0.13987470487953502
10.1038/s41467-019-11875-6,OPRM_HUMAN,Nalfurafine (Compound 4),Accumulation,Downstream,HEK-293,,95.22,8.975,8.925,10.953728177138492,-0.00847837670429108
10.1038/s41467-019-11875-6,OPRM_HUMAN,Nalfurafine (Compound 4),Dissociation,Transducer,HEK-293,Gi1,22.65,7.459,6.144,8.81406820634885,0.4333125842402259
10.1038/s41467-019-11875-6,OPRM_HUMAN,Nalfurafine (Compound 4),Dissociation,Transducer,HEK-293,Gi2,44.81,7.517,6.818,9.168374943913044,0.21766863500819245
10.1038/s41467-019-11875-6,OPRM_HUMAN,Nalfurafine (Compound 4),Binding/coupling,Downstream,HEK-293,,35.13,7.948,6.556,9.493678149792025,0.4689542844002519
10.1038/s41467-019-11875-6,OPRM_HUMAN,Nalfurafine (Compound 4),Dissociation,Transducer,HEK-293,GoA,61.14,8.06,7.673,9.84632543439007,0.0
10.1038/s41467-019-11875-6,OPRM_HUMAN,Oxycodone,Recruitment ,Transducer,HEK-293,Arrestin-2 (β-arrestin-1),13.82,4.875,4.252,6.01550804303818,-0.14508363282103787
10.1038/s41467-019-11875-6,OPRM_HUMAN,Oxycodone,Recruitment ,Transducer,HEK-293,Arrestin-3 (β-arrestin-2),11.88,5.229,4.576,6.303816440645175,-0.23603387937148934
10.1038/s41467-019-11875-6,OPRM_HUMAN,Oxycodone,Recruitment ,Transducer,HEK-293,Arrestin-3 (β-arrestin-2),58.31,5.719,5.539,7.484743041421044,-0.018107278595620002
10.1038/s41467-019-11875-6,OPRM_HUMAN,Oxycodone,Recruitment ,Transducer,HEK-293,Arrestin-3 (β-arrestin-2),60.37,5.744,5.559,7.524821175853472,0.0019708558368076723
10.1038/s41467-019-11875-6,OPRM_HUMAN,Oxycodone,Recruitment ,Transducer,HEK-293,Arrestin-3 (β-arrestin-2),34.76,5.553,5.163,7.094079767776629,-0.03277055224003611
10.1038/s41467-019-11875-6,OPRM_HUMAN,Oxycodone,Accumulation,Downstream,HEK-293,,104.6,8.709,8.765,10.728531684531255,-0.07367486931152811
10.1038/s41467-019-11875-6,OPRM_HUMAN,Oxycodone,Dissociation,Transducer,HEK-293,Gi1,79.61,6.315,5.951,8.215967623919125,0.028212001810501874
10.1038/s41467-019-11875-6,OPRM_HUMAN,Oxycodone,Dissociation,Transducer,HEK-293,Gi2,99.97,6.462,6.407,8.461869692108268,-0.07783661679658405
10.1038/s41467-019-11875-6,OPRM_HUMAN,Oxycodone,Binding/coupling,Downstream,HEK-293,,97.9,6.813,6.278,8.803782691803137,0.05705882641136473
10.1038/s41467-019-11875-6,OPRM_HUMAN,Oxycodone,Dissociation,Transducer,HEK-293,GoA,104.1,7.012,6.903,9.029450729510536,-0.04687470487953416
10.1038/s41467-019-11875-6,OPRM_HUMAN,Tramadol,Accumulation,Downstream,HEK-293,,85.7,6.287,6.29,8.219980821923198,-0.10722573191958507
10.1038/s41467-019-11875-6,OPRM_HUMAN,Tramadol,Dissociation,Transducer,HEK-293,Gi1,27.8,4.796,3.393,6.2400447959180765,0.6102891738094529
10.1038/s41467-019-11875-6,OPRM_HUMAN,Tramadol,Dissociation,Transducer,HEK-293,Gi2,59.86,4.967,4.539,6.744136712504172,0.07243040359932085
10.1038/s41467-019-11875-6,OPRM_HUMAN,Tramadol,Binding/coupling,Downstream,HEK-293,,74.52,4.614,3.782,6.486272846224205,0.2355489808324318
10.1038/s41467-019-11875-6,OPRM_HUMAN,Tramadol,Dissociation,Transducer,HEK-293,GoA,63.13,4.763,4.267,6.563235789327354,0.1229103549372832
10.1038/s41467-019-11875-6,OPRM_RAT,Buprenorphine,Recruitment ,Transducer,HEK-293,Arrestin-3 (β-arrestin-2),2.929,7.26,5.794,7.7267193716815985,-0.03205923229026908
10.1038/s41467-019-11875-6,OPRM_RAT,Buprenorphine,Accumulation,Downstream,HEK-293,,105.6,7.045,6.926,9.068663918197792,-0.23897304373391037
10.1038/s41467-019-11875-6,OPRM_RAT,Buprenorphine,Dissociation,Transducer,HEK-293,Gi1,42.79,7.727,6.885,9.358342286483934,0.19891254829938543
10.1038/s41467-019-11875-6,OPRM_RAT,Buprenorphine,Dissociation,Transducer,HEK-293,Gi2,74.66,8.008,7.626,9.881087985590284,0.243886284564371
10.1038/s41467-019-11875-6,OPRM_RAT,Buprenorphine,Binding/coupling,Downstream,HEK-293,,91.15,8.334,8.051,10.293756672990995,0.03334977385311788
10.1038/s41467-019-11875-6,OPRM_RAT,Buprenorphine,Dissociation,Transducer,HEK-293,GoA,86.86,7.92,7.277,9.85881982502621,0.08912053580750712
10.1038/s41467-019-11875-6,OPRM_RAT,Compound 1,Accumulation,Downstream,HEK-293,,119.4,6.541,6.187,8.61800432679335,0.04936736486164772
10.1038/s41467-019-11875-6,OPRM_RAT,Compound 1,Dissociation,Transducer,HEK-293,Gi1,38.14,5.846,4.973,7.427380688709987,0.17995095052543864
10.1038/s41467-019-11875-6,OPRM_RAT,Compound 1,Dissociation,Transducer,HEK-293,Gi2,72.84,6.688,6.465,8.550369937122882,0.07416823609696976
10.1038/s41467-019-11875-6,OPRM_RAT,Compound 1,Binding/coupling,Downstream,HEK-293,,39.7,7.398,6.856,8.996790506763116,-0.06861639237476069
10.1038/s41467-019-11875-6,OPRM_RAT,Compound 1,Dissociation,Transducer,HEK-293,GoA,61.66,6.807,5.947,8.59700352039049,0.15730423117178827
10.1038/s41467-019-11875-6,OPRM_RAT,Compound 10,Recruitment ,Transducer,HEK-293,Arrestin-3 (β-arrestin-2),15.21,4.356,5.0,5.538129214052998,-1.42664938991887
10.1038/s41467-019-11875-6,OPRM_RAT,Compound 10,Recruitment ,Transducer,HEK-293,Arrestin-3 (β-arrestin-2),44.65,4.949,4.861,6.598821463224565,-0.22695714074730233
10.1038/s41467-019-11875-6,OPRM_RAT,Compound 10,Recruitment ,Transducer,HEK-293,Arrestin-3 (β-arrestin-2),35.44,5.62,5.27,7.169493713215013,-0.06528489075685417
10.1038/s41467-019-11875-6,OPRM_RAT,Compound 10,Recruitment ,Transducer,HEK-293,Arrestin-3 (β-arrestin-2),21.3,5.203,4.653,6.531379603438738,-0.08639900053312921
10.1038/s41467-019-11875-6,OPRM_RAT,Compound 10,Accumulation,Downstream,HEK-293,,124.4,5.563,5.349,7.657820380354799,-0.07281658157690352
10.1038/s41467-019-11875-6,OPRM_RAT,Compound 10,Dissociation,Transducer,HEK-293,Gi1,91.12,6.072,5.799,8.031613711071044,-0.04181602711350507
10.1038/s41467-019-11875-6,OPRM_RAT,Compound 10,Dissociation,Transducer,HEK-293,Gi2,89.32,6.554,6.504,8.5049487143994,-0.010252986626511529
10.1038/s41467-019-11875-6,OPRM_RAT,Compound 10,Binding/coupling,Downstream,HEK-293,,123.5,5.116,4.937,7.207666957595684,0.061260058457807354
10.1038/s41467-019-11875-6,OPRM_RAT,Compound 10,Dissociation,Transducer,HEK-293,GoA,100.3,5.945,5.35,7.946300933020418,0.10360164380171621
10.1038/s41467-019-11875-6,OPRM_RAT,Compound 11,Recruitment ,Transducer,HEK-293,Arrestin-3 (β-arrestin-2),12.02,5.427,4.442,6.50690446766672,0.10012586369485188
10.1038/s41467-019-11875-6,OPRM_RAT,Compound 11,Accumulation,Downstream,HEK-293,,119.0,7.462,7.015,9.53754696139253,0.1409099994608285
10.1038/s41467-019-11875-6,OPRM_RAT,Compound 11,Dissociation,Transducer,HEK-293,Gi1,79.41,5.934,5.456,7.833875196021011,0.10344545783646186
10.1038/s41467-019-11875-6,OPRM_RAT,Compound 11,Dissociation,Transducer,HEK-293,Gi2,92.3,6.46,6.414,8.425201701025912,0.0
10.1038/s41467-019-11875-6,OPRM_RAT,Compound 11,Binding/coupling,Downstream,HEK-293,,51.63,6.651,6.129,8.363902125047222,0.02549522590934572
10.1038/s41467-019-11875-6,OPRM_RAT,Compound 11,Dissociation,Transducer,HEK-293,GoA,143.8,6.429,6.109,8.586758886046864,-0.014940403171838312
10.1038/s41467-019-11875-6,OPRM_RAT,Compound 12,Recruitment ,Transducer,HEK-293,Arrestin-2 (β-arrestin-1),14.44,4.556,3.893,5.71556719323362,-0.1907031959614791
10.1038/s41467-019-11875-6,OPRM_RAT,Compound 12,Recruitment ,Transducer,HEK-293,Arrestin-3 (β-arrestin-2),13.88,4.646,4.198,5.788389466118836,-0.37438913785303196
10.1038/s41467-019-11875-6,OPRM_RAT,Compound 12,Recruitment ,Transducer,HEK-293,Arrestin-3 (β-arrestin-2),42.92,6.291,6.008,7.9236597132939135,-0.049118890677954496
10.1038/s41467-019-11875-6,OPRM_RAT,Compound 12,Recruitment ,Transducer,HEK-293,Arrestin-3 (β-arrestin-2),53.63,6.439,6.257,8.168407796963068,-0.05337080700879948
10.1038/s41467-019-11875-6,OPRM_RAT,Compound 12,Recruitment ,Transducer,HEK-293,Arrestin-3 (β-arrestin-2),32.58,5.944,5.745,7.456951079972491,-0.25282752399937714
10.1038/s41467-019-11875-6,OPRM_RAT,Compound 12,Accumulation,Downstream,HEK-293,,94.44,7.36,6.953,9.33515597840669,0.0005190164749864223
10.1038/s41467-019-11875-6,OPRM_RAT,Compound 12,Dissociation,Transducer,HEK-293,Gi1,94.2,6.973,6.645,8.947050902792878,0.02762116460832953
10.1038/s41467-019-11875-6,OPRM_RAT,Compound 12,Dissociation,Transducer,HEK-293,Gi2,89.07,7.424,7.236,9.373731452315708,0.12652975128979538
10.1038/s41467-019-11875-6,OPRM_RAT,Compound 12,Binding/coupling,Downstream,HEK-293,,97.36,7.781,7.589,9.769380565222008,-0.029026333915869174
10.1038/s41467-019-11875-6,OPRM_RAT,Compound 12,Dissociation,Transducer,HEK-293,GoA,143.1,7.285,7.078,9.440639633759776,-0.1300596554589264
10.1038/s41467-019-11875-6,OPRM_RAT,Compound 13,Recruitment ,Transducer,HEK-293,Arrestin-2 (β-arrestin-1),52.85,4.951,4.655,6.674044991643445,0.005774602448345156
10.1038/s41467-019-11875-6,OPRM_RAT,Compound 13,Recruitment ,Transducer,HEK-293,Arrestin-3 (β-arrestin-2),36.82,5.314,4.928,6.880083784167996,-0.01269481980387166
10.1038/s41467-019-11875-6,OPRM_RAT,Compound 13,Recruitment ,Transducer,HEK-293,Arrestin-3 (β-arrestin-2),75.44,5.685,5.54,7.562601679729272,0.05782307575740386
10.1038/s41467-019-11875-6,OPRM_RAT,Compound 13,Recruitment ,Transducer,HEK-293,Arrestin-3 (β-arrestin-2),85.67,5.83,6.236,7.762828766900847,-0.4379498370710211
10.1038/s41467-019-11875-6,OPRM_RAT,Compound 13,Recruitment ,Transducer,HEK-293,Arrestin-3 (β-arrestin-2),70.37,5.451,5.317,7.298387551027395,0.016608947055527068
10.1038/s41467-019-11875-6,OPRM_RAT,Compound 13,Accumulation,Downstream,HEK-293,,122.0,6.201,5.986,8.287359830674749,-0.08027713125695346
10.1038/s41467-019-11875-6,OPRM_RAT,Compound 13,Dissociation,Transducer,HEK-293,Gi1,108.5,6.581,6.342,8.616429738184548,0.0
10.1038/s41467-019-11875-6,OPRM_RAT,Compound 13,Dissociation,Transducer,HEK-293,Gi2,91.94,6.808,6.816,8.771504499414291,-0.05569720161162106
10.1038/s41467-019-11875-6,OPRM_RAT,Compound 13,Binding/coupling,Downstream,HEK-293,,226.0,4.809,5.287,7.1631084391474005,-0.333298459990476
10.1038/s41467-019-11875-6,OPRM_RAT,Compound 13,Dissociation,Transducer,HEK-293,GoA,142.9,6.642,6.429,8.797032228790972,-0.1246670604277309
10.1038/s41467-019-11875-6,OPRM_RAT,Compound 14,Recruitment ,Transducer,HEK-293,Arrestin-2 (β-arrestin-1),19.1,5.611,4.822,6.892033367247727,0.05676297805262731
10.1038/s41467-019-11875-6,OPRM_RAT,Compound 14,Accumulation,Downstream,HEK-293,,83.9,7.591,7.04,9.5147619608287,0.09312499889699755
10.1038/s41467-019-11875-6,OPRM_RAT,Compound 14,Dissociation,Transducer,HEK-293,Gi1,50.63,5.983,5.299,7.6874079273868405,0.11397818920229152
10.1038/s41467-019-11875-6,OPRM_RAT,Compound 14,Dissociation,Transducer,HEK-293,Gi2,58.02,6.809,6.398,8.572577724466646,0.16337602344073332
10.1038/s41467-019-11875-6,OPRM_RAT,Compound 14,Binding/coupling,Downstream,HEK-293,,51.6,6.746,6.31,8.458649701627213,-0.06075719751066355
10.1038/s41467-019-11875-6,OPRM_RAT,Compound 14,Dissociation,Transducer,HEK-293,GoA,75.98,6.307,5.695,8.187699289218703,0.0
10.1038/s41467-019-11875-6,OPRM_RAT,Compound 15,Recruitment ,Transducer,HEK-293,Arrestin-3 (β-arrestin-2),6.437,5.257,4.111,6.065683509128969,-0.010095094842898611
10.1038/s41467-019-11875-6,OPRM_RAT,Compound 15,Recruitment ,Transducer,HEK-293,Arrestin-3 (β-arrestin-2),10.02,5.136,4.083,6.136867721531227,0.08908911755935911
10.1038/s41467-019-11875-6,OPRM_RAT,Compound 15,Accumulation,Downstream,HEK-293,,61.75,6.818,6.227,8.608636961931703,0.0
10.1038/s41467-019-11875-6,OPRM_RAT,Compound 15,Dissociation,Transducer,HEK-293,Gi1,65.62,5.752,5.517,7.569036226050029,-0.22239351213451997
10.1038/s41467-019-11875-6,OPRM_RAT,Compound 15,Dissociation,Transducer,HEK-293,Gi2,74.29,6.656,6.475,8.526930358348695,0.040728657322782524
10.1038/s41467-019-11875-6,OPRM_RAT,Compound 15,Binding/coupling,Downstream,HEK-293,,20.98,8.249,7.33,9.570805483857539,0.03139858471966228
10.1038/s41467-019-11875-6,OPRM_RAT,Compound 15,Dissociation,Transducer,HEK-293,GoA,89.05,6.231,5.707,8.180633923799263,-0.01906536541943904
10.1038/s41467-019-11875-6,OPRM_RAT,Compound 16,Recruitment ,Transducer,HEK-293,Arrestin-3 (β-arrestin-2),45.49,6.337,6.202,7.994915936829955,-0.17186266714191323
10.1038/s41467-019-11875-6,OPRM_RAT,Compound 16,Recruitment ,Transducer,HEK-293,Arrestin-3 (β-arrestin-2),45.74,6.73,6.465,8.39029616027073,-0.039482443701138514
10.1038/s41467-019-11875-6,OPRM_RAT,Compound 16,Recruitment ,Transducer,HEK-293,Arrestin-3 (β-arrestin-2),24.14,6.411,5.905,7.7937372657613295,-0.07604133821053871
10.1038/s41467-019-11875-6,OPRM_RAT,Compound 16,Accumulation,Downstream,HEK-293,,57.29,15.48,14.65,17.238078822249612,0.20644186031790923
10.1038/s41467-019-11875-6,OPRM_RAT,Compound 16,Dissociation,Transducer,HEK-293,Gi1,86.15,7.706,7.394,9.641255281784048,-0.02717445640050098
10.1038/s41467-019-11875-6,OPRM_RAT,Compound 16,Dissociation,Transducer,HEK-293,Gi2,98.77,7.734,7.615,9.728625053768605,0.10242335274269188
10.1038/s41467-019-11875-6,OPRM_RAT,Compound 16,Binding/coupling,Downstream,HEK-293,,115.9,8.203,7.766,10.267083435963595,0.2916765368257188
10.1038/s41467-019-11875-6,OPRM_RAT,Compound 16,Dissociation,Transducer,HEK-293,GoA,110.6,7.957,7.512,10.000755126968679,-0.00394416225002292
10.1038/s41467-019-11875-6,OPRM_RAT,Compound 3,Accumulation,Downstream,HEK-293,,108.3,7.652,7.288,9.686628456625321,0.016991494693618492
10.1038/s41467-019-11875-6,OPRM_RAT,Compound 3,Dissociation,Transducer,HEK-293,Gi1,25.03,7.782,6.148,9.180460849608224,0.7580311114236755
10.1038/s41467-019-11875-6,OPRM_RAT,Compound 3,Dissociation,Transducer,HEK-293,Gi2,65.41,7.768,7.207,9.583644149131965,0.36544244810605253
10.1038/s41467-019-11875-6,OPRM_RAT,Compound 3,Binding/coupling,Downstream,HEK-293,,64.91,5.27,5.005,7.082311609131123,-0.13209529000675335
10.1038/s41467-019-11875-6,OPRM_RAT,Compound 3,Dissociation,Transducer,HEK-293,GoA,75.63,7.551,6.676,9.429694100396109,0.2609948111774063
10.1038/s41467-019-11875-6,OPRM_RAT,Compound 5,Recruitment ,Transducer,HEK-293,Arrestin-2 (β-arrestin-1),114.3,6.699,6.83,8.757046230395282,-0.08622415879981737
10.1038/s41467-019-11875-6,OPRM_RAT,Compound 5,Recruitment ,Transducer,HEK-293,Arrestin-3 (β-arrestin-2),89.8,6.685,6.645,8.638276336667303,0.02849773269543565
10.1038/s41467-019-11875-6,OPRM_RAT,Compound 5,Recruitment ,Transducer,HEK-293,Arrestin-3 (β-arrestin-2),100.6,7.363,7.354,9.365597980719908,0.04681937674804004
10.1038/s41467-019-11875-6,OPRM_RAT,Compound 5,Recruitment ,Transducer,HEK-293,Arrestin-3 (β-arrestin-2),101.7,7.421,7.435,9.428320952922745,0.028542348950876928
10.1038/s41467-019-11875-6,OPRM_RAT,Compound 5,Recruitment ,Transducer,HEK-293,Arrestin-3 (β-arrestin-2),95.76,7.032,7.019,9.013184137398355,0.029405533426486663
10.1038/s41467-019-11875-6,OPRM_RAT,Compound 5,Accumulation,Downstream,HEK-293,,96.88,10.02,9.771,12.006234130134995,-0.1464028317967081
10.1038/s41467-019-11875-6,OPRM_RAT,Compound 5,Dissociation,Transducer,HEK-293,Gi1,146.1,7.159,7.148,9.323650215934297,-0.09877952225025144
10.1038/s41467-019-11875-6,OPRM_RAT,Compound 5,Dissociation,Transducer,HEK-293,Gi2,78.74,8.507,7.748,10.40319541045421,0.6439937094282966
10.1038/s41467-019-11875-6,OPRM_RAT,Compound 5,Binding/coupling,Downstream,HEK-293,,120.7,8.947,8.79,11.028707270097348,0.029300370959472133
10.1038/s41467-019-11875-6,OPRM_RAT,Compound 5,Dissociation,Transducer,HEK-293,GoA,193.7,7.356,7.326,9.643129620719112,-0.17556966849959021
10.1038/s41467-019-11875-6,OPRM_RAT,Compound 6,Recruitment ,Transducer,HEK-293,Arrestin-3 (β-arrestin-2),5.451,6.587,5.633,7.323476182027696,-0.27430242194417165
10.1038/s41467-019-11875-6,OPRM_RAT,Compound 6,Recruitment ,Transducer,HEK-293,Arrestin-3 (β-arrestin-2),8.379,7.327,6.096,8.250192190420668,0.1894135864487998
10.1038/s41467-019-11875-6,OPRM_RAT,Compound 6,Accumulation,Downstream,HEK-293,,113.6,7.498,7.208,9.553378331375,-0.03625863055670209
10.1038/s41467-019-11875-6,OPRM_RAT,Compound 6,Dissociation,Transducer,HEK-293,Gi1,55.17,6.374,5.706,8.115702983957739,0.13527324577319
10.1038/s41467-019-11875-6,OPRM_RAT,Compound 6,Dissociation,Transducer,HEK-293,Gi2,69.13,7.214,7.032,9.053666556882433,0.010464855856520572
10.1038/s41467-019-11875-6,OPRM_RAT,Compound 6,Binding/coupling,Downstream,HEK-293,,54.71,7.454,6.933,9.19206671477747,0.04965981563959332
10.1038/s41467-019-11875-6,OPRM_RAT,Compound 6,Dissociation,Transducer,HEK-293,GoA,84.8,6.822,6.318,8.750395852256714,-0.0603034369619877
10.1038/s41467-019-11875-6,OPRM_RAT,Compound 7,Recruitment ,Transducer,HEK-293,Arrestin-2 (β-arrestin-1),91.7,5.115,5.063,7.077369335670022,0.0010989464749222577
10.1038/s41467-019-11875-6,OPRM_RAT,Compound 7,Recruitment ,Transducer,HEK-293,Arrestin-3 (β-arrestin-2),96.15,5.062,5.172,7.044949288574498,-0.09182931539736927
10.1038/s41467-019-11875-6,OPRM_RAT,Compound 7,Recruitment ,Transducer,HEK-293,Arrestin-3 (β-arrestin-2),107.6,6.085,6.208,8.116812271330371,-0.055966332641497196
10.1038/s41467-019-11875-6,OPRM_RAT,Compound 7,Recruitment ,Transducer,HEK-293,Arrestin-3 (β-arrestin-2),105.8,6.185,6.293,8.209485667699166,-0.048292936272702036
10.1038/s41467-019-11875-6,OPRM_RAT,Compound 7,Recruitment ,Transducer,HEK-293,Arrestin-3 (β-arrestin-2),109.4,5.598,5.806,7.637017321997412,-0.13376128197445603
10.1038/s41467-019-11875-6,OPRM_RAT,Compound 7,Accumulation,Downstream,HEK-293,,84.49,11.49,10.99,13.416805310111606,0.045168348179903006
10.1038/s41467-019-11875-6,OPRM_RAT,Compound 7,Dissociation,Transducer,HEK-293,Gi1,157.0,6.787,6.978,8.982899652409234,-0.26953008577531445
10.1038/s41467-019-11875-6,OPRM_RAT,Compound 7,Dissociation,Transducer,HEK-293,Gi2,99.83,7.47,7.63,9.4692610711131,-0.1719406299128119
10.1038/s41467-019-11875-6,OPRM_RAT,Compound 7,Binding/coupling,Downstream,HEK-293,,95.61,7.847,7.637,9.827503318193395,-0.018903580944480858
10.1038/s41467-019-11875-6,OPRM_RAT,Compound 7,Dissociation,Transducer,HEK-293,GoA,198.5,6.892,6.902,9.189760511099134,-0.20493877811956818
10.1038/s41467-019-11875-6,OPRM_RAT,Compound 8,Recruitment ,Transducer,HEK-293,Arrestin-2 (β-arrestin-1),26.4,4.45,3.404,5.871603926869831,0.4543335376747315
10.1038/s41467-019-11875-6,OPRM_RAT,Compound 8,Recruitment ,Transducer,HEK-293,Arrestin-3 (β-arrestin-2),16.43,4.587,3.861,5.802637563435061,-0.0231410405368071
10.1038/s41467-019-11875-6,OPRM_RAT,Compound 8,Recruitment ,Transducer,HEK-293,Arrestin-3 (β-arrestin-2),68.65,4.818,4.694,6.654640541572774,-0.004138062399094089
10.1038/s41467-019-11875-6,OPRM_RAT,Compound 8,Recruitment ,Transducer,HEK-293,Arrestin-3 (β-arrestin-2),63.45,4.934,4.772,6.736431626430724,-0.00034697754114443313
10.1038/s41467-019-11875-6,OPRM_RAT,Compound 8,Recruitment ,Transducer,HEK-293,Arrestin-3 (β-arrestin-2),38.39,4.826,4.434,6.410218112117405,0.011439508145536514
10.1038/s41467-019-11875-6,OPRM_RAT,Compound 8,Accumulation,Downstream,HEK-293,,125.0,6.477,6.284,8.573910013008057,-0.09172694892364586
10.1038/s41467-019-11875-6,OPRM_RAT,Compound 8,Dissociation,Transducer,HEK-293,Gi1,196.6,5.629,5.967,7.922583513496116,-0.31884622468843205
10.1038/s41467-019-11875-6,OPRM_RAT,Compound 8,Dissociation,Transducer,HEK-293,Gi2,103.5,6.523,6.676,8.537940349792937,-0.14926135123297612
10.1038/s41467-019-11875-6,OPRM_RAT,Compound 8,Binding/coupling,Downstream,HEK-293,,256.8,5.306,5.9,7.715595019396815,-0.3938118797410617
10.1038/s41467-019-11875-6,OPRM_RAT,Compound 8,Dissociation,Transducer,HEK-293,GoA,200.1,6.135,6.116,8.436247088636211,-0.1724522005824909
10.1038/s41467-019-11875-6,OPRM_RAT,Compound 9,Accumulation,Downstream,HEK-293,,105.9,7.383,7.073,9.407895960107485,-0.04674100182421803
10.1038/s41467-019-11875-6,OPRM_RAT,Compound 9,Dissociation,Transducer,HEK-293,Gi1,39.06,7.411,6.558,9.002732238951836,0.1703025007672876
10.1038/s41467-019-11875-6,OPRM_RAT,Compound 9,Dissociation,Transducer,HEK-293,Gi2,61.44,7.841,7.152,9.629451207023456,0.4662495059975429
10.1038/s41467-019-11875-6,OPRM_RAT,Compound 9,Binding/coupling,Downstream,HEK-293,,78.55,8.109,7.767,10.004146189375993,0.02773929023811572
10.1038/s41467-019-11875-6,OPRM_RAT,Compound 9,Dissociation,Transducer,HEK-293,GoA,68.82,6.966,6.121,8.803714668284911,0.19001537906620847
10.1038/s41467-019-11875-6,OPRM_RAT,DAMGO,Recruitment ,Transducer,HEK-293,Arrestin-2 (β-arrestin-1),94.6,5.684,5.591,7.659891136401793,0.05562074720669319
10.1038/s41467-019-11875-6,OPRM_RAT,DAMGO,Recruitment ,Transducer,HEK-293,Arrestin-3 (β-arrestin-2),79.76,5.607,5.507,7.5087851453036,0.0370065413317322
10.1038/s41467-019-11875-6,OPRM_RAT,DAMGO,Recruitment ,Transducer,HEK-293,Arrestin-3 (β-arrestin-2),98.11,6.26,6.21,8.25171327571309,0.07693467174122226
10.1038/s41467-019-11875-6,OPRM_RAT,DAMGO,Recruitment ,Transducer,HEK-293,Arrestin-3 (β-arrestin-2),95.52,6.329,6.264,8.309094313785293,0.08031570981342462
10.1038/s41467-019-11875-6,OPRM_RAT,DAMGO,Recruitment ,Transducer,HEK-293,Arrestin-3 (β-arrestin-2),92.14,5.969,5.899,7.933448207916661,0.06966960394479305
10.1038/s41467-019-11875-6,OPRM_RAT,DAMGO,Accumulation,Downstream,HEK-293,,89.35,8.891,8.443,10.842094556841664,0.01745759490996157
10.1038/s41467-019-11875-6,OPRM_RAT,DAMGO,Dissociation,Transducer,HEK-293,Gi1,128.3,6.294,6.178,8.402226656374928,-0.05020308180962019
10.1038/s41467-019-11875-6,OPRM_RAT,DAMGO,Dissociation,Transducer,HEK-293,Gi2,94.81,7.434,7.503,9.410854146576218,-0.10334755444969446
10.1038/s41467-019-11875-6,OPRM_RAT,DAMGO,Binding/coupling,Downstream,HEK-293,,90.41,7.391,7.105,9.34721646924339,0.03280957010551333
10.1038/s41467-019-11875-6,OPRM_RAT,DAMGO,Dissociation,Transducer,HEK-293,GoA,113.0,6.89,6.489,8.943078443483419,-0.03862084573528346
10.1038/s41467-019-11875-6,OPRM_RAT,Endomorphin-1,Recruitment ,Transducer,HEK-293,Arrestin-2 (β-arrestin-1),17.6,6.182,5.583,7.427512667814151,-0.16875772138094902
10.1038/s41467-019-11875-6,OPRM_RAT,Endomorphin-1,Recruitment ,Transducer,HEK-293,Arrestin-3 (β-arrestin-2),20.12,5.74,5.166,7.04362797638389,-0.08715062758797831
10.1038/s41467-019-11875-6,OPRM_RAT,Endomorphin-1,Recruitment ,Transducer,HEK-293,Arrestin-3 (β-arrestin-2),65.81,6.239,6.08,8.057291890799995,0.012513286828126802
10.1038/s41467-019-11875-6,OPRM_RAT,Endomorphin-1,Recruitment ,Transducer,HEK-293,Arrestin-3 (β-arrestin-2),62.26,6.297,6.103,8.091209116346496,0.023430512374628343
10.1038/s41467-019-11875-6,OPRM_RAT,Endomorphin-1,Recruitment ,Transducer,HEK-293,Arrestin-3 (β-arrestin-2),43.84,5.997,5.691,7.638870545476313,-0.01690805849555499
10.1038/s41467-019-11875-6,OPRM_RAT,Endomorphin-1,Accumulation,Downstream,HEK-293,,122.9,6.895,6.754,8.984551882886453,-0.1510850790452487
10.1038/s41467-019-11875-6,OPRM_RAT,Endomorphin-1,Dissociation,Transducer,HEK-293,Gi1,66.93,5.99,5.613,7.8156208250035,-0.07180891318104887
10.1038/s41467-019-11875-6,OPRM_RAT,Endomorphin-1,Dissociation,Transducer,HEK-293,Gi2,87.68,7.279,7.223,9.221900541140293,-0.012301159885619306
10.1038/s41467-019-11875-6,OPRM_RAT,Endomorphin-1,Binding/coupling,Downstream,HEK-293,,49.4,5.491,5.18,7.184726948923647,-0.20467995021422958
10.1038/s41467-019-11875-6,OPRM_RAT,Endomorphin-1,Dissociation,Transducer,HEK-293,GoA,84.08,6.768,6.181,8.692692703020185,0.018993413801482895
10.1038/s41467-019-11875-6,OPRM_RAT,Fentanyl,Recruitment ,Transducer,HEK-293,Arrestin-2 (β-arrestin-1),19.29,6.611,6.149,7.896332227643884,-0.2659381615512153
10.1038/s41467-019-11875-6,OPRM_RAT,Fentanyl,Recruitment ,Transducer,HEK-293,Arrestin-3 (β-arrestin-2),19.81,5.777,5.22,7.073884475538547,-0.11089412843332092
10.1038/s41467-019-11875-6,OPRM_RAT,Fentanyl,Recruitment ,Transducer,HEK-293,Arrestin-3 (β-arrestin-2),63.92,6.471,6.3,8.276636766305934,0.011858162334066336
10.1038/s41467-019-11875-6,OPRM_RAT,Fentanyl,Recruitment ,Transducer,HEK-293,Arrestin-3 (β-arrestin-2),64.11,6.548,6.374,8.354925776883732,0.016147172911864516
10.1038/s41467-019-11875-6,OPRM_RAT,Fentanyl,Recruitment ,Transducer,HEK-293,Arrestin-3 (β-arrestin-2),41.01,6.279,5.934,7.891889769287484,-0.006888834684383838
10.1038/s41467-019-11875-6,OPRM_RAT,Fentanyl,Accumulation,Downstream,HEK-293,,134.1,8.821,8.725,10.948428777851598,-0.15820818408010417
10.1038/s41467-019-11875-6,OPRM_RAT,Fentanyl,Dissociation,Transducer,HEK-293,Gi1,95.29,6.635,6.369,8.614047326947965,-0.029382411236583472
10.1038/s41467-019-11875-6,OPRM_RAT,Fentanyl,Dissociation,Transducer,HEK-293,Gi2,91.23,7.49,7.49,9.450137674863795,-0.051064026162118026
10.1038/s41467-019-11875-6,OPRM_RAT,Fentanyl,Binding/coupling,Downstream,HEK-293,,93.28,8.414,8.266,10.383788537414938,-0.09161836172293825
10.1038/s41467-019-11875-6,OPRM_RAT,Fentanyl,Dissociation,Transducer,HEK-293,GoA,99.83,7.289,6.717,9.2882610711131,0.07856178189439778
10.1038/s41467-019-11875-6,OPRM_RAT,Loperamide,Recruitment ,Transducer,HEK-293,Arrestin-2 (β-arrestin-1),82.35,6.132,6.081,8.047663603505773,-0.046606785689326635
10.1038/s41467-019-11875-6,OPRM_RAT,Loperamide,Recruitment ,Transducer,HEK-293,Arrestin-3 (β-arrestin-2),83.98,5.756,5.683,7.680175870301921,0.032397266330053576
10.1038/s41467-019-11875-6,OPRM_RAT,Loperamide,Recruitment ,Transducer,HEK-293,Arrestin-3 (β-arrestin-2),89.33,6.44,6.37,8.390997333988805,0.056218730016937
10.1038/s41467-019-11875-6,OPRM_RAT,Loperamide,Recruitment ,Transducer,HEK-293,Arrestin-3 (β-arrestin-2),92.33,6.481,6.393,8.446342835560621,0.08856423158875337
10.1038/s41467-019-11875-6,OPRM_RAT,Loperamide,Recruitment ,Transducer,HEK-293,Arrestin-3 (β-arrestin-2),86.74,6.174,6.041,8.112219417812744,0.10644081384087567
10.1038/s41467-019-11875-6,OPRM_RAT,Loperamide,Accumulation,Downstream,HEK-293,,89.43,8.148,7.694,10.099483230752293,0.023846268820590488
10.1038/s41467-019-11875-6,OPRM_RAT,Loperamide,Dissociation,Transducer,HEK-293,Gi1,134.6,7.264,7.204,9.393045059887958,-0.08538467829658991
10.1038/s41467-019-11875-6,OPRM_RAT,Loperamide,Dissociation,Transducer,HEK-293,Gi2,92.38,8.178,8.273,10.143577957910528,-0.14062374311538406
10.1038/s41467-019-11875-6,OPRM_RAT,Loperamide,Binding/coupling,Downstream,HEK-293,,180.2,6.183,6.463,8.438754786643043,-0.2336521124948332
10.1038/s41467-019-11875-6,OPRM_RAT,Loperamide,Dissociation,Transducer,HEK-293,GoA,119.3,7.895,7.557,9.971640443670342,-0.07805884554836062
10.1038/s41467-019-11875-6,OPRM_RAT,Meptazinol,Accumulation,Downstream,HEK-293,,98.88,6.988,6.577,8.983108457744741,0.024471495813038757
10.1038/s41467-019-11875-6,OPRM_RAT,Meptazinol,Dissociation,Transducer,HEK-293,Gi1,36.71,5.938,5.15,7.502784384503986,0.07835464631943712
10.1038/s41467-019-11875-6,OPRM_RAT,Meptazinol,Dissociation,Transducer,HEK-293,Gi2,66.05,6.522,6.214,8.341872821950545,0.11667112092463228
10.1038/s41467-019-11875-6,OPRM_RAT,Meptazinol,Binding/coupling,Downstream,HEK-293,,34.23,6.082,5.407,7.616406899137877,0.0
10.1038/s41467-019-11875-6,OPRM_RAT,Meptazinol,Dissociation,Transducer,HEK-293,GoA,61.09,6.277,5.375,8.06297012513201,0.1952708359133073
10.1038/s41467-019-11875-6,OPRM_RAT,Met-enkephalin,Recruitment ,Transducer,HEK-293,Arrestin-2 (β-arrestin-1),98.01,5.651,5.629,7.642270389195099,0.0
10.1038/s41467-019-11875-6,OPRM_RAT,Met-enkephalin,Recruitment ,Transducer,HEK-293,Arrestin-3 (β-arrestin-2),98.49,5.621,5.648,7.614392137449003,0.0016135334771352206
10.1038/s41467-019-11875-6,OPRM_RAT,Met-enkephalin,Recruitment ,Transducer,HEK-293,Arrestin-3 (β-arrestin-2),100.8,6.235,6.243,8.238460532109507,0.03068192813763826
10.1038/s41467-019-11875-6,OPRM_RAT,Met-enkephalin,Recruitment ,Transducer,HEK-293,Arrestin-3 (β-arrestin-2),100.6,6.33,6.348,8.332597980719909,0.019819376748040796
10.1038/s41467-019-11875-6,OPRM_RAT,Met-enkephalin,Recruitment ,Transducer,HEK-293,Arrestin-3 (β-arrestin-2),99.43,6.02,6.057,8.017517439414725,-0.0042611645571435375
10.1038/s41467-019-11875-6,OPRM_RAT,Met-enkephalin,Accumulation,Downstream,HEK-293,,95.83,8.765,8.444,10.746501488148247,-0.07913547378345598
10.1038/s41467-019-11875-6,OPRM_RAT,Met-enkephalin,Dissociation,Transducer,HEK-293,Gi1,98.87,6.351,7.235,8.346064534156142,-1.1633652040284073
10.1038/s41467-019-11875-6,OPRM_RAT,Met-enkephalin,Dissociation,Transducer,HEK-293,Gi2,102.8,7.236,8.73,9.247993114659257,-1.4932085863666558
10.1038/s41467-019-11875-6,OPRM_RAT,Met-enkephalin,Binding/coupling,Downstream,HEK-293,,101.2,6.9,6.723,8.905180512503781,-0.027226386634095157
10.1038/s41467-019-11875-6,OPRM_RAT,Met-enkephalin,Dissociation,Transducer,HEK-293,GoA,99.34,6.763,6.214,8.760124155659204,0.05342486644050126
10.1038/s41467-019-11875-6,OPRM_RAT,Morphine,Recruitment ,Transducer,HEK-293,Arrestin-3 (β-arrestin-2),6.398,6.722,5.686,7.528044235748089,-0.12273436822377892
10.1038/s41467-019-11875-6,OPRM_RAT,Morphine,Recruitment ,Transducer,HEK-293,Arrestin-3 (β-arrestin-2),37.61,6.682,6.285,8.2573033334224,0.007524729450531176
10.1038/s41467-019-11875-6,OPRM_RAT,Morphine,Recruitment ,Transducer,HEK-293,Arrestin-3 (β-arrestin-2),41.69,6.737,6.365,8.357031895126298,0.027253291154429427
10.1038/s41467-019-11875-6,OPRM_RAT,Morphine,Recruitment ,Transducer,HEK-293,Arrestin-3 (β-arrestin-2),20.99,6.474,5.353,7.796012438582401,0.47823383461053304
10.1038/s41467-019-11875-6,OPRM_RAT,Morphine,Accumulation,Downstream,HEK-293,,80.3,8.692,8.077,10.59671554527868,0.13807858334697798
10.1038/s41467-019-11875-6,OPRM_RAT,Morphine,Dissociation,Transducer,HEK-293,Gi1,79.52,7.141,6.902,9.041476371389257,-0.13495336679529224
10.1038/s41467-019-11875-6,OPRM_RAT,Morphine,Dissociation,Transducer,HEK-293,Gi2,94.96,7.863,8.349,9.840540705946536,-0.5196609950793771
10.1038/s41467-019-11875-6,OPRM_RAT,Morphine,Binding/coupling,Downstream,HEK-293,,100.4,7.659,7.443,9.660733712809,0.008326813671123645
10.1038/s41467-019-11875-6,OPRM_RAT,Morphine,Dissociation,Transducer,HEK-293,GoA,106.1,8.45,7.985,10.47571538390134,-0.0019839053173624777
10.1038/s41467-019-11875-6,OPRM_RAT,Nalfurafine (Compound 4),Accumulation,Downstream,HEK-293,,118.1,7.096,6.854,9.168249897613515,-0.0673870643181873
10.1038/s41467-019-11875-6,OPRM_RAT,Nalfurafine (Compound 4),Dissociation,Transducer,HEK-293,Gi1,29.6,5.846,4.969,7.317291711058939,0.07386197287438989
10.1038/s41467-019-11875-6,OPRM_RAT,Nalfurafine (Compound 4),Dissociation,Transducer,HEK-293,Gi2,68.21,7.142,7.184,8.975848049531148,-0.2193536514947647
10.1038/s41467-019-11875-6,OPRM_RAT,Nalfurafine (Compound 4),Binding/coupling,Downstream,HEK-293,,29.96,7.379,6.543,8.855541809027429,0.10313490988955198
10.1038/s41467-019-11875-6,OPRM_RAT,Nalfurafine (Compound 4),Dissociation,Transducer,HEK-293,GoA,50.9,6.758,5.601,8.46471778233676,0.3710184931180569
10.1038/s41467-019-11875-6,OPRM_RAT,Oxycodone,Recruitment ,Transducer,HEK-293,Arrestin-3 (β-arrestin-2),35.82,5.225,4.814,6.7791255815130125,0.00034697754114443313
10.1038/s41467-019-11875-6,OPRM_RAT,Oxycodone,Recruitment ,Transducer,HEK-293,Arrestin-3 (β-arrestin-2),41.49,5.415,5.058,7.032943434828973,0.0101648308571054
10.1038/s41467-019-11875-6,OPRM_RAT,Oxycodone,Recruitment ,Transducer,HEK-293,Arrestin-3 (β-arrestin-2),21.85,5.425,4.806,6.7644514413064405,-0.006327162665427544
10.1038/s41467-019-11875-6,OPRM_RAT,Oxycodone,Accumulation,Downstream,HEK-293,,155.9,7.369,7.453,9.561846115188843,-0.27279084674286036
10.1038/s41467-019-11875-6,OPRM_RAT,Oxycodone,Dissociation,Transducer,HEK-293,Gi1,96.56,5.819,5.485,7.803797257089293,0.04436751890474433
10.1038/s41467-019-11875-6,OPRM_RAT,Oxycodone,Dissociation,Transducer,HEK-293,Gi2,96.18,6.5,6.519,8.483084772737788,-0.04711692828812453
10.1038/s41467-019-11875-6,OPRM_RAT,Oxycodone,Binding/coupling,Downstream,HEK-293,,100.7,6.143,5.972,8.146029470553618,-0.035377428584259185
10.1038/s41467-019-11875-6,OPRM_RAT,Oxycodone,Dissociation,Transducer,HEK-293,GoA,120.5,6.36,5.91,8.440987046910887,0.038287757692184954
10.1038/s41467-019-11875-6,OPRM_RAT,Tramadol,Accumulation,Downstream,HEK-293,,104.8,5.412,5.016,7.432361282647708,0.03472432071600551
10.1038/s41467-019-11875-6,OPRM_RAT,Tramadol,Dissociation,Transducer,HEK-293,Gi1,41.7,4.819,2.982,6.4391360549737575,1.1827063167892087
10.1038/s41467-019-11875-6,OPRM_RAT,Tramadol,Dissociation,Transducer,HEK-293,Gi2,62.36,5.087,4.73,6.881906106516804,0.14070440549089103
10.1038/s41467-019-11875-6,OPRM_RAT,Tramadol,Binding/coupling,Downstream,HEK-293,,45.0,4.537,3.806,6.190212513775344,0.17480561463746724
10.1038/s41467-019-11875-6,OPRM_RAT,Tramadol,Dissociation,Transducer,HEK-293,GoA,60.57,4.785,3.818,6.567257573663301,0.25655828444459905
10.1038/s41598-017-01078-8,LSHR_HUMAN,rhCG,Recruitment ,Transducer,HEK-293,Arrestin-3 (β-arrestin-2),100.0,7.988852639224202,8.08,9.988852639224202,0.027935070273151563
10.1038/s41598-017-01078-8,LSHR_HUMAN,rhCG,Accumulation,Downstream,HEK-293,,100.0,10.753501419204198,10.98,12.753501419204198,-0.12458497409796099
10.1038/s41598-017-01078-8,LSHR_HUMAN,rhLH,Recruitment ,Transducer,HEK-293,Arrestin-3 (β-arrestin-2),66.66666666666667,6.88907375773358,6.86,8.7129824986779,-0.027935070273151563
10.1038/s41598-017-01078-8,LSHR_HUMAN,rhLH,Accumulation,Downstream,HEK-293,,97.67441860465115,9.542890532581806,9.51,11.53267136740012,0.12458497409796099
10.1124/mol.113.088880,ADRB2_HUMAN,Salbutamol ,Accumulation,Downstream,HEK,,50.93,7.72,7.66,9.426973676176178,-0.4985516590428958
10.1038/s41598-017-15258-z,OPRM_HUMAN,Buprenorphine,Accumulation,Downstream,CHO-K1,,92.78350515463917,10.17,10.2,12.13747077517308,-0.04802872360024324
10.1038/s41598-017-15258-z,OPRM_HUMAN,Endomorphin-2,Recruitment ,Transducer,CHO-K1,Arrestin-3 (β-arrestin-2),205.88235294117646,6.51,7.19,8.823619122972001,-0.49638087702799893
10.1038/s41598-017-15258-z,OPRM_HUMAN,Endomorphin-2,Accumulation,Downstream,CHO-K1,,98.96907216494846,9.34,9.35,11.335499498773324,0.0
10.1038/s41598-017-15258-z,OPRM_HUMAN,Fentanyl,Recruitment ,Transducer,CHO-K1,Arrestin-3 (β-arrestin-2),217.6470588235294,7.01,7.05,9.34775280268872,0.16775280268872095
10.1038/s41598-017-15258-z,OPRM_HUMAN,Fentanyl,Accumulation,Downstream,CHO-K1,,94.84536082474226,9.95,9.97,11.92701609307931,-0.028483405694014863
10.1038/s41598-017-15258-z,OPRM_HUMAN,Morphine,Recruitment ,Transducer,CHO-K1,Arrestin-3 (β-arrestin-2),100.0,6.25,6.12,8.25,0.0
10.1038/s41598-017-15258-z,OPRM_HUMAN,Morphine,Accumulation,Downstream,CHO-K1,,100.0,8.08,8.08,10.08,0.014500501226676121
10.1038/s41598-017-15258-z,OPRM_HUMAN,TRV130,Accumulation,Downstream,CHO-K1,,97.9381443298969,9.49,9.45,11.480951871022603,0.04545237224927945
10.1038/s41598-020-65636-3,ADRB1_HUMAN,Epinephrine,Recruitment ,Transducer,HEK-293,Arrestin-3 (β-arrestin-2),95.97,6.16,6.12,8.14213549480377,0.0266548378817415
10.1038/s41598-020-65636-3,ADRB1_HUMAN,Epinephrine,Dissociation,Transducer,HEK-293,G12,81.48,6.64,6.18,8.551051020328126,0.0
10.1038/s41598-020-65636-3,ADRB1_HUMAN,Epinephrine,Recruitment ,Transducer,HEK-293,G12,86.46,7.0,6.83,8.936815231197633,0.058727208710692924
10.1038/s41598-020-65636-3,ADRB1_HUMAN,Epinephrine,Dissociation,Transducer,HEK-293,Gi2,97.85,5.77,5.72,7.760560829994019,0.0
10.1038/s41598-020-65636-3,ADRB1_HUMAN,Epinephrine,Dissociation,Transducer,HEK-293,Gz,96.82,6.13,6.1,8.115965078304871,0.016518499403581632
10.1124/mol.113.088880,ADRB2_HUMAN,Salmeterol ,Accumulation,Downstream,HEK,,34.45,5.8,6.87,7.337189226243645,-1.7983361089754295
10.1038/s41598-020-65636-3,ADRB1_HUMAN,Epinephrine,Accumulation,Downstream,HEK-293,,100.8,8.42,8.36,10.423460532109505,-0.00010169304414375802
10.1038/s41598-020-65636-3,ADRB1_HUMAN,Epinephrine,Dissociation,Transducer,HEK-293,Gs,86.53,7.51,7.13,9.447166703715032,0.0
10.1038/s41598-020-65636-3,ADRB1_HUMAN,Indacaterol,Recruitment ,Transducer,HEK-293,Arrestin-3 (β-arrestin-2),38.76,6.09,5.95,7.678383768378728,-0.2670968885432998
10.1038/s41598-020-65636-3,ADRB1_HUMAN,Indacaterol,Dissociation,Transducer,HEK-293,G12,34.05,6.54,4.96,8.072117116248805,0.7410660959206785
10.1038/s41598-020-65636-3,ADRB1_HUMAN,Indacaterol,Recruitment ,Transducer,HEK-293,G12,25.46,7.19,6.44,8.595858399317637,0.10777037683069635
10.1038/s41598-020-65636-3,ADRB1_HUMAN,Indacaterol,Dissociation,Transducer,HEK-293,Gz,20.54,7.3,6.62,8.612600439261259,-0.0068461396400310015
10.1038/s41598-020-65636-3,ADRB1_HUMAN,Indacaterol,Accumulation,Downstream,HEK-293,,105.6,8.65,8.61,10.673663918197793,0.00010169304414375802
10.1038/s41598-020-65636-3,ADRB1_HUMAN,Indacaterol,Dissociation,Transducer,HEK-293,Gs,89.83,6.86,6.72,8.813421399681035,-0.22374530403399717
10.1038/s41598-020-65636-3,ADRB1_HUMAN,Isoetharine,Dissociation,Transducer,HEK-293,G12,21.56,6.63,4.31,7.963648756514701,1.2825977361865748
10.1038/s41598-020-65636-3,ADRB1_HUMAN,Isoetharine,Accumulation,Downstream,HEK-293,,107.3,6.8,6.98,8.830599721965951,-0.21296250318769872
10.1038/s41598-020-65636-3,ADRB1_HUMAN,Isoetharine,Dissociation,Transducer,HEK-293,Gs,95.67,5.82,5.62,7.800775773962622,-0.13639092975241063
10.1038/s41598-020-65636-3,ADRB1_HUMAN,Isoproterenol,Recruitment ,Transducer,HEK-293,Arrestin-3 (β-arrestin-2),99.73,7.67,7.7,9.668825819040286,-0.0266548378817415
10.1038/s41598-020-65636-3,ADRB1_HUMAN,Isoproterenol,Dissociation,Transducer,HEK-293,G12,98.88,7.83,7.67,9.82510845774474,-0.21594256258338618
10.1038/s41598-020-65636-3,ADRB1_HUMAN,Isoproterenol,Recruitment ,Transducer,HEK-293,G12,99.69,8.21,8.28,10.208651595998374,-0.11943642648856523
10.1038/s41598-020-65636-3,ADRB1_HUMAN,Isoproterenol,Dissociation,Transducer,HEK-293,Gi2,103.1,7.0,7.03,9.013258665283516,-0.05730216471050387
10.1038/s41598-020-65636-3,ADRB1_HUMAN,Isoproterenol,Dissociation,Transducer,HEK-293,Gz,99.15,7.42,7.41,9.416292718541321,0.0068461396400310015
10.1038/s41598-020-65636-3,ADRB1_HUMAN,Isoproterenol,Accumulation,Downstream,HEK-293,,106.5,9.97,9.84,11.997349607774757,0.09378738262110708
10.1038/s41598-020-65636-3,ADRB1_HUMAN,Isoproterenol,Dissociation,Transducer,HEK-293,Gs,100.6,8.16,7.99,10.162597980719909,-0.1445687229951238
10.1038/s41598-020-65636-3,ADRB1_HUMAN,Norepinephrine,Recruitment ,Transducer,HEK-293,Arrestin-3 (β-arrestin-2),96.3,6.68,6.64,8.663626287124535,0.028145630202507377
10.1038/s41598-020-65636-3,ADRB1_HUMAN,Norepinephrine,Dissociation,Transducer,HEK-293,G12,103.5,6.28,6.45,8.294940349792936,-0.5261106705351901
10.1038/s41598-020-65636-3,ADRB1_HUMAN,Norepinephrine,Recruitment ,Transducer,HEK-293,G12,97.58,7.45,7.45,9.439360813776247,-0.058727208710692924
10.1038/s41598-020-65636-3,ADRB1_HUMAN,Norepinephrine,Dissociation,Transducer,HEK-293,Gi2,96.62,6.27,6.21,8.2550670331505,0.004506203156480204
10.1038/s41598-020-65636-3,ADRB1_HUMAN,Norepinephrine,Dissociation,Transducer,HEK-293,Gz,99.88,6.59,6.6,8.58947853367931,-0.00996804522197925
10.1038/s41598-020-65636-3,ADRB1_HUMAN,Norepinephrine,Accumulation,Downstream,HEK-293,,85.2,9.27,8.96,11.2004395947667,0.17687736961304878
10.1038/s41598-020-65636-3,ADRB1_HUMAN,Norepinephrine,Dissociation,Transducer,HEK-293,Gs,72.73,7.45,6.89,9.311713587571434,0.10454688385640232
10.1038/s41598-020-65636-3,ADRB1_HUMAN,Salmeterol,Accumulation,Downstream,HEK-293,,76.5,6.77,6.5,8.653661435153618,0.09009920999996801
10.1038/s41598-020-65636-3,ADRB1_HUMAN,Salmeterol,Dissociation,Transducer,HEK-293,Gs,55.78,6.08,5.29,7.826478509930031,0.21931180621499902
10.1038/s41598-020-65636-3,ADRB1_HUMAN,Xamoterol,Accumulation,Downstream,HEK-293,,65.26,8.95,8.46,10.764647069451856,0.24108484429820543
10.1038/s41598-020-65636-3,ADRB1_HUMAN,Xamoterol,Dissociation,Transducer,HEK-293,Gs,27.85,8.1,6.61,9.544825199509747,0.6176584957947142
10.1073/pnas.1312515110,CXCR4_HUMAN,ATI-2341,Recruitment ,Transducer,HEK-293T,Arrestin-3 (β-arrestin-2),6.0,6.56304266933055,4.62,7.341193919714194,0.33823321240874993
10.1073/pnas.1312515110,CXCR4_HUMAN,ATI-2341,Recruitment ,Transducer,HEK-293T,,15.0,6.812479279163537,4.62,7.988570538219219,0.5898002669415998
10.1073/pnas.1312515110,CXCR4_HUMAN,ATI-2341,Recruitment ,Transducer,HEK-293T,,23.0,6.376750709602099,4.33,7.738478545619692,0.6297082743420734
10.1073/pnas.1312515110,CXCR4_HUMAN,ATI-2341,Binding/coupling,Transducer,HEK-293T,Gi1,122.0,6.273272790973428,6.2,8.359632621648176,-0.10804575437551778
10.1073/pnas.1312515110,CXCR4_HUMAN,SDF-1 (CXCL12),Recruitment ,Transducer,HEK-293T,Arrestin-3 (β-arrestin-2),100.0,8.744727494896694,8.7,10.744727494896694,-0.33823321240874993
10.1073/pnas.1312515110,CXCR4_HUMAN,SDF-1 (CXCL12),Recruitment ,Transducer,HEK-293T,,100.0,8.721246399047171,8.71,10.721246399047171,-0.7675238722304485
10.1073/pnas.1312515110,CXCR4_HUMAN,SDF-1 (CXCL12),Recruitment ,Transducer,HEK-293T,,100.0,8.698970004336019,8.51,10.698970004336019,-0.5898002669415998
10.1073/pnas.1312515110,CXCR4_HUMAN,SDF-1 (CXCL12),Binding/coupling,Transducer,HEK-293T,Gi1,100.0,9.275724130399212,8.9,11.275724130399212,0.10804575437551778
10.1073/pnas.1908662116,OPRM_MOUSE,Bilorphin (3c),Recruitment ,Transducer,AtT20,Arrestin-3 (β-arrestin-2),18.0,6.1,5.3,7.355272505103306,0.02124432419178568
10.1073/pnas.1908662116,OPRM_MOUSE,Bilorphin (3c),Phosphorylation,Transducer,AtT20,,39.0,6.1,6.2,7.691064607026499,-0.5045484308197481
10.1073/pnas.1908662116,OPRM_MOUSE,Bilorphin (3c),Internalization ,Transducer,AtT20,,3.0,5.1,4.9,5.577121254719662,-1.303742663289135
10.1073/pnas.1908662116,OPRM_MOUSE,Bilorphin (3c),Activation,Downstream,AtT20,,51.0,7.2,7.0,8.907570176097936,-0.010943763779951432
10.1073/pnas.1908662116,OPRM_MOUSE,Endomorphin-2,Recruitment ,Transducer,AtT20,Arrestin-3 (β-arrestin-2),100.0,7.0,7.0,9.0,-0.0340281809115206
10.1073/pnas.1908662116,OPRM_MOUSE,Endomorphin-2,Phosphorylation,Transducer,AtT20,,98.0,7.2,7.2,9.191226075692494,-0.0043869621537528936
10.1073/pnas.1908662116,OPRM_MOUSE,Endomorphin-2,Internalization ,Transducer,AtT20,,94.0,6.4,6.2,8.3731278535997,0.1922639355909026
10.1073/pnas.1908662116,OPRM_MOUSE,Endomorphin-2,Activation,Downstream,AtT20,,64.0,6.9,7.5,8.706179973983888,-0.7123339658939996
10.1073/pnas.1908662116,OPRM_MOUSE,Met-enkephalin,Recruitment ,Transducer,AtT20,Arrestin-3 (β-arrestin-2),102.0,6.3,6.2,8.308600171761917,0.07457199085039612
10.1073/pnas.1908662116,OPRM_MOUSE,Met-enkephalin,Phosphorylation,Transducer,AtT20,,100.0,7.1,7.1,9.1,0.0043869621537528936
10.1073/pnas.1908662116,OPRM_MOUSE,Met-enkephalin,Internalization ,Transducer,AtT20,,100.0,6.1,6.1,8.1,0.019136081991203202
10.1073/pnas.1908662116,OPRM_MOUSE,Met-enkephalin,Activation,Downstream,AtT20,,84.0,7.4,7.4,9.324279286061882,0.005765346183994602
10.1073/pnas.1908662116,OPRM_MOUSE,Morphine,Recruitment ,Transducer,AtT20,Arrestin-3 (β-arrestin-2),41.0,6.1,5.7,7.712783856719735,-0.02124432419178568
10.1073/pnas.1908662116,OPRM_MOUSE,Morphine,Phosphorylation,Transducer,AtT20,,52.0,6.4,5.9,8.1160033436348,0.22039030578855234
10.1073/pnas.1908662116,OPRM_MOUSE,Morphine,Internalization ,Transducer,AtT20,,23.0,5.4,4.8,6.761727836017593,-0.019136081991203202
10.1073/pnas.1908662116,OPRM_MOUSE,Morphine,Activation,Downstream,AtT20,,52.0,7.6,6.7,9.316003343634799,0.6974894037569115
10.1073/pnas.1908662116,OPRM_MOUSE,TRV130,Activation,Downstream,AtT20,,33.0,7.6,7.2,9.118513939877888,0.0
10.1073/pnas.2000712117,OPRD_HUMAN,BAM 12,Recruitment ,Transducer,U2OS,Arrestin-3 (β-arrestin-2),55.0,7.6020599913279625,6.386,9.342422680822207,0.8160101974105025
10.1073/pnas.2000712117,OPRD_HUMAN,BAM 12,Activation,Transducer,U2OS,,82.0,7.638272163982407,8.115,9.552086016366124,-0.7724613071476885
10.1073/pnas.2000712117,OPRD_HUMAN,BAM 18,Recruitment ,Transducer,U2OS,Arrestin-3 (β-arrestin-2),69.0,7.769551078621726,7.115,9.608400169358982,0.35298768594727736
10.1073/pnas.2000712117,OPRD_HUMAN,BAM 18,Activation,Transducer,U2OS,,67.0,8.886056647693163,7.679,10.71213145039399,0.8235841268801778
10.1073/pnas.2000712117,OPRD_HUMAN,BAM 22,Recruitment ,Transducer,U2OS,Arrestin-3 (β-arrestin-2),109.0,7.494850021680094,7.589,9.532276519620718,-0.19713596379098686
10.1073/pnas.2000712117,OPRD_HUMAN,BAM 22,Activation,Transducer,U2OS,,85.0,8.221848749616356,7.943,10.151267675330649,-0.0012796481831625073
10.1073/pnas.2000712117,OPRD_HUMAN,Deltorphin II,Recruitment ,Transducer,U2OS,Arrestin-3 (β-arrestin-2),100.0,8.207608310501746,7.89,10.207608310501746,0.177195827090042
10.1073/pnas.2000712117,OPRD_HUMAN,Deltorphin II,Activation,Transducer,U2OS,,100.0,7.769551078621726,8.056,9.769551078621726,-0.49599624489208516
10.1073/pnas.2000712117,OPRD_HUMAN,Dynorphin A13,Recruitment ,Transducer,U2OS,Arrestin-3 (β-arrestin-2),108.0,6.292429823902063,6.193,8.325853579389014,-0.007558904022689994
10.1073/pnas.2000712117,OPRD_HUMAN,Dynorphin A13,Activation,Transducer,U2OS,,59.0,8.3767507096021,7.562,10.147602721244244,0.37605539773043173
10.1073/pnas.2000712117,OPRD_HUMAN,Dynorphin A17,Recruitment ,Transducer,U2OS,Arrestin-3 (β-arrestin-2),112.0,6.337242168318426,5.535,8.386460190988608,0.7110477075769035
10.1073/pnas.2000712117,OPRD_HUMAN,Dynorphin A17,Activation,Transducer,U2OS,,42.0,6.721246399047171,6.838,8.344495689445072,-0.70305163406874
10.1073/pnas.2000712117,OPRD_HUMAN,Dynorphin A8,Recruitment ,Transducer,U2OS,Arrestin-3 (β-arrestin-2),114.0,6.481486060122113,6.281,8.538390911458585,0.11697842804688108
10.1073/pnas.2000712117,OPRD_HUMAN,Dynorphin A8,Activation,Transducer,U2OS,,59.0,7.853871964321762,8.072,9.624723975963906,-0.6568233475499046
10.1073/pnas.2000712117,OPRD_HUMAN,Dynorphin B13,Recruitment ,Transducer,U2OS,Arrestin-3 (β-arrestin-2),107.0,6.318758762624412,5.041,8.348142540309622,1.1667300568979178
10.1073/pnas.2000712117,OPRD_HUMAN,Dynorphin B13,Activation,Transducer,U2OS,,54.0,7.619788758288394,7.314,9.352182518111363,-0.17136480540244925
10.1073/pnas.2000712117,OPRD_HUMAN,Leu-enkephalin,Recruitment ,Transducer,U2OS,Arrestin-3 (β-arrestin-2),98.0,8.119186407719209,7.97,10.110412483411704,0.0
10.1073/pnas.2000712117,OPRD_HUMAN,Leu-enkephalin,Activation,Transducer,U2OS,,76.0,7.7447274948966935,7.588,9.625541087177485,-0.17200623633632706
10.1073/pnas.2000712117,OPRD_HUMAN,Met-enkephalin,Recruitment ,Transducer,U2OS,Arrestin-3 (β-arrestin-2),106.0,7.275724130399211,7.279,9.301029995663981,-0.11838248774772264
10.1073/pnas.2000712117,OPRD_HUMAN,Met-enkephalin,Activation,Transducer,U2OS,,61.0,7.552841968657781,6.564,9.338171803668548,0.5646244801547358
10.1073/pnas.2000712117,OPRD_HUMAN,Met-enkephalin RF,Recruitment ,Transducer,U2OS,Arrestin-3 (β-arrestin-2),96.0,7.508638306165727,7.337,9.490909539205296,0.013497055793592061
10.1073/pnas.2000712117,OPRD_HUMAN,Met-enkephalin RF,Activation,Transducer,U2OS,,45.0,8.229147988357855,5.984,9.8823605021332,1.6888131786193874
10.1073/pnas.2000712117,OPRD_HUMAN,Met-enkephalin RGL,Recruitment ,Transducer,U2OS,Arrestin-3 (β-arrestin-2),99.0,7.431798275933005,7.329,9.427433470530556,-0.04197901288114814
10.1073/pnas.2000712117,OPRD_HUMAN,Met-enkephalin RGL,Activation,Transducer,U2OS,,40.0,9.060480747381382,6.501,10.662540738709344,1.951993415195532
10.1073/pnas.2000712117,OPRD_HUMAN,Metorphamide,Recruitment ,Transducer,U2OS,Arrestin-3 (β-arrestin-2),92.0,6.853871964321762,6.779,8.817659791667317,-0.1017526917443865
10.1073/pnas.2000712117,OPRD_HUMAN,Metorphamide,Activation,Transducer,U2OS,,41.0,8.200659450546418,6.584,9.813443307266153,1.0198959837523418
10.1073/pnas.2000712117,OPRD_HUMAN,Peptide E,Recruitment ,Transducer,U2OS,Arrestin-3 (β-arrestin-2),105.0,6.958607314841775,7.02,8.979796613911713,-0.18061586949999064
10.1073/pnas.2000712117,OPRD_HUMAN,Peptide E,Activation,Transducer,U2OS,,57.0,7.6777807052660805,6.734,9.433655560938572,0.49010823742476006
10.1073/pnas.2000712117,OPRD_HUMAN,Peptide F,Recruitment ,Transducer,U2OS,Arrestin-3 (β-arrestin-2),44.0,6.585026652029182,5.812,8.22847932851537,0.2760668451036654
10.1073/pnas.2000712117,OPRD_HUMAN,Peptide F,Activation,Transducer,U2OS,,77.0,6.853871964321762,6.698,8.740362689494244,-0.16718463401956818
10.1073/pnas.2000712117,OPRD_HUMAN,α-Neoendorphin,Recruitment ,Transducer,U2OS,Arrestin-3 (β-arrestin-2),69.0,6.537602002101044,5.674,8.3764510928383,0.5620386094265957
10.1073/pnas.2000712117,OPRD_HUMAN,α-Neoendorphin,Activation,Transducer,U2OS,,37.0,8.481486060122112,7.447,10.049687784189107,0.39314046067529507
10.1073/pnas.2000712117,OPRD_HUMAN,β-Endorphin 26,Recruitment ,Transducer,U2OS,Arrestin-3 (β-arrestin-2),110.0,6.356547323513812,6.387,8.397940008672037,-0.12947247473966605
10.1073/pnas.2000712117,OPRD_HUMAN,β-Endorphin 26,Activation,Transducer,U2OS,,60.0,7.318758762624412,6.476,9.096910013008056,0.41136268949424437
10.1073/pnas.2000712117,OPRD_HUMAN,β-Endorphin 27,Recruitment ,Transducer,U2OS,Arrestin-3 (β-arrestin-2),109.0,6.267606240177032,6.296,8.305032738117657,-0.13137974529404772
10.1073/pnas.2000712117,OPRD_HUMAN,β-Endorphin 27,Activation,Transducer,U2OS,,74.0,7.214670164989233,7.106,9.083901884720209,-0.23164543879360266
10.1073/pnas.2000712117,OPRD_HUMAN,β-Endorphin 31,Recruitment ,Transducer,U2OS,Arrestin-3 (β-arrestin-2),91.0,6.7447274948966935,6.699,8.703768887217787,-0.13564359619391642
10.1073/pnas.2000712117,OPRD_HUMAN,β-Endorphin 31,Activation,Transducer,U2OS,,33.0,7.585026652029182,5.773,9.10354059190707,1.1209932683932582
10.1073/pnas.2000712117,OPRD_HUMAN,β-Neoendorphin,Recruitment ,Transducer,U2OS,Arrestin-3 (β-arrestin-2),70.0,6.795880017344075,5.7,8.640978057358332,0.8005655739466278
10.1073/pnas.2000712117,OPRD_HUMAN,β-Neoendorphin,Activation,Transducer,U2OS,,25.0,7.958607314841775,7.147,9.356547323513812,0.0
10.1073/pnas.2000712117,OPRD_HUMAN,γ-Endorphin,Recruitment ,Transducer,U2OS,Arrestin-3 (β-arrestin-2),126.0,6.337242168318426,6.782,8.437612713435989,-0.48479976997571494
10.1073/pnas.2000712117,OPRD_HUMAN,γ-Endorphin,Activation,Transducer,U2OS,,68.0,7.3979400086720375,7.475,9.230448921378274,-0.4540984021355374
10.1073/pnas.2000712117,OPRK_HUMAN,BAM 12,Recruitment ,Transducer,U2OS,Arrestin-3 (β-arrestin-2),100.0,6.096910013008056,6.029,8.096910013008056,-0.5838664467454535
10.1073/pnas.2000712117,OPRK_HUMAN,BAM 12,Activation,Transducer,U2OS,,65.0,7.638272163982407,6.722,9.451185520625263,-0.33103088275792736
10.1073/pnas.2000712117,OPRK_HUMAN,BAM 18,Recruitment ,Transducer,U2OS,Arrestin-3 (β-arrestin-2),68.0,6.769551078621726,6.011,8.602059991327963,-0.060716468425547454
10.1073/pnas.2000712117,OPRK_HUMAN,BAM 18,Activation,Transducer,U2OS,,127.0,8.102372908709558,8.31,10.206176629665515,-1.1640397737176746
10.1073/pnas.2000712117,OPRK_HUMAN,BAM 22,Recruitment ,Transducer,U2OS,Arrestin-3 (β-arrestin-2),96.0,6.853871964321762,6.606,8.83614319736133,-0.421633262392179
10.1073/pnas.2000712117,OPRK_HUMAN,BAM 22,Activation,Transducer,U2OS,,133.0,7.769551078621726,8.195,9.893402719588812,-1.3618136837943782
10.1073/pnas.2000712117,OPRK_HUMAN,Dynorphin A13,Recruitment ,Transducer,U2OS,Arrestin-3 (β-arrestin-2),105.0,8.244125144327509,8.243,10.265314443397447,-0.6294620163560634
10.1073/pnas.2000712117,OPRK_HUMAN,Dynorphin A13,Activation,Transducer,U2OS,,66.0,9.481486060122112,6.237,11.301029995663981,2.0038135922807916
10.1073/pnas.2000712117,OPRK_HUMAN,Dynorphin A17,Recruitment ,Transducer,U2OS,Arrestin-3 (β-arrestin-2),86.0,7.0,6.536,8.934498451243568,-0.2532780085099411
10.1073/pnas.2000712117,OPRK_HUMAN,Dynorphin A17,Activation,Transducer,U2OS,,100.0,8.337242168318426,7.283,10.337242168318426,-0.005974235064764244
10.1073/pnas.2000712117,OPRK_HUMAN,Dynorphin A8,Recruitment ,Transducer,U2OS,Arrestin-3 (β-arrestin-2),113.0,6.958607314841775,6.964,9.011685758325195,-0.6040907014283157
10.1073/pnas.2000712117,OPRK_HUMAN,Dynorphin A8,Activation,Transducer,U2OS,,101.0,8.387216143280265,7.513,10.391537517062908,-0.18167888632028184
10.1073/pnas.2000712117,OPRK_HUMAN,Dynorphin B13,Recruitment ,Transducer,U2OS,Arrestin-3 (β-arrestin-2),49.0,6.853871964321762,5.266,8.544068044350276,0.6262915845967658
10.1073/pnas.2000712117,OPRK_HUMAN,Dynorphin B13,Activation,Transducer,U2OS,,98.0,7.853871964321762,6.935,9.845098040014257,-0.15011836336893225
10.1073/pnas.2000712117,OPRK_HUMAN,Leu-enkephalin,Activation,Transducer,U2OS,,64.0,6.443697499232713,4.635,8.2498774732166,0.5546610698334105
10.1073/pnas.2000712117,OPRK_HUMAN,Met-enkephalin,Recruitment ,Transducer,U2OS,Arrestin-3 (β-arrestin-2),13.0,5.657577319177793,3.462,6.77152067148463,0.6577442117311203
10.1073/pnas.2000712117,OPRK_HUMAN,Met-enkephalin,Activation,Transducer,U2OS,,53.0,7.0,4.537,8.724275869600788,1.1270594662175988
10.1073/pnas.2000712117,OPRK_HUMAN,Met-enkephalin RF,Recruitment ,Transducer,U2OS,Arrestin-3 (β-arrestin-2),41.0,6.080921907623926,4.676,7.693705764343662,0.3659293045901517
10.1073/pnas.2000712117,OPRK_HUMAN,Met-enkephalin RF,Activation,Transducer,U2OS,,54.0,7.853871964321762,5.888,9.58626572414473,0.6380493207615414
10.1073/pnas.2000712117,OPRK_HUMAN,Met-enkephalin RGL,Recruitment ,Transducer,U2OS,Arrestin-3 (β-arrestin-2),18.0,5.823908740944319,3.816,7.079181246047625,0.6114047862941154
10.1073/pnas.2000712117,OPRK_HUMAN,Met-enkephalin RGL,Activation,Transducer,U2OS,,75.0,7.221848749616356,5.802,9.096910013008056,0.23469360962486707
10.1073/pnas.2000712117,OPRK_HUMAN,Metorphamide,Recruitment ,Transducer,U2OS,Arrestin-3 (β-arrestin-2),78.0,7.200659450546419,6.594,9.092754053236899,-0.15302240651661148
10.1073/pnas.2000712117,OPRK_HUMAN,Metorphamide,Activation,Transducer,U2OS,,27.0,9.031517051446064,4.195,10.462880815605052,3.2076644122218623
10.1073/pnas.2000712117,OPRK_HUMAN,Peptide E,Recruitment ,Transducer,U2OS,Arrestin-3 (β-arrestin-2),98.0,7.113509274827518,6.725,9.104735350520013,-0.27204110923349667
10.1073/pnas.2000712117,OPRK_HUMAN,Peptide E,Activation,Transducer,U2OS,,55.0,8.638272163982407,6.022,10.378634853476651,1.2964184500934612
10.1073/pnas.2000712117,OPRK_HUMAN,Peptide F,Recruitment ,Transducer,U2OS,Arrestin-3 (β-arrestin-2),9.0,6.075720713938118,3.643,7.029963223377443,0.7351867636239335
10.1073/pnas.2000712117,OPRK_HUMAN,Peptide F,Activation,Transducer,U2OS,,48.0,6.173925197299173,4.075,7.855166434674761,0.719950031291571
10.1073/pnas.2000712117,OPRK_HUMAN,"U69,593",Recruitment ,Transducer,U2OS,Arrestin-3 (β-arrestin-2),100.0,6.522878745280337,6.302,8.522878745280337,-0.43089771447317204
10.1073/pnas.2000712117,OPRK_HUMAN,"U69,593",Activation,Transducer,U2OS,,100.0,8.42021640338319,7.36,10.42021640338319,0.0
10.1073/pnas.2000712117,OPRK_HUMAN,α-Neoendorphin,Recruitment ,Transducer,U2OS,Arrestin-3 (β-arrestin-2),48.0,8.236572006437063,5.792,9.91781324381265,1.474036784059141
10.1073/pnas.2000712117,OPRK_HUMAN,α-Neoendorphin,Activation,Transducer,U2OS,,81.0,8.301029995663981,6.461,10.209515014542632,0.6882986111594418
10.1073/pnas.2000712117,OPRK_HUMAN,β-Endorphin 26,Recruitment ,Transducer,U2OS,Arrestin-3 (β-arrestin-2),33.0,5.795880017344075,4.289,7.314393957221963,0.3736174974684534
10.1073/pnas.2000712117,OPRK_HUMAN,β-Endorphin 26,Activation,Transducer,U2OS,,103.0,7.585026652029182,6.784,9.597863876734355,-0.24635252664883467
10.1073/pnas.2000712117,OPRK_HUMAN,β-Endorphin 27,Recruitment ,Transducer,U2OS,Arrestin-3 (β-arrestin-2),35.0,5.337242168318426,4.214,6.881310212668701,0.015533752915191101
10.1073/pnas.2000712117,OPRK_HUMAN,β-Endorphin 27,Activation,Transducer,U2OS,,90.0,7.4089353929735005,6.314,9.363177902412826,-0.011038500970363962
10.1073/pnas.2000712117,OPRK_HUMAN,β-Endorphin 31,Recruitment ,Transducer,U2OS,Arrestin-3 (β-arrestin-2),21.0,5.886056647693163,4.318,7.208275942427083,0.23849948267357313
10.1073/pnas.2000712117,OPRK_HUMAN,β-Endorphin 31,Activation,Transducer,U2OS,,68.0,7.698970004336019,5.872,9.531478917042255,0.5992625136590659
10.1073/pnas.2000712117,OPRK_HUMAN,β-Neoendorphin,Recruitment ,Transducer,U2OS,Arrestin-3 (β-arrestin-2),55.0,6.795880017344075,5.9,8.536242706838319,-0.015533752915191101
10.1073/pnas.2000712117,OPRK_HUMAN,β-Neoendorphin,Activation,Transducer,U2OS,,106.0,7.7447274948966935,7.169,9.770033360161463,-0.4591830432217261
10.1073/pnas.2000712117,OPRK_HUMAN,γ-Endorphin,Recruitment ,Transducer,U2OS,Arrestin-3 (β-arrestin-2),21.0,5.698970004336019,4.269,7.021189299069938,0.1004128393164283
10.1073/pnas.2000712117,OPRK_HUMAN,γ-Endorphin,Activation,Transducer,U2OS,,98.0,7.086186147616283,6.325,9.077412223308778,-0.30780418007441135
10.1073/pnas.2000712117,OPRM_HUMAN,BAM 12,Recruitment ,Transducer,U2OS,Arrestin-3 (β-arrestin-2),107.0,7.0,6.896,9.02938377768521,-0.1719153794472783
10.1073/pnas.2000712117,OPRM_HUMAN,BAM 12,Activation,Transducer,U2OS,,106.0,8.346787486224656,7.994,10.372093351489426,0.3543597547563371
10.1073/pnas.2000712117,OPRM_HUMAN,BAM 18,Recruitment ,Transducer,U2OS,Arrestin-3 (β-arrestin-2),109.0,7.698970004336019,7.403,9.736396502276643,0.02809734514415485
10.1073/pnas.2000712117,OPRM_HUMAN,BAM 18,Activation,Transducer,U2OS,,92.0,7.958607314841775,7.927,9.92239514218733,-0.02833845454575812
10.1073/pnas.2000712117,OPRM_HUMAN,BAM 22,Recruitment ,Transducer,U2OS,Arrestin-3 (β-arrestin-2),132.0,7.6020599913279625,7.848,9.722633922533813,-0.430665234598675
10.1073/pnas.2000712117,OPRM_HUMAN,BAM 22,Activation,Transducer,U2OS,,102.0,8.130768280269024,8.479,10.139368452030942,-0.3633651447021462
10.1073/pnas.2000712117,OPRM_HUMAN,DAMGO,Recruitment ,Transducer,U2OS,Arrestin-3 (β-arrestin-2),100.0,6.769551078621726,6.566,8.769551078621726,-0.10174807851076206
10.1073/pnas.2000712117,OPRM_HUMAN,DAMGO,Activation,Transducer,U2OS,,100.0,8.045757490560675,7.878,10.045757490560675,0.14402389382758596
10.1073/pnas.2000712117,OPRM_HUMAN,Dynorphin A13,Recruitment ,Transducer,U2OS,Arrestin-3 (β-arrestin-2),127.0,6.119186407719209,6.193,8.222990128675166,-0.27530902845732186
10.1073/pnas.2000712117,OPRM_HUMAN,Dynorphin A13,Activation,Transducer,U2OS,,73.0,7.769551078621726,7.562,9.632873938742183,0.04714034200909367
10.1073/pnas.2000712117,OPRM_HUMAN,Dynorphin A17,Recruitment ,Transducer,U2OS,Arrestin-3 (β-arrestin-2),90.0,5.886056647693163,5.535,7.840299157132488,0.0
10.1073/pnas.2000712117,OPRM_HUMAN,Dynorphin A17,Activation,Transducer,U2OS,,97.0,6.958607314841775,6.838,8.94537904910802,0.08364545237493104
10.1073/pnas.2000712117,OPRM_HUMAN,Dynorphin A8,Recruitment ,Transducer,U2OS,Arrestin-3 (β-arrestin-2),126.0,6.2076083105017466,6.281,8.307978855619309,-0.27832030151317877
10.1073/pnas.2000712117,OPRM_HUMAN,Dynorphin A8,Activation,Transducer,U2OS,,82.0,7.6020599913279625,8.072,9.51587384371168,-0.5798597530214087
10.1073/pnas.2000712117,OPRM_HUMAN,Dynorphin B13,Recruitment ,Transducer,U2OS,Arrestin-3 (β-arrestin-2),58.0,5.958607314841775,5.041,7.7220353084047115,0.37573615127222304
10.1073/pnas.2000712117,OPRM_HUMAN,Dynorphin B13,Activation,Transducer,U2OS,,51.0,7.376750709602099,7.314,9.084320885700036,-0.25341271103305285
10.1073/pnas.2000712117,OPRM_HUMAN,Leu-enkephalin,Recruitment ,Transducer,U2OS,Arrestin-3 (β-arrestin-2),64.0,6.2839966563652006,5.517,8.090176630349088,0.2678774732165996
10.1073/pnas.2000712117,OPRM_HUMAN,Leu-enkephalin,Activation,Transducer,U2OS,,68.0,7.920818753952375,7.827,9.753327666658612,-0.09740593007447718
10.1073/pnas.2000712117,OPRM_HUMAN,Met-enkephalin,Recruitment ,Transducer,U2OS,Arrestin-3 (β-arrestin-2),70.0,6.040958607678906,5.339,7.886056647693163,0.24175749056067453
10.1073/pnas.2000712117,OPRM_HUMAN,Met-enkephalin,Activation,Transducer,U2OS,,90.0,7.167491087293763,7.098,9.121733596733089,0.0
10.1073/pnas.2000712117,OPRM_HUMAN,Met-enkephalin RF,Recruitment ,Transducer,U2OS,Arrestin-3 (β-arrestin-2),63.0,6.309803919971486,5.587,8.109144469425068,0.21684531229258042
10.1073/pnas.2000712117,OPRM_HUMAN,Met-enkephalin RF,Activation,Transducer,U2OS,,62.0,8.795880017344075,8.851,10.58827170684233,-0.28646188989076027
10.1073/pnas.2000712117,OPRM_HUMAN,Met-enkephalin RGL,Recruitment ,Transducer,U2OS,Arrestin-3 (β-arrestin-2),66.0,6.2076083105017466,5.412,8.027152246043615,0.30985308891112684
10.1073/pnas.2000712117,OPRM_HUMAN,Met-enkephalin RGL,Activation,Transducer,U2OS,,89.0,7.920818753952375,7.812,9.870208760597288,0.03447516386419913
10.1073/pnas.2000712117,OPRM_HUMAN,Metorphamide,Recruitment ,Transducer,U2OS,Arrestin-3 (β-arrestin-2),85.0,7.229147988357856,6.551,9.158566914072148,0.3022677569396599
10.1073/pnas.2000712117,OPRM_HUMAN,Metorphamide,Activation,Transducer,U2OS,,43.0,8.769551078621726,9.068,10.403019534201313,-0.6887140625317754
10.1073/pnas.2000712117,OPRM_HUMAN,Peptide E,Recruitment ,Transducer,U2OS,Arrestin-3 (β-arrestin-2),94.0,9.229147988357855,7.193,11.202275841957555,1.7039766848250668
10.1073/pnas.2000712117,OPRM_HUMAN,Peptide E,Activation,Transducer,U2OS,,97.0,8.67778070526608,8.128,10.664552439532326,0.5128188427992368
10.1073/pnas.2000712117,OPRM_HUMAN,Peptide F,Recruitment ,Transducer,U2OS,Arrestin-3 (β-arrestin-2),74.0,5.886056647693163,5.579,7.755288367424139,-0.12901078970834856
10.1073/pnas.2000712117,OPRM_HUMAN,Peptide F,Activation,Transducer,U2OS,,114.0,6.638272163982407,6.591,8.69517701531888,0.08044341858579074
10.1073/pnas.2000712117,OPRM_HUMAN,α-Neoendorphin,Recruitment ,Transducer,U2OS,Arrestin-3 (β-arrestin-2),80.0,6.040958607678906,5.674,7.94404859467085,-0.0352505624616386
10.1073/pnas.2000712117,OPRM_HUMAN,α-Neoendorphin,Activation,Transducer,U2OS,,57.0,7.508638306165727,7.447,9.264513161838218,-0.2062204348948704
10.1073/pnas.2000712117,OPRM_HUMAN,β-Endorphin 26,Recruitment ,Transducer,U2OS,Arrestin-3 (β-arrestin-2),98.0,6.017728766960432,5.752,8.008954842652926,-0.04834431447956167
10.1073/pnas.2000712117,OPRM_HUMAN,β-Endorphin 26,Activation,Transducer,U2OS,,96.0,6.958607314841775,6.938,8.940878547881344,-0.02085504885174494
10.1073/pnas.2000712117,OPRM_HUMAN,β-Endorphin 27,Recruitment ,Transducer,U2OS,Arrestin-3 (β-arrestin-2),125.0,6.119186407719209,6.18,8.216096420727265,-0.26920273640522296
10.1073/pnas.2000712117,OPRM_HUMAN,β-Endorphin 27,Activation,Transducer,U2OS,,90.0,7.301029995663981,7.155,9.255272505103306,0.07653890837021748
10.1073/pnas.2000712117,OPRM_HUMAN,β-Endorphin 31,Recruitment ,Transducer,U2OS,Arrestin-3 (β-arrestin-2),59.0,6.00436480540245,5.356,7.775216817044594,0.11391765991210612
10.1073/pnas.2000712117,OPRM_HUMAN,β-Endorphin 31,Activation,Transducer,U2OS,,99.0,7.376750709602099,7.306,9.37238590419965,0.04265230746656101
10.1073/pnas.2000712117,OPRM_HUMAN,β-Neoendorphin,Recruitment ,Transducer,U2OS,Arrestin-3 (β-arrestin-2),74.0,6.180456064458132,5.7,8.049687784189107,0.044388627056618724
10.1073/pnas.2000712117,OPRM_HUMAN,β-Neoendorphin,Activation,Transducer,U2OS,,81.0,7.292429823902063,7.147,9.200914842780714,0.030181246047624732
10.1073/pnas.2000712117,OPRM_HUMAN,γ-Endorphin,Recruitment ,Transducer,U2OS,Arrestin-3 (β-arrestin-2),142.0,6.130768280269024,6.377,8.28305662465208,-0.3992425324804083
10.1073/pnas.2000712117,OPRM_HUMAN,γ-Endorphin,Activation,Transducer,U2OS,,96.0,7.070581074285707,7.066,9.052852307325276,-0.036881289407812545
10.1074/jbc.M112.408534,ACM2_HUMAN,ACh,Internalization ,Transducer,CHO,,100.0,6.68,6.53,8.68,0.026577591933941047
10.1074/jbc.M112.408534,ACM2_HUMAN,ACh,Phosphorylation,Downstream,CHO,,100.0,8.18,8.14,10.18,-0.013307739430249654
10.1074/jbc.M112.408534,ACM2_HUMAN,ACh,Activation,Transducer,CHO,,102.2,6.96,7.07,8.969450895798694,0.024042693360074363
10.1074/jbc.M112.408534,ACM2_HUMAN,Arecoline,Internalization ,Transducer,CHO,,75.30864197530865,5.62,5.4,7.496844816132118,-0.026577591933941047
10.1074/jbc.M112.408534,ACM2_HUMAN,Arecoline,Phosphorylation,Downstream,CHO,,89.58990536277604,7.23,7.08,9.182259077829286,0.048951338399037425
10.1074/jbc.M112.408534,ACM2_HUMAN,Arecoline,Activation,Transducer,CHO,,95.8,6.33,6.46,8.311365509078545,-0.024042693360074363
10.1074/jbc.M112.408534,ACM2_HUMAN,CCh,Internalization ,Transducer,CHO,,100.0,5.52,5.44,7.52,-0.04342240806605924
10.1074/jbc.M112.408534,ACM2_HUMAN,CCh,Phosphorylation,Downstream,CHO,,88.43322818086224,7.3,7.18,9.246615478860498,0.013307739430249654
10.1074/jbc.M112.408534,ACM2_HUMAN,CCh,Activation,Transducer,CHO,,100.7,5.84,6.17,7.843029470553618,-0.20237873188500144
10.1074/jbc.M112.408534,ACM2_HUMAN,NDMC,Internalization ,Transducer,CHO,,66.66666666666666,5.0,4.13,6.823908740944319,0.5704863328782603
10.1074/jbc.M112.408534,ACM2_HUMAN,NDMC,Phosphorylation,Downstream,CHO,,37.64458464773922,6.58,6.29,8.15570250970646,-0.1876052297237889
10.1074/jbc.M112.408534,ACM2_HUMAN,NDMC,Activation,Transducer,CHO,,63.1,7.19,6.75,8.990029359244135,0.3646211568055153
10.1074/jbc.M113.504381,OPRK_HUMAN,1.1,Recruitment ,Transducer,U2OS,Arrestin-3 (β-arrestin-2),96.0,5.503347060749082,5.61,7.485618293788651,0.03021343940525334
10.1074/jbc.M113.504381,OPRK_HUMAN,1.1,Recruitment ,Transducer,U2OS,Arrestin-3 (β-arrestin-2),97.0,5.384155117125298,5.42,7.370926851391543,0.1055219970081458
10.1074/jbc.M113.504381,OPRK_HUMAN,1.1,Activation,Transducer,CHO-K1,,97.0,6.548213564475709,6.54,8.534985298741955,0.06105010284830481
10.1074/jbc.M113.504381,OPRK_HUMAN,1.1,Activation,Transducer,CHO-K1,,94.0,7.508638306165727,7.47,9.481766159765426,0.07783096387177668
10.1074/jbc.M113.504381,OPRK_HUMAN,1.2,Recruitment ,Transducer,U2OS,Arrestin-3 (β-arrestin-2),79.0,5.2225006804096346,5.37,7.120127771700076,-0.09527708268332091
10.1074/jbc.M113.504381,OPRK_HUMAN,1.2,Recruitment ,Transducer,U2OS,Arrestin-3 (β-arrestin-2),65.0,5.493494967595128,5.38,7.306408324237983,0.08100346985458629
10.1074/jbc.M113.504381,OPRK_HUMAN,1.2,Activation,Transducer,CHO-K1,,93.0,6.993962045002683,6.95,8.962444993556618,0.07850979766296806
10.1074/jbc.M113.504381,OPRK_HUMAN,1.3,Recruitment ,Transducer,U2OS,Arrestin-3 (β-arrestin-2),92.0,5.501138311007116,5.68,7.464926138352672,-0.06047871603072519
10.1074/jbc.M113.504381,OPRK_HUMAN,1.3,Recruitment ,Transducer,U2OS,Arrestin-3 (β-arrestin-2),106.0,5.657379957446652,5.66,7.682685822711423,0.17728096832802542
10.1074/jbc.M113.504381,OPRK_HUMAN,1.3,Activation,Transducer,CHO-K1,,98.0,7.180456064458132,7.4,9.171682140150626,-0.16225305574302418
10.1074/jbc.M113.504381,OPRK_HUMAN,1.4,Recruitment ,Transducer,U2OS,Arrestin-3 (β-arrestin-2),77.0,5.398700689805662,5.47,7.285191414978144,-0.03021343940525334
10.1074/jbc.M113.504381,OPRK_HUMAN,1.4,Recruitment ,Transducer,U2OS,Arrestin-3 (β-arrestin-2),68.0,5.203633845022479,4.92,7.036142757728715,0.2707379033453181
10.1074/jbc.M113.504381,OPRK_HUMAN,1.4,Activation,Transducer,CHO-K1,,92.0,6.601886308269497,6.67,8.565674135615053,-0.03826106027859666
10.1074/jbc.M113.504381,OPRK_HUMAN,1.5,Recruitment ,Transducer,U2OS,Arrestin-3 (β-arrestin-2),72.0,5.049732531986412,5.21,6.90706502841768,-0.14833982596571715
10.1074/jbc.M113.504381,OPRK_HUMAN,1.5,Activation,Transducer,CHO-K1,,93.0,7.485452247339714,7.52,9.45393519589365,0.0
10.1074/jbc.M113.504381,OPRK_HUMAN,2.1,Recruitment ,Transducer,U2OS,Arrestin-3 (β-arrestin-2),83.0,5.422048872270245,5.59,7.341126964646318,-0.09427788973707862
10.1074/jbc.M113.504381,OPRK_HUMAN,2.1,Activation,Transducer,CHO-K1,,103.0,6.490797477668897,6.68,8.503634702374068,-0.11030049351958127
10.1074/jbc.M113.504381,OPRK_HUMAN,2.1,Activation,Transducer,CHO-K1,,89.0,7.072116589669293,7.01,9.021506596314206,0.0775714004205561
10.1074/jbc.M113.504381,OPRK_HUMAN,2.2,Activation,Transducer,CHO-K1,,84.0,6.577574323628795,6.48,8.501853609690677,0.08791841379702703
10.1074/jbc.M113.504381,OPRK_HUMAN,"U69,593",Recruitment ,Transducer,U2OS,Arrestin-3 (β-arrestin-2),100.0,6.687611050629408,6.79,8.687611050629407,0.05220619624600964
10.1074/jbc.M113.504381,OPRK_HUMAN,"U69,593",Recruitment ,Transducer,U2OS,Arrestin-3 (β-arrestin-2),100.0,6.882728704344236,7.09,8.882728704344235,-0.05267615003916237
10.1074/jbc.M113.504381,OPRK_HUMAN,"U69,593",Activation,Transducer,CHO-K1,,100.0,7.167491087293763,7.28,9.167491087293763,-0.04644410859988657
10.1074/jbc.M113.504381,OPRK_HUMAN,"U69,593",Activation,Transducer,CHO-K1,,100.0,7.288192770958809,7.36,9.288192770958808,-0.005742424934841672
10.1074/jbc.M115.659250,GHSR_HUMAN,Ghrelin,Recruitment ,Transducer,HEK-293T,Arrestin-3 (β-arrestin-2),100.0,9.0,8.82,11.0,0.1864566783214281
10.1074/jbc.M115.659250,GHSR_HUMAN,Ghrelin,Phosphorylation,Downstream,HEK-293T,,100.0,8.00436480540245,7.89,10.00436480540245,-0.07902769618779049
10.1074/jbc.M115.659250,GHSR_HUMAN,Ghrelin,Dissociation,Transducer,HEK-293T,Gi2,100.0,7.769551078621726,7.8,9.769551078621726,0.03236374744834647
10.1074/jbc.M115.659250,GHSR_HUMAN,Ghrelin,Dissociation,Transducer,HEK-293T,Gi3,100.0,7.823908740944319,7.85,9.823908740944319,0.04195437047215922
10.1074/jbc.M115.659250,GHSR_HUMAN,Ghrelin,Dissociation,Transducer,HEK-293T,GoA,100.0,8.2839966563652,8.21,10.2839966563652,3.572953301311799e-05
10.1074/jbc.M115.659250,GHSR_HUMAN,Ghrelin,Dissociation,Transducer,HEK-293T,GoB,100.0,8.10790539730952,8.09,10.10790539730952,0.028913510524404273
10.1074/jbc.M115.659250,GHSR_HUMAN,Ghrelin,Dissociation,Transducer,HEK-293T,Gq,100.0,8.130768280269024,8.19,10.130768280269024,0.12419719742755841
10.1074/jbc.M115.659250,GHSR_HUMAN,Ghrelin,Accumulation,Downstream,HEK-293T,,100.0,8.795880017344075,8.5,10.795880017344075,0.005513757274831832
10.1074/jbc.M115.659250,GHSR_HUMAN,JMV 1843,Recruitment ,Transducer,HEK-293T,Arrestin-3 (β-arrestin-2),80.0,8.2839966563652,8.38,10.187086643357144,-0.1864566783214281
10.1074/jbc.M115.659250,GHSR_HUMAN,JMV 1843,Phosphorylation,Downstream,HEK-293T,,102.0,8.193820026016112,7.93,10.20242019777803,0.07902769618779049
10.1074/jbc.M115.659250,GHSR_HUMAN,JMV 1843,Dissociation,Transducer,HEK-293T,Gi2,90.0,8.070581074285707,8.12,10.024823583725032,-0.03236374744834647
10.1074/jbc.M115.659250,GHSR_HUMAN,JMV 1843,Dissociation,Transducer,HEK-293T,Gi3,91.0,8.040958607678906,8.11,10.0,-0.04195437047215922
10.1074/jbc.M115.659250,GHSR_HUMAN,JMV 1843,Dissociation,Transducer,HEK-293T,GoA,100.0,8.173925197299173,8.1,10.173925197299173,-3.572953301311799e-05
10.1074/jbc.M115.659250,GHSR_HUMAN,JMV 1843,Dissociation,Transducer,HEK-293T,GoB,85.0,8.200659450546418,8.17,10.13007837626071,-0.028913510524404273
10.1074/jbc.M115.659250,GHSR_HUMAN,JMV 1843,Dissociation,Transducer,HEK-293T,Gq,107.0,8.886056647693163,8.77,10.915440425378373,0.32886934253690736
10.1074/jbc.M115.659250,GHSR_HUMAN,JMV 1843,Accumulation,Downstream,HEK-293T,,90.0,9.050609993355087,8.72,11.004852502794412,-0.005513757274831832
10.1074/jbc.M115.659250,GHSR_HUMAN,JMV 2959,Dissociation,Transducer,HEK-293T,Gq,44.0,7.301029995663981,7.52,8.94448267215017,-0.3920884106912963
10.1074/jbc.M115.659250,GHSR_HUMAN,JMV 3002,Dissociation,Transducer,HEK-293T,Gq,38.0,7.346787486224656,7.11,8.926571082841466,0.0
10.1074/jbc.M115.659250,GHSR_HUMAN,JMV 3018,Dissociation,Transducer,HEK-293T,Gq,29.0,7.060480747381382,7.2,8.522878745280337,-0.4936923375611286
10.1074/jbc.M115.704122,NPSR1_HUMAN,hNPS,Accumulation,Downstream,HEK-293,,100.0,6.921543181946707,6.76,8.921543181946706,0.32031512374694415
10.1074/jbc.M115.704122,NPSR1_HUMAN,hNPS-(1–10),Accumulation,Downstream,HEK-293,,103.2258064516129,4.192059278784501,4.34,6.205847563270134,0.024619505070371694
10.1074/jbc.M115.704122,NPSR1_HUMAN,hNPS-(1–13),Accumulation,Downstream,HEK-293,,104.3010752688172,6.221848749616356,6.37,8.240137535328666,0.028909477128903127
10.1074/jbc.M115.704122,NPSR1_HUMAN,hNPS-K11A,Accumulation,Downstream,HEK-293,,106.4516129032258,4.372634143407267,4.74,6.399786389450882,-0.18144166874888068
10.1074/jbc.M115.704122,NPSR1_HUMAN,hNPS-K12A,Accumulation,Downstream,HEK-293,,107.5268817204301,4.909741947068683,5.39,6.941258998514748,-0.2899690596850144
10.1074/jbc.M115.704122,NPSR1_HUMAN,hNPS-T13A,Accumulation,Downstream,HEK-293,,103.2258064516129,6.180456064458132,6.32,8.194244348943766,0.03301629074400303
10.1074/jbc.M116.757559,CCR2_HUMAN,CCL2,Recruitment ,Transducer,HEK-293T,Arrestin-3 (β-arrestin-2),100.0,8.5,8.41,10.5,0.3410040265111567
10.1074/jbc.M116.757559,CCR2_HUMAN,CCL2,Dissociation,Transducer,HEK-293T,Gi2,100.0,8.45,8.24,10.45,-0.9828395571499824
10.1074/jbc.M116.757559,CCR2_HUMAN,CCL2,Dissociation,Transducer,HEK-293T,GoA,100.0,8.61,8.4,10.61,0.05999999999999872
10.1074/jbc.M116.757559,CCR2_HUMAN,J113863,Recruitment ,Transducer,HEK-293T,Arrestin-3 (β-arrestin-2),114.28571428571428,5.17,5.82,7.227991946977687,-0.3410040265111567
10.1074/jbc.M116.757559,CCR2_HUMAN,J113863,Dissociation,Transducer,HEK-293T,Gi2,82.3529411764706,5.68,3.42,7.595679114299964,0.9828395571499824
10.1074/jbc.M116.757559,CCR2_HUMAN,J113863,Dissociation,Transducer,HEK-293T,GoA,100.0,5.17,5.02,7.17,0.0
10.1074/jbc.M116.757559,CCR2_HUMAN,UCB35625,Dissociation,Transducer,HEK-293T,GoA,100.0,5.29,5.4,7.29,-0.2600000000000007
10.1074/jbc.M116.757559,CCR5_HUMAN,CCL4,Recruitment ,Transducer,HEK-293T,Arrestin-3 (β-arrestin-2),100.0,7.85,8.15,9.85,0.0
10.1074/jbc.M116.757559,CCR5_HUMAN,CCL4,Dissociation,Transducer,HEK-293T,Gi2,100.0,8.46,8.68,10.46,0.0
10.1074/jbc.M116.757559,CCR5_HUMAN,CCL4,Dissociation,Transducer,HEK-293T,GoA,100.0,8.55,8.65,10.55,-0.1330899869919433
10.1074/jbc.M116.757559,CCR5_HUMAN,J113863,Dissociation,Transducer,HEK-293T,Gi2,37.5,6.74,7.1,8.314031267727719,-0.5659687322722817
10.1074/jbc.M116.757559,CCR5_HUMAN,J113863,Dissociation,Transducer,HEK-293T,GoA,80.0,5.36,5.23,7.263089986991944,0.0
10.1074/jbc.M116.757559,CCR5_HUMAN,UCB35625,Dissociation,Transducer,HEK-293T,Gi2,62.5,5.87,5.88,7.665880017344075,0.005880017344074062
10.1074/jbc.M116.757559,CCR5_HUMAN,UCB35625,Dissociation,Transducer,HEK-293T,GoA,80.0,5.87,5.05,7.773089986991944,0.6900000000000004
10.1101/2020.11.09.375162,CNR1_HUMAN,2-AG,Recruitment ,Transducer,HEK-293SL,Arrestin-2 (β-arrestin-1),182.90598290598288,4.867,4.868,7.12922791160303,-0.0006842666650657137
10.1101/2020.11.09.375162,CNR1_HUMAN,2-AG,Recruitment ,Transducer,HEK-293SL,Arrestin-3 (β-arrestin-2),131.91011235955054,5.321,5.321,7.441278090266683,-0.00016559481339539772
10.1101/2020.11.09.375162,CNR1_HUMAN,2-AG,Recruitment ,Transducer,HEK-293SL,G12,92.78350515463919,6.069,6.036,8.036470775173079,0.0002892339877949013
10.1101/2020.11.09.375162,CNR1_HUMAN,2-AG,Recruitment ,Transducer,HEK-293SL,G13,108.05194805194806,6.148,6.198,8.181632601118242,-0.03434448622933761
10.1101/2020.11.09.375162,CNR1_HUMAN,2-AG,Recruitment ,Transducer,HEK-293SL,Gi1,48.99536321483771,6.822,6.512,8.51215498154905,0.00038482199146550045
10.1101/2020.11.09.375162,CNR1_HUMAN,2-AG,Recruitment ,Transducer,HEK-293SL,Gi2,89.15857605177993,7.168,7.099,9.118163123762969,0.0002435123184465482
10.1101/2020.11.09.375162,CNR1_HUMAN,2-AG,Recruitment ,Transducer,HEK-293SL,Gi3,85.05747126436782,6.83,6.759,8.759712467112358,3.705549549959386e-05
10.1101/2020.11.09.375162,CNR1_HUMAN,2-AG,Recruitment ,Transducer,HEK-293SL,GoA,91.64677804295943,6.828,6.768,8.790117201401236,0.0007486266201537362
10.1101/2020.11.09.375162,CNR1_HUMAN,2-AG,Recruitment ,Transducer,HEK-293SL,GoB,87.0967741935484,6.978,6.919,8.918002070324714,-3.385161468827391e-05
10.1101/2020.11.09.375162,CNR1_HUMAN,2-AG,Recruitment ,Transducer,HEK-293SL,Gz,72.93233082706766,7.0,6.863,8.86292009329916,-0.000132430138886086
10.1101/2020.11.09.375162,CNR1_HUMAN,2-AG,Recruitment ,Transducer,HEK-293SL,G15,118.67088607594937,6.083,6.083,8.157344185109315,-9.676795052016018e-05
10.1101/2020.11.09.375162,CNR1_HUMAN,anandamide,Recruitment ,Transducer,HEK-293SL,Arrestin-2 (β-arrestin-1),38.46153846153846,6.826,6.149,8.411026652029182,0.00011447376108719709
10.1101/2020.11.09.375162,CNR1_HUMAN,anandamide,Recruitment ,Transducer,HEK-293SL,Arrestin-3 (β-arrestin-2),48.08988764044943,6.646,6.208,8.32805376236826,-0.0003899227118187021
10.1101/2020.11.09.375162,CNR1_HUMAN,anandamide,Recruitment ,Transducer,HEK-293SL,G12,46.048109965635746,6.79,6.452,8.4532118093789,0.0010302681936149582
10.1101/2020.11.09.375162,CNR1_HUMAN,anandamide,Recruitment ,Transducer,HEK-293SL,G13,71.68831168831169,7.047,6.885,8.902448352556716,-0.0005287347908629059
10.1101/2020.11.09.375162,CNR1_HUMAN,anandamide,Recruitment ,Transducer,HEK-293SL,Gi1,25.347758887171565,6.978,6.382,8.381939567378998,0.00016940782141272592
10.1101/2020.11.09.375162,CNR1_HUMAN,anandamide,Recruitment ,Transducer,HEK-293SL,Gi2,89.15857605177993,7.421,7.353,9.371163123762969,-0.0007564876815528976
10.1101/2020.11.09.375162,CNR1_HUMAN,anandamide,Recruitment ,Transducer,HEK-293SL,Gi3,69.82758620689656,7.364,7.207,9.208027029651731,0.0003516180348732689
10.1101/2020.11.09.375162,CNR1_HUMAN,anandamide,Recruitment ,Transducer,HEK-293SL,GoA,87.11217183770883,7.588,7.506,9.52807884149018,0.0007102667090972403
10.1101/2020.11.09.375162,CNR1_HUMAN,anandamide,Recruitment ,Transducer,HEK-293SL,GoB,73.63253856942497,7.694,7.562,9.561069773554092,3.385161468827391e-05
10.1101/2020.11.09.375162,CNR1_HUMAN,anandamide,Recruitment ,Transducer,HEK-293SL,Gz,39.34837092731829,7.712,7.304,9.306926756722484,0.0028742332844391427
10.1101/2020.11.09.375162,CNR1_HUMAN,anandamide,Recruitment ,Transducer,HEK-293SL,G15,45.25316455696202,6.921,6.501,8.576648954846657,0.0012080017868223436
10.1101/2020.11.09.375162,CNR1_HUMAN,Cannabinol,Recruitment ,Transducer,HEK-293SL,Arrestin-3 (β-arrestin-2),8.98876404494382,6.713,5.547,7.666699980347031,-0.0007437047330474122
10.1101/2020.11.09.375162,CNR1_HUMAN,Cannabinol,Recruitment ,Transducer,HEK-293SL,G12,8.59106529209622,8.843,7.785,9.77704701968613,-0.008134521499155056
10.1101/2020.11.09.375162,CNR1_HUMAN,Cannabinol,Recruitment ,Transducer,HEK-293SL,G13,31.428571428571427,7.3,6.781,8.797324640807949,-0.001652446539630148
10.1101/2020.11.09.375162,CNR1_HUMAN,Cannabinol,Recruitment ,Transducer,HEK-293SL,Gi1,37.712519319938174,8.387,7.965,9.963485545670029,-0.0012846138875568514
10.1101/2020.11.09.375162,CNR1_HUMAN,Cannabinol,Recruitment ,Transducer,HEK-293SL,Gi2,38.83495145631068,7.807,7.378,9.39622276662279,-0.0006968448217321566
10.1101/2020.11.09.375162,CNR1_HUMAN,Cannabinol,Recruitment ,Transducer,HEK-293SL,Gi3,22.98850574712644,7.885,7.243,9.246510743045363,0.0028353314285043396
10.1101/2020.11.09.375162,CNR1_HUMAN,Cannabinol,Recruitment ,Transducer,HEK-293SL,GoA,31.264916467780434,7.834,7.308,9.329057272689468,-0.00031130209161389644
10.1101/2020.11.09.375162,CNR1_HUMAN,Cannabinol,Recruitment ,Transducer,HEK-293SL,GoB,42.49649368863955,7.591,7.221,9.21935309865044,-0.0006828232889626307
10.1101/2020.11.09.375162,CNR1_HUMAN,Cannabinol,Recruitment ,Transducer,HEK-293SL,Gz,47.11779448621554,6.94,6.613,8.613184953576932,0.000132430138886086
10.1101/2020.11.09.375162,CNR1_HUMAN,CP55940,Recruitment ,Transducer,HEK-293SL,Arrestin-2 (β-arrestin-1),49.572649572649574,8.886,8.318,10.581242131816776,0.0013299535486810399
10.1101/2020.11.09.375162,CNR1_HUMAN,CP55940,Recruitment ,Transducer,HEK-293SL,Arrestin-3 (β-arrestin-2),60.89887640449439,8.68,8.344,10.464609279893473,0.00016559481339539772
10.1101/2020.11.09.375162,CNR1_HUMAN,CP55940,Recruitment ,Transducer,HEK-293SL,G12,79.03780068728523,8.932,8.83,10.829834847031686,-0.00034669415359900313
10.1101/2020.11.09.375162,CNR1_HUMAN,CP55940,Recruitment ,Transducer,HEK-293SL,G13,89.6103896103896,8.866,8.8,10.818358365564773,0.0003812782171932483
10.1101/2020.11.09.375162,CNR1_HUMAN,CP55940,Recruitment ,Transducer,HEK-293SL,Gi1,50.38639876352396,9.172,8.874,10.874313319399239,0.0005431598416523187
10.1101/2020.11.09.375162,CNR1_HUMAN,CP55940,Recruitment ,Transducer,HEK-293SL,Gi2,99.83818770226537,9.604,9.583,11.603296688944425,0.0013770774999031232
10.1101/2020.11.09.375162,CNR1_HUMAN,CP55940,Recruitment ,Transducer,HEK-293SL,Gi3,95.97701149425288,9.426,9.408,11.408167222864984,-0.0005081887518736394
10.1101/2020.11.09.375162,CNR1_HUMAN,CP55940,Recruitment ,Transducer,HEK-293SL,GoA,105.01193317422435,9.847,9.847,11.868238653519892,-0.00012992126118938074
10.1101/2020.11.09.375162,CNR1_HUMAN,CP55940,Recruitment ,Transducer,HEK-293SL,GoB,93.2678821879383,9.612,9.581,11.581732115451238,0.0016961935118358085
10.1101/2020.11.09.375162,CNR1_HUMAN,CP55940,Recruitment ,Transducer,HEK-293SL,Gz,79.19799498746868,9.857,9.753,11.755714186931655,0.002661663493610078
10.1101/2020.11.09.375162,CNR1_HUMAN,CP55940,Recruitment ,Transducer,HEK-293SL,G15,81.32911392405063,9.043,8.879,10.95324604071289,-0.00019491234694335446
10.1101/2020.11.09.375162,CNR1_HUMAN,HU210,Recruitment ,Transducer,HEK-293SL,Arrestin-2 (β-arrestin-1),63.247863247863236,8.313,7.854,10.114045857984815,-0.001866320283280487
10.1101/2020.11.09.375162,CNR1_HUMAN,HU210,Recruitment ,Transducer,HEK-293SL,Arrestin-3 (β-arrestin-2),71.46067415730337,8.353,8.086,10.2070671090035,0.0006234239234212957
10.1101/2020.11.09.375162,CNR1_HUMAN,HU210,Recruitment ,Transducer,HEK-293SL,G12,56.357388316151216,8.978,8.729,10.72895085906179,-0.00023068212349386386
10.1101/2020.11.09.375162,CNR1_HUMAN,HU210,Recruitment ,Transducer,HEK-293SL,G13,77.92207792207792,8.75,8.624,10.641660525211162,-0.00031656213641806374
10.1101/2020.11.09.375162,CNR1_HUMAN,HU210,Recruitment ,Transducer,HEK-293SL,Gi1,55.3323029366306,9.419,9.162,11.161978745975174,0.00020858641758803032
10.1101/2020.11.09.375162,CNR1_HUMAN,HU210,Recruitment ,Transducer,HEK-293SL,Gi2,104.69255663430421,9.413,9.414,11.432915805579885,-3.8058646367744586e-06
10.1101/2020.11.09.375162,CNR1_HUMAN,HU210,Recruitment ,Transducer,HEK-293SL,Gi3,93.67816091954025,9.172,9.143,11.14363835612136,-3.705549549959386e-05
10.1101/2020.11.09.375162,CNR1_HUMAN,HU210,Recruitment ,Transducer,HEK-293SL,GoA,76.61097852028641,9.282,9.145,11.166291009438577,-7.756534250447089e-05
10.1101/2020.11.09.375162,CNR1_HUMAN,HU210,Recruitment ,Transducer,HEK-293SL,GoB,74.61430575035064,9.595,9.47,11.467822102443183,-0.0012138194962210136
10.1101/2020.11.09.375162,CNR1_HUMAN,HU210,Recruitment ,Transducer,HEK-293SL,Gz,61.15288220551378,9.387,9.174,11.173416930651982,-0.0006355927860628441
10.1101/2020.11.09.375162,CNR1_HUMAN,HU210,Recruitment ,Transducer,HEK-293SL,G15,44.30379746835444,8.913,8.485,10.559440953059834,0.0
10.1101/2020.11.09.375162,CNR1_HUMAN,Nabilone,Recruitment ,Transducer,HEK-293SL,Arrestin-2 (β-arrestin-1),59.82905982905983,8.192,7.707,9.968912178268095,0.0
10.1101/2020.11.09.375162,CNR1_HUMAN,Nabilone,Recruitment ,Transducer,HEK-293SL,Arrestin-3 (β-arrestin-2),71.23595505617978,8.102,7.834,9.95469925123682,0.00025556615674160454
10.1101/2020.11.09.375162,CNR1_HUMAN,Nabilone,Recruitment ,Transducer,HEK-293SL,G12,67.35395189003437,8.442,8.27,10.270363082370569,0.00018154118528457275
10.1101/2020.11.09.375162,CNR1_HUMAN,Nabilone,Recruitment ,Transducer,HEK-293SL,G13,88.57142857142857,8.31,8.239,10.257293649483998,0.00031656213641806374
10.1101/2020.11.09.375162,CNR1_HUMAN,Nabilone,Recruitment ,Transducer,HEK-293SL,Gi1,49.61360123647604,8.282,7.978,9.977600751736173,-0.00016940782141272592
10.1101/2020.11.09.375162,CNR1_HUMAN,Nabilone,Recruitment ,Transducer,HEK-293SL,Gi2,92.88025889967638,8.982,8.931,10.949923417309158,3.8058646367744586e-06
10.1101/2020.11.09.375162,CNR1_HUMAN,Nabilone,Recruitment ,Transducer,HEK-293SL,Gi3,83.9080459770115,9.102,9.026,11.025803607501837,-0.0008718041150208578
10.1101/2020.11.09.375162,CNR1_HUMAN,Nabilone,Recruitment ,Transducer,HEK-293SL,GoA,97.37470167064438,9.246,9.213,11.234446140123586,7.756534250447089e-05
10.1101/2020.11.09.375162,CNR1_HUMAN,Nabilone,Recruitment ,Transducer,HEK-293SL,GoB,87.6577840112202,9.348,9.291,11.29079048749221,0.0007545655528060635
10.1101/2020.11.09.375162,CNR1_HUMAN,Nabilone,Recruitment ,Transducer,HEK-293SL,Gz,62.907268170426065,9.016,8.816,10.81470082579429,-0.001351697643755756
10.1101/2020.11.09.375162,CNR1_HUMAN,Nabilone,Recruitment ,Transducer,HEK-293SL,G15,68.9873417721519,8.576,8.34,10.414769410986201,0.0003284579263667098
10.1101/2020.11.09.375162,CNR1_HUMAN,THC,Recruitment ,Transducer,HEK-293SL,Arrestin-2 (β-arrestin-1),23.931623931623932,7.66,6.776,9.038972169596057,0.0010599913279625284
10.1101/2020.11.09.375162,CNR1_HUMAN,THC,Recruitment ,Transducer,HEK-293SL,Arrestin-3 (β-arrestin-2),19.10112359550562,7.927,7.086,9.20805891473336,0.0016152296532818688
10.1101/2020.11.09.375162,CNR1_HUMAN,THC,Recruitment ,Transducer,HEK-293SL,G12,18.900343642611684,7.961,7.045,9.237469700508337,0.1922881593230521
10.1101/2020.11.09.375162,CNR1_HUMAN,THC,Recruitment ,Transducer,HEK-293SL,G13,39.22077922077922,7.923,7.497,9.51651621778467,0.0015391304370906411
10.1101/2020.11.09.375162,CNR1_HUMAN,THC,Recruitment ,Transducer,HEK-293SL,Gi1,82.22565687789799,8.595,8.512,10.51000735162635,-0.0017628079312368428
10.1101/2020.11.09.375162,CNR1_HUMAN,THC,Recruitment ,Transducer,HEK-293SL,Gi2,56.63430420711974,8.607,8.519,10.360079569261458,-0.17784004218306393
10.1101/2020.11.09.375162,CNR1_HUMAN,THC,Recruitment ,Transducer,HEK-293SL,Gi3,51.724137931034484,8.466,8.161,10.179693261156725,0.018017849539867292
10.1101/2020.11.09.375162,CNR1_HUMAN,THC,Recruitment ,Transducer,HEK-293SL,GoA,67.78042959427208,8.731,8.603,10.562104317080742,-0.06226425770034005
10.1101/2020.11.09.375162,CNR1_HUMAN,THC,Recruitment ,Transducer,HEK-293SL,GoB,53.15568022440393,8.524,8.613,10.249549680116207,-0.3624862418231958
10.1101/2020.11.09.375162,CNR1_HUMAN,THC,Recruitment ,Transducer,HEK-293SL,Gz,47.368421052631575,8.47,8.032,10.145488908486497,0.11343638504845188
10.1101/2020.11.09.375162,CNR1_HUMAN,THC,Recruitment ,Transducer,HEK-293SL,G15,15.189873417721518,8.572,7.766,9.753554154757182,-0.08688679830265222
10.1101/2020.11.09.375162,CNR1_HUMAN,WIN55212-2,Recruitment ,Transducer,HEK-293SL,Arrestin-2 (β-arrestin-1),100.0,7.044,6.783,9.044,-0.0009121782680949764
10.1101/2020.11.09.375162,CNR1_HUMAN,WIN55212-2,Recruitment ,Transducer,HEK-293SL,Arrestin-3 (β-arrestin-2),100.0,7.137,7.017,9.137,-0.0004436850800781933
10.1101/2020.11.09.375162,CNR1_HUMAN,WIN55212-2,Recruitment ,Transducer,HEK-293SL,G12,100.0,7.413,7.413,9.413,-0.00018154118528457275
10.1101/2020.11.09.375162,CNR1_HUMAN,WIN55212-2,Recruitment ,Transducer,HEK-293SL,G13,100.0,7.497,7.438,9.497,0.041022912652421084
10.1101/2020.11.09.375162,CNR1_HUMAN,WIN55212-2,Recruitment ,Transducer,HEK-293SL,Gi1,100.0,8.413,8.414,10.413,-0.0007701595575850817
10.1101/2020.11.09.375162,CNR1_HUMAN,WIN55212-2,Recruitment ,Transducer,HEK-293SL,Gi2,100.0,8.115,8.094,10.115,0.0020803885554787627
10.1101/2020.11.09.375162,CNR1_HUMAN,WIN55212-2,Recruitment ,Transducer,HEK-293SL,Gi3,100.0,7.484,7.484,9.484,-0.0006754116168581348
10.1101/2020.11.09.375162,CNR1_HUMAN,WIN55212-2,Recruitment ,Transducer,HEK-293SL,GoA,100.0,8.09,8.068,10.09,0.0006314252189181246
10.1101/2020.11.09.375162,CNR1_HUMAN,WIN55212-2,Recruitment ,Transducer,HEK-293SL,GoB,100.0,8.189,8.189,10.189,0.0009640780605968402
10.1101/2020.11.09.375162,CNR1_HUMAN,WIN55212-2,Recruitment ,Transducer,HEK-293SL,Gz,100.00000000000001,8.321,8.322,10.321,-0.001052523438044517
10.1101/2020.11.09.375162,CNR1_HUMAN,WIN55212-2,Recruitment ,Transducer,HEK-293SL,G15,100.0,7.285,7.21,9.285,0.0005590469401655085
10.1101/2020.11.09.375162,CNR2_HUMAN,(R)-AM1241,Recruitment ,Transducer,HEK-293SL,Arrestin-3 (β-arrestin-2),28.571428571428573,8.399,7.647,9.854931955649723,6.342865173714074e-05
10.1101/2020.11.09.375162,CNR2_HUMAN,(R)-AM1241,Recruitment ,Transducer,HEK-293SL,Gi1,52.47524752475247,8.299,8.02,10.018954495818146,-0.0010455041818531186
10.1101/2020.11.09.375162,CNR2_HUMAN,(R)-AM1241,Recruitment ,Transducer,HEK-293SL,Gi2,51.778093883357045,8.227,7.835,9.941146058629233,-0.00046511194478515705
10.1101/2020.11.09.375162,CNR2_HUMAN,(R)-AM1241,Recruitment ,Transducer,HEK-293SL,Gi3,36.70212765957447,8.339,7.899,9.903691241473576,0.0019742350647655726
10.1101/2020.11.09.375162,CNR2_HUMAN,(R)-AM1241,Recruitment ,Transducer,HEK-293SL,GoA,27.061855670103093,8.555,7.974,9.98735757347573,6.700856474362027e-05
10.1101/2020.11.09.375162,CNR2_HUMAN,(R)-AM1241,Recruitment ,Transducer,HEK-293SL,GoB,49.27710843373494,8.12,7.744,9.812645215631267,-0.0008356488712735199
10.1101/2020.11.09.375162,CNR2_HUMAN,(S)-AM1241,Recruitment ,Transducer,HEK-293SL,Arrestin-2 (β-arrestin-1),58.02469135802469,7.323,6.862,9.086612839057068,-0.001421394682902033
10.1101/2020.11.09.375162,CNR2_HUMAN,(S)-AM1241,Recruitment ,Transducer,HEK-293SL,Arrestin-3 (β-arrestin-2),79.08163265306122,6.734,6.425,8.632075626813815,-0.000792900184170442
10.1101/2020.11.09.375162,CNR2_HUMAN,(S)-AM1241,Recruitment ,Transducer,HEK-293SL,Gi1,67.57425742574257,7.434,7.264,9.263781281930152,-0.00021871806984830044
10.1101/2020.11.09.375162,CNR2_HUMAN,(S)-AM1241,Recruitment ,Transducer,HEK-293SL,Gi2,82.78805120910384,7.308,7.12,9.225967659630065,-0.0006435109439530962
10.1101/2020.11.09.375162,CNR2_HUMAN,(S)-AM1241,Recruitment ,Transducer,HEK-293SL,Gi3,75.79787234042553,7.338,7.215,9.21765701508085,-5.999132796041806e-05
10.1101/2020.11.09.375162,CNR2_HUMAN,(S)-AM1241,Recruitment ,Transducer,HEK-293SL,GoA,70.87628865979381,6.975,6.812,8.825500968236055,0.0002104033250680537
10.1101/2020.11.09.375162,CNR2_HUMAN,(S)-AM1241,Recruitment ,Transducer,HEK-293SL,GoB,75.5421686746988,7.329,7.138,9.207189448454642,-0.0002914160478990624
10.1101/2020.11.09.375162,CNR2_HUMAN,2-AG,Recruitment ,Transducer,HEK-293SL,Arrestin-2 (β-arrestin-1),174.07407407407405,5.997,6.046,8.23773409377673,-0.034300139963240106
10.1101/2020.11.09.375162,CNR2_HUMAN,2-AG,Recruitment ,Transducer,HEK-293SL,Arrestin-3 (β-arrestin-2),161.22448979591837,5.979,5.979,8.186431011261927,-0.00043751573605899097
10.1101/2020.11.09.375162,CNR2_HUMAN,2-AG,Recruitment ,Transducer,HEK-293SL,Gi1,81.93069306930693,7.027,6.941,8.940446628665114,-0.0005533713348855329
10.1101/2020.11.09.375162,CNR2_HUMAN,2-AG,Recruitment ,Transducer,HEK-293SL,Gi2,93.74110953058323,6.827,6.692,8.798930089574187,0.00031891900016844943
10.1101/2020.11.09.375162,CNR2_HUMAN,2-AG,Recruitment ,Transducer,HEK-293SL,Gi3,91.22340425531917,6.742,6.7,8.70210627511511,-0.0006107312937002618
10.1101/2020.11.09.375162,CNR2_HUMAN,2-AG,Recruitment ,Transducer,HEK-293SL,GoA,83.76288659793815,6.797,6.706,8.720051635384667,0.0007610704736804585
10.1101/2020.11.09.375162,CNR2_HUMAN,2-AG,Recruitment ,Transducer,HEK-293SL,GoB,85.66265060240964,7.14,7.002,9.072791508353692,0.0013106438511512053
10.1101/2020.11.09.375162,CNR2_HUMAN,AM1241,Recruitment ,Transducer,HEK-293SL,Arrestin-2 (β-arrestin-1),39.50617283950617,8.031,7.401,9.627664959441256,0.0006307257012867495
10.1101/2020.11.09.375162,CNR2_HUMAN,AM1241,Recruitment ,Transducer,HEK-293SL,Arrestin-3 (β-arrestin-2),19.897959183673468,8.063,7.154,9.361808535670024,-5.999132796219442e-05
10.1101/2020.11.09.375162,CNR2_HUMAN,AM1241,Recruitment ,Transducer,HEK-293SL,Gi1,47.77227722772277,8.358,8.038,10.03717594389717,-0.0008240561028305393
10.1101/2020.11.09.375162,CNR2_HUMAN,AM1241,Recruitment ,Transducer,HEK-293SL,Gi2,53.342816500711244,7.994,7.615,9.721075942707895,-0.0005352278661234777
10.1101/2020.11.09.375162,CNR2_HUMAN,AM1241,Recruitment ,Transducer,HEK-293SL,Gi3,34.57446808510638,7.946,7.483,9.484755507379175,-0.0009614990296347159
10.1101/2020.11.09.375162,CNR2_HUMAN,AM1241,Recruitment ,Transducer,HEK-293SL,GoA,30.927835051546392,7.98,7.457,9.470349520453418,5.8955542431515795e-05
10.1101/2020.11.09.375162,CNR2_HUMAN,AM1241,Recruitment ,Transducer,HEK-293SL,GoB,52.65060240963856,8.171,7.822,9.892403344594348,0.0009224800918063991
10.1101/2020.11.09.375162,CNR2_HUMAN,anandamide,Recruitment ,Transducer,HEK-293SL,Arrestin-2 (β-arrestin-1),134.5679012345679,5.448,5.164,7.576941479061974,0.1869072453220042
10.1101/2020.11.09.375162,CNR2_HUMAN,anandamide,Recruitment ,Transducer,HEK-293SL,Arrestin-3 (β-arrestin-2),47.95918367346939,6.509,5.98,8.189871782243223,0.0020032552452367014
10.1101/2020.11.09.375162,CNR2_HUMAN,anandamide,Recruitment ,Transducer,HEK-293SL,Gi1,65.84158415841584,7.415,7.233,9.233500271520462,0.000500271520462725
10.1101/2020.11.09.375162,CNR2_HUMAN,anandamide,Recruitment ,Transducer,HEK-293SL,Gi2,73.96870554765292,7.173,6.935,9.042048018614976,0.00043684804095800445
10.1101/2020.11.09.375162,CNR2_HUMAN,anandamide,Recruitment ,Transducer,HEK-293SL,Gi3,58.51063829787234,7.165,6.93,8.932234835894546,-0.0004821705142639132
10.1101/2020.11.09.375162,CNR2_HUMAN,anandamide,Recruitment ,Transducer,HEK-293SL,GoA,53.350515463917525,7.095,6.808,8.82213861986271,0.0008480549517231317
10.1101/2020.11.09.375162,CNR2_HUMAN,anandamide,Recruitment ,Transducer,HEK-293SL,GoB,70.72289156626506,7.563,7.343,9.41256000887154,7.914436899980615e-05
10.1101/2020.11.09.375162,CNR2_HUMAN,Cannabinol,Recruitment ,Transducer,HEK-293SL,Arrestin-3 (β-arrestin-2),16.836734693877553,6.664,5.681,7.890257868521411,0.0013893415234251805
10.1101/2020.11.09.375162,CNR2_HUMAN,Cannabinol,Recruitment ,Transducer,HEK-293SL,Gi1,40.5940594059406,7.82,7.43,9.428462482937093,-0.0015375170629070567
10.1101/2020.11.09.375162,CNR2_HUMAN,Cannabinol,Recruitment ,Transducer,HEK-293SL,Gi2,43.66998577524893,7.506,7.039,9.146183050457363,0.0005718798833456162
10.1101/2020.11.09.375162,CNR2_HUMAN,Cannabinol,Recruitment ,Transducer,HEK-293SL,Gi3,40.42553191489362,7.356,6.96,8.96265574301711,-6.126339169920669e-05
10.1101/2020.11.09.375162,CNR2_HUMAN,Cannabinol,Recruitment ,Transducer,HEK-293SL,GoA,36.08247422680413,8.35,7.895,9.90729631008403,-0.0009942548269559204
10.1101/2020.11.09.375162,CNR2_HUMAN,Cannabinol,Recruitment ,Transducer,HEK-293SL,GoB,40.72289156626507,7.662,7.202,9.27183860790158,0.0003577433990393786
10.1101/2020.11.09.375162,CNR2_HUMAN,CP55940,Recruitment ,Transducer,HEK-293SL,Arrestin-2 (β-arrestin-1),125.92592592592591,9.393,9.268,11.493115152883268,-0.0009190808567023367
10.1101/2020.11.09.375162,CNR2_HUMAN,CP55940,Recruitment ,Transducer,HEK-293SL,Arrestin-3 (β-arrestin-2),137.24489795918367,9.383,9.311,11.52049620864593,0.0016276816479443568
10.1101/2020.11.09.375162,CNR2_HUMAN,CP55940,Recruitment ,Transducer,HEK-293SL,Gi1,60.39603960396039,10.01,9.795,11.791008461228124,-0.00399153877187608
10.1101/2020.11.09.375162,CNR2_HUMAN,CP55940,Recruitment ,Transducer,HEK-293SL,Gi2,91.03840682788052,9.972,9.824,11.931224648964063,0.00061347839004533
10.1101/2020.11.09.375162,CNR2_HUMAN,CP55940,Recruitment ,Transducer,HEK-293SL,Gi3,91.75531914893617,9.985,9.944,11.947631250145612,0.0009142437368012679
10.1101/2020.11.09.375162,CNR2_HUMAN,CP55940,Recruitment ,Transducer,HEK-293SL,GoA,101.5463917525773,9.574,9.553,11.580664496231368,0.01437393132038034
10.1101/2020.11.09.375162,CNR2_HUMAN,CP55940,Recruitment ,Transducer,HEK-293SL,GoB,97.95180722891567,9.908,9.83,11.899012453217994,-0.0004684112845474431
10.1101/2020.11.09.375162,CNR2_HUMAN,FMP7234690,Recruitment ,Transducer,HEK-293SL,Arrestin-2 (β-arrestin-1),40.74074074074074,8.536,7.926,10.146028920999237,-0.006005312740732904
10.1101/2020.11.09.375162,CNR2_HUMAN,FMP7234690,Recruitment ,Transducer,HEK-293SL,Arrestin-3 (β-arrestin-2),47.95918367346939,8.042,7.518,9.722871782243223,-0.002996744754763192
10.1101/2020.11.09.375162,CNR2_HUMAN,FMP7234690,Recruitment ,Transducer,HEK-293SL,Gi1,54.950495049504944,7.991,7.731,9.730971609340033,-2.839065996695922e-05
10.1101/2020.11.09.375162,CNR2_HUMAN,FMP7234690,Recruitment ,Transducer,HEK-293SL,Gi2,62.30440967283072,8.358,8.046,10.152518785484276,-9.238508974185322e-05
10.1101/2020.11.09.375162,CNR2_HUMAN,FMP7234690,Recruitment ,Transducer,HEK-293SL,Gi3,68.88297872340426,7.571,7.406,9.40911191915359,0.000394912744780207
10.1101/2020.11.09.375162,CNR2_HUMAN,FMP7234690,Recruitment ,Transducer,HEK-293SL,GoA,61.855670103092784,7.302,7.081,9.093379516117398,-0.0009110487935886091
10.1101/2020.11.09.375162,CNR2_HUMAN,FMP7234690,Recruitment ,Transducer,HEK-293SL,GoB,73.01204819277109,8.018,7.811,9.881394531790214,0.0009136672876728369
10.1101/2020.11.09.375162,CNR2_HUMAN,FMP7234691,Recruitment ,Transducer,HEK-293SL,Arrestin-2 (β-arrestin-1),56.79012345679012,8.981,8.507,10.735272812802924,0.0022385790629542157
10.1101/2020.11.09.375162,CNR2_HUMAN,FMP7234691,Recruitment ,Transducer,HEK-293SL,Arrestin-3 (β-arrestin-2),79.59183673469387,8.224,7.917,10.124868526997986,0.0
10.1101/2020.11.09.375162,CNR2_HUMAN,FMP7234691,Recruitment ,Transducer,HEK-293SL,Gi1,67.07920792079207,8.148,7.974,9.9745879257638,0.0005879257637992907
10.1101/2020.11.09.375162,CNR2_HUMAN,FMP7234691,Recruitment ,Transducer,HEK-293SL,Gi2,79.80085348506402,8.416,8.212,10.318007536236339,-0.000603634337679182
10.1101/2020.11.09.375162,CNR2_HUMAN,FMP7234691,Recruitment ,Transducer,HEK-293SL,Gi3,66.22340425531914,8.173,7.991,9.994011502168075,0.00029449575926498994
10.1101/2020.11.09.375162,CNR2_HUMAN,FMP7234691,Recruitment ,Transducer,HEK-293SL,GoA,79.63917525773195,7.954,7.842,9.855126753830627,-0.00016381108035945502
10.1101/2020.11.09.375162,CNR2_HUMAN,FMP7234691,Recruitment ,Transducer,HEK-293SL,GoB,80.60240963855422,7.997,7.833,9.903348025391749,0.0008671608892072413
10.1101/2020.11.09.375162,CNR2_HUMAN,FMP7234694,Recruitment ,Transducer,HEK-293SL,Arrestin-2 (β-arrestin-1),39.50617283950617,8.12,7.486,9.716664959441255,0.004630725701285421
10.1101/2020.11.09.375162,CNR2_HUMAN,FMP7234694,Recruitment ,Transducer,HEK-293SL,Arrestin-3 (β-arrestin-2),82.14285714285715,8.109,7.815,10.023569804675374,0.0007012776773871465
10.1101/2020.11.09.375162,CNR2_HUMAN,FMP7234694,Recruitment ,Transducer,HEK-293SL,Gi1,62.12871287128713,7.846,7.639,9.639292356370433,0.00029235637043267815
10.1101/2020.11.09.375162,CNR2_HUMAN,FMP7234694,Recruitment ,Transducer,HEK-293SL,Gi2,83.21479374110953,8.21,8.024,10.130200541062358,-0.0004106295116592662
10.1101/2020.11.09.375162,CNR2_HUMAN,FMP7234694,Recruitment ,Transducer,HEK-293SL,Gi3,71.01063829787235,7.982,7.832,9.833323416436915,-0.0013935899718946487
10.1101/2020.11.09.375162,CNR2_HUMAN,FMP7234694,Recruitment ,Transducer,HEK-293SL,GoA,81.44329896907216,8.199,8.097,10.109855357024196,-0.0004352078867895237
10.1101/2020.11.09.375162,CNR2_HUMAN,FMP7234694,Recruitment ,Transducer,HEK-293SL,GoB,72.40963855421687,8.243,8.033,10.102796379626666,0.00031551512412519855
10.1101/2020.11.09.375162,CNR2_HUMAN,FMP7234698,Recruitment ,Transducer,HEK-293SL,Arrestin-2 (β-arrestin-1),82.71604938271605,8.851,8.544,10.768589783822177,-0.0014444499177930226
10.1101/2020.11.09.375162,CNR2_HUMAN,FMP7234698,Recruitment ,Transducer,HEK-293SL,Arrestin-3 (β-arrestin-2),95.91836734693878,7.858,7.632,9.839901777907203,3.32509092171307e-05
10.1101/2020.11.09.375162,CNR2_HUMAN,FMP7234698,Recruitment ,Transducer,HEK-293SL,Gi1,63.86138613861386,7.781,7.587,9.586238340852624,-0.0007616591473755818
10.1101/2020.11.09.375162,CNR2_HUMAN,FMP7234698,Recruitment ,Transducer,HEK-293SL,Gi2,73.82645803698435,8.041,7.803,9.909212032828634,-0.0003991377453838041
10.1101/2020.11.09.375162,CNR2_HUMAN,FMP7234698,Recruitment ,Transducer,HEK-293SL,Gi3,65.69148936170212,8.165,7.98,9.982509108332003,-0.0002078980768072114
10.1101/2020.11.09.375162,CNR2_HUMAN,FMP7234698,Recruitment ,Transducer,HEK-293SL,GoA,91.23711340206185,8.429,8.376,10.389171536431581,-0.00011902847940481465
10.1101/2020.11.09.375162,CNR2_HUMAN,FMP7234698,Recruitment ,Transducer,HEK-293SL,GoB,72.28915662650603,8.449,8.239,10.30807315800757,-0.0004077064949719045
10.1101/2020.11.09.375162,CNR2_HUMAN,FMP7234699,Recruitment ,Transducer,HEK-293SL,Arrestin-2 (β-arrestin-1),88.88888888888887,8.094,7.818,10.042847477552618,-0.0011867561873515342
10.1101/2020.11.09.375162,CNR2_HUMAN,FMP7234699,Recruitment ,Transducer,HEK-293SL,Arrestin-3 (β-arrestin-2),73.46938775510203,8.058,7.717,9.924106420738774,-0.0007621062592120253
10.1101/2020.11.09.375162,CNR2_HUMAN,FMP7234699,Recruitment ,Transducer,HEK-293SL,Gi1,54.950495049504944,7.933,7.672,9.672971609340033,0.0009716093400333747
10.1101/2020.11.09.375162,CNR2_HUMAN,FMP7234699,Recruitment ,Transducer,HEK-293SL,Gi2,83.92603129445236,7.96,7.777,9.88389668662232,0.00028551604830173716
10.1101/2020.11.09.375162,CNR2_HUMAN,FMP7234699,Recruitment ,Transducer,HEK-293SL,Gi3,59.57446808510639,7.886,7.658,9.661060173406502,0.00034316699769210146
10.1101/2020.11.09.375162,CNR2_HUMAN,FMP7234699,Recruitment ,Transducer,HEK-293SL,GoA,86.85567010309279,8.33,8.256,10.268798175277132,-0.000492389633854895
10.1101/2020.11.09.375162,CNR2_HUMAN,FMP7234699,Recruitment ,Transducer,HEK-293SL,GoB,80.84337349397592,7.866,7.704,9.773644427792918,0.00016356329037758854
10.1101/2020.11.09.375162,CNR2_HUMAN,HU210,Recruitment ,Transducer,HEK-293SL,Arrestin-2 (β-arrestin-1),104.93827160493827,9.309,9.103,11.329933906835642,0.0008996730956720711
10.1101/2020.11.09.375162,CNR2_HUMAN,HU210,Recruitment ,Transducer,HEK-293SL,Arrestin-3 (β-arrestin-2),77.55102040816325,9.361,9.043,11.250587516588297,-0.0002810104096884203
10.1101/2020.11.09.375162,CNR2_HUMAN,HU210,Recruitment ,Transducer,HEK-293SL,Gi1,79.45544554455445,9.414,9.314,11.314123667294266,0.000123667294266383
10.1101/2020.11.09.375162,CNR2_HUMAN,HU210,Recruitment ,Transducer,HEK-293SL,Gi2,95.30583214793742,9.594,9.467,11.573119477681002,-0.0004916928930160935
10.1101/2020.11.09.375162,CNR2_HUMAN,HU210,Recruitment ,Transducer,HEK-293SL,Gi3,86.96808510638299,9.273,9.21,11.212359907732624,-0.0003570986761864958
10.1101/2020.11.09.375162,CNR2_HUMAN,HU210,Recruitment ,Transducer,HEK-293SL,GoA,89.43298969072164,9.138,9.076,11.089497749196667,0.0002071842856801176
10.1101/2020.11.09.375162,CNR2_HUMAN,HU210,Recruitment ,Transducer,HEK-293SL,GoB,86.26506024096385,9.591,9.457,11.52683492993178,0.00035406542923865914
10.1101/2020.11.09.375162,CNR2_HUMAN,HU308,Recruitment ,Transducer,HEK-293SL,Arrestin-2 (β-arrestin-1),81.48148148148148,7.56,7.242,9.47105891666322,0.003024682923249422
10.1101/2020.11.09.375162,CNR2_HUMAN,HU308,Recruitment ,Transducer,HEK-293SL,Arrestin-3 (β-arrestin-2),98.9795918367347,7.613,7.4,9.60854565857375,0.0006771315757632124
10.1101/2020.11.09.375162,CNR2_HUMAN,HU308,Recruitment ,Transducer,HEK-293SL,Gi1,92.07920792079209,8.167,8.131,10.131161574771292,0.00016157477129219444
10.1101/2020.11.09.375162,CNR2_HUMAN,HU308,Recruitment ,Transducer,HEK-293SL,Gi2,127.88051209103843,8.008,8.008,10.114804366713404,0.000193196139386842
10.1101/2020.11.09.375162,CNR2_HUMAN,HU308,Recruitment ,Transducer,HEK-293SL,Gi3,114.62765957446808,7.793,7.912,9.85228942523307,-0.0624275811757391
10.1101/2020.11.09.375162,CNR2_HUMAN,HU308,Recruitment ,Transducer,HEK-293SL,GoA,150.25773195876286,7.49,7.784,9.666836829164808,-0.13045373574617836
10.1101/2020.11.09.375162,CNR2_HUMAN,HU308,Recruitment ,Transducer,HEK-293SL,GoB,117.34939759036143,7.914,7.914,9.98348086450254,0.0
10.1101/2020.11.09.375162,CNR2_HUMAN,JWH133,Recruitment ,Transducer,HEK-293SL,Arrestin-2 (β-arrestin-1),124.69135802469137,8.237,8.107,10.332836354903993,-0.0001978788359764394
10.1101/2020.11.09.375162,CNR2_HUMAN,JWH133,Recruitment ,Transducer,HEK-293SL,Arrestin-3 (β-arrestin-2),116.83673469387756,7.973,7.835,10.040579410983412,-0.002289116014574155
10.1101/2020.11.09.375162,CNR2_HUMAN,JWH133,Recruitment ,Transducer,HEK-293SL,Gi1,72.77227722772277,8.791,8.653,10.652965965301552,-3.403469844798224e-05
10.1101/2020.11.09.375162,CNR2_HUMAN,JWH133,Recruitment ,Transducer,HEK-293SL,Gi2,98.4352773826458,7.811,7.697,9.804150769436934,0.0005395988629155468
10.1101/2020.11.09.375162,CNR2_HUMAN,JWH133,Recruitment ,Transducer,HEK-293SL,Gi3,95.2127659574468,8.298,8.274,10.276695181716214,-2.1824692595373563e-05
10.1101/2020.11.09.375162,CNR2_HUMAN,JWH133,Recruitment ,Transducer,HEK-293SL,GoA,107.21649484536083,7.979,8.032,10.009261605032535,-0.03602895987845178
10.1101/2020.11.09.375162,CNR2_HUMAN,JWH133,Recruitment ,Transducer,HEK-293SL,GoB,103.855421686747,8.535,8.481,10.55142917344864,0.0009483089460982086
10.1101/2020.11.09.375162,CNR2_HUMAN,Nabilone,Recruitment ,Transducer,HEK-293SL,Arrestin-2 (β-arrestin-1),107.40740740740739,8.64,8.445,10.67103423373997,0.0
10.1101/2020.11.09.375162,CNR2_HUMAN,Nabilone,Recruitment ,Transducer,HEK-293SL,Arrestin-3 (β-arrestin-2),98.46938775510203,8.658,8.444,10.651301237651298,-0.0005672893466890372
10.1101/2020.11.09.375162,CNR2_HUMAN,Nabilone,Recruitment ,Transducer,HEK-293SL,Gi1,78.96039603960396,8.885,8.782,10.782409317946575,0.00040931794657517173
10.1101/2020.11.09.375162,CNR2_HUMAN,Nabilone,Recruitment ,Transducer,HEK-293SL,Gi2,72.68847795163585,9.165,8.92,11.026465575114887,-0.0001455954591307318
10.1101/2020.11.09.375162,CNR2_HUMAN,Nabilone,Recruitment ,Transducer,HEK-293SL,Gi3,85.63829787234043,8.977,8.907,10.90966802676817,-4.8979640640212097e-05
10.1101/2020.11.09.375162,CNR2_HUMAN,Nabilone,Recruitment ,Transducer,HEK-293SL,GoA,102.0618556701031,8.297,8.283,10.305863460331306,0.009572895420320027
10.1101/2020.11.09.375162,CNR2_HUMAN,Nabilone,Recruitment ,Transducer,HEK-293SL,GoB,91.44578313253014,8.737,8.629,10.698163683519407,-0.0003171809831332695
10.1101/2020.11.09.375162,CNR2_HUMAN,RO5135445,Recruitment ,Transducer,HEK-293SL,Arrestin-2 (β-arrestin-1),45.679012345679006,8.438,7.866,10.097716705188345,0.005682471448375637
10.1101/2020.11.09.375162,CNR2_HUMAN,RO5135445,Recruitment ,Transducer,HEK-293SL,Arrestin-3 (β-arrestin-2),20.918367346938776,9.551,8.667,10.87152778536326,-0.0033407416347266405
10.1101/2020.11.09.375162,CNR2_HUMAN,RO5135445,Recruitment ,Transducer,HEK-293SL,Gi1,45.04950495049504,8.748,8.401,10.401690022874469,0.0006900228744690651
10.1101/2020.11.09.375162,CNR2_HUMAN,RO5135445,Recruitment ,Transducer,HEK-293SL,Gi2,49.07539118065434,9.121,8.705,10.811863770053451,0.0002525994794329023
10.1101/2020.11.09.375162,CNR2_HUMAN,RO5135445,Recruitment ,Transducer,HEK-293SL,Gi3,31.648936170212764,8.563,7.951,10.06335911646487,0.10964211005606028
10.1101/2020.11.09.375162,CNR2_HUMAN,RO5135445,Recruitment ,Transducer,HEK-293SL,GoA,39.43298969072165,8.718,8.301,10.313859705223392,-0.0004308596875950421
10.1101/2020.11.09.375162,CNR2_HUMAN,RO5135445,Recruitment ,Transducer,HEK-293SL,GoB,56.626506024096386,8.504,8.188,10.257019765559644,-0.00046109894289791953
10.1101/2020.11.09.375162,CNR2_HUMAN,RO6435559,Recruitment ,Transducer,HEK-293SL,Arrestin-2 (β-arrestin-1),34.567901234567906,8.518,7.832,10.05667301246357,-0.0013612212764000375
10.1101/2020.11.09.375162,CNR2_HUMAN,RO6435559,Recruitment ,Transducer,HEK-293SL,Arrestin-3 (β-arrestin-2),12.244897959183673,8.131,7.013,9.21895517035513,-0.0019133566428557458
10.1101/2020.11.09.375162,CNR2_HUMAN,RO6435559,Recruitment ,Transducer,HEK-293SL,Gi1,50.00000000000001,7.984,7.683,9.682970004336019,-2.999566398109721e-05
10.1101/2020.11.09.375162,CNR2_HUMAN,RO6435559,Recruitment ,Transducer,HEK-293SL,Gi2,51.066856330014225,8.154,7.755,9.862139123558496,0.0005279529844779418
10.1101/2020.11.09.375162,CNR2_HUMAN,RO6435559,Recruitment ,Transducer,HEK-293SL,Gi3,33.244680851063826,7.941,7.462,9.462722168080395,-0.0019948383284145166
10.1101/2020.11.09.375162,CNR2_HUMAN,RO6435559,Recruitment ,Transducer,HEK-293SL,GoA,55.92783505154639,7.998,7.732,9.745628008254322,0.0003374433433349644
10.1101/2020.11.09.375162,CNR2_HUMAN,RO6435559,Recruitment ,Transducer,HEK-293SL,GoB,50.0,7.794,7.424,9.49297000433602,-0.0005108601665222423
10.1101/2020.11.09.375162,CNR2_HUMAN,RO6843766,Recruitment ,Transducer,HEK-293SL,Arrestin-2 (β-arrestin-1),34.567901234567906,9.967,9.277,11.50567301246357,0.00263877872360041
10.1101/2020.11.09.375162,CNR2_HUMAN,RO6843766,Recruitment ,Transducer,HEK-293SL,Arrestin-3 (β-arrestin-2),34.693877551020414,9.557,8.892,11.09725284134976,-0.002615685648224897
10.1101/2020.11.09.375162,CNR2_HUMAN,RO6843766,Recruitment ,Transducer,HEK-293SL,Gi1,55.94059405940594,9.341,9.089,11.088727074036795,-0.0002729259632054948
10.1101/2020.11.09.375162,CNR2_HUMAN,RO6843766,Recruitment ,Transducer,HEK-293SL,Gi2,60.02844950213371,9.096,8.768,10.87435712594185,-0.00025404463216816
10.1101/2020.11.09.375162,CNR2_HUMAN,RO6843766,Recruitment ,Transducer,HEK-293SL,Gi3,56.64893617021277,9.127,8.877,10.880191758511078,0.0004747521022672174
10.1101/2020.11.09.375162,CNR2_HUMAN,RO6843766,Recruitment ,Transducer,HEK-293SL,GoA,45.618556701030926,9.11,8.756,10.769141540767599,-0.0001490241433876882
10.1101/2020.11.09.375162,CNR2_HUMAN,RO6843766,Recruitment ,Transducer,HEK-293SL,GoB,60.72289156626506,9.314,9.028,11.097352444069452,-0.00012842043308936013
10.1101/2020.11.09.375162,CNR2_HUMAN,RO6844112,Recruitment ,Transducer,HEK-293SL,Arrestin-2 (β-arrestin-1),69.13580246913581,7.714,7.325,9.55370300812755,0.002668774387580619
10.1101/2020.11.09.375162,CNR2_HUMAN,RO6844112,Recruitment ,Transducer,HEK-293SL,Arrestin-3 (β-arrestin-2),45.91836734693877,8.242,7.696,9.90398643808285,0.00011791108486391977
10.1101/2020.11.09.375162,CNR2_HUMAN,RO6844112,Recruitment ,Transducer,HEK-293SL,Gi1,67.57425742574257,8.632,8.462,10.46178128193015,-0.00021871806984918862
10.1101/2020.11.09.375162,CNR2_HUMAN,RO6844112,Recruitment ,Transducer,HEK-293SL,Gi2,78.80512091038408,8.496,8.286,10.392554439708606,-5.673086541158057e-05
10.1101/2020.11.09.375162,CNR2_HUMAN,RO6844112,Recruitment ,Transducer,HEK-293SL,Gi3,59.308510638297875,8.16,7.93,9.9331170181205,0.0004000117116902402
10.1101/2020.11.09.375162,CNR2_HUMAN,RO6844112,Recruitment ,Transducer,HEK-293SL,GoA,53.608247422680414,8.159,7.875,9.888231609368555,-5.8955542431515795e-05
10.1101/2020.11.09.375162,CNR2_HUMAN,RO6844112,Recruitment ,Transducer,HEK-293SL,GoB,75.66265060240964,8.497,8.306,10.375881551361122,0.00040068685858152264
10.1101/2020.11.09.375162,CNR2_HUMAN,RO6844395,Recruitment ,Transducer,HEK-293SL,Arrestin-3 (β-arrestin-2),39.285714285714285,7.671,7.056,9.265234653816005,0.0013661268180191755
10.1101/2020.11.09.375162,CNR2_HUMAN,RO6844395,Recruitment ,Transducer,HEK-293SL,Gi1,50.74257425742574,7.855,7.56,9.560372495945149,0.0003724959451494314
10.1101/2020.11.09.375162,CNR2_HUMAN,RO6844395,Recruitment ,Transducer,HEK-293SL,Gi2,76.3869132290185,7.499,7.275,9.382018960679732,0.00040779010571334595
10.1101/2020.11.09.375162,CNR2_HUMAN,RO6844395,Recruitment ,Transducer,HEK-293SL,Gi3,44.41489361702128,7.994,7.639,9.641528626219921,-0.00018838018888889252
10.1101/2020.11.09.375162,CNR2_HUMAN,RO6844395,Recruitment ,Transducer,HEK-293SL,GoA,70.61855670103093,7.607,7.443,9.45591883722618,-0.000371727684805645
10.1101/2020.11.09.375162,CNR2_HUMAN,RO6844395,Recruitment ,Transducer,HEK-293SL,GoB,76.74698795180724,7.665,7.481,9.550061339959276,-0.00041952454326477095
10.1101/2020.11.09.375162,CNR2_HUMAN,RO6850007,Recruitment ,Transducer,HEK-293SL,Arrestin-2 (β-arrestin-1),41.97530864197531,8.371,7.764,9.993993898163605,0.003959664423635267
10.1101/2020.11.09.375162,CNR2_HUMAN,RO6850007,Recruitment ,Transducer,HEK-293SL,Arrestin-3 (β-arrestin-2),22.959183673469386,8.806,7.958,10.166956442418867,0.001087915420880492
10.1101/2020.11.09.375162,CNR2_HUMAN,RO6850007,Recruitment ,Transducer,HEK-293SL,Gi1,27.227722772277225,8.267,7.702,9.70201132004762,1.1320047619278739e-05
10.1101/2020.11.09.375162,CNR2_HUMAN,RO6850007,Recruitment ,Transducer,HEK-293SL,Gi2,25.46230440967283,8.237,7.536,9.642897705960069,0.00028653538605105666
10.1101/2020.11.09.375162,CNR2_HUMAN,RO6850007,Recruitment ,Transducer,HEK-293SL,Gi3,18.617021276595747,7.925,7.192,9.194910195086596,0.00019318867778572724
10.1101/2020.11.09.375162,CNR2_HUMAN,RO6850007,Recruitment ,Transducer,HEK-293SL,GoA,30.6701030927835,8.319,7.949,9.805715235798324,-0.15657532911266214
10.1101/2020.11.09.375162,CNR2_HUMAN,RO6850007,Recruitment ,Transducer,HEK-293SL,GoB,23.012048192771086,8.709,8.0,10.070955274871654,0.0014744103691128885
10.1101/2020.11.09.375162,CNR2_HUMAN,RO6853457,Recruitment ,Transducer,HEK-293SL,Arrestin-2 (β-arrestin-1),40.74074074074074,7.96,7.346,9.570028920999238,-0.0020053127407315685
10.1101/2020.11.09.375162,CNR2_HUMAN,RO6853457,Recruitment ,Transducer,HEK-293SL,Arrestin-3 (β-arrestin-2),41.326530612244895,7.655,7.064,9.271228947522173,-0.0006395794758127238
10.1101/2020.11.09.375162,CNR2_HUMAN,RO6853457,Recruitment ,Transducer,HEK-293SL,Gi1,47.77227722772277,8.431,8.111,10.110175943897168,-0.0008240561028323157
10.1101/2020.11.09.375162,CNR2_HUMAN,RO6853457,Recruitment ,Transducer,HEK-293SL,Gi2,55.761024182076824,8.535,8.175,10.281330742000634,-0.00028042857338483884
10.1101/2020.11.09.375162,CNR2_HUMAN,RO6853457,Recruitment ,Transducer,HEK-293SL,Gi3,30.319148936170215,8.344,7.823,9.82571700640881,0.0
10.1101/2020.11.09.375162,CNR2_HUMAN,RO6853457,Recruitment ,Transducer,HEK-293SL,GoA,32.73195876288659,8.29,7.793,9.804971995361749,-0.0013185695492379246
10.1101/2020.11.09.375162,CNR2_HUMAN,RO6853457,Recruitment ,Transducer,HEK-293SL,GoB,46.867469879518076,8.045,7.647,9.715871508949634,-0.0006093555529069761
10.1101/2020.11.09.375162,CNR2_HUMAN,RO6853973,Recruitment ,Transducer,HEK-293SL,Gi1,34.900990099009896,9.052,8.595,10.594837747544775,-0.00016225245522605292
10.1101/2020.11.09.375162,CNR2_HUMAN,RO6853973,Recruitment ,Transducer,HEK-293SL,Gi2,25.746799431009954,9.45,8.754,10.860723249849359,0.00011207927534151452
10.1101/2020.11.09.375162,CNR2_HUMAN,RO6853973,Recruitment ,Transducer,HEK-293SL,Gi3,13.031914893617023,9.296,8.409,10.411008235100851,-0.0007087713079592106
10.1101/2020.11.09.375162,CNR2_HUMAN,RO6853973,Recruitment ,Transducer,HEK-293SL,GoA,19.58762886597938,9.017,8.294,10.308981866686583,0.0016913017755961768
10.1101/2020.11.09.375162,CNR2_HUMAN,RO6853973,Recruitment ,Transducer,HEK-293SL,GoB,20.120481927710845,9.329,8.564,10.63263837877151,-0.0008424857310309619
10.1101/2020.11.09.375162,CNR2_HUMAN,RO6869094,Recruitment ,Transducer,HEK-293SL,Arrestin-2 (β-arrestin-1),34.567901234567906,9.084,8.398,10.622673012463569,-0.0013612212764009257
10.1101/2020.11.09.375162,CNR2_HUMAN,RO6869094,Recruitment ,Transducer,HEK-293SL,Arrestin-3 (β-arrestin-2),13.775510204081632,8.016,6.947,9.155107692802511,0.00023916580452532088
10.1101/2020.11.09.375162,CNR2_HUMAN,RO6869094,Recruitment ,Transducer,HEK-293SL,Gi1,17.326732673267326,8.214,7.453,9.452716674903652,-0.0002833250963485412
10.1101/2020.11.09.375162,CNR2_HUMAN,RO6869094,Recruitment ,Transducer,HEK-293SL,Gi2,22.475106685633005,8.341,7.586,9.692701761934599,9.059136058020556e-05
10.1101/2020.11.09.375162,CNR2_HUMAN,RO6869094,Recruitment ,Transducer,HEK-293SL,Gi3,14.627659574468085,7.645,6.803,8.810174844566582,0.004457838157772009
10.1101/2020.11.09.375162,CNR2_HUMAN,RO6869094,Recruitment ,Transducer,HEK-293SL,GoB,17.831325301204817,8.321,7.501,9.572183623018883,0.0017027585163420511
10.1101/2020.11.09.375162,CNR2_HUMAN,RO6871487,Recruitment ,Transducer,HEK-293SL,Arrestin-3 (β-arrestin-2),13.26530612244898,8.037,6.954,9.159717276614343,-0.0021512503836431662
10.1101/2020.11.09.375162,CNR2_HUMAN,RO6871487,Recruitment ,Transducer,HEK-293SL,Gi1,35.64356435643564,8.016,7.569,9.567981126984645,-0.0010188730153553038
10.1101/2020.11.09.375162,CNR2_HUMAN,RO6871487,Recruitment ,Transducer,HEK-293SL,Gi2,44.52347083926032,8.085,7.628,9.733589012526625,-0.0010221580473928071
10.1101/2020.11.09.375162,CNR2_HUMAN,RO6871487,Recruitment ,Transducer,HEK-293SL,Gi3,19.680851063829785,8.54,7.831,9.834043874803314,0.00032686839450324356
10.1101/2020.11.09.375162,CNR2_HUMAN,RO6871487,Recruitment ,Transducer,HEK-293SL,GoA,27.31958762886598,8.43,7.853,9.866474139670563,0.00018357475957708758
10.1101/2020.11.09.375162,CNR2_HUMAN,RO6871487,Recruitment ,Transducer,HEK-293SL,GoB,30.0,8.16,7.567,9.637121254719663,0.0006403902171214781
10.1101/2020.11.09.375162,CNR2_HUMAN,RO6878558,Recruitment ,Transducer,HEK-293SL,Arrestin-2 (β-arrestin-1),35.802469135802475,8.512,7.834,10.065912979020307,0.005878745280337938
10.1101/2020.11.09.375162,CNR2_HUMAN,RO6878558,Recruitment ,Transducer,HEK-293SL,Arrestin-3 (β-arrestin-2),27.551020408163264,7.624,6.853,9.064137688466491,0.0032691614685056436
10.1101/2020.11.09.375162,CNR2_HUMAN,RO6878558,Recruitment ,Transducer,HEK-293SL,Gi1,56.930693069306926,7.945,7.7,9.700346470906988,0.00034647090698758376
10.1101/2020.11.09.375162,CNR2_HUMAN,RO6878558,Recruitment ,Transducer,HEK-293SL,Gi2,59.60170697012803,7.986,7.654,9.76125869794647,0.0006475273724522168
10.1101/2020.11.09.375162,CNR2_HUMAN,RO6878558,Recruitment ,Transducer,HEK-293SL,Gi3,38.29787234042553,7.893,7.473,9.47617464716759,0.00045764075877929855
10.1101/2020.11.09.375162,CNR2_HUMAN,RO6878558,Recruitment ,Transducer,HEK-293SL,GoA,39.69072164948454,8.028,7.613,9.626688995242256,0.00039843033126940597
10.1101/2020.11.09.375162,CNR2_HUMAN,RO6878558,Recruitment ,Transducer,HEK-293SL,GoB,66.86746987951808,7.824,7.579,9.649214890746602,0.000734026244061603
10.1101/2020.11.09.375162,CNR2_HUMAN,RO6883666,Recruitment ,Transducer,HEK-293SL,Gi1,40.84158415841584,8.021,7.632,9.632102579103302,0.00010257910330224718
10.1101/2020.11.09.375162,CNR2_HUMAN,RO6883666,Recruitment ,Transducer,HEK-293SL,Gi2,49.928876244665716,7.652,7.242,9.350351791446,0.0017406208719821237
10.1101/2020.11.09.375162,CNR2_HUMAN,RO6883666,Recruitment ,Transducer,HEK-293SL,Gi3,15.957446808510639,7.986,7.186,9.188963405455983,0.00024639904717282946
10.1101/2020.11.09.375162,CNR2_HUMAN,RO6883666,Recruitment ,Transducer,HEK-293SL,GoA,25.77319587628866,8.613,8.01,10.024168274405792,0.0008777094948055897
10.1101/2020.11.09.375162,CNR2_HUMAN,RO6883666,Recruitment ,Transducer,HEK-293SL,GoB,36.74698795180723,7.903,7.399,9.46822174697071,-0.0002591175318302774
10.1101/2020.11.09.375162,CNR2_HUMAN,RO6892033,Recruitment ,Transducer,HEK-293SL,Arrestin-2 (β-arrestin-1),61.72839506172839,8.566,8.129,10.356484985457369,0.001450751717399612
10.1101/2020.11.09.375162,CNR2_HUMAN,RO6892033,Recruitment ,Transducer,HEK-293SL,Gi1,33.415841584158414,8.536,8.058,10.0599524033844,0.001952403384400725
10.1101/2020.11.09.375162,CNR2_HUMAN,RO6892033,Recruitment ,Transducer,HEK-293SL,Gi2,42.81650071123755,8.599,8.124,10.230611170574019,0.0
10.1101/2020.11.09.375162,CNR2_HUMAN,RO6892033,Recruitment ,Transducer,HEK-293SL,Gi3,25.26595744680851,8.856,8.258,10.258535760361188,-0.002181246047621599
10.1101/2020.11.09.375162,CNR2_HUMAN,RO6892033,Recruitment ,Transducer,HEK-293SL,GoA,44.587628865979376,8.018,7.658,9.667214377534588,-0.00407618737639881
10.1101/2020.11.09.375162,CNR2_HUMAN,RO6892033,Recruitment ,Transducer,HEK-293SL,GoB,36.74698795180723,8.328,7.822,9.893221746970712,0.0017408824681703905
10.1101/2020.11.09.375162,CNR2_HUMAN,RO6926274,Recruitment ,Transducer,HEK-293SL,Gi1,21.287128712871286,8.574,7.902,9.902117086132963,0.00011708613296246284
10.1101/2020.11.09.375162,CNR2_HUMAN,RO6926274,Recruitment ,Transducer,HEK-293SL,Gi2,25.32005689900427,9.04,8.338,10.44346467728907,-0.0011464932849474252
10.1101/2020.11.09.375162,CNR2_HUMAN,RO6926274,Recruitment ,Transducer,HEK-293SL,Gi3,20.74468085106383,8.202,7.514,9.518906757762819,0.0021897513540087843
10.1101/2020.11.09.375162,CNR2_HUMAN,RO6926274,Recruitment ,Transducer,HEK-293SL,GoA,27.061855670103093,8.25,7.669,9.68235757347573,6.700856474450845e-05
10.1101/2020.11.09.375162,CNR2_HUMAN,RO6926274,Recruitment ,Transducer,HEK-293SL,GoB,13.012048192771086,8.765,7.81,9.879345663110877,-0.00013520139166356415
10.1101/2020.11.09.375162,CNR2_HUMAN,RO7032019,Recruitment ,Transducer,HEK-293SL,Arrestin-2 (β-arrestin-1),38.27160493827161,8.13,7.491,9.712876674955623,-0.004157558784346094
10.1101/2020.11.09.375162,CNR2_HUMAN,RO7032019,Recruitment ,Transducer,HEK-293SL,Arrestin-3 (β-arrestin-2),32.6530612244898,8.226,7.532,9.739923902627412,5.5375629425924444e-05
10.1101/2020.11.09.375162,CNR2_HUMAN,RO7032019,Recruitment ,Transducer,HEK-293SL,Gi1,19.059405940594058,8.588,7.653,9.868109360061876,0.2151093600618763
10.1101/2020.11.09.375162,CNR2_HUMAN,RO7032019,Recruitment ,Transducer,HEK-293SL,Gi2,59.17496443812234,8.561,8.227,10.33313800560692,-0.0004731649670990379
10.1101/2020.11.09.375162,CNR2_HUMAN,RO7032019,Recruitment ,Transducer,HEK-293SL,Gi3,48.93617021276595,8.103,7.791,9.792629978081875,-0.001087028326935524
10.1101/2020.11.09.375162,CNR2_HUMAN,RO7032019,Recruitment ,Transducer,HEK-293SL,GoA,54.123711340206185,8.137,7.858,9.870387569139712,-0.0009029957712738401
10.1101/2020.11.09.375162,CNR2_HUMAN,RO7032019,Recruitment ,Transducer,HEK-293SL,GoB,73.01204819277109,8.423,8.217,10.286394531790211,-8.63327123301616e-05
10.1101/2020.11.09.375162,CNR2_HUMAN,THC,Recruitment ,Transducer,HEK-293SL,Arrestin-3 (β-arrestin-2),14.285714285714286,8.458,7.409,9.612901959985743,-0.003966567012242628
10.1101/2020.11.09.375162,CNR2_HUMAN,THC,Recruitment ,Transducer,HEK-293SL,Gi1,27.227722772277225,8.123,7.556,9.558011320047619,0.0020113200476190585
10.1101/2020.11.09.375162,CNR2_HUMAN,THC,Recruitment ,Transducer,HEK-293SL,Gi2,32.859174964438125,7.886,7.296,9.40265665487232,4.5484298301978754e-05
10.1101/2020.11.09.375162,CNR2_HUMAN,THC,Recruitment ,Transducer,HEK-293SL,Gi3,27.659574468085108,7.791,7.229,9.23284549437112,0.0011284879623092436
10.1101/2020.11.09.375162,CNR2_HUMAN,THC,Recruitment ,Transducer,HEK-293SL,GoA,18.041237113402065,8.597,7.838,9.853266314420049,0.001975749509062208
10.1101/2020.11.09.375162,CNR2_HUMAN,THC,Recruitment ,Transducer,HEK-293SL,GoB,31.204819277108438,8.116,7.541,9.610221671705178,-0.00025919279736363876
10.1101/2020.11.09.375162,CNR2_HUMAN,WIN55212-2,Recruitment ,Transducer,HEK-293SL,Arrestin-2 (β-arrestin-1),99.99999999999999,9.284,9.062,11.284,-0.004034233739968585
10.1101/2020.11.09.375162,CNR2_HUMAN,WIN55212-2,Recruitment ,Transducer,HEK-293SL,Arrestin-3 (β-arrestin-2),100.0,9.468,9.259,11.468,0.00113147300201355
10.1101/2020.11.09.375162,CNR2_HUMAN,WIN55212-2,Recruitment ,Transducer,HEK-293SL,Gi1,100.00000000000001,9.409,9.409,11.409,0.0
10.1101/2020.11.09.375162,CNR2_HUMAN,WIN55212-2,Recruitment ,Transducer,HEK-293SL,Gi2,100.0,9.52,9.414,11.52,-0.0006111705740181606
10.1101/2020.11.09.375162,CNR2_HUMAN,WIN55212-2,Recruitment ,Transducer,HEK-293SL,Gi3,100.0,9.326,9.318,11.326,0.005282993591190888
10.1101/2020.11.09.375162,CNR2_HUMAN,WIN55212-2,Recruitment ,Transducer,HEK-293SL,GoA,100.00000000000001,9.095,9.061,11.095,0.02070943508901424
10.1101/2020.11.09.375162,CNR2_HUMAN,WIN55212-2,Recruitment ,Transducer,HEK-293SL,GoB,100.0,9.271,9.202,11.271,-0.0004808645025402569
10.1074/jbc.M116.757559,CCR2_HUMAN,CCL2,Accumulation,Downstream,CHO-K1,,100.0,9.4,9.41,11.4,0.010656910407453868
10.1074/jbc.M116.757559,CCR2_HUMAN,J113863,Accumulation,Downstream,CHO-K1,,102.020202020202,6.4,6.44,8.408686179185093,-0.010656910407453868
10.1074/jbc.M116.757559,CCR5_HUMAN,CCL4,Accumulation,Downstream,CHO-K1,,100.0,8.2,7.88,10.2,-0.7140225899775499
10.1074/jbc.M116.757559,CCR5_HUMAN,J113863,Accumulation,Downstream,CHO-K1,,238.8059701492537,5.8,4.43,8.178045179955099,0.7140225899775499
10.1111/bph.13854,OPRK_HUMAN,HS665,Recruitment ,Transducer,U2OS,Arrestin-3 (β-arrestin-2),55.0,6.334419008982047,4.96,8.07478169847629,0.0
10.1111/bph.13854,OPRK_HUMAN,HS665,Activation,Transducer,CHO,,88.0,8.302770657240282,8.36,10.247253329390452,-0.7645242294166863
10.1111/bph.13854,OPRK_HUMAN,HS666,Recruitment ,Transducer,U2OS,Arrestin-3 (β-arrestin-2),24.0,6.347753658996677,3.52,7.727964900708283,1.0931832022319936
10.1111/bph.13854,OPRK_HUMAN,HS666,Activation,Transducer,CHO,,50.0,7.447331783887806,5.73,9.146301788223825,0.7645242294166863
10.1111/bph.13854,OPRK_HUMAN,"U69,593",Recruitment ,Transducer,U2OS,Arrestin-3 (β-arrestin-2),100.0,7.169411331314856,7.17,9.169411331314855,-1.115370367161435
10.1111/bph.14913,OPRD_HUMAN,Leu-enkephalin,Recruitment ,Transducer,CHO-K1,Arrestin-3 (β-arrestin-2),100.0,8.0,8.164,10.0,-0.3040490200071275
10.1111/bph.14913,OPRD_HUMAN,MP102,Recruitment ,Transducer,CHO-K1,Arrestin-3 (β-arrestin-2),20.0,6.7,5.838,8.00102999566398,0.022980975656852642
10.1111/bph.14913,OPRD_HUMAN,MP103,Recruitment ,Transducer,CHO-K1,Arrestin-3 (β-arrestin-2),35.0,5.8,5.227,7.3440680443502755,-0.022980975656852642
10.1111/bph.14913,OPRD_HUMAN,MP105,Recruitment ,Transducer,CHO-K1,Arrestin-3 (β-arrestin-2),35.0,6.2,5.532,7.744068044350276,0.072019024343148
10.1111/bph.14913,OPRD_MOUSE,7-OH-mitragynine,Accumulation,Downstream,HEK-293,,80.0,5.7,4.841,7.603089986991944,0.46593769821384434
10.1111/bph.14913,OPRD_MOUSE,Kratom extract #1,Accumulation,Downstream,HEK-293,,30.0,4.4,4.36,5.877121254719663,-0.7790310340584368
10.1111/bph.14913,OPRD_MOUSE,Kratom extract #2,Accumulation,Downstream,HEK-293,,72.0,5.8,4.911,7.657332496431268,0.4501802076531689
10.1111/bph.14913,OPRD_MOUSE,Leu-enkephalin,Accumulation,Downstream,HEK-293,,100.0,8.5,8.028,10.5,0.17584771122190013
10.1111/bph.14913,OPRD_MOUSE,Mitragynine,Accumulation,Downstream,HEK-293,,88.0,4.8,4.393,6.744482672150168,0.05533038337206886
10.1111/bph.14913,OPRD_MOUSE,Morphine,Accumulation,Downstream,HEK-293,,82.0,6.1,5.719,8.013813852383716,-0.0013384363943833577
10.1111/bph.14913,OPRD_MOUSE,MP102,Accumulation,Downstream,HEK-293,,77.0,6.4,5.989,8.286490725172483,0.0013384363943833577
10.1111/bph.14913,OPRD_MOUSE,MP103,Accumulation,Downstream,HEK-293,,100.0,5.5,5.667,7.5,-0.4631522887780992
10.1111/bph.14913,OPRD_MOUSE,MP105,Accumulation,Downstream,HEK-293,,94.0,5.4,5.536,7.373127853599699,-0.4590244351784003
10.1111/bph.14913,OPRD_MOUSE,Paynantheine,Accumulation,Downstream,HEK-293,,64.0,5.6,5.535,7.406179973983887,-0.4249723147942124
10.1111/bph.14913,OPRD_MOUSE,Speciogynine,Accumulation,Downstream,HEK-293,,94.0,5.0,4.756,6.973127853599698,-0.0790244351784013
10.1111/bph.14913,OPRD_MOUSE,TRV130,Accumulation,Downstream,HEK-293,,48.0,5.6,3.954,7.281241237375587,1.0310889485974877
10.1111/bph.14913,OPRK_HUMAN,"U50,488",Recruitment ,Transducer,U2OS,Arrestin-3 (β-arrestin-2),100.0,7.3,6.947,9.3,0.0
10.1111/bph.14913,OPRK_MOUSE,7-OH-mitragynine,Accumulation,Downstream,HEK-293,,77.0,6.2,5.368,8.086490725172482,0.21970023088838486
10.1111/bph.14913,OPRK_MOUSE,Kratom extract #1,Accumulation,Downstream,HEK-293,,41.0,6.8,4.375,8.412783856719734,1.538993362435638
10.1111/bph.14913,OPRK_MOUSE,Kratom extract #2,Accumulation,Downstream,HEK-293,,93.0,7.0,6.503,8.968482948553936,-0.033307545730160815
10.1111/bph.14913,OPRK_MOUSE,Mitragynine,Accumulation,Downstream,HEK-293,,67.0,5.4,4.32,7.226074802700827,0.4072843084167306
10.1111/bph.14913,OPRK_MOUSE,Morphine,Accumulation,Downstream,HEK-293,,89.0,7.3,6.468,9.249390006644912,0.2825995123608158
10.1111/bph.14913,OPRK_MOUSE,MP102,Accumulation,Downstream,HEK-293,,85.0,5.4,5.24,7.329418925714293,-0.4093715685698034
10.1111/bph.14913,OPRK_MOUSE,MP103,Accumulation,Downstream,HEK-293,,93.0,6.0,5.848,7.968482948553935,-0.37830754573016145
10.1111/bph.14913,OPRK_MOUSE,MP105,Accumulation,Downstream,HEK-293,,96.0,5.2,5.148,7.182271233039568,-0.4645192612445279
10.1111/bph.14913,OPRK_MOUSE,Paynantheine,Accumulation,Downstream,HEK-293,,95.0,5.3,5.028,7.277723605288847,-0.24906688899524854
10.1111/bph.14913,OPRK_MOUSE,Speciogynine,Accumulation,Downstream,HEK-293,,70.0,4.7,4.013,6.545098040014257,0.033307545730160815
10.1111/bph.14913,OPRK_MOUSE,TRV130,Accumulation,Downstream,HEK-293,,74.0,4.9,4.098,6.769231719730977,0.17244122544688034
10.1111/bph.14913,OPRK_MOUSE,"U50,488",Accumulation,Downstream,HEK-293,,100.0,8.9,8.649,10.9,-0.24779049428409516
10.1111/bph.14913,OPRM_HUMAN,DAMGO,Recruitment ,Transducer,CHO-K1,Arrestin-3 (β-arrestin-2),100.0,6.7,6.764,8.7,-0.01934054945358188
10.1111/bph.14913,OPRM_HUMAN,Morphine,Recruitment ,Transducer,CHO-K1,Arrestin-3 (β-arrestin-2),26.0,6.8,6.095,8.214973347970817,0.16463279851723644
10.1111/bph.14913,OPRM_HUMAN,MP102,Recruitment ,Transducer,CHO-K1,Arrestin-3 (β-arrestin-2),16.0,5.2,4.601,6.404119982655925,-0.15222056679765572
10.1111/bph.14913,OPRM_HUMAN,MP103,Recruitment ,Transducer,CHO-K1,Arrestin-3 (β-arrestin-2),63.0,6.3,6.144,8.099340549453581,0.0
10.1111/bph.14913,OPRM_HUMAN,MP105,Recruitment ,Transducer,CHO-K1,Arrestin-3 (β-arrestin-2),54.0,6.6,6.269,8.332393759822969,0.10805321036938764
10.1111/bph.14913,OPRM_MOUSE,7-OH-mitragynine,Accumulation,Downstream,HEK-293,,84.0,7.8,5.123,9.724279286061881,2.3560300604400966
10.1111/bph.14913,OPRM_MOUSE,DAMGO,Accumulation,Downstream,HEK-293,,100.0,8.4,8.185,10.4,-0.030249225621784337
10.1111/bph.14913,OPRM_MOUSE,Kratom extract #1,Accumulation,Downstream,HEK-293,,71.0,6.0,5.378,7.8512583487190755,0.22800912309729116
10.1111/bph.14913,OPRM_MOUSE,Kratom extract #2,Accumulation,Downstream,HEK-293,,100.0,5.7,5.594,7.7,-0.13924922562178432
10.1111/bph.14913,OPRM_MOUSE,Mitragynine,Accumulation,Downstream,HEK-293,,75.0,6.3,5.536,8.1750612633917,0.393812037769917
10.1111/bph.14913,OPRM_MOUSE,Morphine,Accumulation,Downstream,HEK-293,,95.0,8.5,8.538,10.477723605288848,-0.30552562033293684
10.1111/bph.14913,OPRM_MOUSE,MP102,Accumulation,Downstream,HEK-293,,88.0,5.4,5.26,7.3444826721501695,-0.1607665534716145
10.1111/bph.14913,OPRM_MOUSE,MP103,Accumulation,Downstream,HEK-293,,90.0,6.5,6.102,8.454242509439325,0.1069932838175407
10.1111/bph.14913,OPRM_MOUSE,MP105,Accumulation,Downstream,HEK-293,,87.0,6.7,5.999,8.63951925261862,0.39527002699683544
10.1111/bph.14913,OPRM_MOUSE,Paynantheine,Accumulation,Downstream,HEK-293,,100.0,5.4,7.355,7.4,-2.2002492256217843
10.1111/bph.14913,OPRM_MOUSE,Speciogynine,Accumulation,Downstream,HEK-293,,87.0,5.5,5.423,7.439519252618618,-0.228729973003166
10.1111/bph.14913,OPRM_MOUSE,TRV130,Accumulation,Downstream,HEK-293,,86.0,7.9,7.559,9.834498451243569,0.030249225621784337
10.1124/jpet.114.220293,DRD2_HUMAN,(+)-3-PPP,Recruitment ,Transducer,CHO,Arrestin-3 (β-arrestin-2),92.0,6.0338582672609675,5.8441,7.997646094606523,0.044354835550842076
10.1124/jpet.114.220293,DRD2_HUMAN,(+)-3-PPP,Accumulation,Downstream,CHO,,108.0,8.065501548756432,7.957,10.098925304243382,0.04157232979274372
10.1124/jpet.114.220293,DRD2_HUMAN,Aripiprazole,Recruitment ,Transducer,CHO,Arrestin-3 (β-arrestin-2),19.0,8.443697499232712,7.5071,9.722451100185541,0.10615984112985988
10.1124/jpet.114.220293,DRD2_HUMAN,Aripiprazole,Accumulation,Downstream,CHO,,65.0,8.886056647693163,8.4944,10.698970004336019,0.10421702988537973
10.1124/jpet.114.220293,DRD2_HUMAN,Bromocriptine,Recruitment ,Transducer,CHO,Arrestin-3 (β-arrestin-2),101.0,8.537602002101044,8.531,10.541923375883687,-0.09826788317199409
10.1124/jpet.114.220293,DRD2_HUMAN,Bromocriptine,Accumulation,Downstream,CHO,,104.0,8.721246399047171,9.165,10.738279738345952,-0.5270732361046857
10.1124/jpet.114.220293,DRD2_HUMAN,Dopamine,Recruitment ,Transducer,CHO,Arrestin-3 (β-arrestin-2),100.0,6.906578314837765,6.818,8.906578314837766,-0.020612944217914375
10.1124/jpet.114.220293,DRD2_HUMAN,Dopamine,Accumulation,Downstream,CHO,,100.0,8.920818753952375,8.824,10.920818753952375,-0.003534220498263352
10.1124/jpet.114.220293,DRD2_HUMAN,Lisuride,Recruitment ,Transducer,CHO,Arrestin-3 (β-arrestin-2),66.0,9.397940008672037,8.9657,11.217483944213907,0.14259268515822576
10.1124/jpet.114.220293,DRD2_HUMAN,Lisuride,Accumulation,Downstream,CHO,,106.0,10.154901959985743,10.073,12.180207825250513,0.006854850799873802
10.1124/jpet.114.220293,DRD2_HUMAN,Pergolide,Recruitment ,Transducer,CHO,Arrestin-3 (β-arrestin-2),90.0,8.142667503568731,7.52311,10.096910013008056,0.46460875395237533
10.1124/jpet.114.220293,DRD2_HUMAN,Pergolide,Accumulation,Downstream,CHO,,101.0,10.397940008672037,10.569,12.40226138245468,-0.26709159199595867
10.1124/jpet.114.220293,DRD2_HUMAN,Pramipexole,Recruitment ,Transducer,CHO,Arrestin-3 (β-arrestin-2),94.0,7.920818753952375,7.724,9.893946607552074,0.06075534849639297
10.1124/jpet.114.220293,DRD2_HUMAN,Pramipexole,Accumulation,Downstream,CHO,,108.0,9.698970004336019,9.875,11.732393759822969,-0.24295921462766934
10.1124/jpet.114.220293,DRD2_HUMAN,Quinpirole,Recruitment ,Transducer,CHO,Arrestin-3 (β-arrestin-2),96.0,7.1938200260161125,7.0669,9.176091259055681,0.0
10.1124/jpet.114.220293,DRD2_HUMAN,Quinpirole,Accumulation,Downstream,CHO,,100.0,8.920818753952375,8.696,10.920818753952375,0.12446577950173676
10.1124/jpet.114.220293,DRD2_HUMAN,RNPA,Recruitment ,Transducer,CHO,Arrestin-3 (β-arrestin-2),101.0,8.721246399047171,8.646,10.725567772829814,-0.029623486225867524
10.1124/jpet.114.220293,DRD2_HUMAN,RNPA,Accumulation,Downstream,CHO,,95.0,7.886056647693163,7.7169,9.86378025298201,0.046527278531372396
10.1124/jpet.114.220293,DRD2_HUMAN,Ropinirole,Recruitment ,Transducer,CHO,Arrestin-3 (β-arrestin-2),92.0,7.309803919971486,7.1733,9.273591747317042,-0.008899511738639454
10.1124/jpet.114.220293,DRD2_HUMAN,Ropinirole,Accumulation,Downstream,CHO,,111.0,9.301029995663981,9.246,11.346352974450639,0.0
10.1124/jpet.114.220293,DRD2_HUMAN,Rotigotine,Recruitment ,Transducer,CHO,Arrestin-3 (β-arrestin-2),111.0,9.698970004336019,9.753,11.744292983122676,-0.11789827593300473
10.1124/jpet.114.220293,DRD2_HUMAN,Rotigotine,Accumulation,Downstream,CHO,,95.0,10.698970004336019,10.929,12.676693609624866,-0.3526593648257723
10.1124/jpet.116.232561,CNR2_MOUSE,2-AG,Accumulation,Downstream,HEK-293,,68.42105263157895,8.387216143280265,8.393,10.222405894634273,0.26540544235020214
10.1124/jpet.116.232561,CNR2_MOUSE,4-O-Methylhonokiol,Recruitment ,Transducer,CHO-K1,,55.0,7.292429823902063,10.01,9.032792513396307,-2.3769962448920854
10.1124/jpet.116.232561,CNR2_MOUSE,A836339,Recruitment ,Transducer,CHO-K1,,100.0,9.154901959985743,9.1,11.154901959985743,0.6551132016973504
10.1124/jpet.116.232561,CNR2_MOUSE,A836339,Accumulation,Downstream,HEK-293,,94.73684210526315,7.366531544420414,9.1,9.34305044857089,-1.320950003713179
10.1124/jpet.116.232561,CNR2_MOUSE,AM1241,Accumulation,Downstream,HEK-293,,47.368421052631575,7.698970004336019,7.73,9.374458912822515,0.08045846053844485
10.1124/jpet.116.232561,CNR2_MOUSE,AM1248,Recruitment ,Transducer,CHO-K1,,52.0,7.1487416512809245,8.78,8.864744994915723,-1.3150437633726693
10.1124/jpet.116.232561,CNR2_MOUSE,AM1248,Accumulation,Downstream,HEK-293,,42.10526315789473,7.823908740944319,7.39,9.448245126983434,0.49424467469936406
10.1124/jpet.116.232561,CNR2_MOUSE,AM1710,Recruitment ,Transducer,CHO-K1,,91.0,8.397940008672037,7.919,10.356981400993131,1.0381926427047388
10.1124/jpet.116.232561,CNR2_MOUSE,AM1710,Accumulation,Downstream,HEK-293,,84.21052631578947,7.958607314841775,7.92,9.88397369654487,0.39997324426080105
10.1124/jpet.116.232561,CNR2_MOUSE,AM2232,Accumulation,Downstream,HEK-293,,42.10526315789473,7.657577319177793,8.34,9.281913705216908,-0.6220867470671614
10.1124/jpet.116.232561,CNR2_MOUSE,"CP55,940",Recruitment ,Transducer,CHO-K1,,100.0,8.494850021680094,8.27,10.494850021680094,0.8250612633917012
10.1124/jpet.116.232561,CNR2_MOUSE,"CP55,940",Accumulation,Downstream,HEK-293,,100.0,8.522878745280337,8.1,10.522878745280337,0.858878292996268
10.1124/jpet.116.232561,CNR2_MOUSE,GP1a,Recruitment ,Transducer,CHO-K1,,38.0,7.769551078621726,7.95,9.349334675238536,-0.00045408304985716796
10.1124/jpet.116.232561,CNR2_MOUSE,GP1a,Accumulation,Downstream,HEK-293,,89.47368421052632,7.853871964321762,7.8,9.805567284747207,0.44156683246313744
10.1124/jpet.116.232561,CNR2_MOUSE,GW833972A,Recruitment ,Transducer,CHO-K1,,88.0,7.045757490560675,7.37,8.990240162710844,0.22045140442245081
10.1124/jpet.116.232561,CNR2_MOUSE,GW833972A,Accumulation,Downstream,HEK-293,,38.59649122807017,7.552841968657781,7.65,9.139389793807496,-0.07461065847657444
10.1124/jpet.116.232561,CNR2_MOUSE,HU308,Accumulation,Downstream,HEK-293,,105.26315789473684,7.522878745280337,10.5,9.54515513999149,-2.51884531229258
10.1124/jpet.116.232561,CNR2_MOUSE,JWH015,Recruitment ,Transducer,CHO-K1,,28.0,6.795880017344075,7.65,8.243038048686294,-0.8067507096020989
10.1124/jpet.116.232561,CNR2_MOUSE,JWH015,Accumulation,Downstream,HEK-293,,40.35087719298245,7.522878745280337,8.56,9.128731725625439,-0.9952687266586313
10.1124/jpet.116.232561,CNR2_MOUSE,JWH133,Accumulation,Downstream,HEK-293,,107.01754385964912,7.698970004336019,7.1,9.728424983674294,1.064424531390225
10.1124/jpet.116.232561,CNR2_MOUSE,KM233,Accumulation,Downstream,HEK-293,,87.71929824561403,8.795880017344075,8.73,10.738975166007602,0.44497471372353203
10.1124/jpet.116.232561,CNR2_MOUSE,MAM2201,Accumulation,Downstream,HEK-293,,45.614035087719294,8.154901959985743,8.25,9.81400045228407,0.0
10.1124/jpet.116.232561,CNR2_MOUSE,Methanandamide,Accumulation,Downstream,HEK-293,,96.49122807017544,7.698970004336019,9.67,9.683457838157771,-1.5505426141262983
10.1124/jpet.116.232561,CNR2_MOUSE,SER601,Accumulation,Downstream,HEK-293,,43.859649122807014,7.3979400086720375,8.85,9.040005161671584,-1.373995290612486
10.1124/jpet.116.232561,CNR2_MOUSE,STS135,Recruitment ,Transducer,CHO-K1,,62.0,8.823908740944319,8.79,10.616300430442573,0.42651167215418084
10.1124/jpet.116.232561,CNR2_MOUSE,STS135,Accumulation,Downstream,HEK-293,,54.385964912280706,7.2839966563652006,7.88,9.019483494526982,-0.42451695775708753
10.1124/jpet.116.232561,CNR2_MOUSE,THC,Accumulation,Downstream,HEK-293,,91.22807017543859,8.136677139879543,8.23,10.096805627841851,0.30280517555778097
10.1124/jpet.116.232561,CNR2_MOUSE,UR144,Recruitment ,Transducer,CHO-K1,,70.0,7.022276394711152,10.5,8.86737443472541,-3.0324143235629837
10.1124/jpet.116.232561,CNR2_MOUSE,"WIN55,212-2",Recruitment ,Transducer,CHO-K1,,30.0,8.142667503568731,8.22,9.619788758288394,0.0
10.1124/jpet.116.232561,CNR2_MOUSE,"WIN55,212-2",Accumulation,Downstream,HEK-293,,70.17543859649122,7.795880017344075,8.9,9.642065152999546,-0.8219352992845241
10.1124/mol.110.065664,GLP1R_HUMAN,Compound 2,Phosphorylation,Downstream,CHO,,48.888888888888886,5.78,5.78,7.469210167046863,-0.21419545572929177
10.1124/mol.110.065664,GLP1R_HUMAN,Compound 2,Accumulation,Downstream,CHO,,83.0,6.4,6.36,8.319078092376074,0.008926008341789693
10.1124/mol.110.065664,GLP1R_HUMAN,Exendin-4,Phosphorylation,Downstream,CHO,,113.33333333333333,8.99,9.02,11.044357662322593,0.12095203954643896
10.1021/acs.jmedchem.8b01912,FPR1_HUMAN,43,Accumulation,Downstream,CHO,,100.0,7.49,7.45,9.49,0.15804562952784096
10.1124/mol.110.065664,GLP1R_HUMAN,Exendin-4,Accumulation,Downstream,CHO,,99.0,11.09,11.16,13.08563519459755,-0.024516889436733802
10.1124/mol.110.065664,GLP1R_HUMAN,GLP-1(1–36)NH2,Phosphorylation,Downstream,CHO,,55.55555555555556,7.86,7.87,9.604727494896695,-0.1686781278794598
10.1021/acs.jmedchem.8b01912,FPR1_HUMAN,50,Accumulation,Downstream,CHO,,66.66666666666666,6.05,6.09,7.8739087409443185,-0.09804562952784046
10.1124/mol.110.065664,GLP1R_HUMAN,GLP-1(1–36)NH2,Accumulation,Downstream,CHO,,96.0,8.21,8.29,10.19227123303957,-0.04788085099471351
10.1124/mol.110.065664,GLP1R_HUMAN,GLP-1(7–36)NH2,Phosphorylation,Downstream,CHO,,100.0,9.04,9.09,11.04,0.04659437722384485
10.1021/acs.jmedchem.8b01912,FPR1_HUMAN,54,Accumulation,Downstream,CHO,,100.0,7.26,7.28,9.26,0.09804562952784046
10.1124/mol.110.065664,GLP1R_HUMAN,GLP-1(7–36)NH2,Accumulation,Downstream,CHO,,100.0,10.81,10.98,12.81,-0.12015208403428401
10.1124/mol.110.065664,GLP1R_HUMAN,GLP-1(7–37),Phosphorylation,Downstream,CHO,,97.77777777777777,9.02,9.09,11.010240162710843,0.016834539934689197
10.1021/acs.jmedchem.8b01912,FPR1_HUMAN,17b,Accumulation,Downstream,CHO,,70.0,5.21,5.28,7.055098040014257,-0.10685633045790244
10.1124/mol.110.065664,GLP1R_HUMAN,GLP-1(7–37),Accumulation,Downstream,CHO,,98.0,10.84,10.89,12.831226075692495,-0.008926008341789693
10.1124/mol.110.065664,GLP1R_HUMAN,Oxyntomodulin,Phosphorylation,Downstream,CHO,,84.44444444444444,8.01,8.05,9.936571082841466,-0.016834539934689197
10.1124/mol.110.065664,GLP1R_HUMAN,Oxyntomodulin,Accumulation,Downstream,CHO,,96.0,8.95,9.05,10.932271233039568,-0.06788085099471663
10.1124/mol.110.067454,ADA1A_HUMAN,A61603,Accumulation,Downstream,CHO-K1,,28.6,7.59,7.54,9.046366033129043,-0.5648232659408956
10.1124/mol.110.067454,ADA1A_HUMAN,Cirazoline,Accumulation,Downstream,CHO-K1,,105.0,6.89,6.46,8.911189299069939,0.3799999999999999
10.1021/acs.jmedchem.8b01912,FPR2_HUMAN,43,Accumulation,Downstream,CHO,,100.0,7.02,6.9,9.02,0.1299999999999999
10.1124/mol.110.067454,ADA1A_HUMAN,Epinephrine,Accumulation,Downstream,CHO-K1,,96.0,5.83,5.78,7.812271233039569,-0.03891806603037029
10.1021/acs.jmedchem.8b01912,FPR2_HUMAN,50,Accumulation,Downstream,CHO,,100.0,7.29,7.3,9.29,0.0
10.1124/mol.110.067454,ADA1A_HUMAN,Methoxamine,Accumulation,Downstream,CHO-K1,,94.0,4.39,4.27,6.363127853599698,0.021938554529759458
10.1021/acs.jmedchem.8b01912,FPR2_HUMAN,54,Accumulation,Downstream,CHO,,100.0,7.28,7.3,9.280000000000001,-0.00999999999999801
10.1124/mol.110.067454,ADA1A_HUMAN,Norepinephrine,Accumulation,Downstream,CHO-K1,,100.0,5.55,5.59,7.55,-0.11118929906993902
10.1124/mol.110.067454,ADA1A_HUMAN,Norepinephrine,Accumulation,Downstream,CHO-K1,,100.0,5.55,5.48,7.55,-0.0011892990699395867
10.1124/mol.110.067454,ADA1A_HUMAN,Phenylephrine,Accumulation,Downstream,CHO-K1,,86.0,4.93,4.76,6.864498451243567,0.0333091521736284
10.1124/mol.110.068106,DRD2_HUMAN,7-OH-DPAT,Phosphorylation,Downstream,CHO,,98.0,9.04,8.62,11.031226075692494,0.41871716298625916
10.1124/mol.110.068106,DRD2_HUMAN,7-OH-DPAT,Accumulation,Downstream,CHO,,84.0,8.64,8.7,10.564279286061883,-0.06978875828839204
10.1124/mol.110.068106,DRD2_HUMAN,Aripiprazole,Phosphorylation,Downstream,CHO,,62.0,6.96,6.67,8.752391689498253,0.08988277679201762
10.1124/mol.110.068106,DRD2_HUMAN,Aripiprazole,Accumulation,Downstream,CHO,,62.0,7.49,7.16,9.282391689498255,0.18832364514797906
10.1124/mol.110.068106,DRD2_HUMAN,CPD1,Phosphorylation,Downstream,CHO,,37.0,6.51,5.84,8.078201724066995,0.24569281136075904
10.1124/mol.110.068106,DRD2_HUMAN,Dopamine,Phosphorylation,Downstream,CHO,,106.0,7.76,9.17,9.785305865264771,-1.3772030474414647
10.1124/mol.110.068106,DRD2_HUMAN,Dopamine,Accumulation,Downstream,CHO,,111.0,7.72,8.73,9.765322978786656,-0.8987450655636193
10.1124/mol.110.068106,DRD2_HUMAN,FAUC321,Phosphorylation,Downstream,CHO,,55.0,8.41,8.19,10.150362689494244,-0.03214622321199112
10.1124/mol.110.068106,DRD2_HUMAN,FAUC321,Accumulation,Downstream,CHO,,35.0,8.09,7.7,9.634068044350276,0.0
10.1124/mol.110.068106,DRD2_HUMAN,FAUC335,Phosphorylation,Downstream,CHO,,68.0,7.45,7.29,9.282508912706236,0.0
10.1124/mol.110.068106,DRD2_HUMAN,FAUC335,Accumulation,Downstream,CHO,,46.0,7.94,7.13,9.602757831681574,0.5386897873312986
10.1124/mol.110.068106,DRD2_HUMAN,FAUC346,Phosphorylation,Downstream,CHO,,11.0,6.93,5.91,7.971392685158225,0.06888377245198907
10.1124/mol.110.068106,DRD2_HUMAN,FAUC346,Accumulation,Downstream,CHO,,4.0,7.77,6.18,8.372059991327962,0.257991946977687
10.1124/mol.110.068106,DRD2_HUMAN,FAUC350,Phosphorylation,Downstream,CHO,,55.0,7.46,7.41,9.200362689494243,-0.20214622321199283
10.1124/mol.110.068106,DRD2_HUMAN,Quinpirole,Phosphorylation,Downstream,CHO,,100.0,8.37,8.41,10.37,-0.03250891270623679
10.1124/mol.110.068106,DRD2_HUMAN,Quinpirole,Accumulation,Downstream,CHO,,100.0,8.24,8.68,10.24,-0.37406804435027485
10.1016/j.bcp.2017.03.018,GLP1R_HUMAN,GLP-1,Accumulation,Downstream,CHO,,100.0,7.5,7.463,9.5,-0.054151250383643657
10.1016/j.bcp.2017.03.018,GLP1R_HUMAN,P1,Accumulation,Downstream,CHO,,89.0,7.2,7.004,9.149390006644913,0.054238756261269394
10.1016/j.bcp.2017.03.018,GLP1R_HUMAN,P2,Accumulation,Downstream,CHO,,80.0,6.4,6.231,8.303089986991944,-0.019061263391699335
10.1016/j.bcp.2017.03.018,GLP1R_HUMAN,P3,Accumulation,Downstream,CHO,,100.0,5.3,5.288,7.3,-0.07915125038364401
10.1016/j.bcp.2017.03.018,GLP1R_HUMAN,P4,Accumulation,Downstream,CHO,,90.0,5.2,5.02,7.154242509439325,0.04309125905568223
10.1016/j.bcp.2017.03.018,GLP1R_HUMAN,P5,Accumulation,Downstream,CHO,,82.0,7.3,7.259,9.213813852383716,-0.13633739799992828
10.1016/j.bcp.2017.03.018,GLP1R_HUMAN,P6,Accumulation,Downstream,CHO,,78.0,7.4,7.304,9.292094602690481,-0.1030566476931627
10.1016/j.bcp.2017.03.018,GLP1R_HUMAN,P7,Accumulation,Downstream,CHO,,60.0,7.0,6.687,8.778151250383644,0.0
10.1016/j.bcp.2017.03.018,GLP1R_HUMAN,P8,Accumulation,Downstream,CHO,,59.0,5.7,5.506,7.470852011642144,-0.12629923874149984
10.1124/mol.113.088880,ADRB2_HUMAN,Bucindolol,Phosphorylation,Downstream,HEK,,107.2,8.51,7.35,10.54019478535675,0.6700361745696415
10.1124/mol.113.088880,ADRB2_HUMAN,Bucindolol,Accumulation,Downstream,HEK,,62.07,8.64,8.11,10.432881745385398,0.05735641016632442
10.1124/mol.113.088880,ADRB2_HUMAN,Carvedilol,Phosphorylation,Downstream,HEK,,88.55,7.98,6.05,9.927188565526095,1.357029954738986
10.1124/mol.113.088880,ADRB2_HUMAN,Isoproterenol ,Internalization ,Transducer,HEK,,100.0,7.88,7.24,9.879999999999999,1.433683465958444
10.1124/mol.113.088880,ADRB2_HUMAN,Isoproterenol ,Phosphorylation,Downstream,HEK,,100.0,7.95,7.37,9.95,0.059841389212890395
10.1124/mol.113.088880,ADRB2_HUMAN,Isoproterenol ,Phosphorylation,Downstream,HEK-293S,,100.0,8.69,8.79,10.69,-0.06741087269197976
10.1124/mol.110.065664,GLP1R_HUMAN,Exendin-4,Accumulation,Downstream,CHO,,77.19298245614034,8.2,8.06,10.087577820813696,0.07742573677941111
10.1124/mol.113.088880,ADRB2_HUMAN,Isoproterenol ,Accumulation,Downstream,HEK,,100.0,8.23,7.65,10.23,0.314474664780926
10.1124/mol.113.088880,ADRB2_HUMAN,Isoproterenol ,Accumulation,Downstream,HEK-293S,,100.0,7.89,7.7,9.89,0.010000000000000675
10.1124/mol.113.088880,ADRB2_HUMAN,Labetalol ,Phosphorylation,Downstream,HEK,,111.9,10.28,11.01,12.328830086528349,-1.2013285242587597
10.1124/mol.113.088880,ADRB2_HUMAN,Labetalol ,Accumulation,Downstream,HEK,,51.84,7.82,8.24,9.534664992862538,-0.9708603423565361
10.1124/mol.110.065664,GLP1R_HUMAN,GLP-1(7–36)NH2,Accumulation,Downstream,CHO,,100.0,8.27,8.27,10.27,0.04984791596571592
10.1124/mol.110.065664,GLP1R_HUMAN,GLP-1(7–37),Accumulation,Downstream,CHO,,91.22807017543859,8.01,7.93,9.970128487962308,0.08997640392802397
10.1124/mol.110.065664,GLP1R_HUMAN,Oxyntomodulin,Accumulation,Downstream,CHO,,71.9298245614035,6.42,5.75,8.276909001047244,0.5767569170129598
10.1124/mol.113.088880,ADRB2_HUMAN,Pindolol,Phosphorylation,Downstream,HEK,,81.55,8.9,7.41,10.811423965376296,0.8812653545891869
10.1124/mol.113.088880,ADRB2_HUMAN,Pindolol,Accumulation,Downstream,HEK,,18.43,9.5,8.5,10.765525335219074,0.0
10.1124/mol.113.088880,ADRB2_HUMAN,Salbutamol ,Internalization ,Transducer,HEK,,44.94,5.93,7.81,7.58263306808311,-1.433683465958444
10.1124/mol.113.088880,ADRB2_HUMAN,Salbutamol ,Phosphorylation,Downstream,HEK,,87.16,10.81,10.29,12.750317221574218,-0.059841389212890395
10.1124/mol.113.088880,ADRB2_HUMAN,Salbutamol ,Phosphorylation,Downstream,HEK-293S,,97.14285714285714,8.24,8.26,10.22741087269198,0.0
10.1124/mol.113.088880,ADRB2_HUMAN,Salbutamol ,Accumulation,Downstream,HEK,,111.3,9.08,8.77,11.126495164334708,0.09096982911563423
10.1124/mol.113.088880,ADRB2_HUMAN,Salbutamol ,Accumulation,Downstream,HEK-293S,,100.0,9.23,9.05,11.23,0.0
10.1124/mol.113.088880,ADRB2_HUMAN,Salmeterol ,Phosphorylation,Downstream,HEK,,74.39,10.14,9.74,12.011514558708383,-0.2486440520787263
10.1124/mol.113.088880,ADRB2_HUMAN,Salmeterol ,Phosphorylation,Downstream,HEK-293S,,82.85714285714286,10.76,10.51,12.67832995354868,0.20091908085669985
10.1124/mol.113.088880,ADRB2_HUMAN,Salmeterol ,Accumulation,Downstream,HEK,,105.5,8.63,8.74,10.653252459633713,-0.3522728755853617
10.1124/mol.113.088880,ADRB2_HUMAN,Salmeterol ,Accumulation,Downstream,HEK-293S,,133.33333333333334,8.99,9.18,11.1149387366083,-0.2450612633916993
10.1124/mol.113.088880,ADRB2_HUMAN,Xamoterol,Phosphorylation,Downstream,HEK,,102.7,6.58,8.39,8.591570443597279,-2.3185881671898305
10.1124/mol.113.089649,OPRK_HUMAN,"(-)U50,488",Recruitment ,Transducer,HEK,Arrestin-3 (β-arrestin-2),97.32510288065843,9.08512818245995,8.91,11.073353053935469,0.0382262870227974
10.1124/mol.113.089649,OPRK_HUMAN,"(-)U50,488",Accumulation,Downstream,HEK,,95.78736208625878,9.066512712151294,8.6,11.047820925423384,0.2844628733656531
10.1124/mol.113.089649,OPRK_HUMAN,"(+)U50,488",Recruitment ,Transducer,HEK,Arrestin-3 (β-arrestin-2),94.9588477366255,6.018181392829336,5.873,7.995716828928973,-0.0024099379836979296
10.1124/mol.113.089649,OPRK_HUMAN,"(+)U50,488",Accumulation,Downstream,HEK,,102.30692076228686,6.609064892896621,6.783,8.618969906346884,-0.32738814571084784
10.1124/mol.113.089649,OPRK_HUMAN,6'-GNTI,Recruitment ,Transducer,HEK,Arrestin-3 (β-arrestin-2),35.699588477366255,8.131943638176958,7.489,9.684606848041557,0.0704800811288866
10.1124/mol.113.089649,OPRK_HUMAN,6'-GNTI,Accumulation,Downstream,HEK,,96.79037111334002,8.324221658325914,8.252,10.310053813358051,-0.10530423869968075
10.1124/mol.113.089649,OPRK_HUMAN,BRL 52537,Recruitment ,Transducer,HEK,Arrestin-3 (β-arrestin-2),91.46090534979425,8.869666231504993,8.702,10.830901727548932,0.0037749606362611487
10.1124/mol.113.089649,OPRK_HUMAN,BRL 52537,Accumulation,Downstream,HEK,,112.3370110330993,8.732828271596986,8.843,10.783351135955513,-0.2230069161022179
10.1124/mol.113.089649,OPRK_HUMAN,Butorphanol,Recruitment ,Transducer,HEK,Arrestin-3 (β-arrestin-2),60.90534979423868,8.769551078621726,8.249,10.55420652041837,0.18007975350569883
10.1124/mol.113.089649,OPRK_HUMAN,Butorphanol,Accumulation,Downstream,HEK,,94.58375125376128,8.739928612014925,8.611,10.715745146440597,-0.05861290561713517
10.1124/mol.113.089649,OPRK_HUMAN,Cyclazocine,Recruitment ,Transducer,HEK,Arrestin-3 (β-arrestin-2),84.05349794238684,9.093664958194909,8.804,11.01822074980105,0.08909398288837789
10.1124/mol.113.089649,OPRK_HUMAN,Cyclazocine,Accumulation,Downstream,HEK,,102.30692076228686,8.924453038607469,8.771,10.934358052057732,0.0
10.1124/mol.113.089649,OPRK_HUMAN,DIPPA,Recruitment ,Transducer,HEK,Arrestin-3 (β-arrestin-2),70.47325102880659,8.071092309756047,7.765,9.919116616322198,0.02898984940952687
10.1124/mol.113.089649,OPRK_HUMAN,DIPPA,Accumulation,Downstream,HEK,,111.33400200601804,7.838631997765025,7.838,9.885259818240026,-0.11609823381770479
10.1124/mol.113.089649,OPRK_HUMAN,Diprenorphine,Recruitment ,Transducer,HEK,Arrestin-3 (β-arrestin-2),89.50617283950618,8.481486060122112,8.404,10.433339047814457,-0.09578771909821437
10.1124/mol.113.089649,OPRK_HUMAN,Diprenorphine,Accumulation,Downstream,HEK,,88.56569709127382,9.017728766960431,8.615,10.964994312226343,0.186636260168612
10.1124/mol.113.089649,OPRK_HUMAN,Dynorphin 1-11,Recruitment ,Transducer,HEK,Arrestin-3 (β-arrestin-2),93.11740890688259,6.5968794788241825,6.816,8.565910361582109,-0.375216405330562
10.1124/mol.113.089649,OPRK_HUMAN,Dynorphin 1-11,Recruitment ,Transducer,HEK,Arrestin-3 (β-arrestin-2),77.9835390946502,6.346787486224656,6.594,8.238790426930436,-0.48033633998223557
10.1124/mol.113.089649,OPRK_HUMAN,Dynorphin 1-11,Accumulation,Downstream,HEK,,101.30391173520562,8.48678239993206,8.263,10.492408615403047,0.0660505633453159
10.1124/mol.113.089649,OPRK_HUMAN,Dynorphin 1-13,Recruitment ,Transducer,HEK,Arrestin-3 (β-arrestin-2),87.34817813765183,7.106793246940152,6.979,9.048047098067734,-0.0560796688449372
10.1124/mol.113.089649,OPRK_HUMAN,Dynorphin 1-13,Recruitment ,Transducer,HEK,Arrestin-3 (β-arrestin-2),74.48559670781893,7.009661145212399,6.94,8.88173344648327,-0.18339332042940093
10.1124/mol.113.089649,OPRK_HUMAN,Dynorphin 1-13,Accumulation,Downstream,HEK,,96.89067201604814,8.684029654543082,8.497,10.670311622646919,0.009953570589187777
10.1124/mol.113.089649,OPRK_HUMAN,Dynorphin 1-8,Recruitment ,Transducer,HEK,Arrestin-3 (β-arrestin-2),104.25101214574899,5.9714287473074625,6.344,7.989509027425006,-0.47961773948766506
10.1124/mol.113.089649,OPRK_HUMAN,Dynorphin 1-8,Recruitment ,Transducer,HEK,Arrestin-3 (β-arrestin-2),92.48971193415639,6.142667503568732,6.574,8.108760930375686,-0.5903658365369848
10.1124/mol.113.089649,OPRK_HUMAN,Dynorphin 1-8,Accumulation,Downstream,HEK,,106.31895687061184,7.238824186844268,7.249,9.265434893797384,-0.1469231582603472
10.1124/mol.113.089649,OPRK_HUMAN,Dynorphin 1-9,Recruitment ,Transducer,HEK,Arrestin-3 (β-arrestin-2),87.95546558704454,6.87942606879415,6.439,8.823688900655188,0.25956213374251735
10.1124/mol.113.089649,OPRK_HUMAN,Dynorphin 1-9,Recruitment ,Transducer,HEK,Arrestin-3 (β-arrestin-2),66.56378600823045,6.221848749616356,6.415,8.045086765358782,-0.49504000155388894
10.1124/mol.113.089649,OPRK_HUMAN,Dynorphin 1-9,Accumulation,Downstream,HEK,,101.30391173520562,7.991399828238082,7.636,9.997026043709068,0.19766799165133708
10.1124/mol.113.089649,OPRK_HUMAN,Dynorphin A,Recruitment ,Transducer,HEK,Arrestin-3 (β-arrestin-2),100.40485829959516,6.950781977329818,6.825,8.952536704896369,0.0024099379836979296
10.1124/mol.113.089649,OPRK_HUMAN,Dynorphin A,Recruitment ,Transducer,HEK,Arrestin-3 (β-arrestin-2),76.95473251028805,6.5718652059712115,6.59,8.458100538909399,-0.257026228003272
10.1124/mol.113.089649,OPRK_HUMAN,Dynorphin A,Accumulation,Downstream,HEK,,101.30391173520562,8.090443970758825,8.149,10.096070186229811,-0.21628786582791903
10.1124/mol.113.089649,OPRK_HUMAN,GR89696,Recruitment ,Transducer,HEK,Arrestin-3 (β-arrestin-2),105.26315789473684,9.576754126063193,9.506,11.599030520774345,-0.032096246138325846
10.1124/mol.113.089649,OPRK_HUMAN,GR89696,Recruitment ,Transducer,HEK,Arrestin-3 (β-arrestin-2),95.47325102880659,9.586700235918748,9.492,11.566581947211336,-0.05054481970133562
10.1124/mol.113.089649,OPRK_HUMAN,GR89696,Accumulation,Downstream,HEK,,96.6900702106319,9.013228265733755,8.819,10.99861014132493,0.01625208926719779
10.1124/mol.113.089649,OPRK_HUMAN,"ICI 199,441",Recruitment ,Transducer,HEK,Arrestin-3 (β-arrestin-2),101.21457489878543,9.336299074610352,9.188,11.341542130022724,0.028415363110052105
10.1124/mol.113.089649,OPRK_HUMAN,"ICI 199,441",Recruitment ,Transducer,HEK,Arrestin-3 (β-arrestin-2),87.24279835390945,9.368556230986828,9.189,11.309285818317267,-0.004840948595403738
10.1124/mol.113.089649,OPRK_HUMAN,"ICI 199,441",Accumulation,Downstream,HEK,,101.30391173520562,8.787812395596042,8.587,10.793438611067028,0.0430805590092973
10.1124/mol.113.089649,OPRK_HUMAN,"ICI 204,448",Recruitment ,Transducer,HEK,Arrestin-3 (β-arrestin-2),79.62962962962963,8.48412615628832,8.255,10.385200852044939,0.005074085132267037
10.1124/mol.113.089649,OPRK_HUMAN,"ICI 204,448",Accumulation,Downstream,HEK,,111.33400200601804,8.374687549038326,8.025,10.421315369513326,0.232957317455595
10.1124/mol.113.089649,OPRK_HUMAN,N-MPPP,Recruitment ,Transducer,HEK,Arrestin-3 (β-arrestin-2),81.99588477366255,8.61798295742513,8.423,10.531775013894968,-0.01635175301770264
10.1124/mol.113.089649,OPRK_HUMAN,N-MPPP,Accumulation,Downstream,HEK,,109.32798395185557,8.351639989019068,8.621,10.390371328648037,-0.39398672340969476
10.1124/mol.113.089649,OPRK_HUMAN,Nalbuphine,Recruitment ,Transducer,HEK,Arrestin-3 (β-arrestin-2),76.13168724279835,7.3260580013659125,7.24,9.207623456170614,-0.15750331074205715
10.1124/mol.113.089649,OPRK_HUMAN,Nalbuphine,Accumulation,Downstream,HEK,,81.54463390170511,7.211124884224583,6.735,9.122520271506996,0.22416221944926473
10.1124/mol.113.089649,OPRK_HUMAN,RB 48,Recruitment ,Transducer,HEK,Arrestin-3 (β-arrestin-2),102.22672064777328,7.346787486224656,7.221,9.35635191541967,0.010225148506999737
10.1124/mol.113.089649,OPRK_HUMAN,RB 48,Recruitment ,Transducer,HEK,Arrestin-3 (β-arrestin-2),65.02057613168725,6.844663962534939,6.44,8.65771477589105,0.09258800897837816
10.1124/mol.113.089649,OPRK_HUMAN,RB 48,Accumulation,Downstream,HEK,,101.30391173520562,8.05453141486818,7.87,10.060157630339166,0.026799578281434755
10.1124/mol.113.089649,OPRK_HUMAN,RB 50,Recruitment ,Transducer,HEK,Arrestin-3 (β-arrestin-2),91.76954732510289,5.418847108033711,5.03,7.38154569748356,0.22641893057088858
10.1124/mol.113.089649,OPRK_HUMAN,RB 50,Accumulation,Downstream,HEK,,103.3099297893681,6.779891911959945,6.89,8.794033978353461,-0.2593240737042697
10.1124/mol.113.089649,OPRK_HUMAN,RB 55,Recruitment ,Transducer,HEK,Arrestin-3 (β-arrestin-2),79.95951417004049,6.707743928643524,6.286,8.610614075346337,0.19948730843366658
10.1124/mol.113.089649,OPRK_HUMAN,RB 55,Recruitment ,Transducer,HEK,Arrestin-3 (β-arrestin-2),89.40329218106996,6.640164517660112,6.42,8.591518029182504,0.046391262269833256
10.1124/mol.113.089649,OPRK_HUMAN,RB 55,Accumulation,Downstream,HEK,,103.3099297893681,7.504455662453552,7.32,9.518597728847068,0.03523967678933637
10.1124/mol.113.089649,OPRK_HUMAN,RB 55-1,Recruitment ,Transducer,HEK,Arrestin-3 (β-arrestin-2),53.70370370370371,5.82623117686335,5.49,7.556235414939337,-0.05889135197333406
10.1124/mol.113.089649,OPRK_HUMAN,RB 55-1,Accumulation,Downstream,HEK,,101.30391173520562,6.924453038607469,6.85,8.930079254078455,-0.08327879797927551
10.1124/mol.113.089649,OPRK_HUMAN,RB 55-2,Recruitment ,Transducer,HEK,Arrestin-3 (β-arrestin-2),58.43621399176955,5.641303900426189,5.19,7.407985971210934,0.09285920429826255
10.1124/mol.113.089649,OPRK_HUMAN,RB 55-2,Accumulation,Downstream,HEK,,105.3159478435306,6.847711655616943,6.74,8.870205796375226,-0.03315225568250568
10.1124/mol.113.089649,OPRK_HUMAN,RB 59,Recruitment ,Transducer,HEK,Arrestin-3 (β-arrestin-2),179.1497975708502,5.448550002027125,5.4,7.701766323801303,0.17663955688863187
10.1124/mol.113.089649,OPRK_HUMAN,RB 59,Recruitment ,Transducer,HEK,Arrestin-3 (β-arrestin-2),78.80658436213992,5.367542707815276,4.97,7.2641052125216055,0.1689784456089347
10.1124/mol.113.089649,OPRK_HUMAN,RB 59,Accumulation,Downstream,HEK,,95.98796389167502,7.446116973356125,6.98,9.428333752821313,0.2849757007635816
10.1124/mol.113.089649,OPRK_HUMAN,RB 64,Recruitment ,Transducer,HEK,Arrestin-3 (β-arrestin-2),106.27530364372471,6.928117992693875,6.824,8.954550347176184,0.005423580263513195
10.1124/mol.113.089649,OPRK_HUMAN,RB 64,Recruitment ,Transducer,HEK,Arrestin-3 (β-arrestin-2),106.99588477366255,6.407823242604133,6.38,8.437190316976638,-0.06793644993603287
10.1124/mol.113.089649,OPRK_HUMAN,RB 64,Accumulation,Downstream,HEK,,101.30391173520562,8.276544327964814,7.94,10.2821705434358,0.17881249137806865
10.1124/mol.113.089649,OPRK_HUMAN,RB 65,Recruitment ,Transducer,HEK,Arrestin-3 (β-arrestin-2),43.93004115226338,5.557990840859048,5.08,7.200752450957798,-0.0043743159548732535
10.1124/mol.113.089649,OPRK_HUMAN,RB 65,Accumulation,Downstream,HEK,,96.18856569709128,6.838631997765025,6.56,8.821755446624033,0.09839739456630259
10.1124/mol.113.089649,OPRK_HUMAN,Salvinorin A,Recruitment ,Transducer,HEK,Arrestin-3 (β-arrestin-2),100.0,8.25649023527157,8.182,10.25649023527157,-0.050636531641100824
10.1124/mol.113.089649,OPRK_HUMAN,Salvinorin A,Recruitment ,Transducer,HEK,Arrestin-3 (β-arrestin-2),100.0,8.24033215531037,8.175,10.24033215531037,-0.05979461160230226
10.1124/mol.113.089649,OPRK_HUMAN,Salvinorin A,Accumulation,Downstream,HEK,,100.0,8.285418791160469,8.197,10.285418791160469,-0.07493926089726166
10.1124/mol.113.089649,OPRK_HUMAN,Salvinorin B,Recruitment ,Transducer,HEK,Arrestin-3 (β-arrestin-2),118.3127572016461,6.368556230986828,6.3,8.441587806414166,0.016461039501495023
10.1124/mol.113.089649,OPRK_HUMAN,Salvinorin B,Accumulation,Downstream,HEK,,96.18856569709128,7.134303940083929,6.89,9.117427388942938,0.06406933688520677
10.1124/mol.113.089649,OPRK_HUMAN,U62066,Recruitment ,Transducer,HEK,Arrestin-3 (β-arrestin-2),102.22672064777328,7.703334809738469,7.563,9.712899238933483,0.02477247202081223
10.1124/mol.113.089649,OPRK_HUMAN,U62066,Recruitment ,Transducer,HEK,Arrestin-3 (β-arrestin-2),95.37037037037037,8.20690839982342,8.173,10.186321869041642,-0.11180489787102932
10.1124/mol.113.089649,OPRK_HUMAN,U62066,Accumulation,Downstream,HEK,,103.3099297893681,8.995678626217357,8.979,11.009820692610873,-0.1325373594468573
10.1124/mol.113.089649,OPRK_HUMAN,"U69,593",Recruitment ,Transducer,HEK,Arrestin-3 (β-arrestin-2),91.87242798353908,8.192464971931146,8.126,10.155650165893418,-0.0954766010192527
10.1124/mol.113.089649,OPRK_HUMAN,"U69,593",Accumulation,Downstream,HEK,,109.32798395185557,8.229884705212898,8.14,10.268616044841867,-0.034742007215864845
10.1124/mol.113.089649,OPRK_HUMAN,β-NNTA,Recruitment ,Transducer,HEK,Arrestin-3 (β-arrestin-2),86.93415637860082,9.57186520597121,9.354,11.511055649994628,0.031928883081957515
10.1124/mol.113.089649,OPRK_HUMAN,β-NNTA,Accumulation,Downstream,HEK,,97.29187562688064,9.515700160653214,9.395,11.503776736607803,-0.05458131544992817
10.1124/mol.115.098848,OPRM_HUMAN,DAMGO,Recruitment ,Transducer,CHO,Arrestin-2 (β-arrestin-1),104.3,6.54,6.183,8.558284308426531,0.13278062924411715
10.1124/mol.115.098848,OPRM_HUMAN,DAMGO,Recruitment ,Transducer,CHO,Arrestin-3 (β-arrestin-2),97.5,6.6,6.473,8.589004615698537,0.021687463028900567
10.1124/mol.115.098848,OPRM_HUMAN,DAMGO,Internalization ,Transducer,CHO,,76.7,6.98,6.824,8.864795363948982,0.1411554269448132
10.1124/mol.115.098848,OPRM_HUMAN,DAMGO,Phosphorylation,Downstream,CHO,,82.0,8.39,8.354,10.303813852383717,0.0800188761830185
10.1124/mol.115.098848,OPRM_HUMAN,DAMGO,Activation,Transducer,CHO,,93.7,8.5,8.437,10.471739590887779,0.005008669834150936
10.1124/mol.115.098848,OPRM_HUMAN,DAMGO,Accumulation,Downstream,CHO,,63.7,7.37,7.117,9.17413943233535,0.240339602746503
10.1124/mol.115.098848,OPRM_HUMAN,Dynorphin A,Recruitment ,Transducer,CHO,Arrestin-2 (β-arrestin-1),116.4,5.65,5.484,7.715952980313871,-0.010550698868543318
10.1124/mol.115.098848,OPRM_HUMAN,Dynorphin A,Recruitment ,Transducer,CHO,Arrestin-3 (β-arrestin-2),100.5,5.99,6.022,7.9921660617565085,-0.12415109091312804
10.1124/mol.115.098848,OPRM_HUMAN,Dynorphin A,Internalization ,Transducer,CHO,,77.4,6.48,6.263,8.368740960682892,0.2061010236787233
10.1124/mol.115.098848,OPRM_HUMAN,Dynorphin A,Phosphorylation,Downstream,CHO,,81.9,7.52,7.465,9.433283901760419,0.09848892555971922
10.1124/mol.115.098848,OPRM_HUMAN,Dynorphin A,Activation,Transducer,CHO,,98.6,8.33,8.413,10.323876914941211,-0.11885400611241792
10.1124/mol.115.098848,OPRM_HUMAN,Dynorphin A (1-13),Recruitment ,Transducer,CHO,Arrestin-2 (β-arrestin-1),110.0,6.03,5.937,8.071392685158225,-0.10811099402418956
10.1124/mol.115.098848,OPRM_HUMAN,Dynorphin A (1-13),Recruitment ,Transducer,CHO,Arrestin-3 (β-arrestin-2),88.1,6.48,6.268,8.424975908412048,0.06265875574241164
10.1124/mol.115.098848,OPRM_HUMAN,Dynorphin A (1-13),Internalization ,Transducer,CHO,,81.8,6.14,5.82,8.052753303671322,0.33311336666715263
10.1124/mol.115.098848,OPRM_HUMAN,Dynorphin A (1-13),Phosphorylation,Downstream,CHO,,86.1,7.66,7.727,9.595003151453655,-0.0017918247470447568
10.1124/mol.115.098848,OPRM_HUMAN,Dynorphin A (1-13),Activation,Transducer,CHO,,104.3,8.04,8.139,10.05828430842653,-0.11044661262709887
10.1124/mol.115.098848,OPRM_HUMAN,Dynorphin A (1-6),Recruitment ,Transducer,CHO,Arrestin-2 (β-arrestin-1),85.7,6.34,6.134,8.272980821923198,-0.10352285725921595
10.1124/mol.115.098848,OPRM_HUMAN,Dynorphin A (1-6),Recruitment ,Transducer,CHO,Arrestin-3 (β-arrestin-2),101.6,6.04,6.068,8.0468937079479,-0.11542344472173571
10.1124/mol.115.098848,OPRM_HUMAN,Dynorphin A (1-6),Internalization ,Transducer,CHO,,76.8,6.04,6.694,7.925361220031512,-0.6682787169726572
10.1124/mol.115.098848,OPRM_HUMAN,Dynorphin A (1-6),Phosphorylation,Downstream,CHO,,69.2,8.16,8.234,10.000106094456758,-0.10368888174394186
10.1124/mol.115.098848,OPRM_HUMAN,Dynorphin A (1-6),Activation,Transducer,CHO,,105.3,8.6,8.692,10.622428371185485,-0.09930254986814369
10.1124/mol.115.098848,OPRM_HUMAN,Dynorphin A (1-6),Accumulation,Downstream,CHO,,55.8,7.37,7.275,9.116634198937579,0.0248343693487314
10.1124/mol.115.098848,OPRM_HUMAN,Dynorphin A (1-8),Recruitment ,Transducer,CHO,Arrestin-2 (β-arrestin-1),82.9,6.04,5.55,7.958554530550273,0.16605085136785958
10.1124/mol.115.098848,OPRM_HUMAN,Dynorphin A (1-8),Recruitment ,Transducer,CHO,Arrestin-3 (β-arrestin-2),100.6,6.07,6.061,8.072597980719909,-0.08271917194972733
10.1124/mol.115.098848,OPRM_HUMAN,Dynorphin A (1-8),Internalization ,Transducer,CHO,,73.3,5.52,5.991,7.385103974641128,-0.5055359623630409
10.1124/mol.115.098848,OPRM_HUMAN,Dynorphin A (1-8),Phosphorylation,Downstream,CHO,,74.3,7.88,7.946,9.750988813760575,-0.06480616244012438
10.1124/mol.115.098848,OPRM_HUMAN,Dynorphin A (1-8),Activation,Transducer,CHO,,92.6,8.1,7.92,10.066610986681933,0.11688006562830466
10.1124/mol.115.098848,OPRM_HUMAN,Dynorphin A (1-8),Accumulation,Downstream,CHO,,53.9,6.86,6.794,8.591588765186739,-0.019211064402107958
10.1124/mol.115.098848,OPRM_HUMAN,Dynorphin B,Recruitment ,Transducer,CHO,Arrestin-2 (β-arrestin-1),97.9,5.82,5.551,7.810782691803138,0.017279012620723844
10.1124/mol.115.098848,OPRM_HUMAN,Dynorphin B,Recruitment ,Transducer,CHO,Arrestin-3 (β-arrestin-2),98.7,5.89,5.79,7.884317152669636,0.0
10.1124/mol.115.098848,OPRM_HUMAN,Dynorphin B,Internalization ,Transducer,CHO,,77.0,6.27,6.078,8.156490725172482,0.17885078816831257
10.1124/mol.115.098848,OPRM_HUMAN,Dynorphin B,Phosphorylation,Downstream,CHO,,77.9,7.5,7.556,9.391537457672564,-0.0342575185281353
10.1124/mol.115.098848,OPRM_HUMAN,Dynorphin B,Activation,Transducer,CHO,,91.9,8.06,8.011,10.023315511386112,-0.017415409667515647
10.1124/mol.115.098848,OPRM_HUMAN,Dynorphin B,Accumulation,Downstream,CHO,,52.5,6.94,6.905,8.660159303405957,-0.06164052618289073
10.1124/mol.115.098848,OPRM_HUMAN,Endomorphin-1,Recruitment ,Transducer,CHO,Arrestin-2 (β-arrestin-1),69.0,6.47,6.127,8.308849090737255,-0.06065458844515925
10.1124/mol.115.098848,OPRM_HUMAN,Endomorphin-1,Recruitment ,Transducer,CHO,Arrestin-3 (β-arrestin-2),88.7,7.38,7.355,9.327923619831726,-0.12139353283791099
10.1124/mol.115.098848,OPRM_HUMAN,Endomorphin-1,Internalization ,Transducer,CHO,,75.1,6.69,6.666,8.56563993700417,0.0
10.1124/mol.115.098848,OPRM_HUMAN,Endomorphin-1,Phosphorylation,Downstream,CHO,,75.3,8.87,8.877,10.7467949762007,0.0
10.1124/mol.115.098848,OPRM_HUMAN,Endomorphin-1,Activation,Transducer,CHO,,92.2,8.16,8.095,10.12473092105363,0.0
10.1124/mol.115.098848,OPRM_HUMAN,Endomorphin-1,Accumulation,Downstream,CHO,,53.5,6.81,8.613,8.538353782021229,-1.8914460475676176
10.1124/mol.115.098848,OPRM_HUMAN,Endomorphin-2,Recruitment ,Transducer,CHO,Arrestin-2 (β-arrestin-1),77.1,7.13,6.764,9.017054378050958,0.010550698868543318
10.1124/mol.115.098848,OPRM_HUMAN,Endomorphin-2,Recruitment ,Transducer,CHO,Arrestin-3 (β-arrestin-2),73.1,7.13,6.793,8.99391737695786,0.1066002242882238
10.1124/mol.115.098848,OPRM_HUMAN,Endomorphin-2,Internalization ,Transducer,CHO,,76.7,6.36,6.688,8.244795363948981,-0.3428445730551877
10.1124/mol.115.098848,OPRM_HUMAN,Endomorphin-2,Phosphorylation,Downstream,CHO,,66.9,8.75,8.834,10.575426117767822,-0.12836885843287682
10.1124/mol.115.098848,OPRM_HUMAN,Endomorphin-2,Activation,Transducer,CHO,,108.8,8.11,8.194,10.146628895362161,-0.07710202569146851
10.1124/mol.115.098848,OPRM_HUMAN,Endomorphin-2,Accumulation,Downstream,CHO,,55.6,7.03,8.031,8.775074791582057,-1.0727250380067908
10.1124/mol.115.098848,OPRM_HUMAN,Leu-enkephalin,Recruitment ,Transducer,CHO,Arrestin-2 (β-arrestin-1),95.8,5.99,5.58,7.971365509078545,0.14886182989613106
10.1124/mol.115.098848,OPRM_HUMAN,Leu-enkephalin,Recruitment ,Transducer,CHO,Arrestin-3 (β-arrestin-2),105.7,6.01,6.035,8.034074987307426,-0.09524216536221086
10.1124/mol.115.098848,OPRM_HUMAN,Leu-enkephalin,Internalization ,Transducer,CHO,,79.6,6.55,6.385,8.45091306773767,0.1662731307335008
10.1124/mol.115.098848,OPRM_HUMAN,Leu-enkephalin,Phosphorylation,Downstream,CHO,,76.9,7.89,7.968,9.77592633980143,-0.06186863639926976
10.1124/mol.115.098848,OPRM_HUMAN,Leu-enkephalin,Activation,Transducer,CHO,,100.4,8.09,8.213,10.091733712809,-0.15099720824462715
10.1124/mol.115.098848,OPRM_HUMAN,Leu-enkephalin,Accumulation,Downstream,CHO,,56.9,7.03,6.876,8.785112266395071,0.09231243680622381
10.1124/mol.115.098848,OPRM_HUMAN,Loperamide,Recruitment ,Transducer,CHO,Arrestin-2 (β-arrestin-1),88.5,6.96,6.47,8.906943270697825,0.19443959151541135
10.1124/mol.115.098848,OPRM_HUMAN,Loperamide,Recruitment ,Transducer,CHO,Arrestin-3 (β-arrestin-2),98.2,7.04,7.019,9.032111487786949,-0.08120566488268732
10.1124/mol.115.098848,OPRM_HUMAN,Loperamide,Internalization ,Transducer,CHO,,81.4,7.32,7.46,9.230624404889202,-0.12901553211496708
10.1124/mol.115.098848,OPRM_HUMAN,Loperamide,Phosphorylation,Downstream,CHO,,74.2,8.85,8.837,10.720403905279026,0.013608929078326781
10.1124/mol.115.098848,OPRM_HUMAN,Loperamide,Activation,Transducer,CHO,,104.0,9.84,9.987,11.85703333929878,-0.15969758175484827
10.1124/mol.115.098848,OPRM_HUMAN,Loperamide,Accumulation,Downstream,CHO,,43.4,6.99,8.634,8.627489729512511,-1.8233101000763359
10.1124/mol.115.098848,OPRM_HUMAN,Met-enkephalin,Recruitment ,Transducer,CHO,Arrestin-2 (β-arrestin-1),125.6,6.21,6.141,8.308989639401178,-0.07451403978123627
10.1124/mol.115.098848,OPRM_HUMAN,Met-enkephalin,Recruitment ,Transducer,CHO,Arrestin-3 (β-arrestin-2),94.3,6.65,6.384,8.624511692737329,0.14619454006769228
10.1124/mol.115.098848,OPRM_HUMAN,Met-enkephalin,Internalization ,Transducer,CHO,,75.7,6.26,6.594,8.139095879500072,-0.35454405750409723
10.1124/mol.115.098848,OPRM_HUMAN,Met-enkephalin,Phosphorylation,Downstream,CHO,,82.2,8.34,8.334,10.25487181754005,0.05107684133935031
10.1124/mol.115.098848,OPRM_HUMAN,Met-enkephalin,Activation,Transducer,CHO,,90.8,8.31,8.037,10.268085848521086,0.20135492746745598
10.1124/mol.115.098848,OPRM_HUMAN,Met-enkephalin,Accumulation,Downstream,CHO,,54.3,7.62,7.538,9.354799829588847,0.0
10.1124/mol.115.098848,OPRM_HUMAN,Met-enkephalin-RF,Recruitment ,Transducer,CHO,Arrestin-2 (β-arrestin-1),104.7,6.73,6.365,8.749946681678843,0.1424430024964285
10.1124/mol.115.098848,OPRM_HUMAN,Met-enkephalin-RF,Recruitment ,Transducer,CHO,Arrestin-3 (β-arrestin-2),96.3,7.02,6.87,9.003626287124534,0.03930913445489814
10.1124/mol.115.098848,OPRM_HUMAN,Met-enkephalin-RF,Phosphorylation,Downstream,CHO,,72.9,8.86,8.772,10.722727528317975,0.08093255211727524
10.1124/mol.115.098848,OPRM_HUMAN,Met-enkephalin-RF,Activation,Transducer,CHO,,99.2,8.71,8.571,10.70651167215418,0.10578075110055174
10.1124/mol.115.098848,OPRM_HUMAN,Met-enkephalin-RF,Accumulation,Downstream,CHO,,52.7,7.29,7.396,9.011810615212546,-0.20098921437630057
10.1124/mol.115.098848,OPRM_HUMAN,Morphine,Recruitment ,Transducer,CHO,Arrestin-3 (β-arrestin-2),28.2,7.29,6.413,8.740249108319361,0.23293195564972446
10.1124/mol.115.098848,OPRM_HUMAN,Morphine,Phosphorylation,Downstream,CHO,,69.9,7.4,7.433,9.244477175745683,-0.058317800455016666
10.1124/mol.115.098848,OPRM_HUMAN,Morphine,Activation,Transducer,CHO,,82.3,7.8,7.388,9.71539983521227,0.29766891415864194
10.1124/mol.115.098848,OPRM_HUMAN,Morphine,Accumulation,Downstream,CHO,,53.7,8.49,6.932,10.219974285699555,1.4711744561107079
10.1124/mol.115.098848,OPRM_HUMAN,α-Neoendorphin,Recruitment ,Transducer,CHO,Arrestin-2 (β-arrestin-1),99.3,5.47,5.301,7.466949248495381,-0.07655443068703294
10.1124/mol.115.098848,OPRM_HUMAN,α-Neoendorphin,Recruitment ,Transducer,CHO,Arrestin-3 (β-arrestin-2),93.9,5.5,5.333,7.472665592266111,0.0453484395964745
10.1124/mol.115.098848,OPRM_HUMAN,α-Neoendorphin,Internalization ,Transducer,CHO,,76.9,6.34,5.76,8.22592633980143,0.5662864027972621
10.1124/mol.115.098848,OPRM_HUMAN,α-Neoendorphin,Phosphorylation,Downstream,CHO,,86.0,7.25,7.279,9.184498451243568,0.03570347504286886
10.1124/mol.115.098848,OPRM_HUMAN,α-Neoendorphin,Activation,Transducer,CHO,,89.4,7.71,7.603,9.661337518795918,0.028606597742289352
10.1124/mol.115.098848,OPRM_HUMAN,α-Neoendorphin,Accumulation,Downstream,CHO,,52.7,8.59,7.14,10.311810615212547,1.3550107856237004
10.1124/mol.115.098848,OPRM_HUMAN,β-Endorphin,Recruitment ,Transducer,CHO,Arrestin-2 (β-arrestin-1),121.2,5.52,5.495,7.603502619830267,-0.13400105935214723
10.1124/mol.115.098848,OPRM_HUMAN,β-Endorphin,Recruitment ,Transducer,CHO,Arrestin-3 (β-arrestin-2),99.5,6.24,6.196,8.237823080745725,-0.052494071923910646
10.1124/mol.115.098848,OPRM_HUMAN,β-Endorphin,Internalization ,Transducer,CHO,,73.0,6.68,6.725,8.543322860120455,-0.08131707688371392
10.1124/mol.115.098848,OPRM_HUMAN,β-Endorphin,Phosphorylation,Downstream,CHO,,83.2,7.71,7.704,9.630123326290724,0.05632835009002424
10.1124/mol.115.098848,OPRM_HUMAN,β-Endorphin,Activation,Transducer,CHO,,82.0,8.55,8.079,10.463813852383717,0.35508293133008806
10.1124/mol.115.098848,OPRM_HUMAN,β-Endorphin,Accumulation,Downstream,CHO,,54.2,8.11,6.75,9.843999286538386,1.277199456949539
10.1124/mol.115.099150,OPRX_HUMAN,Buprenorphine,Accumulation,Downstream,HEK-293,,69.3,8.64,8.35,10.480733234611808,0.10954393554187014
10.1124/mol.115.099150,OPRX_HUMAN,MCOPPB,Recruitment ,Transducer,HEK-293,Arrestin-2 (β-arrestin-1),123.3,5.61,5.84,7.700963076595732,-0.18903692340426836
10.1124/mol.115.099150,OPRX_HUMAN,MCOPPB,Recruitment ,Transducer,HEK-293,Arrestin-3 (β-arrestin-2),99.3,5.8,6.24,7.796949248495381,-0.20456218413902238
10.1124/mol.115.099150,OPRX_HUMAN,MCOPPB,Accumulation,Downstream,HEK-293,,105.0,10.6,10.6,12.621189299069938,0.0
10.1124/mol.115.099150,OPRX_HUMAN,NNC 63-0532,Accumulation,Downstream,HEK-293,,74.2,7.58,8.57,9.450403905279027,-1.140785393790912
10.1124/mol.115.099150,OPRX_HUMAN,Nociceptin,Recruitment ,Transducer,HEK-293,Arrestin-2 (β-arrestin-1),100.0,6.4,6.35,8.4,0.0
10.1124/mol.115.099150,OPRX_HUMAN,Nociceptin,Recruitment ,Transducer,HEK-293,Arrestin-3 (β-arrestin-2),100.0,6.69,6.78,8.690000000000001,0.14848856736559757
10.1124/mol.115.099150,OPRX_HUMAN,Nociceptin,Accumulation,Downstream,HEK-293,,100.0,9.69,9.55,11.69,0.11881070093006052
10.1124/mol.115.099150,OPRX_HUMAN,RTI-819,Accumulation,Downstream,HEK-293,,74.5,7.14,7.2,9.012156272748292,-0.209033026321646
10.1124/mol.115.099150,OPRX_HUMAN,RTI-856,Accumulation,Downstream,HEK-293,,76.6,8.14,8.11,10.024228769632604,-0.10696052943733392
10.1124/mol.115.099150,OPRX_HUMAN,"SCH 221,510",Recruitment ,Transducer,HEK-293,Arrestin-2 (β-arrestin-1),151.6,5.83,5.94,8.010699201296035,0.020699201296033642
10.1124/mol.115.099150,OPRX_HUMAN,"SCH 221,510",Recruitment ,Transducer,HEK-293,Arrestin-3 (β-arrestin-2),87.4,5.37,5.55,7.311511432634403,0.0
10.1124/mol.115.099150,OPRX_HUMAN,"SCH 221,510",Accumulation,Downstream,HEK-293,,103.0,8.37,7.68,10.38283722470517,0.6816479256352324
10.1124/mol.115.099192,CNR1_HUMAN,∆9-THC,Phosphorylation,Downstream,CHO,,31.666666666666664,6.4,6.5,7.900602350569185,-0.3288165751451064
10.1124/mol.115.099192,CNR1_HUMAN,∆9-THC,Accumulation,Downstream,CHO,,81.25,7.6,7.1,9.509823369650912,0.20982336965091175
10.1124/mol.115.099192,CNR1_HUMAN,2-AG,Phosphorylation,Downstream,CHO,,100.0,5.8,5.9,7.8,0.17058107428570768
10.1124/mol.115.099192,CNR1_HUMAN,2-AG,Accumulation,Downstream,CHO,,100.0,5.9,5.7,7.9,0.0
10.1124/mol.115.099192,CNR1_HUMAN,Anandamide,Phosphorylation,Downstream,CHO,,66.66666666666666,5.5,5.6,7.323908740944319,-0.005510184769972781
10.1124/mol.115.099192,CNR1_HUMAN,Anandamide,Accumulation,Downstream,CHO,,115.625,6.1,6.3,8.163051745747088,-0.33694825425291164
10.1124/mol.115.099192,CNR1_HUMAN,"CP55,940",Phosphorylation,Downstream,CHO,,85.0,7.7,7.9,9.629418925714292,0.0
10.1124/mol.115.099192,CNR1_HUMAN,"CP55,940",Accumulation,Downstream,CHO,,128.125,8.1,8.3,10.207633878399829,-0.29236612160017206
10.1124/mol.115.099192,CNR1_HUMAN,HU-210,Phosphorylation,Downstream,CHO,,95.0,7.5,7.6,9.477723605288848,0.14830467957455618
10.1124/mol.115.099192,CNR1_HUMAN,HU-210,Accumulation,Downstream,CHO,,126.5625,9.0,8.8,11.102305044894763,0.102305044894762
10.1124/mol.115.099192,CNR1_HUMAN,Methanandamide,Phosphorylation,Downstream,CHO,,43.333333333333336,5.9,5.9,7.536822097587175,-0.09259682812711745
10.1124/mol.115.099192,CNR1_HUMAN,Methanandamide,Accumulation,Downstream,CHO,,110.9375,6.8,6.9,8.845078374735188,-0.25492162526481277
10.1124/mol.115.099192,CNR1_HUMAN,"WIN55,212-2",Phosphorylation,Downstream,CHO,,86.66666666666667,7.0,6.8,8.937852093251156,0.408433167536864
10.1124/mol.115.099192,CNR1_HUMAN,"WIN55,212-2",Accumulation,Downstream,CHO,,134.375,7.1,6.9,9.22831847725968,0.12831847725967993
10.1124/mol.115.101980,CNR1_HUMAN,2-AG,Recruitment ,Transducer,STHdhQ111/Q111,Arrestin-2 (β-arrestin-1),96.7,6.2,6.27,8.185426474083002,0.0
10.1124/mol.115.101980,CNR1_HUMAN,2-AG,Recruitment ,Transducer,STHdhQ7/Q7,Arrestin-2 (β-arrestin-1),101.0,6.1,6.15,8.104321373782643,0.0
10.1124/mol.115.101980,CNR1_HUMAN,2-AG,Phosphorylation,Downstream,STHdhQ111/Q111,,54.5,6.3,6.28,8.036396502276641,-0.5255650729976469
10.1124/mol.115.101980,CNR1_HUMAN,2-AG,Phosphorylation,Downstream,STHdhQ7/Q7,,75.2,6.4,6.28,8.276217840591643,-0.23219936511888717
10.1124/mol.115.101980,CNR1_HUMAN,2-AG,Phosphorylation,Downstream,STHdhQ111/Q111,,102.0,6.4,6.14,8.408600171761918,-0.013361403512369474
10.1124/mol.115.101980,CNR1_HUMAN,2-AG,Phosphorylation,Downstream,STHdhQ7/Q7,,111.0,6.4,6.22,8.445322978786658,-0.0030942269238720677
10.1124/mol.115.101980,CNR1_HUMAN,2-AG,Phosphorylation,Downstream,STHdhQ111/Q111,,87.4,6.2,5.76,8.141511432634402,0.09954985736011457
10.1124/mol.115.101980,CNR1_HUMAN,2-AG,Phosphorylation,Downstream,STHdhQ7/Q7,,87.4,6.3,6.01,8.241511432634402,0.0030942269238720677
10.1124/mol.115.101980,CNR1_HUMAN,Anandamide,Recruitment ,Transducer,STHdhQ111/Q111,Arrestin-2 (β-arrestin-1),65.0,6.1,6.22,7.912913356642855,-0.22251311744014668
10.1124/mol.115.101980,CNR1_HUMAN,Anandamide,Recruitment ,Transducer,STHdhQ7/Q7,Arrestin-2 (β-arrestin-1),76.1,6.1,6.09,7.981384656770572,-0.06293671701206982
10.1124/mol.115.101980,CNR1_HUMAN,Anandamide,Phosphorylation,Downstream,STHdhQ111/Q111,,64.5,6.5,6.42,8.309559714635268,-0.3924018606390196
10.1124/mol.115.101980,CNR1_HUMAN,Anandamide,Phosphorylation,Downstream,STHdhQ7/Q7,,117.0,6.4,6.35,8.468185861746163,-0.1102313439643674
10.1124/mol.115.101980,CNR1_HUMAN,Anandamide,Phosphorylation,Downstream,STHdhQ111/Q111,,111.0,6.5,6.25,8.545322978786658,0.013361403512369474
10.1124/mol.115.101980,CNR1_HUMAN,Anandamide,Phosphorylation,Downstream,STHdhQ7/Q7,,115.0,6.6,6.32,8.660697840353611,0.11228063464308091
10.1124/mol.115.101980,CNR1_HUMAN,Anandamide,Phosphorylation,Downstream,STHdhQ111/Q111,,90.2,6.4,5.41,8.355206537541942,0.6632449622676542
10.1124/mol.115.101980,CNR1_HUMAN,Anandamide,Phosphorylation,Downstream,STHdhQ7/Q7,,101.0,6.4,6.31,8.404321373782643,-0.13409583192788643
10.1124/mol.115.101980,CNR1_HUMAN,Cannabidiol,Phosphorylation,Downstream,STHdhQ111/Q111,,348.0,6.4,2.27,8.941579243946581,4.389617668672294
10.1124/mol.115.101980,CNR1_HUMAN,Cannabidiol,Phosphorylation,Downstream,STHdhQ7/Q7,,445.0,6.2,3.34,8.848360010980931,3.279942805270401
10.1124/mol.115.101980,CNR1_HUMAN,"CP55,940",Recruitment ,Transducer,STHdhQ111/Q111,Arrestin-2 (β-arrestin-1),126.0,6.9,6.47,9.000370545117564,0.6149440710345617
10.1124/mol.115.101980,CNR1_HUMAN,"CP55,940",Recruitment ,Transducer,STHdhQ7/Q7,Arrestin-2 (β-arrestin-1),128.0,7.4,6.46,9.50720996964787,1.0928885958652268
10.1124/mol.115.101980,CNR1_HUMAN,"CP55,940",Phosphorylation,Downstream,STHdhQ111/Q111,,41.4,6.4,6.22,8.0170003411209,-0.484961234153388
10.1124/mol.115.101980,CNR1_HUMAN,"CP55,940",Phosphorylation,Downstream,STHdhQ7/Q7,,88.0,6.3,6.3,8.244482672150168,-0.283934533560362
10.1124/mol.115.101980,CNR1_HUMAN,"CP55,940",Phosphorylation,Downstream,STHdhQ111/Q111,,76.0,6.2,5.84,8.08081359228079,-0.04114798299349731
10.1124/mol.115.101980,CNR1_HUMAN,"CP55,940",Phosphorylation,Downstream,STHdhQ7/Q7,,68.1,6.2,5.94,8.033147111912786,-0.13527009379774446
10.1124/mol.115.101980,CNR1_HUMAN,"CP55,940",Phosphorylation,Downstream,STHdhQ111/Q111,,70.8,6.2,6.32,8.050033257689769,-0.5519283175845193
10.1124/mol.115.101980,CNR1_HUMAN,"CP55,940",Phosphorylation,Downstream,STHdhQ7/Q7,,71.8,6.2,5.77,8.0561244442423,0.05770723853177051
10.1124/mol.115.101980,CNR1_HUMAN,"CP55,940",Phosphorylation,Downstream,STHdhQ111/Q111,,432.0,6.6,5.07,9.23548374681491,1.8835221715406223
10.1124/mol.115.101980,CNR1_HUMAN,"CP55,940",Phosphorylation,Downstream,STHdhQ7/Q7,,443.0,6.6,6.47,9.246403726223068,0.5479865205125383
10.1124/mol.115.101980,CNR1_HUMAN,THC,Recruitment ,Transducer,STHdhQ111/Q111,Arrestin-2 (β-arrestin-1),107.0,6.4,4.98,8.42938377768521,1.5339573036022074
10.1124/mol.115.101980,CNR1_HUMAN,THC,Recruitment ,Transducer,STHdhQ7/Q7,Arrestin-2 (β-arrestin-1),98.8,6.4,6.41,8.394756944587629,0.030435570804986156
10.1124/mol.115.101980,CNR1_HUMAN,THC,Phosphorylation,Downstream,STHdhQ111/Q111,,33.8,5.5,3.26,7.028916700277655,1.4869551250033672
10.1124/mol.115.101980,CNR1_HUMAN,THC,Phosphorylation,Downstream,STHdhQ7/Q7,,40.3,6.0,4.48,7.605305046141109,0.8968878404305785
10.1124/mol.115.101980,CNR1_HUMAN,THC,Phosphorylation,Downstream,STHdhQ111/Q111,,40.1,6.5,4.0,8.103144372620182,1.821182797345894
10.1124/mol.115.101980,CNR1_HUMAN,THC,Phosphorylation,Downstream,STHdhQ7/Q7,,48.3,6.5,5.35,8.183947130751513,0.6055299250409827
10.1124/mol.115.101980,CNR1_HUMAN,THC,Phosphorylation,Downstream,STHdhQ111/Q111,,67.9,6.4,4.33,8.231869774280502,1.6199081990062143
10.1124/mol.115.101980,CNR1_HUMAN,THC,Phosphorylation,Downstream,STHdhQ7/Q7,,71.4,6.5,5.45,8.353698211776175,0.6752810060656445
10.1124/mol.115.101980,CNR1_HUMAN,"WIN55,212-2",Recruitment ,Transducer,STHdhQ111/Q111,Arrestin-2 (β-arrestin-1),102.0,6.1,6.41,8.108600171761918,-0.2168263023210848
10.1124/mol.115.101980,CNR1_HUMAN,"WIN55,212-2",Recruitment ,Transducer,STHdhQ7/Q7,Arrestin-2 (β-arrestin-1),102.0,6.2,6.41,8.208600171761917,-0.15572120202072526
10.1124/mol.115.101980,CNR1_HUMAN,"WIN55,212-2",Phosphorylation,Downstream,STHdhQ111/Q111,,51.5,6.3,6.33,8.01180722904119,-0.6001543462330976
10.1124/mol.115.101980,CNR1_HUMAN,"WIN55,212-2",Phosphorylation,Downstream,STHdhQ7/Q7,,101.0,6.3,6.35,8.304321373782642,-0.2740958319278879
10.1124/mol.115.101980,CNR1_HUMAN,"WIN55,212-2",Phosphorylation,Downstream,STHdhQ111/Q111,,102.0,6.2,6.21,8.208600171761917,-0.2833614035123708
10.1124/mol.115.101980,CNR1_HUMAN,"WIN55,212-2",Phosphorylation,Downstream,STHdhQ7/Q7,,102.0,6.2,6.18,8.208600171761917,-0.19981703394861272
10.1124/mol.115.101980,CNR1_HUMAN,"WIN55,212-2",Phosphorylation,Downstream,STHdhQ111/Q111,,102.0,6.5,6.51,8.508600171761918,-0.28336140351236994
10.1124/mol.115.101980,CNR1_HUMAN,"WIN55,212-2",Phosphorylation,Downstream,STHdhQ7/Q7,,105.0,6.5,6.54,8.521189299069938,-0.24722790664059202
10.1124/mol.115.101980,CNR1_HUMAN,"WIN55,212-2",Phosphorylation,Downstream,STHdhQ111/Q111,,105.0,7.0,2.22,9.021189299069938,4.51922772379565
10.1124/mol.115.101980,CNR1_HUMAN,"WIN55,212-2",Phosphorylation,Downstream,STHdhQ7/Q7,,115.0,6.7,3.43,8.760697840353611,3.102280634643081
10.1124/mol.116.103283,AA3R_HUMAN,AB-MECA,Phosphorylation,Downstream,CHO,,87.73584905660378,8.1,8.0,10.043177083289164,0.12163260114375962
10.1124/mol.116.103283,AA3R_HUMAN,AB-MECA,Phosphorylation,Downstream,CHO,,47.61904761904761,7.5,8.0,9.17778070526608,-0.7437637768793239
10.1124/mol.116.103283,AA3R_HUMAN,AB-MECA,Accumulation,Downstream,CHO,,108.33333333333333,7.6,7.7,9.634762106259211,-0.19677818550023485
10.1124/mol.116.103283,AA3R_HUMAN,HEMADO,Phosphorylation,Downstream,CHO,,93.39622641509435,9.4,9.4,11.37032932933278,0.04878484718737486
10.1124/mol.116.103283,AA3R_HUMAN,HEMADO,Phosphorylation,Downstream,CHO,,85.71428571428571,8.1,8.9,10.033053210369387,-0.7884912717760182
10.1124/mol.116.103283,AA3R_HUMAN,HEMADO,Accumulation,Downstream,CHO,,104.16666666666667,9.3,8.8,11.317728766960432,0.386188475200985
10.1124/mol.116.106153,HRH3_HUMAN,Imetit,Accumulation,Downstream,CHO,,61.81818181818181,8.17,9.61,9.961116227548011,0.1572803066556192
10.1124/mol.116.103283,AA3R_HUMAN,IB-MECA,Phosphorylation,Downstream,CHO,,100.0,9.6,9.5,11.6,0.17845551785459524
10.1124/mol.116.103283,AA3R_HUMAN,IB-MECA,Phosphorylation,Downstream,CHO,,100.0,8.9,9.4,10.9,-0.4215444821454044
10.1124/mol.116.103283,AA3R_HUMAN,IB-MECA,Accumulation,Downstream,CHO,,100.0,9.4,9.4,11.4,-0.13154029175944615
10.1124/mol.116.106153,HRH3_HUMAN,Imetit,Accumulation,Downstream,CHO,,84.68468468468468,8.14,8.92,10.067804874813042,0.9539689539206497
10.1124/mol.116.103283,AA3R_HUMAN,MRS3558,Phosphorylation,Downstream,CHO,,88.67924528301887,9.8,9.7,11.747821988334929,0.12627750618952494
10.1124/mol.116.103283,AA3R_HUMAN,MRS3558,Phosphorylation,Downstream,CHO,,90.47619047619048,8.8,9.4,10.75653430621891,-0.5650101759264947
10.1124/mol.116.103283,AA3R_HUMAN,MRS3558,Accumulation,Downstream,CHO,,97.22222222222221,9.6,9.7,11.587765543582988,-0.24377474817645783
10.1124/mol.116.106153,HRH3_HUMAN,Iodoproxyfan,Accumulation,Downstream,CHO,,76.62337662337663,8.29,9.27,10.174361286469662,0.7105253655772694
10.1124/mol.116.103283,AA3R_HUMAN,MRS5655,Phosphorylation,Downstream,CHO,,83.01886792452831,9.3,9.0,11.219176806885399,0.2976323247399941
10.1124/mol.116.103283,AA3R_HUMAN,MRS5655,Phosphorylation,Downstream,CHO,,114.28571428571428,8.3,8.9,10.357991946977688,-0.4635525351677172
10.1124/mol.116.103283,AA3R_HUMAN,MRS5655,Accumulation,Downstream,CHO,,108.33333333333333,9.1,9.1,11.134762106259211,-0.09677818550023431
10.1124/mol.116.103283,AA3R_HUMAN,MRS5667,Phosphorylation,Downstream,CHO,,105.66037735849056,8.1,8.2,10.12391215740541,0.0023676752600065853
10.1124/mol.116.103283,AA3R_HUMAN,MRS5667,Phosphorylation,Downstream,CHO,,119.04761904761905,8.2,8.2,10.275720713938117,0.15417623179271356
10.1124/mol.116.103283,AA3R_HUMAN,MRS5667,Accumulation,Downstream,CHO,,98.61111111111111,8.5,8.7,10.493925852287807,-0.33761443947163805
10.1124/mol.116.106153,HRH3_HUMAN,NαMH,Accumulation,Downstream,CHO,,90.9090909090909,8.33,9.54,10.288607314841775,0.554771393949383
10.1124/mol.116.103283,AA3R_HUMAN,MRS5679,Phosphorylation,Downstream,CHO,,89.62264150943396,7.6,7.3,9.552417740024078,0.3308732578786735
10.1124/mol.116.103283,AA3R_HUMAN,MRS5679,Phosphorylation,Downstream,CHO,,66.66666666666666,6.6,7.0,8.423908740944318,-0.4976357412010861
10.1124/mol.116.103283,AA3R_HUMAN,MRS5679,Accumulation,Downstream,CHO,,81.94444444444444,8.1,7.6,10.013519515210875,0.28197922345142956
10.1124/mol.116.106153,HRH3_HUMAN,NαMH,Accumulation,Downstream,CHO,,134.23423423423424,8.48,9.95,10.607863289625616,0.46402736873322414
10.1124/mol.116.103283,AA3R_HUMAN,MRS5698,Phosphorylation,Downstream,CHO,,100.0,8.1,8.1,10.1,0.07845551785459559
10.1124/mol.116.103283,AA3R_HUMAN,MRS5698,Phosphorylation,Downstream,CHO,,128.57142857142858,8.1,8.1,10.209144469425068,0.18759998727966387
10.1124/mol.116.103283,AA3R_HUMAN,MRS5698,Accumulation,Downstream,CHO,,123.61111111111111,8.3,8.5,10.392057510213645,-0.23948278154580116
10.1124/mol.116.106153,HRH3_HUMAN,Proxyfan,Accumulation,Downstream,CHO,,48.57142857142857,6.84,8.31,8.526380877027998,0.022544956135605254
10.1124/mol.116.103283,AA3R_HUMAN,MRS5704,Phosphorylation,Downstream,CHO,,100.9433962264151,6.2,6.2,8.20407791242044,0.0825334302750349
10.1124/mol.116.103283,AA3R_HUMAN,MRS5704,Phosphorylation,Downstream,CHO,,123.80952380952381,5.8,6.0,7.8927540532368985,-0.028790428908505916
10.1124/mol.116.103283,AA3R_HUMAN,MRS5704,Accumulation,Downstream,CHO,,97.22222222222221,6.7,6.5,8.687765543582989,0.05622525182354288
10.1124/mol.116.106153,HRH3_HUMAN,RαMH,Accumulation,Downstream,CHO,,100.0,7.87,9.32,9.870000000000001,0.35616407910760817
10.1124/mol.116.103283,AA3R_HUMAN,MRS5783,Phosphorylation,Downstream,CHO,,105.66037735849056,6.0,6.1,8.023912157405412,0.0023676752600083617
10.1124/mol.116.103283,AA3R_HUMAN,MRS5783,Phosphorylation,Downstream,CHO,,100.0,5.9,5.9,7.9,0.07845551785459559
10.1124/mol.116.103283,AA3R_HUMAN,MRS5783,Accumulation,Downstream,CHO,,108.33333333333333,6.5,6.4,8.534762106259212,0.0032218144997653297
10.1124/mol.116.106153,HRH3_HUMAN,RαMH,Accumulation,Downstream,CHO,,100.0,7.98,9.23,9.98,0.5561640791076075
10.1124/mol.116.103283,AA3R_HUMAN,MRS5857,Phosphorylation,Downstream,CHO,,96.22641509433963,9.7,9.4,11.683294306497146,0.3617498243517412
10.1124/mol.116.103283,AA3R_HUMAN,MRS5857,Phosphorylation,Downstream,CHO,,100.0,8.8,9.3,10.8,-0.4215444821454044
10.1124/mol.116.103283,AA3R_HUMAN,MRS5857,Accumulation,Downstream,CHO,,101.38888888888889,9.1,9.1,11.105990363689187,-0.12554992807025833
10.1124/mol.116.103283,AA3R_HUMAN,MRS5916,Phosphorylation,Downstream,CHO,,76.41509433962264,9.5,9.5,11.383179153613879,-0.0383653285315253
10.1124/mol.116.103283,AA3R_HUMAN,MRS5916,Phosphorylation,Downstream,CHO,,57.14285714285714,9.2,9.2,10.956961951313705,-0.16458253083169883
10.1124/mol.116.103283,AA3R_HUMAN,MRS5916,Accumulation,Downstream,CHO,,109.72222222222223,9.5,9.5,11.540294594859173,-0.09124569690027329
10.1124/mol.116.103283,AA3R_HUMAN,MRS7030,Phosphorylation,Downstream,CHO,,83.01886792452831,8.1,8.1,10.019176806885397,-0.0023676752600065853
10.1124/mol.116.103283,AA3R_HUMAN,MRS7030,Phosphorylation,Downstream,CHO,,76.19047619047619,7.9,8.1,9.781900687922006,-0.2396437942233982
10.1124/mol.116.103283,AA3R_HUMAN,MRS7030,Accumulation,Downstream,CHO,,111.11111111111111,8.8,8.8,10.845757490560676,-0.08578280119877135
10.1124/mol.116.103283,AA3R_HUMAN,MRS7034,Phosphorylation,Downstream,CHO,,83.9622641509434,8.0,8.1,9.924084141380142,-0.09746034076526211
10.1124/mol.116.103283,AA3R_HUMAN,MRS7034,Phosphorylation,Downstream,CHO,,76.19047619047619,7.8,8.1,9.681900687922006,-0.33964379422339785
10.1124/mol.116.103283,AA3R_HUMAN,MRS7034,Accumulation,Downstream,CHO,,109.72222222222223,9.4,9.4,11.440294594859173,-0.09124569690027329
10.1124/mol.116.103283,AA3R_HUMAN,NECA,Phosphorylation,Downstream,CHO,,91.50943396226415,8.6,8.6,10.561465869001474,0.039921386856069496
10.1124/mol.116.103283,AA3R_HUMAN,NECA,Phosphorylation,Downstream,CHO,,71.42857142857143,7.6,8.1,9.453871964321761,-0.5676725178236426
10.1124/mol.116.103283,AA3R_HUMAN,NECA,Accumulation,Downstream,CHO,,111.11111111111111,8.3,8.5,10.345757490560676,-0.28578280119877064
10.1124/mol.116.106153,HRH3_HUMAN,Imetit,Phosphorylation,Downstream,CHO,,100.55762081784387,9.08,11.14,11.082414989440181,0.5328276941557295
10.1124/mol.116.106153,HRH3_HUMAN,Imetit,Phosphorylation,Downstream,CHO,,91.1144578313253,8.67,11.22,10.629587295284452,0.0
10.1124/mol.116.106153,HRH3_HUMAN,Imetit,Phosphorylation,Downstream,CHO,,52.048145991069696,8.81,11.21,10.526405264102301,-0.09318203118215074
10.1124/mol.116.106153,HRH3_HUMAN,Imetit,Activation,Transducer,CHO,,69.43201376936317,8.56,10.58,10.401559761486416,0.06544957654326033
10.1124/mol.116.106153,HRH3_HUMAN,Imetit,Activation,Transducer,CHO,,101.2558869701727,8.96,11.45,10.965420282299918,-0.2406899026432363
10.1124/mol.116.106153,HRH3_HUMAN,Imetit,Signaling,,CHO,,93.93939393939394,8.7,8.21,10.672847753956384,0.043421976590751754
10.1124/mol.116.106153,HRH3_HUMAN,Imetit,Signaling,,CHO,,39.13043478260869,8.54,8.07,10.132514673421731,-0.3569111039439008
10.1124/mol.116.106153,HRH3_HUMAN,Imetit,Accumulation,Downstream,CHO,,107.29833546734955,9.04,10.98,11.070592984752976,-0.10324293613941737
10.1124/mol.116.106153,HRH3_HUMAN,Imetit,Accumulation,Downstream,CHO,,67.42671009771988,10.48,12.39,12.308831969979732,-0.2750039509126614
10.1124/mol.116.106153,HRH3_HUMAN,Iodoproxyfan,Phosphorylation,Downstream,CHO,,88.2899628252788,8.63,10.69,10.575911333958478,0.4763240386740275
10.1124/mol.116.106153,HRH3_HUMAN,Iodoproxyfan,Phosphorylation,Downstream,CHO,,37.04819277108434,8.0,9.75,9.568767027735362,0.40917973245091055
10.1124/mol.116.106153,HRH3_HUMAN,Iodoproxyfan,Phosphorylation,Downstream,CHO,,61.59968938070277,8.45,11.17,10.239578522219833,-0.34000877306461774
10.1124/mol.116.106153,HRH3_HUMAN,Iodoproxyfan,Activation,Transducer,CHO,,86.71256454388984,8.8,10.85,10.738082030771764,0.131971845828609
10.1124/mol.116.106153,HRH3_HUMAN,Iodoproxyfan,Activation,Transducer,CHO,,63.26530612244898,9.18,11.16,10.981165613805759,0.06505542886260329
10.1124/mol.116.106153,HRH3_HUMAN,Iodoproxyfan,Signaling,,CHO,,100.0,10.15,9.84,12.15,-0.1094257773656313
10.1124/mol.116.106153,HRH3_HUMAN,Iodoproxyfan,Signaling,,CHO,,26.08695652173913,9.49,8.41,10.906423414366051,0.07699763700041906
10.1124/mol.116.106153,HRH3_HUMAN,Iodoproxyfan,Accumulation,Downstream,CHO,,114.7247119078105,9.91,10.98,11.969656975784826,0.7958210548924329
10.1124/mol.116.106153,HRH3_HUMAN,Iodoproxyfan,Accumulation,Downstream,CHO,,64.92942453854505,10.0,11.33,11.812441553791562,0.2886056328991691
10.1124/mol.116.106153,HRH3_HUMAN,NαMH,Phosphorylation,Downstream,CHO,,94.33085501858737,8.45,10.63,10.42465377091886,0.38506647563440843
10.1124/mol.116.106153,HRH3_HUMAN,NαMH,Phosphorylation,Downstream,CHO,,132.5301204819277,8.18,10.26,10.302314592782151,0.6327272974977003
10.1124/mol.116.106153,HRH3_HUMAN,NαMH,Phosphorylation,Downstream,CHO,,78.74199184624345,8.08,10.67,9.9762063964447,-0.10338089883975066
10.1124/mol.116.106153,HRH3_HUMAN,NαMH,Activation,Transducer,CHO,,93.80378657487091,7.84,10.06,9.812220369886312,-0.00388981505684427
10.1124/mol.116.106153,HRH3_HUMAN,NαMH,Activation,Transducer,CHO,,109.31449502878074,7.76,10.1,9.798677752925295,-0.05743243201786008
10.1124/mol.116.106153,HRH3_HUMAN,NαMH,Signaling,,CHO,,96.96969696969697,8.97,8.51,10.956636038442019,0.027210261076387354
10.1124/mol.116.106153,HRH3_HUMAN,NαMH,Signaling,,CHO,,39.13043478260869,9.5,8.6,11.092514673421732,0.0730888960561007
10.1124/mol.116.106153,HRH3_HUMAN,NαMH,Accumulation,Downstream,CHO,,60.43533930857875,10.43,12.04,12.211290964756786,-0.022544956135605254
10.1124/mol.116.106153,HRH3_HUMAN,NαMH,Accumulation,Downstream,CHO,,70.90119435396308,9.1,11.33,10.950653551078224,-0.5731823698141687
10.1074/jbc.M115.704122,NPSR1_HUMAN,hNPS,Accumulation,Downstream,HEK-293,,100.0,7.915781313260761,7.6,9.915781313260762,0.4745532550610001
10.1124/mol.116.106153,HRH3_HUMAN,Proxyfan,Phosphorylation,Downstream,CHO,,93.7732342007435,8.01,10.01,9.98207889490654,0.5624915996220885
10.1124/mol.116.106153,HRH3_HUMAN,Proxyfan,Phosphorylation,Downstream,CHO,,14.307228915662648,6.96,9.16,8.11555552592083,-0.4540317693636222
10.1124/mol.116.106153,HRH3_HUMAN,Proxyfan,Phosphorylation,Downstream,CHO,,30.20772665501844,8.99,11.16,10.470118042773091,-0.0994692525113603
10.1124/mol.116.106153,HRH3_HUMAN,Proxyfan,Activation,Transducer,CHO,,72.83993115318417,7.4,9.44,9.2623695266368,0.06625934169364456
10.1124/mol.116.106153,HRH3_HUMAN,Proxyfan,Activation,Transducer,CHO,,76.71376242804814,7.57,9.77,9.454873283250096,-0.07123690169305874
10.1124/mol.116.106153,HRH3_HUMAN,Proxyfan,Signaling,,CHO,,106.06060606060606,8.54,8.21,10.565554104472387,-0.0638716728932458
10.1124/mol.116.106153,HRH3_HUMAN,Proxyfan,Signaling,,CHO,,56.52173913043478,8.38,7.74,10.132215516289245,-0.027210261076387354
10.1124/mol.116.106153,HRH3_HUMAN,Proxyfan,Accumulation,Downstream,CHO,,70.73170731707317,8.3,10.05,10.149614141179221,-0.09422177971317236
10.1124/mol.116.106153,HRH3_HUMAN,Proxyfan,Accumulation,Downstream,CHO,,46.496815286624205,6.7,9.65,8.367423207711223,-1.47641271318117
10.1124/mol.116.106153,HRH3_HUMAN,Proxyfan,Accumulation,Downstream,CHO,,93.08578745198464,8.05,10.07,10.018883376981739,-0.2449525439106539
10.1124/mol.116.106153,HRH3_HUMAN,Proxyfan,Accumulation,Downstream,CHO,,49.94571118349621,7.69,9.8,9.388498201484726,-0.6053377194076672
10.1074/jbc.M115.704122,NPSR1_HUMAN,hNPS-(1–10),Accumulation,Downstream,HEK-293,,110.34482758620689,6.835052627378158,7.09,8.877804607799108,-0.053423450400654104
10.1074/jbc.M115.704122,NPSR1_HUMAN,hNPS-(1–13),Accumulation,Downstream,HEK-293,,109.19540229885058,7.654430243943608,7.55,9.692634596613837,0.30140653841407516
10.1124/mol.116.106153,HRH3_HUMAN,RαMH,Phosphorylation,Downstream,CHO,,100.0,8.63,10.73,10.63,0.4904127047155491
10.1124/mol.116.106153,HRH3_HUMAN,RαMH,Phosphorylation,Downstream,CHO,,100.0,7.56,10.29,9.559999999999999,-0.13958729528445168
10.1124/mol.116.106153,HRH3_HUMAN,RαMH,Phosphorylation,Downstream,CHO,,100.0,7.65,10.3,9.65,-0.059587295284451613
10.1124/mol.116.106153,HRH3_HUMAN,RαMH,Activation,Transducer,CHO,,100.0,8.41,10.65,10.41,0.00388981505684427
10.1124/mol.116.106153,HRH3_HUMAN,RαMH,Activation,Transducer,CHO,,100.0,8.33,10.74,10.33,-0.16611018494315566
10.1124/mol.116.106153,HRH3_HUMAN,RαMH,Signaling,,CHO,,100.0,9.04,8.31,11.04,0.31057422263436685
10.1124/mol.116.106153,HRH3_HUMAN,RαMH,Signaling,,CHO,,100.0,8.43,8.21,10.43,-0.19942577736563294
10.1124/mol.116.106153,HRH3_HUMAN,RαMH,Accumulation,Downstream,CHO,,100.0,8.3,10.87,10.3,-0.763835920892391
10.1124/mol.116.106153,HRH3_HUMAN,RαMH,Accumulation,Downstream,CHO,,100.0,7.7,10.73,9.7,-1.2238359208923937
10.1124/mol.116.106153,HRH3_HUMAN,RαMH,Accumulation,Downstream,CHO,,100.0,9.86,11.62,11.86,0.04616407910760767
10.1124/mol.116.106153,HRH3_HUMAN,RαMH,Accumulation,Downstream,CHO,,100.0,8.21,10.52,10.21,-0.5038359208923913
10.1074/jbc.M115.704122,NPSR1_HUMAN,hNPS-K11A,Accumulation,Downstream,HEK-293,,106.89655172413792,6.980053318321158,7.42,9.009017014256475,-0.2522110439432872
10.1074/jbc.M115.704122,NPSR1_HUMAN,hNPS-K12A,Accumulation,Downstream,HEK-293,,112.64367816091954,7.1180450286604,7.44,9.169751851734276,-0.11147620646548706
10.1126/science.1232808,5HT1B_HUMAN,Ergotamine,Recruitment ,Transducer,HTLA,,98.0,7.78,7.82,9.771226075692494,-0.014081965476209213
10.1126/science.1232808,5HT1B_HUMAN,Ergotamine,Accumulation,Downstream,HEK-293T,,101.0,8.57,8.53,10.574321373782643,0.004999999999999893
10.1126/science.1232808,5HT1B_HUMAN,LSD,Recruitment ,Transducer,HTLA,,89.0,8.11,8.08,10.059390006644913,0.014081965476209213
10.1126/science.1232808,5HT1B_HUMAN,LSD,Accumulation,Downstream,HEK-293T,,101.0,9.56,9.53,11.564321373782644,-0.004999999999999893
10.1074/jbc.M115.704122,NPSR1_HUMAN,hNPS-T13A,Accumulation,Downstream,HEK-293,,110.34482758620689,7.3338565727084415,7.56,9.37660855312939,-0.024619505070371694
10.1126/scisignal.aar4309,OPRK_HUMAN,1.1,Accumulation,Downstream,CHO,,97.0,5.9730583720409705,5.96,7.959830106307216,0.05431518318853534
10.1126/scisignal.aar4309,OPRK_HUMAN,2.1,Accumulation,Downstream,CHO,,98.0,5.7975116829399065,5.97,7.788737758632402,-0.12677716448627852
10.1126/scisignal.aar4309,OPRK_HUMAN,"U69,593",Accumulation,Downstream,CHO,,100.0,7.721246399047171,7.79,9.721246399047171,-0.014268524071509248
10.1126/science.1232808,5HT2B_HUMAN,Ergotamine,Recruitment ,Transducer,HTLA,,92.0,7.78,7.05,9.743787827345555,0.16534892017680614
10.1126/science.1232808,5HT2B_HUMAN,LSD,Recruitment ,Transducer,HTLA,,80.0,8.84,8.38,10.743089986991944,-0.16534892017680614
10.1126/scisignal.aar4309,OPRK_HUMAN,1.1,Recruitment ,Transducer,U2OS,Arrestin-3 (β-arrestin-2),88.0,5.476513667656772,5.44,7.4209963398069405,0.0
10.1126/scisignal.aar4309,OPRK_HUMAN,1.1,Activation,Transducer,CHO,,95.0,7.017728766960431,7.0,8.995452372249279,0.012656216819871169
10.1126/scisignal.aar4309,OPRK_HUMAN,1.1,Accumulation,Downstream,CHO,,94.0,6.510041520575165,6.49,8.483169374174864,0.047654451056183156
10.1126/scisignal.aar4309,OPRK_HUMAN,1.1,Activation,Downstream,CHO,,108.0,7.6777807052660805,8.03,9.71120446075303,-0.12570555225502567
10.1126/scisignal.aar4309,OPRK_HUMAN,2.1,Recruitment ,Transducer,U2OS,Arrestin-3 (β-arrestin-2),82.0,6.61261017366127,5.59,8.526424026044987,0.9554276862380471
10.1126/scisignal.aar4309,OPRK_HUMAN,2.1,Activation,Transducer,CHO,,94.0,6.809668301829708,6.8,8.782796155429407,0.0
10.1126/scisignal.aar4309,OPRK_HUMAN,2.1,Accumulation,Downstream,CHO,,98.0,6.518557371497695,6.55,8.50978344719019,0.014268524071509248
10.1126/scisignal.aar4309,OPRK_HUMAN,2.1,Activation,Downstream,CHO,,105.0,7.657577319177793,7.85,9.678766618247732,0.02185660523967492
10.1126/scisignal.aar4309,OPRK_HUMAN,"U69,593",Recruitment ,Transducer,U2OS,Arrestin-3 (β-arrestin-2),100.0,6.950781977329818,7.0,8.950781977329818,-0.03021436247712206
10.1126/scisignal.aar4309,OPRK_HUMAN,"U69,593",Activation,Transducer,CHO,,100.0,7.180456064458132,7.26,9.18045606445813,-0.062340090971276574
10.1126/scisignal.aar4309,OPRK_HUMAN,"U69,593",Accumulation,Downstream,CHO,,100.0,7.920818753952375,8.02,9.920818753952375,-0.04469616916630503
10.1126/scisignal.aar4309,OPRK_HUMAN,"U69,593",Activation,Downstream,CHO,,100.0,8.096910013008056,8.29,10.096910013008056,0.0
10.1126/scisignal.aat1631,AGTR1_HUMAN,[Val4]-AngIII,Accumulation,Downstream,HEK-293,,96.3,8.12,7.97,10.103626287124534,-0.4998460250607524
10.1126/scisignal.aat1631,AGTR1_HUMAN,[Val4]-AngIII,Recruitment ,Transducer,HEK-293,Gq,96.7,8.42,8.44,10.405426474083,-0.14613443312027563
10.1126/scisignal.aat1631,AGTR1_HUMAN,[Val4]-AngIII,Phosphorylation,Downstream,HEK-293,,99.9,8.79,8.8,10.789565488225982,0.02956548822598215
10.1126/scisignal.aat1631,AGTR1_HUMAN,[Val4]-Angiotensin III,Recruitment ,Transducer,HEK-293,Arrestin-3 (β-arrestin-2),102.4,8.44,8.47,10.450299956639812,0.036497730535018924
10.1126/scisignal.aat1631,AGTR1_HUMAN,[Val4]-Angiotensin III,Dissociation,Transducer,HEK-293,G12,89.7,7.78,7.66,9.732792443044092,0.04661246906020455
10.1126/scisignal.aat1631,AGTR1_HUMAN,[Val4]-Angiotensin III,Dissociation,Transducer,HEK-293,Gi2,86.7,8.5,7.98,10.43801909747621,0.645504456375027
10.1126/scisignal.aat1631,AGTR1_HUMAN,[Val4]-Angiotensin III,Dissociation,Transducer,HEK-293,Gi3,99.7,8.49,8.5,10.488695158311655,0.1015949889196417
10.1126/scisignal.aat1631,AGTR1_HUMAN,[Val4]-Angiotensin III,Dissociation,Transducer,HEK-293,Gq,93.8,8.31,8.23,10.282202838379066,0.022940345867031198
10.1126/scisignal.aat1631,AGTR1_HUMAN,[Val5]-Sarmesin,Recruitment ,Transducer,HEK-293,Arrestin-3 (β-arrestin-2),84.3,8.02,8.01,9.945827574624742,-0.007974651480050277
10.1126/scisignal.aat1631,AGTR1_HUMAN,[Val5]-Sarmesin,Dissociation,Transducer,HEK-293,G12,54.6,7.56,7.26,9.297192642704736,0.011012668720849383
10.1126/scisignal.aat1631,AGTR1_HUMAN,[Val5]-Sarmesin,Dissociation,Transducer,HEK-293,Gi2,43.2,7.15,6.98,8.785483746814913,-0.007030894286270684
10.1126/scisignal.aat1631,AGTR1_HUMAN,[Val5]-Sarmesin,Dissociation,Transducer,HEK-293,Gi3,40.6,7.27,7.02,8.878526033577193,-0.028574135814819712
10.1126/scisignal.aat1631,AGTR1_HUMAN,[Val5]-Sarmesin,Accumulation,Downstream,HEK-293,,21.8,8.16,6.08,9.498456493604605,0.7849841814193184
10.1126/scisignal.aat1631,AGTR1_HUMAN,[Val5]-Sarmesin,Dissociation,Transducer,HEK-293,Gq,49.2,7.46,7.12,9.15196510276736,0.002702610255325588
10.1126/scisignal.aat1631,AGTR1_HUMAN,[Val5]-Sarmesin,Recruitment ,Transducer,HEK-293,Gq,51.6,7.66,7.13,9.37264970162721,0.13108879442393384
10.1126/scisignal.aat1631,AGTR1_HUMAN,[Val5]-Sarmesin,Phosphorylation,Downstream,HEK-293,,20.8,7.93,7.39,9.248063334962762,-0.10193666503723708
10.1126/scisignal.aat1631,AGTR1_HUMAN,Angiotensin (1–7),Recruitment ,Transducer,HEK-293,Arrestin-3 (β-arrestin-2),53.4,6.54,6.51,8.267541257028556,-0.18626096907623602
10.1126/scisignal.aat1631,AGTR1_HUMAN,Angiotensin (1–7),Dissociation,Transducer,HEK-293,G12,46.7,5.07,4.93,6.739316880566113,-0.216863093417774
10.1126/scisignal.aat1631,AGTR1_HUMAN,Angiotensin (1–7),Dissociation,Transducer,HEK-293,Gi2,31.7,6.36,6.05,7.8610592622177515,-0.0014553788834317238
10.1126/scisignal.aat1631,AGTR1_HUMAN,Angiotensin (1–7),Dissociation,Transducer,HEK-293,Gi3,22.9,6.99,6.23,8.349835482339888,0.23273531294787375
10.1126/scisignal.aat1631,AGTR1_HUMAN,Angiotensin II,Recruitment ,Transducer,HEK-293,Arrestin-3 (β-arrestin-2),100.0,8.66,8.68,10.66,0.03619777389520795
10.1126/scisignal.aat1631,AGTR1_HUMAN,Angiotensin II,Dissociation,Transducer,HEK-293,G12,100.0,8.19,8.22,10.19,-0.05617997398388841
10.1126/scisignal.aat1631,AGTR1_HUMAN,Angiotensin II,Dissociation,Transducer,HEK-293,Gi2,100.0,8.34,8.41,10.34,0.11748535889881628
10.1126/scisignal.aat1631,AGTR1_HUMAN,Angiotensin II,Dissociation,Transducer,HEK-293,Gi3,100.0,8.56,8.58,10.56,0.0928998306079869
10.1126/scisignal.aat1631,AGTR1_HUMAN,Angiotensin II,Accumulation,Downstream,HEK-293,,100.0,8.33,8.17,10.33,-0.4734723121852866
10.1126/scisignal.aat1631,AGTR1_HUMAN,Angiotensin II,Dissociation,Transducer,HEK-293,Gq,100.0,8.55,8.55,10.55,-0.029262492512033944
10.1126/scisignal.aat1631,AGTR1_HUMAN,Angiotensin II,Recruitment ,Transducer,HEK-293,Gq,100.0,8.59,8.53,10.59,-0.05156090720327633
10.1126/scisignal.aat1631,AGTR1_HUMAN,Angiotensin II,Phosphorylation,Downstream,HEK-293,,100.0,8.92,8.96,10.92,0.0
10.1126/scisignal.aat1631,AGTR1_HUMAN,Angiotensin III,Recruitment ,Transducer,HEK-293,Arrestin-3 (β-arrestin-2),101.0,8.22,8.22,10.224321373782644,0.060519147677850604
10.1126/scisignal.aat1631,AGTR1_HUMAN,Angiotensin III,Dissociation,Transducer,HEK-293,G12,95.1,7.68,7.65,9.658180516937414,-0.0179994570464741
10.1126/scisignal.aat1631,AGTR1_HUMAN,Angiotensin III,Dissociation,Transducer,HEK-293,Gi2,86.5,8.1,8.0,10.037016107464813,0.22450146636363
10.1126/scisignal.aat1631,AGTR1_HUMAN,Angiotensin III,Dissociation,Transducer,HEK-293,Gi3,98.5,8.39,8.36,10.383436230497612,0.13633606110559882
10.1126/scisignal.aat1631,AGTR1_HUMAN,Angiotensin III,Accumulation,Downstream,HEK-293,,124.9,7.99,8.2,10.086562438374136,-0.7469098738111501
10.1126/scisignal.aat1631,AGTR1_HUMAN,Angiotensin III,Dissociation,Transducer,HEK-293,Gq,102.0,8.3,8.32,10.308600171761919,-0.040662320750115555
10.1126/scisignal.aat1631,AGTR1_HUMAN,Angiotensin III,Recruitment ,Transducer,HEK-293,Gq,99.9,8.43,8.37,10.429565488225983,-0.05199541897729354
10.1126/scisignal.aat1631,AGTR1_HUMAN,Angiotensin III,Phosphorylation,Downstream,HEK-293,,92.5,8.91,8.81,10.876141732739033,0.10614173273903305
10.1126/scisignal.aat1631,AGTR1_HUMAN,DVG,Recruitment ,Transducer,HEK-293,Arrestin-3 (β-arrestin-2),82.4,7.62,7.61,9.535927211697116,-0.017875014407676915
10.1126/scisignal.aat1631,AGTR1_HUMAN,DVG,Dissociation,Transducer,HEK-293,G12,60.9,7.44,7.2,9.224617292632876,-0.0015626813510110082
10.1126/scisignal.aat1631,AGTR1_HUMAN,DVG,Dissociation,Transducer,HEK-293,Gi2,36.1,7.84,7.58,9.397507201905658,0.004992560804474078
10.1126/scisignal.aat1631,AGTR1_HUMAN,DVG,Dissociation,Transducer,HEK-293,Gi3,32.0,7.88,7.52,9.385149978319905,-0.021950191072107827
10.1126/scisignal.aat1631,AGTR1_HUMAN,DVG,Recruitment ,Transducer,HEK-293,Gq,14.1,7.57,6.4,8.71921911265538,0.20765820545210367
10.1126/scisignal.aat1631,AGTR1_HUMAN,hSarmesin,Recruitment ,Transducer,HEK-293,Arrestin-3 (β-arrestin-2),93.2,8.03,8.01,9.999415912353982,0.04561368624918938
10.1126/scisignal.aat1631,AGTR1_HUMAN,hSarmesin,Dissociation,Transducer,HEK-293,G12,53.8,7.38,7.1,9.11078227566639,-0.015397698317497266
10.1126/scisignal.aat1631,AGTR1_HUMAN,hSarmesin,Dissociation,Transducer,HEK-293,Gi2,42.0,7.34,7.19,8.9632492903979,-0.039265350703283186
10.1126/scisignal.aat1631,AGTR1_HUMAN,hSarmesin,Dissociation,Transducer,HEK-293,Gi3,40.2,7.76,7.49,9.36422605308447,-0.012874116307543204
10.1126/scisignal.aat1631,AGTR1_HUMAN,hSarmesin,Dissociation,Transducer,HEK-293,Gq,39.6,7.53,7.08,9.127695185925512,0.018432693413478418
10.1126/scisignal.aat1631,AGTR1_HUMAN,Saralasin,Recruitment ,Transducer,HEK-293,Arrestin-3 (β-arrestin-2),74.8,8.22,8.18,10.093901597864463,-0.029900628240329574
10.1126/scisignal.aat1631,AGTR1_HUMAN,Saralasin,Dissociation,Transducer,HEK-293,G12,60.1,7.9,7.65,9.67887447200274,0.0026944980188519096
10.1126/scisignal.aat1631,AGTR1_HUMAN,Saralasin,Dissociation,Transducer,HEK-293,Gi2,25.6,8.3,7.93,9.70823996531185,-0.03427467578933241
10.1126/scisignal.aat1631,AGTR1_HUMAN,Saralasin,Dissociation,Transducer,HEK-293,Gi3,30.1,8.66,8.33,10.138566495593844,-0.07853367379816945
10.1126/scisignal.aat1631,AGTR1_HUMAN,Saralasin,Dissociation,Transducer,HEK-293,Gq,11.3,6.75,5.63,7.80307844348342,0.1438159509713861
10.1126/scisignal.aat1631,AGTR1_HUMAN,Saralasin,Recruitment ,Transducer,HEK-293,Gq,20.7,7.65,6.7,8.965970345456919,0.15440943825364162
10.1126/scisignal.aat1631,AGTR1_HUMAN,Sarmesin,Accumulation,Downstream,HEK-293,,22.0,7.0,5.54,8.342422680822207,0.1689503686369198
10.1126/scisignal.aat1631,AGTR1_HUMAN,Sarmesin,Recruitment ,Transducer,HEK-293,Gq,50.4,7.43,6.95,9.132430536445526,0.0708696292422486
10.1126/scisignal.aat1631,AGTR1_HUMAN,Sarmesin,Phosphorylation,Downstream,HEK-293,,20.2,7.48,6.81,8.785351369446625,0.015351369446626073
10.1126/scisignal.aat1631,AGTR1_HUMAN,SBpa,Recruitment ,Transducer,HEK-293,Arrestin-3 (β-arrestin-2),89.9,8.05,8.04,10.00375969173323,0.01995746562843781
10.1126/scisignal.aat1631,AGTR1_HUMAN,SBpa,Dissociation,Transducer,HEK-293,G12,64.0,8.17,7.95,9.976179973983887,0.0
10.1126/scisignal.aat1631,AGTR1_HUMAN,SBpa,Dissociation,Transducer,HEK-293,Gi2,73.2,7.98,7.94,9.844511081058393,0.09199643995720885
10.1126/scisignal.aat1631,AGTR1_HUMAN,SBpa,Dissociation,Transducer,HEK-293,Gi3,55.8,8.06,7.9,9.80663419893758,0.019534029545566156
10.1126/scisignal.aat1631,AGTR1_HUMAN,SBpa,Accumulation,Downstream,HEK-293,,19.5,7.39,6.02,8.680034611362517,0.02656229917723074
10.1126/scisignal.aat1631,AGTR1_HUMAN,SBpa,Dissociation,Transducer,HEK-293,Gq,42.5,7.53,7.13,9.158388930050311,-0.0008735624617228765
10.1126/scisignal.aat1631,AGTR1_HUMAN,SBpa,Recruitment ,Transducer,HEK-293,Gq,60.7,7.61,7.27,9.393188691075258,0.011627783871981379
10.1126/scisignal.aat1631,AGTR1_HUMAN,SBpa,Phosphorylation,Downstream,HEK-293,,16.1,7.93,7.37,9.13682587603185,-0.19317412396814948
10.1126/scisignal.aat1631,AGTR1_HUMAN,SI,Recruitment ,Transducer,HEK-293,Arrestin-3 (β-arrestin-2),94.1,8.26,8.25,10.233589623427257,0.03978739732246428
10.1126/scisignal.aat1631,AGTR1_HUMAN,SI,Dissociation,Transducer,HEK-293,G12,48.4,7.83,7.48,9.514845361644413,0.008665387660525603
10.1126/scisignal.aat1631,AGTR1_HUMAN,SI,Dissociation,Transducer,HEK-293,Gi2,27.1,8.45,8.07,9.882969290874405,0.0004546497732209609
10.1126/scisignal.aat1631,AGTR1_HUMAN,SI,Dissociation,Transducer,HEK-293,Gi3,25.6,8.59,8.13,9.99823996531185,-0.018860204080164422
10.1126/scisignal.aat1631,AGTR1_HUMAN,SI,Accumulation,Downstream,HEK-293,,12.5,6.5,4.99,7.596910013008056,-0.02656229917723074
10.1126/scisignal.aat1631,AGTR1_HUMAN,SI,Dissociation,Transducer,HEK-293,Gq,16.5,7.22,6.74,8.437483944213906,-0.3317785482981286
10.1126/scisignal.aat1631,AGTR1_HUMAN,SI,Recruitment ,Transducer,HEK-293,Gq,31.2,6.81,6.28,8.304154594018442,-0.08740631318483505
10.1126/scisignal.aat1631,AGTR1_HUMAN,SII,Recruitment ,Transducer,HEK-293,Arrestin-3 (β-arrestin-2),73.9,6.69,6.66,8.558644438394825,-0.045157787709967145
10.1126/scisignal.aat1631,AGTR1_HUMAN,SII,Dissociation,Transducer,HEK-293,G12,43.3,6.88,6.44,8.516487896353365,0.0503079223694769
10.1126/scisignal.aat1631,AGTR1_HUMAN,SII,Dissociation,Transducer,HEK-293,Gi2,27.1,7.06,6.75,8.492969290874406,-0.06954535022677755
10.1126/scisignal.aat1631,AGTR1_HUMAN,SII,Dissociation,Transducer,HEK-293,Gi3,24.4,7.66,7.35,9.04738982633873,-0.18971034305328338
10.1126/scisignal.aat1631,AGTR1_HUMAN,SII,Recruitment ,Transducer,HEK-293,Gq,25.7,5.86,5.17,7.269933123331295,-0.011627783871981379
10.1126/scisignal.aat1631,AGTR1_HUMAN,SIII,Recruitment ,Transducer,HEK-293,Arrestin-3 (β-arrestin-2),72.5,6.21,6.18,8.070338006570994,-0.05346421953379821
10.1126/scisignal.aat1631,AGTR1_HUMAN,SIII,Dissociation,Transducer,HEK-293,G12,36.1,6.69,6.19,8.247507201905659,0.03132722792177134
10.1126/scisignal.aat1631,AGTR1_HUMAN,SIII,Dissociation,Transducer,HEK-293,Gi2,23.6,6.44,6.08,7.812912002970107,-0.07960263813107682
10.1126/scisignal.aat1631,AGTR1_HUMAN,SIII,Dissociation,Transducer,HEK-293,Gi3,25.9,6.46,5.76,7.873299764081252,0.22619959468923856
10.1126/scisignal.aat1631,AGTR1_HUMAN,SIII,Dissociation,Transducer,HEK-293,Gq,24.1,5.13,4.49,6.512017042574868,-0.007245449937165915
10.1126/scisignal.aat1631,AGTR1_HUMAN,SIII,Recruitment ,Transducer,HEK-293,Gq,43.8,5.18,4.74,6.8214741105040995,-0.030086796699177576
10.1126/scisignal.aat1631,AGTR1_HUMAN,SVdF,Recruitment ,Transducer,HEK-293,Arrestin-3 (β-arrestin-2),82.6,8.16,8.14,10.076980047320383,-0.006822178784410049
10.1126/scisignal.aat1631,AGTR1_HUMAN,SVdF,Dissociation,Transducer,HEK-293,G12,67.5,7.88,7.69,9.709303772831024,-0.006876201152863359
10.1126/scisignal.aat1631,AGTR1_HUMAN,SVdF,Dissociation,Transducer,HEK-293,Gi2,59.0,7.83,7.75,9.600852011642145,0.03833737054096131
10.1126/scisignal.aat1631,AGTR1_HUMAN,SVdF,Dissociation,Transducer,HEK-293,Gi3,53.7,7.69,7.52,9.419974285699556,0.012874116307543204
10.1126/scisignal.aat1631,AGTR1_HUMAN,SVdF,Accumulation,Downstream,HEK-293,,20.7,7.75,6.34,9.065970345456918,0.09249803327163164
10.1126/scisignal.aat1631,AGTR1_HUMAN,SVdF,Dissociation,Transducer,HEK-293,Gq,41.7,7.1,6.69,8.720136054973757,0.0008735624617228765
10.1126/scisignal.aat1631,AGTR1_HUMAN,SVdF,Recruitment ,Transducer,HEK-293,Gq,57.0,7.51,7.06,9.265874855672491,0.09431394846921481
10.1126/scisignal.aat1631,AGTR1_HUMAN,SVdF,Phosphorylation,Downstream,HEK-293,,20.1,7.84,7.41,9.14319605742049,-0.22680394257950987
10.1126/scisignal.aat1631,AGTR1_HUMAN,TRV027,Recruitment ,Transducer,HEK-293,Arrestin-3 (β-arrestin-2),81.4,8.3,8.26,10.210624404889202,0.006822178784410049
10.1126/scisignal.aat1631,AGTR1_HUMAN,TRV027,Dissociation,Transducer,HEK-293,G12,64.0,7.61,7.39,9.416179973983887,0.0
10.1126/scisignal.aat1631,AGTR1_HUMAN,TRV027,Dissociation,Transducer,HEK-293,Gi2,40.0,8.18,7.97,9.782059991327962,-0.0004546497732209609
10.1126/scisignal.aat1631,AGTR1_HUMAN,TRV027,Dissociation,Transducer,HEK-293,Gi3,29.7,8.23,7.85,9.702756449317214,-0.03434372007479958
10.1126/scisignal.aaz3140,OPRM_HUMAN,Buprenorphine,Accumulation,Downstream,HEK-293,,86.0,9.61,8.6,11.544498451243568,0.5444984512435695
10.1126/scisignal.aaz3140,OPRM_HUMAN,Buprenorphine,Recruitment ,Transducer,HEK-293,Gi2,79.0,8.85,8.6,10.747627091290441,0.19478986658526942
10.1126/scisignal.aaz3140,OPRM_HUMAN,Buprenorphine,Binding/coupling,Transducer,HEK-293,MiniGi,36.0,8.65,8.0,10.206302500767288,0.20029915713248858
10.1126/scisignal.aaz3140,OPRM_HUMAN,DAMGO,Recruitment ,Transducer,HEK-293,Arrestin-3 (β-arrestin-2),100.0,6.27,6.5,8.27,-0.2053802449971034
10.1126/scisignal.aaz3140,OPRM_HUMAN,DAMGO,Recruitment ,Transducer,HEK-293,Arrestin-3 (β-arrestin-2),100.0,7.55,7.6,9.55,-0.025380244997101897
10.1126/scisignal.aaz3140,OPRM_HUMAN,DAMGO,Accumulation,Downstream,HEK-293,,100.0,8.48,8.0,10.48,0.08000000000000185
10.1126/scisignal.aaz3140,OPRM_HUMAN,DAMGO,Recruitment ,Transducer,HEK-293,Gi2,100.0,7.94,8.0,9.940000000000001,-0.012837224705171124
10.1126/scisignal.aaz3140,OPRM_HUMAN,DAMGO,Binding/coupling,Transducer,HEK-293,MiniGi,100.0,7.03,7.1,9.030000000000001,-0.07600334363479799
10.1126/scisignal.aaz3140,OPRM_HUMAN,Fentanyl,Recruitment ,Transducer,HEK-293,Arrestin-3 (β-arrestin-2),70.0,7.1,6.8,8.945098040014257,0.16971779501715378
10.1126/scisignal.aaz3140,OPRM_HUMAN,Fentanyl,Recruitment ,Transducer,HEK-293,Arrestin-3 (β-arrestin-2),92.0,8.08,8.0,10.043787827345556,0.06840758234845268
10.1126/scisignal.aaz3140,OPRM_HUMAN,Fentanyl,Accumulation,Downstream,HEK-293,,100.0,9.2,8.8,11.2,0.0
10.1126/scisignal.aaz3140,OPRM_HUMAN,Fentanyl,Recruitment ,Transducer,HEK-293,Gi2,103.0,8.68,8.8,10.692837224705173,-0.0600000000000005
10.1126/scisignal.aaz3140,OPRM_HUMAN,Fentanyl,Binding/coupling,Transducer,HEK-293,MiniGi,104.0,7.64,7.7,9.65703333929878,-0.04897000433602017
10.1126/scisignal.aaz3140,OPRM_HUMAN,Methadone,Recruitment ,Transducer,HEK-293,Arrestin-3 (β-arrestin-2),88.0,6.39,6.3,8.334482672150168,0.05910242715306513
10.1126/scisignal.aaz3140,OPRM_HUMAN,Methadone,Recruitment ,Transducer,HEK-293,Arrestin-3 (β-arrestin-2),100.0,7.15,7.2,9.15,-0.025380244997102785
10.1126/scisignal.aaz3140,OPRM_HUMAN,Methadone,Accumulation,Downstream,HEK-293,,106.0,8.22,8.1,10.245305865264772,-0.2546941347352263
10.1126/scisignal.aaz3140,OPRM_HUMAN,Methadone,Recruitment ,Transducer,HEK-293,Gi2,105.0,8.0,8.1,10.021189299069938,-0.031647925635233776
10.1126/scisignal.aaz3140,OPRM_HUMAN,Methadone,Binding/coupling,Transducer,HEK-293,MiniGi,107.0,6.99,7.0,9.01938377768521,0.01338043405041045
10.1126/scisignal.aaz3140,OPRM_HUMAN,Morphine,Recruitment ,Transducer,HEK-293,Arrestin-3 (β-arrestin-2),28.0,6.48,6.0,7.92715803134222,-0.048222213654883106
10.1126/scisignal.aaz3140,OPRM_HUMAN,Morphine,Recruitment ,Transducer,HEK-293,Arrestin-3 (β-arrestin-2),70.0,7.31,7.2,9.155098040014256,-0.020282204982847496
10.1126/scisignal.aaz3140,OPRM_HUMAN,Morphine,Accumulation,Downstream,HEK-293,,97.0,8.1,7.8,10.086771734266245,-0.11322826573375355
10.1126/scisignal.aaz3140,OPRM_HUMAN,Morphine,Recruitment ,Transducer,HEK-293,Gi2,98.0,7.72,7.8,9.711226075692494,-0.04161114901267826
10.1126/scisignal.aaz3140,OPRM_HUMAN,Morphine,Binding/coupling,Transducer,HEK-293,MiniGi,80.0,6.94,6.8,8.843089986991943,0.037086643357143956
10.1126/scisignal.aaz3140,OPRM_HUMAN,Oxycodone,Recruitment ,Transducer,HEK-293,Arrestin-3 (β-arrestin-2),23.0,6.77,5.2,8.131727836017593,0.9563475910204895
10.1126/scisignal.aaz3140,OPRM_HUMAN,Oxycodone,Recruitment ,Transducer,HEK-293,Arrestin-3 (β-arrestin-2),72.0,6.22,6.1,8.077332496431268,0.0019522514341652197
10.1126/scisignal.aaz3140,OPRM_HUMAN,Oxycodone,Accumulation,Downstream,HEK-293,,106.0,7.01,7.0,9.035305865264771,-0.3646941347352275
10.1126/scisignal.aaz3140,OPRM_HUMAN,Oxycodone,Recruitment ,Transducer,HEK-293,Gi2,103.0,6.94,7.0,8.952837224705172,0.0
10.1126/scisignal.aaz3140,OPRM_HUMAN,Oxycodone,Binding/coupling,Transducer,HEK-293,MiniGi,75.0,6.22,6.1,8.095061263391699,-0.010942080243100172
10.1126/scisignal.aaz3140,OPRM_HUMAN,PZM21,Recruitment ,Transducer,HEK-293,Arrestin-3 (β-arrestin-2),14.0,7.36,6.0,8.506128035678238,0.5307477906811346
10.1126/scisignal.aaz3140,OPRM_HUMAN,PZM21,Recruitment ,Transducer,HEK-293,Arrestin-3 (β-arrestin-2),59.0,7.56,7.3,9.330852011642143,0.05547176664504061
10.1126/scisignal.aaz3140,OPRM_HUMAN,PZM21,Accumulation,Downstream,HEK-293,,84.0,8.64,8.0,10.564279286061883,0.16427928606188402
10.1126/scisignal.aaz3140,OPRM_HUMAN,PZM21,Recruitment ,Transducer,HEK-293,Gi2,86.0,8.16,8.0,10.094498451243568,0.14166122653839608
10.1126/scisignal.aaz3140,OPRM_HUMAN,PZM21,Binding/coupling,Transducer,HEK-293,MiniGi,52.0,7.49,7.2,9.2060033436348,0.0
10.1126/scisignal.aaz3140,OPRM_HUMAN,SR-17018,Recruitment ,Transducer,HEK-293,Arrestin-3 (β-arrestin-2),12.0,8.4,6.7,9.479181246047625,0.8038010010505223
10.1126/scisignal.aaz3140,OPRM_HUMAN,SR-17018,Recruitment ,Transducer,HEK-293,Arrestin-3 (β-arrestin-2),49.0,6.48,6.7,8.170196080028514,-0.5051841649685889
10.1126/scisignal.aaz3140,OPRM_HUMAN,SR-17018,Accumulation,Downstream,HEK-293,,62.0,7.67,6.1,9.462391689498254,0.962391689498256
10.1126/scisignal.aaz3140,OPRM_HUMAN,SR-17018,Recruitment ,Transducer,HEK-293,Gi2,61.0,7.66,6.1,9.445329835010767,1.3924926103055952
10.1126/scisignal.aaz3140,OPRM_HUMAN,SR-17018,Binding/coupling,Transducer,HEK-293,MiniGi,35.0,7.15,6.6,8.694068044350276,0.0880647007154769
10.1126/scisignal.aaz3140,OPRM_HUMAN,TRV130,Recruitment ,Transducer,HEK-293,Arrestin-3 (β-arrestin-2),16.0,6.45,5.7,7.654119982655925,-0.02126026234117795
10.1126/scisignal.aaz3140,OPRM_HUMAN,TRV130,Recruitment ,Transducer,HEK-293,Arrestin-3 (β-arrestin-2),58.0,7.71,7.5,9.473427993562938,-0.0019522514341652197
10.1126/scisignal.aaz3140,OPRM_HUMAN,TRV130,Accumulation,Downstream,HEK-293,,86.0,8.66,8.2,10.594498451243568,-0.005501548756429386
10.1126/scisignal.aaz3140,OPRM_HUMAN,TRV130,Recruitment ,Transducer,HEK-293,Gi2,85.0,8.38,8.2,10.309418925714294,0.15658170100912194
10.1126/scisignal.aaz3140,OPRM_HUMAN,TRV130,Binding/coupling,Transducer,HEK-293,MiniGi,51.0,7.46,7.4,9.167570176097936,-0.23843316753686405
10.1126/scisignal.aaz3140,OPRM_MOUSE,Buprenorphine,Activation,Downstream,HEK-293,,19.0,7.93,7.0,9.208753600952829,0.14369233756112898
10.1126/scisignal.aaz3140,OPRM_MOUSE,DAMGO,Activation,Downstream,HEK-293,,75.0,7.29,7.1,9.1650612633917,0.0
10.1126/scisignal.aaz3140,OPRM_MOUSE,Fentanyl,Activation,Downstream,HEK-293,,74.0,8.34,8.2,10.209231719730976,-0.05582954366072279
10.1126/scisignal.aaz3140,OPRM_MOUSE,Morphine,Activation,Downstream,HEK-293,,56.0,7.16,6.9,8.9081880270062,-0.056873236385499126
10.1126/scisignal.aaz3140,OPRM_MOUSE,PZM21,Activation,Downstream,HEK-293,,40.0,7.78,7.3,9.382059991327962,0.016998727936262448
10.1126/scisignal.aaz3140,OPRM_MOUSE,SR-17018,Activation,Downstream,HEK-293,,33.0,6.18,5.5,7.698513939877888,0.13345267648618808
10.1126/scisignal.aaz3140,OPRM_MOUSE,TRV130,Activation,Downstream,HEK-293,,38.0,7.88,7.5,9.45978359661681,-0.10527766677489048
10.1161/HYPERTENSIONAHA.114.05099,APJ_HUMAN,[Pyr1]apelin-13,Recruitment ,Transducer,CHO-K1,,97.0,8.57,8.59,10.556771734266245,0.06585523543727279
10.1161/HYPERTENSIONAHA.114.05099,APJ_HUMAN,[Pyr1]apelin-13,Internalization ,Transducer,U2OS,,105.0,8.49,8.45,10.511189299069938,0.018882771791494335
10.1161/HYPERTENSIONAHA.114.05099,APJ_HUMAN,[Pyr1]apelin-13,Physiological effect,,Human Saphenous Vein,,100.0,9.93,10.18,11.93,0.38098687972196643
10.1161/HYPERTENSIONAHA.114.05099,APJ_HUMAN,MM07,Recruitment ,Transducer,CHO-K1,,75.0,5.67,5.71,7.5450612633917,-0.06585523543727279
10.1161/HYPERTENSIONAHA.114.05099,APJ_HUMAN,MM07,Internalization ,Transducer,U2OS,,108.0,6.16,6.17,8.19342375548695,-0.018882771791494335
10.1161/HYPERTENSIONAHA.114.05099,APJ_HUMAN,MM07,Physiological effect,,Human Saphenous Vein,,77.27272727272727,9.54,10.44,11.428026240556067,-0.38098687972196643
10.3389/fphar.2018.01202,CNR2_HUMAN,7,Internalization ,Transducer,Flp-In-293 ,,94.31643625192014,7.34,7.42,9.314587382572975,-0.021810868571249475
10.3389/fphar.2018.01202,CNR2_HUMAN,7,Phosphorylation,Downstream,Flp-In-293 ,,20.01943634596696,5.74,5.51,7.041451845606721,-0.3912689376086562
10.3389/fphar.2018.01202,CNR2_HUMAN,7,Accumulation,Downstream,Flp-In-293 ,,103.11750599520384,7.07,7.29,9.08333240060583,-0.16732457089373032
10.3389/fphar.2018.01202,CNR2_HUMAN,15,Internalization ,Transducer,Flp-In-293 ,,86.78955453149003,8.91,8.92,10.848467459251246,0.012069208107021279
10.3389/fphar.2018.01202,CNR2_HUMAN,15,Phosphorylation,Downstream,Flp-In-293 ,,96.79300291545191,7.45,7.45,9.435843963661267,0.06312318044588894
10.3389/fphar.2018.01202,CNR2_HUMAN,15,Accumulation,Downstream,Flp-In-293 ,,94.96402877697841,8.1,8.12,10.077559130951755,-0.0030978405478041537
10.3389/fphar.2018.01202,CNR2_HUMAN,16,Internalization ,Transducer,Flp-In-293 ,,76.80491551459295,8.92,8.9,10.805389015767826,-0.011009235376399307
10.3389/fphar.2018.01202,CNR2_HUMAN,16,Phosphorylation,Downstream,Flp-In-293 ,,74.14965986394559,7.91,7.84,9.780109163192447,0.017388379977070212
10.3389/fphar.2018.01202,CNR2_HUMAN,16,Accumulation,Downstream,Flp-In-293 ,,85.37170263788968,8.55,8.52,10.481313942999119,0.0006569714995592335
10.3389/fphar.2018.01202,CNR2_HUMAN,10 (UOSD015),Internalization ,Transducer,Flp-In-293 ,,88.1720430107527,7.05,7.09,8.995330903829782,-0.011067347314443143
10.3389/fphar.2018.01202,CNR2_HUMAN,10 (UOSD015),Phosphorylation,Downstream,Flp-In-293 ,,98.93100097181731,5.97,6.06,7.965332403238307,-0.017388379977070212
10.3389/fphar.2018.01202,CNR2_HUMAN,10 (UOSD015),Accumulation,Downstream,Flp-In-293 ,,79.13669064748201,6.98,6.9,8.87837788490413,0.017720913404570382
10.3389/fphar.2018.01202,CNR2_HUMAN,14 (UOSD017),Internalization ,Transducer,Flp-In-293 ,,94.93087557603687,6.76,6.81,8.737407486520624,0.011009235376399307
10.3389/fphar.2018.01202,CNR2_HUMAN,14 (UOSD017),Phosphorylation,Downstream,Flp-In-293 ,,45.28668610301264,5.13,5.16,6.785970541927567,-0.2967502412878109
10.3389/fphar.2018.01202,CNR2_HUMAN,14 (UOSD017),Accumulation,Downstream,Flp-In-293 ,,71.46282973621103,6.02,5.83,7.874080209102497,0.08342323760293713
10.3389/fphar.2018.01202,CNR2_HUMAN,"CP55,940",Internalization ,Transducer,Flp-In-293 ,,100.0,8.72,8.76,10.72,0.043601748855775835
10.3389/fphar.2018.01202,CNR2_HUMAN,"CP55,940",Phosphorylation,Downstream,Flp-In-293 ,,100.0,8.03,8.05,10.03,0.05727921678462122
10.3389/fphar.2018.01202,CNR2_HUMAN,"CP55,940",Accumulation,Downstream,Flp-In-293 ,,100.0,8.48,8.52,10.48,-0.0006569714995592335
10.3389/fphar.2020.00188,OPRK_HUMAN,LOR17,Accumulation,Downstream,HEK-293,,85.0,8.55284196865778,8.856,10.482260894372073,-0.264430816205663
10.3389/fphar.2020.00188,OPRK_HUMAN,"U50,488",Accumulation,Downstream,HEK-293,,90.0,8.795880017344075,8.595,10.7501225267834,0.264430816205663
10.3390/ijms20102417,CCR1_HUMAN,CCL15(∆26),Recruitment ,Transducer,HEK-293,Arrestin-3 (β-arrestin-2),94.3,8.6,8.7,10.574511692737328,-0.09177564634686597
10.3390/ijms20102417,CCR1_HUMAN,CCL15(∆26),Phosphorylation,Downstream,HEK-293,,25.4,8.6,8.7,10.004833716619938,-0.17803986698881502
10.3390/ijms20102417,CCR1_HUMAN,CCL15(∆26),Accumulation,Downstream,HEK-293,,28.7,8.6,8.4,10.057881896733992,-0.13053792526871888
10.3390/ijms20102417,CCR1_HUMAN,CCL15(∆26),Recruitment ,Transducer,HEK-293,Gi1,110.6,9.0,8.7,11.04375512696868,0.038821604614535765
10.3390/ijms20102417,CCR1_HUMAN,CCL15(∆26),Recruitment ,Transducer,HEK-293,Gi2,114.0,8.9,8.3,10.956904851336473,0.23563662172370137
10.3390/ijms20102417,CCR1_HUMAN,CCL15(∆28),Recruitment ,Transducer,HEK-293,Arrestin-3 (β-arrestin-2),73.5,8.9,8.8,10.766287339084196,0.0
10.3390/ijms20102417,CCR1_HUMAN,CCL15(∆28),Phosphorylation,Downstream,HEK-293,,28.3,8.7,8.6,10.15178643552429,0.06891285191553642
10.3390/ijms20102417,CCR1_HUMAN,CCL15(∆28),Accumulation,Downstream,HEK-293,,35.7,9.4,8.9,10.952668216112194,0.2642483941094831
10.3390/ijms20102417,CCR1_HUMAN,CCL15(∆28),Recruitment ,Transducer,HEK-293,Gi1,86.2,8.6,8.4,10.535507265824712,-0.16942625652943288
10.3390/ijms20102417,CCR1_HUMAN,CCL15(∆28),Recruitment ,Transducer,HEK-293,Gi2,140.4,8.9,8.6,11.047367107793786,0.026098878181015195
10.3390/ijms20102417,CCR1_HUMAN,CCL15(N-CCL7),Recruitment ,Transducer,HEK-293,Arrestin-3 (β-arrestin-2),71.0,8.9,8.8,10.751258348719075,-0.01502899036512062
10.3390/ijms20102417,CCR1_HUMAN,CCL15(N-CCL7),Phosphorylation,Downstream,HEK-293,,28.2,8.9,8.8,10.350249108319362,0.06737552471060759
10.3390/ijms20102417,CCR1_HUMAN,CCL15(N-CCL7),Accumulation,Downstream,HEK-293,,35.5,9.7,9.1,11.250228353055093,0.3618085310523824
10.3390/ijms20102417,CCR1_HUMAN,CCL15(N-CCL7),Recruitment ,Transducer,HEK-293,Gi1,91.2,9.2,9.0,11.159994838328416,-0.14493868402572918
10.3390/ijms20102417,CCR1_HUMAN,CCL15(N-CCL7),Recruitment ,Transducer,HEK-293,Gi2,124.5,8.8,8.5,10.895169351431756,-0.026098878181015195
10.3390/ijms20102417,CCR1_HUMAN,CCL7,Recruitment ,Transducer,HEK-293,Arrestin-3 (β-arrestin-2),43.1,8.3,7.5,9.934477270160732,0.4681899310765374
10.3390/ijms20102417,CCR1_HUMAN,CCL7,Phosphorylation,Downstream,HEK-293,,30.4,8.0,8.0,9.482873583608754,0.0
10.3390/ijms20102417,CCR1_HUMAN,CCL7,Accumulation,Downstream,HEK-293,,48.8,8.0,7.9,9.688419822002711,0.0
10.3390/ijms20102417,CCR1_HUMAN,CCL7,Recruitment ,Transducer,HEK-293,Gi1,160.3,7.9,7.8,10.104933522354145,0.0
10.3390/ijms20102417,CCR1_HUMAN,CCL7,Recruitment ,Transducer,HEK-293,Gi2,195.5,7.6,7.6,9.891146761731886,-0.13012146788088508
10.3390/ijms20102417,CCR1_HUMAN,CCL8,Recruitment ,Transducer,HEK-293,Arrestin-3 (β-arrestin-2),98.4,7.0,6.8,8.992995098431342,0.22670775934714715
10.3390/ijms20102417,CCR1_HUMAN,CCL8,Phosphorylation,Downstream,HEK-293,,20.8,7.2,7.1,8.518063334962761,-0.06481024864599227
10.3390/ijms20102417,CCR1_HUMAN,CCL8,Accumulation,Downstream,HEK-293,,46.0,7.3,7.3,8.962757831681573,-0.12566199032113712
10.3390/ijms20102417,CCR1_HUMAN,CCL8,Recruitment ,Transducer,HEK-293,Gi1,172.2,7.5,7.4,9.736033147117636,0.03109962476349093
10.3390/molecules24244542,OPRD_HUMAN,1a,Recruitment ,Transducer,CHO,Arrestin-3 (β-arrestin-2),107.0,8.010105436281227,8.1,10.039489213966437,-0.15258593904461737
10.3390/molecules24244542,OPRD_HUMAN,1b,Recruitment ,Transducer,CHO,Arrestin-3 (β-arrestin-2),130.0,8.769551078621726,9.0,10.883494430928563,-0.208580722082492
10.3390/molecules24244542,OPRD_HUMAN,1c,Recruitment ,Transducer,CHO,Arrestin-3 (β-arrestin-2),116.0,9.2518119729938,9.4,11.316269962220717,-0.17580519079033774
10.3390/molecules24244542,OPRD_HUMAN,1d,Recruitment ,Transducer,CHO,Arrestin-3 (β-arrestin-2),111.0,8.950781977329818,9.0,10.996104956116476,-0.0959701968945792
10.3390/molecules24244542,OPRD_HUMAN,1e,Recruitment ,Transducer,CHO,Arrestin-3 (β-arrestin-2),105.0,8.460923901207224,8.3,10.482113200277162,0.09003804726610642
10.3390/molecules24244542,OPRD_HUMAN,1f,Recruitment ,Transducer,CHO,Arrestin-3 (β-arrestin-2),106.0,7.931814138253839,7.9,9.95712000351861,-0.03495514949244605
10.3390/molecules24244542,OPRD_HUMAN,1g,Recruitment ,Transducer,CHO,Arrestin-3 (β-arrestin-2),108.0,8.39040559077478,8.4,10.42382934626173,-0.06824580674932523
10.3390/molecules24244542,OPRD_HUMAN,1h,Recruitment ,Transducer,CHO,Arrestin-3 (β-arrestin-2),91.0,7.769551078621726,7.4,9.72859247094282,0.23651731793176456
10.3390/molecules24244542,OPRD_HUMAN,1i,Recruitment ,Transducer,CHO,Arrestin-3 (β-arrestin-2),96.0,7.309803919971486,7.2,9.292075153011055,0.0
10.3390/molecules24244542,OPRD_HUMAN,1j,Recruitment ,Transducer,CHO,Arrestin-3 (β-arrestin-2),92.0,7.0,6.6,8.963787827345556,0.2717126743345011
10.3390/molecules24244542,OPRD_HUMAN,1k,Recruitment ,Transducer,CHO,Arrestin-3 (β-arrestin-2),85.0,5.950007143079858,5.4,7.87942606879415,0.3873509157830952
10.3390/molecules24244542,OPRD_HUMAN,1l,Recruitment ,Transducer,CHO,Arrestin-3 (β-arrestin-2),98.0,6.400116927926312,6.2,8.391343003618807,0.09926785060775245
10.3390/molecules24244542,OPRD_HUMAN,Leu-enkephalin,Recruitment ,Transducer,CHO,Arrestin-3 (β-arrestin-2),100.0,8.050122295963126,7.9,10.050122295963126,0.05804714295207081
10.3390/molecules24244542,OPRD_MOUSE,1a,Accumulation,Downstream,HEK-293,,95.0,9.4089353929735,9.4,11.386658998262348,-0.03650771394659813
10.3390/molecules24244542,OPRD_MOUSE,1b,Accumulation,Downstream,HEK-293,,94.0,10.657577319177793,10.6,12.630705172777493,0.007538460568547123
10.3390/molecules24244542,OPRD_MOUSE,1c,Accumulation,Downstream,HEK-293,,96.0,10.522878745280337,10.5,12.505149978319906,-0.01801673388903957
10.3390/molecules24244542,OPRD_MOUSE,1d,Accumulation,Downstream,HEK-293,,97.0,10.602059991327963,10.6,12.588831725594208,-0.03433498661473777
10.3390/molecules24244542,OPRD_MOUSE,1e,Accumulation,Downstream,HEK-293,,92.0,10.4089353929735,10.0,12.372723220319056,0.3495565081101102
10.3390/molecules24244542,OPRD_MOUSE,1f,Accumulation,Downstream,HEK-293,,98.0,9.853871964321762,9.8,11.845098040014257,0.021931327805310374
10.3390/molecules24244542,OPRD_MOUSE,1g,Accumulation,Downstream,HEK-293,,92.0,9.958607314841775,9.7,11.92239514218733,0.19922842997838508
10.3390/molecules24244542,OPRD_MOUSE,1h,Accumulation,Downstream,HEK-293,,100.0,9.455931955649724,9.3,11.455931955649724,0.13276524344077778
10.3390/molecules24244542,OPRD_MOUSE,1i,Accumulation,Downstream,HEK-293,,99.0,9.327902142064282,9.0,11.323537336661833,0.30037062445288676
10.3390/molecules24244542,OPRD_MOUSE,1j,Accumulation,Downstream,HEK-293,,100.0,8.34008379993015,8.2,10.34008379993015,0.11691708772120535
10.3390/molecules24244542,OPRD_MOUSE,1k,Accumulation,Downstream,HEK-293,,97.0,7.319664486585437,7.3,9.306436220851682,-0.01673049135726412
10.3390/molecules24244542,OPRD_MOUSE,1l,Accumulation,Downstream,HEK-293,,99.0,7.519993057042849,7.5,9.515628251640399,-0.007538460568547123
10.3390/molecules24244542,OPRD_MOUSE,DAMGO,Accumulation,Downstream,HEK-293,,98.0,5.910094888560602,5.9,7.901320964253097,-0.02184574795584915
10.3390/molecules24244542,OPRD_MOUSE,Leu-enkephalin,Accumulation,Downstream,HEK-293,,100.0,8.991399828238082,9.2,10.991399828238082,-0.2317668839708631
10.3390/molecules24244542,OPRM_HUMAN,1a,Recruitment ,Transducer,CHO,Arrestin-3 (β-arrestin-2),75.0,6.2403321553103694,5.8,8.11539341870207,-0.12012938042596932
10.3390/molecules24244542,OPRM_HUMAN,1b,Recruitment ,Transducer,CHO,Arrestin-3 (β-arrestin-2),96.0,7.1700533040583645,7.2,9.152324537097932,-0.48319826203010674
10.3390/molecules24244542,OPRM_HUMAN,1c,Recruitment ,Transducer,CHO,Arrestin-3 (β-arrestin-2),79.0,7.449771646944906,7.2,9.347398738235347,-0.2881240608926925
10.3390/molecules24244542,OPRM_HUMAN,1d,Recruitment ,Transducer,CHO,Arrestin-3 (β-arrestin-2),70.0,7.329754146925876,6.6,9.174852186940132,0.13932938781209359
10.3390/molecules24244542,OPRM_HUMAN,1e,Recruitment ,Transducer,CHO,Arrestin-3 (β-arrestin-2),71.0,6.730487055782084,6.1,8.58174540450116,0.04622260537312073
10.3390/molecules24244542,OPRM_HUMAN,1f,Recruitment ,Transducer,CHO,Arrestin-3 (β-arrestin-2),67.0,6.229884705212898,5.6,8.055959507913725,0.020436708785686264
10.3390/molecules24244542,OPRM_HUMAN,1g,Recruitment ,Transducer,CHO,Arrestin-3 (β-arrestin-2),71.0,7.250263684430939,6.6,9.101522033150014,0.06599923402197483
10.3390/molecules24244542,OPRM_HUMAN,1h,Recruitment ,Transducer,CHO,Arrestin-3 (β-arrestin-2),68.0,6.801342913045577,5.9,8.633851825751814,0.29832902662377414
10.3390/molecules24244542,OPRM_HUMAN,1i,Recruitment ,Transducer,CHO,Arrestin-3 (β-arrestin-2),60.0,6.270025714300444,5.3,8.048176964684087,0.3126541655560482
10.3390/molecules24244542,OPRM_HUMAN,1j,Recruitment ,Transducer,CHO,Arrestin-3 (β-arrestin-2),70.0,5.869988050328096,5.3,7.715086090342353,-0.020436708785686264
10.3390/molecules24244542,OPRM_HUMAN,1k,Recruitment ,Transducer,CHO,Arrestin-3 (β-arrestin-2),36.0,4.3799993576999325,3.2,5.936301858467219,0.30077905933918014
10.3390/molecules24244542,OPRM_HUMAN,1l,Recruitment ,Transducer,CHO,Arrestin-3 (β-arrestin-2),64.0,4.430006112432553,3.9,6.23618608641644,-0.09933671271159872
10.3390/molecules24244542,OPRM_HUMAN,DAMGO,Recruitment ,Transducer,CHO,Arrestin-3 (β-arrestin-2),100.0,6.801342913045577,6.9,8.801342913045577,-0.5341798860824625
10.3390/molecules24244542,OPRM_HUMAN,Leu-enkephalin,Recruitment ,Transducer,CHO,Arrestin-3 (β-arrestin-2),61.0,6.0101054362812265,5.5,7.795435271291994,-0.1400875278360454
10.3390/molecules24244542,OPRM_MOUSE,1a,Accumulation,Downstream,HEK-293,,98.0,8.100179497572904,8.0,10.0914055732654,-0.019793822888012347
10.3390/molecules24244542,OPRM_MOUSE,1b,Accumulation,Downstream,HEK-293,,99.0,7.519993057042849,7.5,9.515628251640399,-0.09557114451301318
10.3390/molecules24244542,OPRM_MOUSE,1c,Accumulation,Downstream,HEK-293,,104.0,8.0,8.1,10.01703333929878,-0.19416605685463084
10.3390/molecules24244542,OPRM_MOUSE,1d,Accumulation,Downstream,HEK-293,,94.0,8.369572124974976,8.0,10.342699978574675,0.23150058242126326
10.3390/molecules24244542,OPRM_MOUSE,1e,Accumulation,Downstream,HEK-293,,85.0,8.429457060118102,8.1,10.358875985832395,0.14767658967898312
10.3390/molecules24244542,OPRM_MOUSE,1f,Accumulation,Downstream,HEK-293,,87.0,8.090443970758825,7.4,10.029963223377443,0.5187638272240309
10.3390/molecules24244542,OPRM_MOUSE,1g,Accumulation,Downstream,HEK-293,,90.0,8.610833915635467,8.1,10.565076425074793,0.35387702892138106
10.3390/molecules24244542,OPRM_MOUSE,1h,Accumulation,Downstream,HEK-293,,92.0,7.920818753952375,7.5,9.88460658129793,0.27340718514451856
10.3390/molecules24244542,OPRM_MOUSE,1i,Accumulation,Downstream,HEK-293,,105.0,7.309803919971486,7.2,9.330993219041424,0.019793822888012347
10.3390/molecules24244542,OPRM_MOUSE,1j,Accumulation,Downstream,HEK-293,,99.0,7.39040559077478,7.4,9.38604078537233,-0.12515861078108204
10.3390/molecules24244542,OPRM_MOUSE,1k,Accumulation,Downstream,HEK-293,,100.0,6.6307841425898575,6.6,8.630784142589857,-0.08041525356355494
10.3390/molecules24244542,OPRM_MOUSE,1l,Accumulation,Downstream,HEK-293,,99.0,6.519993057042849,6.6,8.515628251640399,-0.19557114451301283
10.3390/molecules24244542,OPRM_MOUSE,DAMGO,Accumulation,Downstream,HEK-293,,100.0,7.82102305270683,7.8,9.821023052706831,-0.09017634344658054
10.3390/molecules24244542,OPRM_MOUSE,Leu-enkephalin,Accumulation,Downstream,HEK-293,,100.0,7.34008379993015,7.0,9.340083799930149,0.2288844037767368
