class,model,gate,V_half,k_mV,z_eff,n_pts,violation
K,127021_Golgi_KV.mod,n,-16.2252,27.0405,0.8905,45,
K,80769_Kv4.mod,n,-57.0,17.3271,1.3897,40,
K,80769_Kv4.mod,h,-69.6035,-9.5719,2.5157,20,
K,156780_SKv3_1.mod,m,18.7001,9.7,2.4825,13,
K,139883_GRC_KIR.mod,d,-87.5043,-14.4928,1.6615,20,
K,114355_G_kadist.mod,n,-0.8325,12.8665,1.8715,25,
K,114355_G_kadist.mod,l,-56.0,-8.0283,2.9994,23,
K,102288_Ikdrsaxon.mod,m,-0.9596,17.0832,1.4096,32,
K,102288_Ikdrsaxon.mod,h,-50.712,-32.5044,0.7408,55,
K,140038_shift_hh_6.mod,n,-49.7699,20.3153,1.1853,48,
K,123897_kv.mod,n,4.2776,9.0051,2.674,19,
K,112685_Golgi_KV.mod,n,-16.2252,27.0405,0.8905,45,
K,143100_Kv4s.mod,m,-49.0,12.5,1.9264,34,
K,143100_Kv4s.mod,h,-83.0018,-10.0006,2.4078,16,
K,3682_hh3.mod,n,-39.9969,3.0017,8.0221,9,
K,147538_kadist.mod,n,-0.8325,12.8665,1.8715,25,
K,147538_kadist.mod,l,-56.0,-8.0283,2.9994,23,
K,184312_Im_v2.mod,m,-48.0091,4.3487,5.5372,13,
K,151126_km.mod,m,-42.0009,3.9995,6.0207,11,
K,225080_kap.mod,n,11.0826,15.7263,1.5312,25,
K,225080_kap.mod,l,-55.9999,-8.0283,2.9994,23,
K,138321_kaprox.mod,n,11.0845,15.7256,1.5313,25,
K,138321_kaprox.mod,l,-56.0,-8.0283,2.9994,23,
K,170030_kv72wt73wt.mod,m,-30.7063,11.6567,2.0657,34,
K,62284_KDR.mod,n,-37.8687,9.5081,2.5326,28,
K,138205_kaprox.mod,n,11.0826,15.7263,1.5312,25,
K,138205_kaprox.mod,l,-56.0,-8.0283,2.9994,23,
K,223649_im.mod,n,-52.7005,10.3397,2.3289,22,
K,113997_HH2.mod,n,-27.0597,12.3009,1.9576,32,
K,20756_k2.mod,m,-5.2112,22.0672,1.0912,44,
K,20756_k2.mod,h,-58.001,-10.6012,2.2714,27,
K,184331_K_T.mod,m,-47.0,29.0,0.8303,50,
K,184331_K_T.mod,h,-66.0046,-10.0022,2.4075,23,
K,147757_kdr.mod,n,13.0006,8.0285,2.9993,13,
K,168874_kaprox.mod,n,17.1453,15.7601,1.5279,23,
K,168874_kaprox.mod,l,-50.0,-8.0283,2.9994,23,
K,222716_kdr.mod,n,13.0006,8.0285,2.9993,13,
K,187474_Im.mod,m,-35.0005,4.9998,4.8162,14,
K,169457_K_Pst.mod,m,-10.9999,12.0,2.0067,30,
K,169457_K_Pst.mod,h,-64.0115,-11.004,2.1883,26,
K,184348_Kv3_1.mod,m,18.7001,9.7,2.4825,13,
K,184352_Im_v2.mod,m,-48.0091,4.3487,5.5372,13,
K,184166_K_T.mod,m,-47.0,29.0,0.8303,50,
K,184166_K_T.mod,h,-66.0046,-10.0022,2.4075,23,
K,82784_KdrIN.mod,n,-29.666,21.9245,1.0983,48,
K,225086_kfast.mod,n,4.2939,9.0087,2.673,19,
K,53876_a.mod,a,-65.0,5.7143,4.214,16,
K,53876_a.mod,b,-71.0004,-3.6499,6.5975,10,
K,115356_km.mod,u,-52.7134,10.3379,2.3293,29,
K,87535_kadist.mod,n,-0.8325,12.8665,1.8715,25,
K,87535_kadist.mod,l,-56.0,-8.0283,2.9994,23,
K,151126_kdr.mod,n,13.0006,8.0285,2.9993,13,
K,124063_Rod_Kx.mod,nKx,-49.9119,5.6948,4.2284,17,
K,19176_HH2.mod,n,-34.8198,13.1933,1.8252,36,
K,184171_Kv3_1.mod,m,18.7001,9.7,2.4825,13,
K,217783_Kdr_iAMC_Fig10Hii_ChannelML.mod,m,28.3973,38.2478,0.6296,44,
K,153280_ch_KvAdistp.mod,n,-0.8325,12.8665,1.8715,25,
K,153280_ch_KvAdistp.mod,l,-56.0,-8.0283,2.9994,23,
K,123897_km.mod,n,-30.0064,9.0011,2.6752,27,
K,187604_ch_KvAproxp.mod,n,11.0826,15.7263,1.5312,25,
K,187604_ch_KvAproxp.mod,l,-56.0,-8.0283,2.9994,23,
K,144541_kdrca1.mod,n,13.0006,8.0285,2.9993,13,
K,21329_nethhwbm.mod,n,-27.8974,18.3142,1.3148,44,
K,148644_kaprox.mod,n,11.0826,15.7263,1.5312,25,
K,148644_kaprox.mod,l,-56.0,-8.0283,2.9994,23,
K,143719_kdr.mod,n,13.0006,8.0285,2.9993,13,
K,184339_K_T.mod,m,-47.0,29.0,0.8303,50,
K,184339_K_T.mod,h,-66.0046,-10.0022,2.4075,23,
K,20756_ka.mod,m,-59.9999,8.5003,2.8328,23,
K,20756_ka.mod,h,-78.0003,-6.0006,4.0129,11,
K,184341_K_T.mod,m,-47.0,29.0,0.8303,50,
K,184341_K_T.mod,h,-66.0046,-10.0022,2.4075,23,
K,184310_Im.mod,m,-35.0068,4.997,4.8189,14,
K,184139_Kaprox.mod,n,-14.708,8.3323,2.8899,24,
K,184139_Kaprox.mod,l,-70.0001,-5.1283,4.6955,13,
K,144490_kadist_v2.mod,n,-0.8324,12.8664,1.8715,25,
K,144490_kadist_v2.mod,l,-55.9999,-8.0284,2.9994,23,
K,141273_km.mod,n,-30.0064,9.0011,2.6752,27,
K,155157_kA.mod,p,-42.0,13.0,1.8523,39,
K,155157_kA.mod,q,-110.004,-18.0005,1.3377,14,
K,148094_kadist.mod,n,-0.8325,12.8665,1.8715,25,
K,148094_kadist.mod,l,-56.0,-8.0283,2.9994,23,
K,147757_kaprox.mod,n,11.0826,15.7263,1.5312,25,
K,147757_kaprox.mod,l,-55.9999,-8.0283,2.9994,23,
K,117207_kadist.mod,n,-0.8325,12.8665,1.8715,25,
K,117207_kadist.mod,l,-56.0,-8.0283,2.9994,23,
K,123927_KM.mod,u,-52.7134,10.3379,2.3293,29,
K,140462_Ikt2m2h.mod,m,-9.8299,13.18,1.827,31,
K,140462_Ikt2m2h.mod,h,-40.3057,-12.3031,1.9572,36,
K,155057_kadist.mod,n,-0.8324,12.8664,1.8715,25,
K,155057_kadist.mod,l,-55.9999,-8.0284,2.9994,23,
K,117207_kaprox.mod,n,11.0826,15.7263,1.5312,25,
K,117207_kaprox.mod,l,-56.0,-8.0283,2.9994,23,
K,180373_Im.mod,m,-35.0005,4.9998,4.8162,14,
K,184333_K_T.mod,m,-47.0,29.0,0.8303,50,
K,184333_K_T.mod,h,-66.0046,-10.0022,2.4075,23,
K,139656_Golgi_KM.mod,n,-35.0218,5.9876,4.0216,18,
K,182797_Ikdrs.mod,m,-0.9596,17.0832,1.4096,32,
K,182797_Ikdrs.mod,h,-50.712,-32.5044,0.7408,55,
K,184308_K_T.mod,m,-47.0,29.0,0.8303,50,
K,184308_K_T.mod,h,-66.0046,-10.0022,2.4075,23,
K,184346_Im_v2.mod,m,-48.0091,4.3487,5.5372,13,
K,135902_kdrca1.mod,n,13.0011,8.0287,2.9992,13,
K,225311_K_Pst.mod,m,-10.9999,12.0,2.0067,30,
K,225311_K_Pst.mod,h,-64.0115,-11.004,2.1883,26,
K,51196_grg_km.mod,n,-30.0202,5.9888,4.0208,17,
K,102288_Ikdrfaxon.mod,m,-7.6254,12.2261,1.9696,26,
K,102288_Ikdrfaxon.mod,h,-42.9073,-30.2793,0.7953,45,
K,97263_kamt.mod,m,17.5001,14.0,1.72,21,
K,97263_kamt.mod,h,-41.7083,-6.0045,4.0103,17,
K,62285_KDR.mod,n,-37.8687,9.5081,2.5326,28,
K,155157_kM.mod,x,-35.0025,4.9987,4.8172,14,
K,126814_km.mod,m,-34.0034,9.9989,2.4082,29,
K,155735_Kh1.mod,m,-87.5823,-9.0167,2.6706,11,
K,170030_kaprox.mod,n,11.0826,15.7263,1.5312,25,
K,170030_kaprox.mod,l,-56.0,-8.0283,2.9994,23,
K,184139_KdBG40.mod,xs,-48.0,5.1282,4.6956,15,
K,184139_KdBG40.mod,ys,-90.0117,-8.5507,2.8161,10,
K,124043_kdr2.mod,m,-29.4763,10.0166,2.404,30,
K,144579_ka_ib.mod,m,-59.9999,8.5003,2.8328,23,
K,144579_ka_ib.mod,h,-78.0011,-6.0009,4.0127,11,
K,3344_kadg.mod,n,-10.2996,8.8548,2.7194,22,
K,3344_kadg.mod,l,-73.1025,-6.301,3.8216,14,
K,145672_migliore_kaprox.mod,n,11.0826,15.7263,1.5312,25,
K,145672_migliore_kaprox.mod,l,-56.0,-8.0283,2.9994,23,
K,125152_ka.mod,a,-50.0,20.0,1.204,47,
K,125152_ka.mod,b,-80.0001,-6.0,4.0133,10,
K,144589_kadist.mod,n,-0.8325,12.8665,1.8715,25,
K,144589_kadist.mod,l,-56.0,-8.0283,2.9994,23,
K,184182_K_T.mod,m,-47.0,29.0,0.8303,50,
K,184182_K_T.mod,h,-66.0046,-10.0022,2.4075,23,
K,184331_Kv3_1.mod,m,18.7001,9.7,2.4825,13,
K,190559_kaprox.mod,n,11.0826,15.7263,1.5312,25,
K,190559_kaprox.mod,l,-56.0,-8.0283,2.9994,23,
K,184299_Kv3_1.mod,m,18.7001,9.7,2.4825,13,
K,138321_kv.mod,n,4.2776,9.0051,2.674,19,
K,8115_IKd_traub.mod,n,-27.0603,12.3009,1.9576,32,
K,123623_HH_traub.mod,n,-34.8198,13.1933,1.8252,36,
K,126637_KM.mod,m,-35.0352,9.9807,2.4126,30,
K,117207_IL.mod,n,-60.0003,20.0,1.204,42,
K,117207_IL.mod,l,-30.0007,-20.0004,1.204,47,
K,184178_Kv3_1.mod,m,18.7001,9.7,2.4825,13,
K,157339_kdrca1.mod,n,13.0006,8.0285,2.9993,13,
K,187604_ch_KvAdistp.mod,n,-0.8325,12.8665,1.8715,25,
K,187604_ch_KvAdistp.mod,l,-56.0,-8.0283,2.9994,23,
K,189154_kdr.mod,n,13.0006,8.0285,2.9993,13,
K,114355_M_kdr.mod,n,13.0006,8.0285,2.9993,13,
K,3167_kdrca1.mod,n,13.0006,8.0285,2.9993,13,
K,229585_Kv34.mod,m,-34.9999,15.4001,1.5636,46,
K,229585_Kv34.mod,h,17.2589,-37.8185,0.6367,36,
K,143604_km.mod,n,-30.0064,9.0011,2.6752,27,
K,139653_K_Tst.mod,m,-9.9999,19.0,1.2674,41,
K,139653_K_Tst.mod,h,-76.0002,-10.0001,2.408,19,
K,217783_Kdr_iAMC_ChannelML.mod,m,28.3973,38.2478,0.6296,44,
K,184139_Kdr.mod,n,-3.7996,8.5473,2.8173,21,
K,3434_khh.mod,n,-49.7816,20.3011,1.1861,48,
K,144450_hha2.mod,n,-46.2808,3.0109,7.9974,9,
K,207695_kfast.mod,n,4.2939,9.0087,2.673,19,
K,144976_kdrca1.mod,n,13.0006,8.0285,2.9993,13,
K,83344_kaprox.mod,n,11.0845,15.7256,1.5313,25,
K,83344_kaprox.mod,l,-56.0,-8.0283,2.9994,23,
K,32992_kadist.mod,n,-0.8325,12.8665,1.8715,25,
K,32992_kadist.mod,l,-56.0,-8.0283,2.9994,23,
K,3808_ia.mod,m1,-60.0,8.5,2.8329,23,
K,3808_ia.mod,h1,-78.0069,-6.0031,4.0113,11,
K,112685_Golgi_KM.mod,n,-35.0218,5.9876,4.0216,18,
K,151460_Kv31.mod,p,0.0841,9.0003,2.6754,20,
K,20212_kv.mod,n,4.2776,9.0051,2.674,19,
K,140828_km.mod,n,-30.0064,9.0011,2.6752,27,
K,225080_km2.mod,m,-40.0006,6.9999,3.4401,21,
K,144511_HH2.mod,n,-34.8198,13.1933,1.8252,36,
K,137259_kdrca1.mod,n,37.0007,8.0284,2.9993,5,
K,184171_K_T.mod,m,-47.0,29.0,0.8303,50,
K,184171_K_T.mod,h,-66.0046,-10.0022,2.4075,23,
K,48332_kpkjslow.mod,n,-27.4999,18.4001,1.3087,47,
K,184325_Im.mod,m,-35.0068,4.997,4.8189,14,
K,184297_K_T.mod,m,-47.0,29.0,0.8303,50,
K,184297_K_T.mod,h,-66.0046,-10.0022,2.4075,23,
K,62284_KDRI.mod,n,-41.8455,10.2188,2.3564,30,
K,62284_KDRI.mod,h,45.3444,-54.7241,0.44,34,shallow
K,139653_K_Pst.mod,m,-10.9999,12.0,2.0067,30,
K,139653_K_Pst.mod,h,-64.0115,-11.004,2.1883,26,
K,150556_Km.mod,n,-20.6936,18.3733,1.3106,42,
K,181967_km.mod,n,-30.0064,9.0011,2.6752,27,
K,184152_Im_v2.mod,m,-48.0091,4.3487,5.5372,13,
K,223649_kA.mod,p,-41.9999,13.0,1.8523,34,
K,223649_kA.mod,q,-110.004,-18.0005,1.3377,14,
K,97874_kaprox.mod,n,11.0826,15.7263,1.5312,25,
K,97874_kaprox.mod,l,-56.0,-8.0283,2.9994,23,
K,20015_kdrf.mod,m,-7.6254,12.2261,1.9696,26,
K,20015_kdrf.mod,h,-42.9073,-30.2793,0.7953,45,
K,184350_Im.mod,m,-35.0068,4.997,4.8189,14,
K,168858_kvz_nature.mod,n,4.2776,9.0051,2.674,19,
K,224923_Im.mod,m,-35.0005,4.9998,4.8162,14,
K,184339_Im.mod,m,-35.0068,4.997,4.8189,14,
K,20756_kdr.mod,m,-29.4763,10.0166,2.404,30,
K,181967_borgkm.mod,m,-55.0137,2.4014,10.0276,7,
K,195667_kv.mod,n,4.2776,9.0051,2.674,19,
K,184180_K_T.mod,m,-47.0,29.0,0.8303,50,
K,184180_K_T.mod,h,-66.0046,-10.0022,2.4075,23,
K,45539_kdr.mod,m,-29.4763,10.0166,2.404,30,
K,170030_kamt.mod,m,17.5001,14.0,1.72,21,
K,170030_kamt.mod,h,-41.7083,-6.0045,4.0103,17,
K,7907_km.mod,n,-30.0064,9.0011,2.6752,27,
K,143100_KCNQ.mod,m,-61.0017,19.4995,1.2349,41,
K,82784_Kdr.mod,n,-19.476,22.4001,1.075,48,
K,150239_kdr.mod,n,13.0006,8.0285,2.9993,13,
K,151949_HH2.mod,n,-27.0592,12.3014,1.9575,32,
K,222726_kaprox.mod,n,11.0826,15.7263,1.5312,25,
K,222726_kaprox.mod,l,-56.0,-8.0283,2.9994,23,
K,150284_kas.mod,m,-26.9989,16.0109,1.504,44,
K,150284_kas.mod,h,-33.5356,-21.5369,1.1181,48,
K,135839_kv.mod,n,4.2776,9.0051,2.674,19,
K,3434_klva.mod,n,-61.3852,8.5254,2.8245,22,
K,20212_km.mod,n,-30.0064,9.0011,2.6752,27,
K,22203_kv.mod,n,4.2776,9.0051,2.674,19,
K,157339_kaprox.mod,n,11.0826,15.7263,1.5312,25,
K,157339_kaprox.mod,l,-56.0,-8.0283,2.9994,23,
K,144976_kadist.mod,n,-0.8325,12.8665,1.8715,25,
K,144976_kadist.mod,l,-56.0,-8.0283,2.9994,23,
K,117459_hh2.mod,n,-52.0064,21.9663,1.0962,48,
K,144089_km.mod,n,-30.0064,9.0011,2.6752,27,
K,150556_KAfm.mod,m,-33.1,7.5,3.2106,22,
K,150556_KAfm.mod,h,-70.4027,-7.6013,3.1679,17,
K,116053_km.mod,n,-30.0064,9.0011,2.6752,27,
K,136715_Kv1.mod,n,-45.0002,9.0908,2.6488,26,
K,114359_km.mod,n,-30.0064,9.0011,2.6752,27,
K,139654_kml.mod,n,-19.9509,5.0201,4.7967,15,
K,150621_Km.mod,n,-20.6936,18.3733,1.3106,42,
K,97917_k2.mod,m,-5.2112,22.0672,1.0912,44,
K,97917_k2.mod,h,-58.001,-10.6012,2.2714,27,
K,39949_ksi.mod,n,-13.4999,11.8,2.0407,31,
K,2796_kadist.mod,n,-0.8325,12.8665,1.8715,25,
K,2796_kadist.mod,l,-56.0,-8.0283,2.9994,23,
K,184319_Im.mod,m,-35.0068,4.997,4.8189,14,
K,184303_Im_v2.mod,m,-48.0091,4.3487,5.5372,13,
K,98017_IKa.mod,a,-60.0001,8.5001,2.8329,23,
K,98017_IKa.mod,b,-78.0011,-6.0004,4.013,11,
K,144523_sKdr.mod,m,-50.0,9.1022,2.6455,27,
K,125152_KM.mod,u,-52.7134,10.3379,2.3293,29,
K,74298_KDR.mod,n,-15.6172,10.7366,2.2428,27,
K,180789_kv1.mod,n,-45.0002,9.0908,2.6488,26,
K,125152_kdr.mod,n,-34.9998,10.0001,2.408,30,
K,119283_kaprox.mod,n,11.0826,15.7263,1.5312,25,
K,119283_kaprox.mod,l,-56.0,-8.0283,2.9994,23,
K,64229_kM.mod,x,-35.0025,4.9987,4.8172,14,
K,7907_kaprox.mod,n,11.0845,15.7256,1.5313,25,
K,7907_kaprox.mod,l,-56.0,-8.0283,2.9994,23,
K,150288_im.mod,n,-52.7006,10.3442,2.3279,29,
K,184348_K_T.mod,m,-47.0,29.0,0.8303,50,
K,184348_K_T.mod,h,-66.0046,-10.0022,2.4075,23,
K,184145_Kv3_1.mod,m,18.7001,9.7,2.4825,13,
K,144450_kaprox.mod,n,11.0826,15.7263,1.5312,25,
K,144450_kaprox.mod,l,-55.9999,-8.0283,2.9994,23,
K,123815_km.mod,n,-30.0064,9.0011,2.6752,27,
K,3493_kdr_moto.mod,m,-43.8055,8.4984,2.8335,25,
K,222716_kadist.mod,n,-0.8325,12.8665,1.8715,25,
K,222716_kadist.mod,l,-56.0,-8.0283,2.9994,23,
K,184344_Im_v2.mod,m,-48.0091,4.3487,5.5372,13,
K,180789_kpkjslow.mod,n,-27.4999,18.4001,1.3087,47,
K,184303_K_T.mod,m,-47.0,29.0,0.8303,50,
K,184303_K_T.mod,h,-66.0046,-10.0022,2.4075,23,
K,184274_Kv3_1.mod,m,18.7001,9.7,2.4825,13,
K,22203_kfast.mod,a,-43.5171,26.2971,0.9157,50,
K,22203_kfast.mod,b,-74.6186,-7.4997,3.2108,16,
K,143671_kdrRL.mod,m,-24.9976,20.0017,1.2039,48,
K,184184_Kv3_1.mod,m,18.7001,9.7,2.4825,13,
K,151458_kas.mod,m,-26.9989,16.0109,1.504,44,
K,151458_kas.mod,h,-33.5356,-21.5369,1.1181,48,
K,150556_Kirm.mod,m,-100.0,-10.0,2.408,7,
K,3660_kdrneosup.mod,m,3.504,12.1061,1.9891,24,
K,124043_km.mod,n,-30.0064,9.0011,2.6752,27,
K,153280_ch_Kdrfast.mod,n,-25.5769,8.6112,2.7963,25,
K,183949_KCNQ.mod,m,-61.0017,19.4995,1.2349,41,
K,139883_GRC_KV.mod,n,-14.6417,26.7128,0.9014,45,
K,94321_hh2.mod,n,-34.8198,13.1933,1.8252,36,
K,206378_kdrca1.mod,n,13.0006,8.0285,2.9993,13,
K,2488_kv.mod,n,4.2776,9.0051,2.674,19,
K,184348_Im.mod,m,-35.0068,4.997,4.8189,14,
K,144490_hha_old.mod,n,-41.9806,2.0121,11.9677,5,
K,150239_kap.mod,n,11.0826,15.7263,1.5312,25,
K,150239_kap.mod,l,-55.9999,-8.0283,2.9994,23,
K,185355_Ka.mod,n,-33.6038,8.0282,2.9994,24,
K,185355_Ka.mod,l,-83.0003,-6.0212,3.9992,10,
K,184148_Kv3_1.mod,m,18.7001,9.7,2.4825,13,
K,45539_km.mod,m,-25.1733,6.4358,3.7415,19,
K,124394_hh3.mod,n,-39.9978,3.0014,8.023,9,
K,124394_hh3.mod,s,-43.9997,-3.0009,8.0243,9,
K,124063_Rod_Kv.mod,mKv,1.2049,25.8839,0.9303,47,
K,222716_kaprox.mod,n,11.0826,15.7263,1.5312,25,
K,222716_kaprox.mod,l,-56.0,-8.0283,2.9994,23,
K,98017_hhPyr.mod,n,-27.8973,18.3143,1.3148,44,
K,145672_migliore_kdrca1.mod,n,13.0006,8.0285,2.9993,13,
K,149000_Khh.mod,n,-49.7864,20.3027,1.186,48,
K,3670_HH2.mod,n,-27.0597,12.3009,1.9576,32,
K,116094_kA.mod,p,-42.0,13.0,1.8523,39,
K,116094_kA.mod,q,-110.004,-18.0005,1.3377,14,
K,144054_kamt.mod,m,17.5001,14.0,1.72,21,
K,144054_kamt.mod,h,-41.7083,-6.0045,4.0103,17,
K,184346_Kv3_1.mod,m,18.7001,9.7,2.4825,13,
K,7386_kadist.mod,n,-0.8325,12.8665,1.8715,25,
K,7386_kadist.mod,l,-56.0,-8.0283,2.9994,23,
K,138205_kdrca1.mod,n,13.0006,8.0285,2.9993,13,
K,206267_GRC_KIR.mod,d,-87.5043,-14.4928,1.6615,20,
K,50210_kamt.mod,m,17.5001,14.0,1.72,21,
K,50210_kamt.mod,h,-41.7083,-6.0045,4.0103,17,
K,184166_Kv3_1.mod,m,18.7001,9.7,2.4825,13,
K,3817_hh2.mod,n,-34.8198,13.1933,1.8252,36,
K,144490_hha2.mod,n,-46.2789,3.0124,7.9935,9,
K,184274_Im.mod,m,-35.0068,4.997,4.8189,14,
K,143100_Kv4f.mod,m,-49.0,12.5,1.9264,34,
K,143100_Kv4f.mod,h,-83.0002,-10.0001,2.408,16,
K,155157_HH_traub.mod,n,-34.8198,13.1933,1.8252,36,
K,184184_K_T.mod,m,-47.0,29.0,0.8303,50,
K,184184_K_T.mod,h,-66.0046,-10.0022,2.4075,23,
K,144482_kasoma.mod,m,-59.9999,8.5,2.8329,23,
K,144482_kasoma.mod,h,-78.0001,-6.0,4.0133,11,
K,138273_IKaSM.mod,m,-52.4433,10.5652,2.2792,30,
K,138273_IKaSM.mod,h,-86.0003,-10.0001,2.408,14,
K,126776_kadist.mod,n,-0.8325,12.8665,1.8715,25,
K,126776_kadist.mod,l,-56.0,-8.0283,2.9994,23,
K,184339_Im_v2.mod,m,-48.0091,4.3487,5.5372,13,
K,114394_Km.mod,n,-30.0064,9.0011,2.6752,27,
K,184335_K_T.mod,m,-47.0,29.0,0.8303,50,
K,184335_K_T.mod,h,-66.0046,-10.0022,2.4075,23,
K,144976_kaprox.mod,n,11.0826,15.7263,1.5312,25,
K,144976_kaprox.mod,l,-56.0,-8.0283,2.9994,23,
K,22203_kvfast.mod,a,-43.5171,26.2971,0.9157,50,
K,22203_kvfast.mod,b,-74.6178,-7.4993,3.2109,16,
K,149000_KM.mod,m,-35.0352,9.9807,2.4126,30,
K,184333_Kv3_1.mod,m,18.7001,9.7,2.4825,13,
K,62285_B_DR.mod,n,-30.6886,12.629,1.9067,37,
K,97874_kdrca1.mod,n,13.0015,8.029,2.9991,13,
K,184178_Im_v2.mod,m,-48.0091,4.3487,5.5372,13,
K,20212_hha_old.mod,n,-41.9806,2.0121,11.9677,5,
K,150024_fKdr.mod,m,-40.0,7.8026,3.0861,23,
K,155735_kpkj.mod,m,-34.9999,15.4001,1.5636,46,
K,155735_kpkj.mod,h,17.9039,-43.2839,0.5563,30,
K,187615_K_Pst.mod,m,-10.9999,12.0,2.0067,30,
K,187615_K_Pst.mod,h,-64.0115,-11.004,2.1883,26,
K,144450_kadist.mod,n,-0.8324,12.8664,1.8715,25,
K,144450_kadist.mod,l,-55.9999,-8.0284,2.9994,23,
K,180789_kpkj2.mod,n,-34.9999,20.4001,1.1804,48,
K,114665_kamt.mod,m,17.5001,14.0,1.72,21,
K,114665_kamt.mod,h,-41.7083,-6.0045,4.0103,17,
K,146376_kadist.mod,n,-0.8325,12.8665,1.8715,25,
K,146376_kadist.mod,l,-56.0,-8.0283,2.9994,23,
K,126637_Khhcvode.mod,n,-49.7864,20.3027,1.186,48,
K,62284_B_DR.mod,n,-30.6886,12.629,1.9067,37,
K,74298_Kv31.mod,p,0.0841,9.0003,2.6754,20,
K,147757_km.mod,m,-42.0009,3.9995,6.0207,11,
K,225080_kdr.mod,n,13.0006,8.0285,2.9993,13,
K,136176_hh3.mod,n,-39.9978,3.0014,8.023,9,
K,136176_hh3.mod,s,-43.9997,-3.0009,8.0243,9,
K,119266_hha2.mod,n,-46.2808,3.0109,7.9974,9,
K,151126_bgka.mod,n,-33.6038,8.0282,2.9994,24,
K,151126_bgka.mod,l,-83.0003,-6.0212,3.9992,10,
K,144541_kaprox.mod,n,11.0826,15.7263,1.5312,25,
K,144541_kaprox.mod,l,-56.0,-8.0283,2.9994,23,
K,136309_kdr_Yu.mod,m,4.3449,9.0281,2.6672,19,
K,3342_kd_v2.mod,n,-46.1,1.4819,16.2493,5,steep
K,144392_km.mod,m,-40.0025,9.9989,2.4082,29,
K,206267_GRC_KV.mod,n,-14.6417,26.7128,0.9014,45,
K,184301_Im.mod,m,-35.0068,4.997,4.8189,14,
K,184176_Kv3_1.mod,m,18.7001,9.7,2.4825,13,
K,156780_K_Pst.mod,m,-10.9999,12.0,2.0067,30,
K,156780_K_Pst.mod,h,-64.0115,-11.004,2.1883,26,
K,150551_kadist.mod,n,-0.8325,12.8665,1.8715,25,
K,150551_kadist.mod,l,-56.0,-8.0283,2.9994,23,
K,48332_kpkj.mod,m,-34.9999,15.4001,1.5636,46,
K,48332_kpkj.mod,h,17.9039,-43.2839,0.5563,30,
K,82849_iks.mod,a,-34.0,6.5,3.7046,19,
K,82849_iks.mod,b,-65.0192,-6.5976,3.6498,18,
K,144482_ka.mod,m,-59.9999,8.5003,2.8328,23,
K,144482_ka.mod,h,-78.0003,-6.0006,4.0129,11,
K,206244_km.mod,n,-30.0064,9.0011,2.6752,27,
K,136309_kdr_Jonas.mod,m,-49.7704,20.3152,1.1853,48,
K,123927_ka.mod,a,-50.0,20.0,1.204,47,
K,123927_ka.mod,b,-80.0001,-6.0,4.0133,10,
K,184314_Kd.mod,m,-43.0,8.0,3.01,24,
K,184314_Kd.mod,h,-67.0318,-7.311,3.2937,18,
K,184344_Kv3_1.mod,m,18.7001,9.7,2.4825,13,
K,185328_hhkchan.mod,n,-49.7816,20.3011,1.1861,48,
K,101629_kd.mod,n,-32.9728,-8.0223,3.0016,24,
K,51196_grg_kv.mod,n,-18.7836,18.2116,1.3222,41,
K,19696_kaprox.mod,n,11.0826,15.7263,1.5312,25,
K,19696_kaprox.mod,l,-56.0,-8.0283,2.9994,23,
K,126637_KAcvode.mod,m,-40.885,10.6231,2.2667,27,
K,126637_KAcvode.mod,h,-60.1435,-7.7067,3.1245,20,
K,97874_kadist.mod,n,-0.8325,12.8665,1.8715,25,
K,97874_kadist.mod,l,-56.0,-8.0283,2.9994,23,
K,184321_Kv3_1.mod,m,18.7001,9.7,2.4825,13,
K,123815_kad.mod,n,-34.3999,21.0,1.1467,48,
K,123815_kad.mod,l,-58.0,-8.2,2.9366,24,
K,184327_K_P.mod,m,-14.2999,14.6,1.6493,35,
K,184327_K_P.mod,h,-54.1281,-11.0483,2.1795,30,
K,184163_K_T.mod,m,-47.0,29.0,0.8303,50,
K,184163_K_T.mod,h,-66.0046,-10.0022,2.4075,23,
K,146026_kslow.mod,a,-16.2605,14.5775,1.6519,36,
K,146026_kslow.mod,b1,-58.1373,-11.0609,2.177,29,
K,146026_kslow.mod,b,-57.9998,-11.003,2.1885,29,
K,184182_K_P.mod,m,-14.2999,14.6,1.6493,35,
K,184182_K_P.mod,h,-54.1281,-11.0483,2.1795,30,
K,55035_kadist.mod,n,-0.8325,12.8665,1.8715,25,
K,55035_kadist.mod,l,-56.0,-8.0283,2.9994,23,
K,108459_kv.mod,n,4.2776,9.0051,2.674,19,
K,97917_kdr_fs.mod,m,-26.9748,11.5175,2.0907,34,
K,148094_kaprox.mod,n,11.0826,15.7263,1.5312,25,
K,148094_kaprox.mod,l,-56.0,-8.0283,2.9994,23,
K,120910_kadend.mod,n,-10.2996,8.8548,2.7194,22,
K,120910_kadend.mod,l,-73.1025,-6.301,3.8216,14,
K,20212_kadist.mod,n,-0.8324,12.8664,1.8715,25,
K,20212_kadist.mod,l,-55.9999,-8.0284,2.9994,23,
K,184344_K_T.mod,m,-47.0,29.0,0.8303,50,
K,184344_K_T.mod,h,-66.0046,-10.0022,2.4075,23,
K,229585_Kir23.mod,d,-87.5043,-14.4928,1.6615,20,
K,279_hh2.mod,n,-34.8198,13.1933,1.8252,36,
K,184312_Kv3_1.mod,m,18.7001,9.7,2.4825,13,
K,82849_kdr.mod,n,-19.476,22.4001,1.075,48,
K,184325_K_T.mod,m,-47.0,29.0,0.8303,50,
K,184325_K_T.mod,h,-66.0046,-10.0022,2.4075,23,
K,144589_kaprox.mod,n,11.0826,15.7263,1.5312,25,
K,144589_kaprox.mod,l,-56.0,-8.0283,2.9994,23,
K,140462_IKt1m4h.mod,m,-39.1,18.56,1.2974,47,
K,140462_IKt1m4h.mod,h,-39.5701,-3.68,6.5435,11,
K,184231_Kd.mod,m,-43.0,8.0,3.01,24,
K,184231_Kd.mod,h,-67.0318,-7.311,3.2937,18,
K,223649_kdrca1DA.mod,n,-14.9999,11.0001,2.1891,29,
K,3342_kd.mod,n,-52.8712,12.4487,1.9343,32,
K,223649_kaprox.mod,n,35.3404,15.7525,1.5286,16,
K,223649_kaprox.mod,l,-31.9999,-8.0283,2.9994,23,
K,184348_Im_v2.mod,m,-48.0091,4.3487,5.5372,13,
K,184325_Kv3_1.mod,m,18.7001,9.7,2.4825,13,
K,123927_kdr.mod,n,-34.9998,10.0001,2.408,30,
K,184182_Im_v2.mod,m,-48.0091,4.3487,5.5372,13,
K,144490_km_v2.mod,n,-30.0064,9.0011,2.6752,27,
K,184176_K_P.mod,m,-14.2999,14.6,1.6493,35,
K,184176_K_P.mod,h,-54.1281,-11.0483,2.1795,30,
K,184325_Kd.mod,m,-43.0,8.0,3.01,24,
K,184325_Kd.mod,h,-67.0318,-7.311,3.2937,18,
K,206244_kaprox.mod,n,11.0826,15.7263,1.5312,25,
K,206244_kaprox.mod,l,-55.9999,-8.0283,2.9994,23,
K,155568_bgka.mod,n,-33.6038,8.0282,2.9994,24,
K,155568_bgka.mod,l,-83.0003,-6.0212,3.9992,10,
K,106551_kdrca1.mod,n,13.0006,8.0285,2.9993,13,
K,144376_HH2.mod,n,-27.0597,12.3009,1.9576,32,
K,195615_kdr_BS.mod,n,13.0012,8.0288,2.9992,13,
K,187615_K_Tst.mod,m,-9.9999,19.0,1.2674,41,
K,187615_K_Tst.mod,h,-76.0002,-10.0001,2.408,19,
K,185513_fKdr.mod,m,-40.0,7.8026,3.0861,23,
K,187610_kad.mod,n,-0.8324,12.8664,1.8715,25,
K,187610_kad.mod,l,-55.9999,-8.0284,2.9994,23,
K,62285_KDRI.mod,n,-41.8455,10.2188,2.3564,30,
K,62285_KDRI.mod,h,45.3444,-54.7241,0.44,34,shallow
K,139654_klt.mod,w,-67.2942,12.1372,1.984,23,
K,20212_kdrca1.mod,n,13.0006,8.0285,2.9993,13,
K,144401_ka.mod,m,-59.9999,8.5003,2.8328,23,
K,144401_ka.mod,h,-78.0003,-6.0006,4.0129,11,
K,185328_HHMkchan.mod,n,-49.7817,20.3011,1.1861,48,
K,184145_Im.mod,m,-35.0068,4.997,4.8189,14,
K,184312_K_P.mod,m,-14.2999,14.6,1.6493,35,
K,184312_K_P.mod,h,-54.1281,-11.0483,2.1795,30,
K,98005_kir2_ch.mod,n,-80.0161,-5.011,4.8054,9,
K,184305_K_T.mod,m,-47.0,29.0,0.8303,50,
K,184305_K_T.mod,h,-66.0046,-10.0022,2.4075,23,
K,184352_K_T.mod,m,-47.0,29.0,0.8303,50,
K,184352_K_T.mod,h,-66.0046,-10.0022,2.4075,23,
K,226010_A.mod,m,-57.5,7.7,3.1273,23,
K,226010_A.mod,h,-93.0034,-6.1009,3.9469,5,
K,184196_Im.mod,m,-35.0068,4.997,4.8189,14,
K,217882_Km.mod,n,-30.0064,9.0011,2.6752,27,
K,168874_kdrca1.mod,n,19.0006,8.0285,2.9993,11,
K,116956_emdk.mod,n,14.0007,11.0003,2.189,18,
K,64167_kadist.mod,n,-0.8325,12.8665,1.8715,25,
K,64167_kadist.mod,l,-56.0,-8.0283,2.9994,23,
K,83590_hh_in.mod,s,-47.004,-9.0026,2.6748,26,
K,83590_hh_in.mod,n,-49.7815,20.3011,1.1861,48,
K,106551_kaprox.mod,n,11.0826,15.7263,1.5312,25,
K,106551_kaprox.mod,l,-56.0,-8.0283,2.9994,23,
K,184335_Im.mod,m,-35.0068,4.997,4.8189,14,
K,184145_Im_v2.mod,m,-48.0091,4.3487,5.5372,13,
K,149100_K_Pst.mod,m,-10.9999,12.0,2.0067,30,
K,149100_K_Pst.mod,h,-64.0115,-11.004,2.1883,26,
K,112546_kaprox.mod,n,11.0826,15.7263,1.5312,25,
K,112546_kaprox.mod,l,-56.0,-8.0283,2.9994,23,
K,144490_hha2_v2.mod,n,-46.2808,3.0109,7.9974,9,
K,184321_K_P.mod,m,-14.2999,14.6,1.6493,35,
K,184321_K_P.mod,h,-54.1281,-11.0483,2.1795,30,
K,116835_GRC_KV.mod,n,-14.6417,26.7128,0.9014,45,
K,151126_kadist.mod,n,-0.8324,12.8664,1.8715,25,
K,151126_kadist.mod,l,-55.9999,-8.0284,2.9994,23,
K,122329_kv1_gp.mod,m,-23.9984,12.1004,1.99,35,
K,122329_kv1_gp.mod,h,-50.0634,-12.5355,1.9209,34,
K,155057_iks.mod,a,-34.0,6.5,3.7046,19,
K,155057_iks.mod,b,-65.0192,-6.5976,3.6498,18,
K,155796_kdr.mod,n,0.0005,25.0003,0.9632,48,
K,223649_kd.mod,n,-48.1762,-39.9608,0.6026,28,
K,124513_bgka.mod,n,-33.6038,8.0282,2.9994,24,
K,124513_bgka.mod,l,-83.0003,-6.0212,3.9992,10,
K,139656_GRC_KA.mod,a,-38.0,17.0,1.4165,46,
K,139656_GRC_KA.mod,b,-78.8374,-8.4141,2.8618,15,
K,182797_IMmintau.mod,m,-27.0003,7.0001,3.4399,20,
K,184178_Im.mod,m,-35.0068,4.997,4.8189,14,
K,181967_bgka.mod,n,-33.6038,8.0282,2.9994,24,
K,181967_bgka.mod,l,-83.0003,-6.0212,3.9992,10,
K,181967_kad.mod,n,-34.3999,21.0,1.1467,48,
K,181967_kad.mod,l,-58.0,-8.2,2.9366,24,
K,184339_Kv3_1.mod,m,18.7001,9.7,2.4825,13,
K,146026_kfast.mod,n,4.2776,9.0051,2.674,19,
K,143604_kv.mod,n,4.2776,9.0051,2.674,19,
K,184180_Im_v2.mod,m,-48.0091,4.3487,5.5372,13,
K,125152_kslow.mod,m,-14.2999,14.6,1.6493,35,
K,125152_kslow.mod,h,-54.0374,-11.0141,2.1863,30,
K,182797_Ika.mod,m,6.2918,20.0319,1.2021,34,
K,182797_Ika.mod,h,-78.5005,-6.0002,4.0132,11,
K,151825_kfast.mod,n,-47.0,29.0,0.8303,50,
K,151825_kfast.mod,l,-66.0046,-10.0022,2.4075,23,
K,184312_Im.mod,m,-35.0068,4.997,4.8189,14,
K,9769_kdrca1.mod,n,13.0006,8.0285,2.9993,13,
K,123815_hha2.mod,n,-46.2808,3.0109,7.9974,9,
K,184331_Im_v2.mod,m,-48.0091,4.3487,5.5372,13,
K,3454_lt.mod,l,-24.9904,14.921,1.6138,40,
K,3454_lt.mod,r,-415.5404,-1666.9545,0.0144,56,shallow
K,190559_kadist.mod,n,-0.8325,12.8665,1.8715,25,
K,190559_kadist.mod,l,-56.0,-8.0283,2.9994,23,
K,184173_K_P.mod,m,-14.2999,14.6,1.6493,35,
K,184173_K_P.mod,h,-54.1281,-11.0483,2.1795,30,
K,181967_kaprox.mod,n,35.3404,15.7525,1.5286,16,
K,181967_kaprox.mod,l,-31.9999,-8.0283,2.9994,23,
K,20007_KaPM99SL.mod,n,11.0826,15.7263,1.5312,25,
K,20007_KaPM99SL.mod,l,-56.0,-8.0283,2.9994,23,
K,139150_hh3_icgK2.mod,n2,-39.9978,3.0014,8.023,9,
K,139150_hh3_icgK2.mod,s,-43.9997,-3.0009,8.0243,9,
K,139150_hh3_icgK2.mod,n,-39.9978,3.0014,8.023,9,
K,230326_K_Tst.mod,m,-9.9999,19.0,1.2674,41,
K,230326_K_Tst.mod,h,-76.0002,-10.0001,2.408,19,
K,184297_K_P.mod,m,-14.2999,14.6,1.6493,35,
K,184297_K_P.mod,h,-54.1281,-11.0483,2.1795,30,
K,184274_K_T.mod,m,-47.0,29.0,0.8303,50,
K,184274_K_T.mod,h,-66.0046,-10.0022,2.4075,23,
K,181967_kdrca1.mod,n,37.0007,8.0284,2.9993,5,
K,53569_HH2new.mod,n,-27.0591,12.3014,1.9575,32,
K,44050_kaprox.mod,n,11.0826,15.7263,1.5312,25,
K,44050_kaprox.mod,l,-56.0,-8.0283,2.9994,23,
K,181967_kd.mod,n,-32.9728,-8.0223,3.0016,24,
K,62285_B_A.mod,n,-52.4469,10.5709,2.2779,30,
K,62285_B_A.mod,h,-85.9992,-10.0052,2.4067,14,
K,139653_SKv3_1.mod,m,18.7001,9.7,2.4825,13,
K,22203_kaprox.mod,n,11.0845,15.7256,1.5313,25,
K,22203_kaprox.mod,l,-56.0,-8.0283,2.9994,23,
K,184339_Kd.mod,m,-43.0,8.0,3.01,24,
K,184339_Kd.mod,h,-67.0318,-7.311,3.2937,18,
K,155157_IM_cortex.mod,m,-34.9368,10.0225,2.4026,30,
K,9889_HH_traub.mod,n,-34.82,13.1932,1.8252,36,
K,184301_Kd.mod,m,-43.0,8.0,3.01,24,
K,184301_Kd.mod,h,-67.0318,-7.311,3.2937,18,
K,20212_hh3_flei.mod,n,-39.9969,3.0017,8.0221,9,
K,180789_km.mod,m,-34.9368,10.0225,2.4026,30,
K,97917_bgka.mod,n,-33.6038,8.0282,2.9994,24,
K,97917_bgka.mod,l,-83.0003,-6.0212,3.9992,10,
K,3263_borgka.mod,n,-33.6038,8.0282,2.9994,24,
K,3263_borgka.mod,l,-83.0003,-6.0212,3.9992,10,
K,108459_km.mod,n,-30.0064,9.0011,2.6752,27,
K,144490_km.mod,n,-30.0064,9.0011,2.6752,27,
K,223649_kdrinter.mod,n,-18.9997,8.5362,2.8209,26,
K,113997_IKM.mod,m,-34.9368,10.0225,2.4026,30,
K,121600_HH.mod,n,-31.0738,13.046,1.8458,34,
K,146030_KA_ChannelML.mod,m,17.5001,14.0,1.72,21,
K,146030_KA_ChannelML.mod,h,-41.7083,-6.0045,4.0103,17,
K,187604_ch_KvAngf.mod,n,-23.6037,8.0282,2.9994,24,
K,187604_ch_KvAngf.mod,l,-83.0006,-6.021,3.9993,10,
K,184341_Im.mod,m,-35.0068,4.997,4.8189,14,
K,2798_kaprox.mod,n,11.0826,15.7263,1.5312,25,
K,2798_kaprox.mod,l,-56.0,-8.0283,2.9994,23,
K,181967_kap.mod,n,-21.2999,35.0001,0.688,55,
K,181967_kap.mod,l,-58.0,-8.2,2.9366,24,
K,18197_HH.mod,n,-67.8516,3.5064,6.8674,8,
K,64296_kA.mod,p,-42.0,13.0,1.8523,39,
K,64296_kA.mod,q,-110.004,-18.0005,1.3377,14,
K,184231_K_T.mod,m,-47.0,29.0,0.8303,50,
K,184231_K_T.mod,h,-66.0046,-10.0022,2.4075,23,
K,156780_Im.mod,m,-35.0005,4.9998,4.8162,14,
K,184168_Kv3_1.mod,m,18.7001,9.7,2.4825,13,
K,64195_kv.mod,n,4.2776,9.0051,2.674,19,
K,144450_hha_old.mod,n,-41.9806,2.0121,11.9677,5,
K,102288_IKa.mod,m,6.2918,20.0319,1.2021,34,
K,102288_IKa.mod,h,-78.5005,-6.0002,4.0132,11,
K,144450_KdBG.mod,xs,-63.0,4.0135,5.9997,12,
K,144450_KdBG.mod,ys,-73.1417,-9.7223,2.4768,20,
K,55035_kaprox.mod,n,11.0826,15.7263,1.5312,25,
K,55035_kaprox.mod,l,-56.0,-8.0283,2.9994,23,
K,20007_KaDM99SL.mod,n,-0.8325,12.8665,1.8715,25,
K,20007_KaDM99SL.mod,l,-56.0,-8.0283,2.9994,23,
K,184327_Kv3_1.mod,m,18.7001,9.7,2.4825,13,
K,224923_K_Tst.mod,m,-9.9999,19.0,1.2674,41,
K,224923_K_Tst.mod,h,-76.0002,-10.0001,2.408,19,
K,143719_kaprox.mod,n,11.0826,15.7263,1.5312,25,
K,143719_kaprox.mod,l,-55.9999,-8.0283,2.9994,23,
K,184168_K_T.mod,m,-47.0,29.0,0.8303,50,
K,184168_K_T.mod,h,-66.0046,-10.0022,2.4075,23,
K,184308_Im_v2.mod,m,-48.0091,4.3487,5.5372,13,
K,184163_Kd.mod,m,-43.0,8.0,3.01,24,
K,184163_Kd.mod,h,-67.0318,-7.311,3.2937,18,
K,184344_Im.mod,m,-35.0068,4.997,4.8189,14,
K,148094_kv72wt73wt72R213Q.mod,m,-14.6634,14.5733,1.6523,35,
K,20212_kaprox.mod,n,11.0826,15.7263,1.5312,25,
K,20212_kaprox.mod,l,-55.9999,-8.0283,2.9994,23,
K,51196_grc_kir.mod,d,-87.5043,-14.4928,1.6615,20,
K,229585_Kv11.mod,n,-45.0003,9.0907,2.6488,26,
K,184305_K_P.mod,m,-14.2999,14.6,1.6493,35,
K,184305_K_P.mod,h,-54.1281,-11.0483,2.1795,30,
K,195615_kap_BS.mod,n,11.0826,15.7263,1.5312,25,
K,195615_kap_BS.mod,l,-56.0,-8.0283,2.9994,23,
K,184196_Kd.mod,m,-43.0,8.0,3.01,24,
K,184196_Kd.mod,h,-67.0318,-7.311,3.2937,18,
K,154732_kdrca1.mod,n,13.0006,8.0285,2.9993,13,
K,149739_KDRmt.mod,m,21.0083,10.0041,2.407,14,
K,144579_k2.mod,m,-5.2112,22.0672,1.0912,44,
K,144579_k2.mod,h,-58.001,-10.6012,2.2714,27,
K,20007_KdBG.mod,xs,-63.0,4.0135,5.9997,12,
K,20007_KdBG.mod,ys,-73.1417,-9.7223,2.4768,20,
K,187473_im.mod,m,-35.028,9.9878,2.4109,30,
K,121259_kdrca1.mod,n,13.0006,8.0285,2.9993,13,
K,127995_kdrmt.mod,m,21.0083,10.0041,2.407,14,
K,180789_kd.mod,m,-44.6794,7.2865,3.3047,21,
K,180789_kd.mod,h,-95.1679,-6.9478,3.4658,5,
K,223649_IM_cortex.mod,m,-34.9368,10.0225,2.4026,30,
K,206400_kdrca1.mod,n,13.0006,8.0285,2.9993,13,
K,184319_Kd.mod,m,-43.0,8.0,3.01,24,
K,184319_Kd.mod,h,-67.0318,-7.311,3.2937,18,
K,116084_kaprox.mod,n,11.0826,15.7263,1.5312,25,
K,116084_kaprox.mod,l,-56.0,-8.0283,2.9994,23,
K,184299_K_P.mod,m,-14.2999,14.6,1.6493,35,
K,184299_K_P.mod,h,-54.1281,-11.0483,2.1795,30,
K,20212_kap.mod,n,-21.2999,35.0001,0.688,55,
K,20212_kap.mod,l,-58.0,-8.2,2.9366,24,
K,147867_borgkm.mod,m,-55.0137,2.4014,10.0276,7,
K,182797_IMminret.mod,m,-60.0029,6.9989,3.4405,21,
K,116835_GRC_KIR.mod,d,-87.5043,-14.4928,1.6615,20,
K,184350_K_T.mod,m,-47.0,29.0,0.8303,50,
K,184350_K_T.mod,h,-66.0046,-10.0022,2.4075,23,
K,154732_kaprox.mod,n,11.0826,15.7263,1.5312,25,
K,154732_kaprox.mod,l,-56.0,-8.0283,2.9994,23,
K,87284_kaprox.mod,n,11.0826,15.7263,1.5312,25,
K,87284_kaprox.mod,l,-56.0,-8.0283,2.9994,23,
K,118986_kdrca1.mod,n,13.0006,8.0285,2.9993,13,
K,153196_km.mod,n,-30.0064,9.0011,2.6752,27,
K,184350_Kv3_1.mod,m,18.7001,9.7,2.4825,13,
K,121253_fastK.mod,n,-63.4152,9.7068,2.4807,24,
K,143100_Kv3.mod,m,-25.9999,7.8,3.0872,23,
K,143100_Kv3.mod,h,71.9563,-64.3111,0.3744,33,shallow
K,230326_Im.mod,m,-35.0005,4.9998,4.8162,14,
K,184333_Im_v2.mod,m,-48.0091,4.3487,5.5372,13,
K,97860_kv2_hh.mod,n,17.5223,10.0086,2.4059,14,
K,144089_kd.mod,a,-33.9997,6.5,3.7046,19,
K,144089_kd.mod,b,-65.0776,-6.6321,3.6308,18,
K,146509_kadist.mod,n,-0.8325,12.8665,1.8715,25,
K,146509_kadist.mod,l,-56.0,-8.0283,2.9994,23,
K,146376_kdrca1.mod,n,13.0006,8.0285,2.9993,13,
K,147757_kadist.mod,n,-0.8324,12.8664,1.8715,25,
K,147757_kadist.mod,l,-55.9999,-8.0284,2.9994,23,
K,146026_IKM.mod,m,-35.0668,9.9805,2.4127,30,
K,143719_km.mod,m,-42.0009,3.9995,6.0207,11,
K,20015_ka.mod,m,6.2918,20.0319,1.2021,34,
K,20015_ka.mod,h,-78.5005,-6.0002,4.0132,11,
K,3434_khva.mod,n,-19.4092,6.2552,3.8496,18,
K,184148_K_T.mod,m,-47.0,29.0,0.8303,50,
K,184148_K_T.mod,h,-66.0046,-10.0022,2.4075,23,
K,124063_Bip_Kv.mod,m,-51.7334,9.9196,2.4275,29,
K,124063_Bip_Kv.mod,h,-86.2869,-6.6186,3.6382,9,
K,144589_kdrca1.mod,n,13.0006,8.0285,2.9993,13,
K,184346_Im.mod,m,-35.0068,4.997,4.8189,14,
K,184301_Im_v2.mod,m,-48.0091,4.3487,5.5372,13,
K,97917_ka.mod,m,-59.9999,8.5003,2.8328,23,
K,97917_ka.mod,h,-78.0003,-6.0006,4.0129,11,
K,135787_im.mod,m,-35.028,9.9878,2.4109,30,
K,184173_Im.mod,m,-35.0068,4.997,4.8189,14,
K,184152_Kv3_1.mod,m,18.7001,9.7,2.4825,13,
K,144526_Kv.mod,n,4.2776,9.0051,2.674,19,
K,184335_Im_v2.mod,m,-48.0091,4.3487,5.5372,13,
K,184184_Im.mod,m,-35.0068,4.997,4.8189,14,
K,3167_kaprox.mod,n,11.0826,15.7263,1.5312,25,
K,3167_kaprox.mod,l,-56.0,-8.0283,2.9994,23,
K,149100_K_Tst.mod,m,-9.9999,19.0,1.2674,41,
K,149100_K_Tst.mod,h,-76.0002,-10.0001,2.408,19,
K,184329_Im.mod,m,-35.0068,4.997,4.8189,14,
K,32992_kdrca1.mod,n,13.0006,8.0285,2.9993,13,
K,126776_kdrca1.mod,n,13.0006,8.0285,2.9993,13,
K,184171_Im_v2.mod,m,-48.0091,4.3487,5.5372,13,
K,116053_kv.mod,n,4.2776,9.0051,2.674,19,
K,190559_kdrca1.mod,n,13.0006,8.0285,2.9993,13,
K,19746_M99Ka.mod,m,11.2046,17.1159,1.4069,27,
K,19746_M99Ka.mod,h,-56.0,-9.0909,2.6488,26,
K,124043_kap.mod,n,11.0826,15.7263,1.5312,25,
K,124043_kap.mod,l,-56.0,-8.0283,2.9994,23,
K,184161_Kv3_1.mod,m,18.7001,9.7,2.4825,13,
K,144490_kadist.mod,n,-0.8325,12.8649,1.8718,25,
K,144490_kadist.mod,l,-55.9999,-8.0274,2.9997,23,
K,184274_K_P.mod,m,-14.2999,14.6,1.6493,35,
K,184274_K_P.mod,h,-54.1281,-11.0483,2.1795,30,
K,112546_kadist.mod,n,-0.8325,12.8665,1.8715,25,
K,112546_kadist.mod,l,-56.0,-8.0283,2.9994,23,
K,182797_Ikdrfaxon.mod,m,-7.6254,12.2261,1.9696,26,
K,182797_Ikdrfaxon.mod,h,-42.9073,-30.2793,0.7953,45,
K,87284_kdrca1.mod,n,13.0006,8.0285,2.9993,13,
K,83523_kfast.mod,a,-55.9999,26.0015,0.9261,49,
K,83523_kfast.mod,b,-75.0008,-11.0037,2.1883,21,
K,184310_Im_v2.mod,m,-48.0091,4.3487,5.5372,13,
K,184352_Kd.mod,m,-43.0,8.0,3.01,24,
K,184352_Kd.mod,h,-67.0318,-7.311,3.2937,18,
K,184186_K_P.mod,m,-14.2999,14.6,1.6493,35,
K,184186_K_P.mod,h,-54.1281,-11.0483,2.1795,30,
K,184173_Im_v2.mod,m,-48.0091,4.3487,5.5372,13,
K,184319_K_T.mod,m,-47.0,29.0,0.8303,50,
K,184319_K_T.mod,h,-66.0046,-10.0022,2.4075,23,
K,180373_SKv3_1.mod,m,18.7001,9.7,2.4825,13,
K,184314_K_P.mod,m,-14.2999,14.6,1.6493,35,
K,184314_K_P.mod,h,-54.1281,-11.0483,2.1795,30,
K,144502_kdr.mod,n,-34.6607,18.2005,1.323,47,
K,187615_Im.mod,m,-35.0005,4.9998,4.8162,14,
K,184231_Im.mod,m,-35.0068,4.997,4.8189,14,
K,146565_hh3_icgK2.mod,s,-43.9997,-3.0009,8.0243,9,
K,146565_hh3_icgK2.mod,n2,-39.9978,3.0014,8.023,9,
K,146565_hh3_icgK2.mod,n,-39.9978,3.0014,8.023,9,
K,184331_Im.mod,m,-35.0068,4.997,4.8189,14,
K,147461_HH2.mod,n,-27.0592,12.3014,1.9575,32,
K,184321_Im.mod,m,-35.0068,4.997,4.8189,14,
K,136309_ka_Traub.mod,m,-59.9999,8.5003,2.8328,23,
K,136309_ka_Traub.mod,h,-78.0003,-6.0006,4.0129,11,
K,139653_Im.mod,m,-35.0005,4.9998,4.8162,14,
K,184348_K_P.mod,m,-14.2999,14.6,1.6493,35,
K,184348_K_P.mod,h,-54.1281,-11.0483,2.1795,30,
K,127995_kamt.mod,m,17.5001,14.0,1.72,21,
K,127995_kamt.mod,h,-41.7083,-6.0045,4.0103,17,
K,144579_ka.mod,m,-59.9999,8.5003,2.8328,23,
K,144579_ka.mod,h,-78.0003,-6.0006,4.0129,11,
K,206244_kadist.mod,n,-0.8324,12.8664,1.8715,25,
K,206244_kadist.mod,l,-55.9999,-8.0284,2.9994,23,
K,135787_kv.mod,n,4.2776,9.0051,2.674,19,
K,184176_Im.mod,m,-35.0068,4.997,4.8189,14,
K,20212_hha.mod,n,-39.9907,2.0057,12.0056,5,
K,20212_hha.mod,l,-15.813,-83.5578,0.2882,54,shallow
K,144450_km.mod,n,-48.6457,6.3867,3.7703,14,
K,230326_SKv3_1.mod,m,18.7001,9.7,2.4825,13,
K,43039_kamt.mod,m,17.5001,14.0,1.72,21,
K,43039_kamt.mod,h,-41.7083,-6.0045,4.0103,17,
K,184297_Kd.mod,m,-43.0,8.0,3.01,24,
K,184297_Kd.mod,h,-67.0318,-7.311,3.2937,18,
K,187615_SKv3_1.mod,m,18.7001,9.7,2.4825,13,
K,136026_kd.mod,n,-52.8712,12.4487,1.9343,32,
K,184316_K_T.mod,m,-47.0,29.0,0.8303,50,
K,184316_K_T.mod,h,-66.0046,-10.0022,2.4075,23,
K,3493_ka_moto.mod,m,-36.1999,9.1,2.6461,27,
K,3493_ka_moto.mod,h,-85.8082,-13.2018,1.824,19,
K,184148_Im.mod,m,-35.0068,4.997,4.8189,14,
K,64195_km.mod,n,-30.0064,9.0011,2.6752,27,
K,148094_kv72wt73wt72R213W.mod,m,-22.1227,15.2586,1.5781,40,
K,187603_kdrca1.mod,n,13.0006,8.0285,2.9993,13,
K,150240_IM.mod,m,-34.9368,10.0225,2.4026,30,
K,184316_Im_v2.mod,m,-48.0091,4.3487,5.5372,13,
K,223649_km.mod,m,-16.0007,10.0011,2.4077,28,
K,180789_khh.mod,n,-49.7864,20.3027,1.186,48,
K,124291_kaprox.mod,n,21.1332,15.7374,1.5301,21,
K,124291_kaprox.mod,l,-46.0,-8.0283,2.9994,23,
K,19214_hh1.mod,n,-49.7819,20.3006,1.1862,48,
K,184148_K_P.mod,m,-14.2999,14.6,1.6493,35,
K,184148_K_P.mod,h,-54.1281,-11.0483,2.1795,30,
K,83344_kv.mod,n,4.2776,9.0051,2.674,19,
K,168858_k2.mod,m,-5.2112,22.0672,1.0912,44,
K,168858_k2.mod,h,-58.001,-10.6012,2.2714,27,
K,101629_km.mod,m,-16.0007,10.0011,2.4077,28,
K,127305_kadist.mod,n,-0.8324,12.8664,1.8715,25,
K,127305_kadist.mod,l,-55.9999,-8.0284,2.9994,23,
K,97263_kdrmt.mod,m,21.0083,10.0041,2.407,14,
K,155735_Kh2.mod,m,-125.6234,-18.7543,1.284,5,
K,184308_Kd.mod,m,-43.0,8.0,3.01,24,
K,184308_Kd.mod,h,-67.0318,-7.311,3.2937,18,
K,64229_kA.mod,p,-42.0,13.0,1.8523,39,
K,64229_kA.mod,q,-110.004,-18.0005,1.3377,14,
K,95870_Kx.mod,nKx,-49.9119,5.6948,4.2284,17,
K,20212_kdr_inac.mod,n,-39.9928,3.0039,8.0162,9,
K,20212_kdr_inac.mod,l,-60.7822,-104.5293,0.2304,44,shallow
K,20007_KdrM99SL.mod,n,13.0006,8.0285,2.9993,13,
K,144570_kamt.mod,m,17.5001,14.0,1.72,21,
K,144570_kamt.mod,h,-41.7083,-6.0045,4.0103,17,
K,153280_ch_Kdrp.mod,n,13.0006,8.0285,2.9993,13,
K,184305_Im_v2.mod,m,-48.0091,4.3487,5.5372,13,
K,184325_K_P.mod,m,-14.2999,14.6,1.6493,35,
K,184325_K_P.mod,h,-54.1281,-11.0483,2.1795,30,
K,184299_Im.mod,m,-35.0068,4.997,4.8189,14,
K,155705_K_pyr_bk.mod,n,-38.8201,13.1931,1.8252,36,
K,126640_kas.mod,m,-26.9989,16.0109,1.504,44,
K,126640_kas.mod,h,-33.5356,-21.5369,1.1181,48,
K,180373_K_Tst.mod,m,-9.9999,19.0,1.2674,41,
K,180373_K_Tst.mod,h,-76.0002,-10.0001,2.408,19,
K,184148_Im_v2.mod,m,-48.0091,4.3487,5.5372,13,
K,140828_inwardrect.mod,n,4.2767,-9.0059,2.6738,19,
K,184186_K_T.mod,m,-47.0,29.0,0.8303,50,
K,184186_K_T.mod,h,-66.0046,-10.0022,2.4075,23,
K,101629_kdrca1.mod,n,37.0007,8.0284,2.9993,5,
K,20756_km.mod,m,-25.1733,6.4358,3.7415,19,
K,144553_kvz_nature.mod,n,4.2776,9.0051,2.674,19,
K,184166_Im.mod,m,-35.0068,4.997,4.8189,14,
K,185332_kfast.mod,n,4.2939,9.0087,2.673,19,
K,155796_ka.mod,a,-29.9999,20.0,1.204,47,
K,155796_ka.mod,b,-80.0001,-6.0,4.0133,10,
K,123453_Kv1.mod,n,-45.0003,9.0907,2.6488,26,
K,224923_K_Pst.mod,m,-10.9999,12.0,2.0067,30,
K,224923_K_Pst.mod,h,-64.0115,-11.004,2.1883,26,
K,2733_kA.mod,p,-42.0,13.0,1.8523,39,
K,2733_kA.mod,q,-110.004,-18.0005,1.3377,14,
K,181967_IA.mod,a,-13.9999,16.6,1.4506,39,
K,181967_IA.mod,b,-71.0028,-7.3017,3.2979,17,
K,184180_Kv3_1.mod,m,18.7001,9.7,2.4825,13,
K,184305_Im.mod,m,-35.0068,4.997,4.8189,14,
K,135839_ia.mod,m1,-60.0,8.5,2.8329,23,
K,135839_ia.mod,h1,-78.0069,-6.0031,4.0113,11,
K,17663_HH2.mod,n,-34.8198,13.1933,1.8252,36,
K,184202_Im_v2.mod,m,-48.0091,4.3487,5.5372,13,
K,184231_K_P.mod,m,-14.2999,14.6,1.6493,35,
K,184231_K_P.mod,h,-54.1281,-11.0483,2.1795,30,
K,151126_kaprox.mod,n,11.0826,15.7263,1.5312,25,
K,151126_kaprox.mod,l,-55.9999,-8.0283,2.9994,23,
K,64167_kaprox.mod,n,11.0826,15.7263,1.5312,25,
K,64167_kaprox.mod,l,-56.0,-8.0283,2.9994,23,
K,184186_Kv3_1.mod,m,18.7001,9.7,2.4825,13,
K,116084_kdrca1.mod,n,13.0006,8.0285,2.9993,13,
K,184186_Im_v2.mod,m,-48.0091,4.3487,5.5372,13,
K,184346_K_P.mod,m,-14.2999,14.6,1.6493,35,
K,184346_K_P.mod,h,-54.1281,-11.0483,2.1795,30,
K,135839_km.mod,n,-30.0064,9.0011,2.6752,27,
K,149739_kAmt.mod,m,17.5001,14.0,1.72,21,
K,149739_kAmt.mod,h,-41.7083,-6.0045,4.0103,17,
K,184303_Im.mod,m,-35.0068,4.997,4.8189,14,
K,184323_K_T.mod,m,-47.0,29.0,0.8303,50,
K,184323_K_T.mod,h,-66.0046,-10.0022,2.4075,23,
K,229750_km.mod,m,-16.0007,10.0011,2.4077,28,
K,155057_kdr.mod,n,-19.476,22.4001,1.075,48,
K,184333_Im.mod,m,-35.0068,4.997,4.8189,14,
K,114355_M_kadist.mod,n,-0.8325,12.8665,1.8715,25,
K,114355_M_kadist.mod,l,-56.0,-8.0283,2.9994,23,
K,182797_Ikdrf.mod,m,-7.6254,12.2261,1.9696,26,
K,182797_Ikdrf.mod,h,-42.9073,-30.2793,0.7953,45,
K,126637_Khh.mod,n,-49.7864,20.3027,1.186,48,
K,123815_kap.mod,n,-21.2999,35.0001,0.688,55,
K,123815_kap.mod,l,-58.0,-8.2,2.9366,24,
K,223649_kdrca1.mod,n,37.0007,8.0284,2.9993,5,
K,184173_Kv3_1.mod,m,18.7001,9.7,2.4825,13,
K,184297_Im_v2.mod,m,-48.0091,4.3487,5.5372,13,
K,184335_Kv3_1.mod,m,18.7001,9.7,2.4825,13,
K,135898_kd.mod,m,-42.9999,8.0,3.01,24,
K,135898_kd.mod,h,-67.0317,-7.311,3.2936,18,
K,144392_kaprox.mod,n,11.0826,15.7263,1.5312,25,
K,144392_kaprox.mod,l,-56.0,-8.0283,2.9994,23,
K,184321_Im_v2.mod,m,-48.0091,4.3487,5.5372,13,
K,155602_bgka.mod,n,-33.6038,8.0282,2.9994,24,
K,155602_bgka.mod,l,-83.0003,-6.0212,3.9992,10,
K,222726_kdrca1.mod,n,13.0006,8.0285,2.9993,13,
K,184312_Kd.mod,m,-43.0,8.0,3.01,24,
K,184312_Kd.mod,h,-67.0318,-7.311,3.2937,18,
K,217783_KA_iAMC_ChannelML.mod,m,-25.6999,4.4,5.4727,13,
K,217783_KA_iAMC_ChannelML.mod,h,-25.0004,-4.4002,5.4725,12,
K,119266_hha_old.mod,n,-41.9806,2.0121,11.9677,5,
K,169457_SKv3_1.mod,m,18.7001,9.7,2.4825,13,
K,184352_Kv3_1.mod,m,18.7001,9.7,2.4825,13,
K,183949_kdrRL.mod,m,-24.9976,20.0017,1.2039,48,
K,53876_akfast.mod,n,-42.2995,4.5875,5.2491,13,
K,118986_kmquad.mod,m,-27.7078,13.1152,1.836,39,
K,180789_kpkj.mod,m,-34.9999,15.4001,1.5636,46,
K,180789_kpkj.mod,h,17.9039,-43.2839,0.5563,30,
K,217882_kdrRL.mod,m,-24.9976,20.0017,1.2039,48,
K,226010_M.mod,m,-34.999,8.5013,2.8325,26,
K,140462_IKt3.mod,n,-25.3305,16.7016,1.4418,44,
K,184329_Im_v2.mod,m,-48.0091,4.3487,5.5372,13,
K,112834_kas.mod,m,-26.9989,16.0109,1.504,44,
K,112834_kas.mod,h,-33.5356,-21.5369,1.1181,48,
K,22203_kadist.mod,n,-0.8317,12.8665,1.8715,25,
K,22203_kadist.mod,l,-56.0,-8.0283,2.9994,23,
K,2796_kaprox.mod,n,11.0826,15.7263,1.5312,25,
K,2796_kaprox.mod,l,-56.0,-8.0283,2.9994,23,
K,184196_Kv3_1.mod,m,18.7001,9.7,2.4825,13,
K,184145_K_P.mod,m,-14.2999,14.6,1.6493,35,
K,184145_K_P.mod,h,-54.1281,-11.0483,2.1795,30,
K,184333_K_P.mod,m,-14.2999,14.6,1.6493,35,
K,184333_K_P.mod,h,-54.1281,-11.0483,2.1795,30,
K,150446_KdrTraub1994sd.mod,n,-19.7822,11.2849,2.1338,29,
K,53965_HH2.mod,n,-34.8198,13.1933,1.8252,36,
K,230326_K_Pst.mod,m,-10.9999,12.0,2.0067,30,
K,230326_K_Pst.mod,h,-64.0115,-11.004,2.1883,26,
K,93321_kd.mod,m,-12.2749,11.8163,2.0379,30,
K,150538_km.mod,n,-30.0064,9.0011,2.6752,27,
K,181967_km2.mod,m,-16.0007,10.0011,2.4077,28,
K,144376_IKM.mod,m,-34.9368,10.0225,2.4026,30,
K,169457_Im.mod,m,-35.0005,4.9998,4.8162,14,
K,85112_ks.mod,n,-35.5719,18.5471,1.2983,47,
K,123453_Kv4.mod,n,-57.0,17.3271,1.3897,40,
K,123453_Kv4.mod,h,-69.6016,-9.5706,2.516,20,
K,185858_kap.mod,n,11.0826,15.7263,1.5312,25,
K,185858_kap.mod,l,-56.0,-8.0283,2.9994,23,
K,114394_kv.mod,n,4.2776,9.0051,2.674,19,
K,3289_kfast.mod,n,-47.0,29.0,0.8303,50,
K,3289_kfast.mod,l,-66.005,-10.0024,2.4074,23,
K,126637_KD.mod,m,-44.6794,7.2865,3.3047,21,
K,126637_KD.mod,h,-95.1679,-6.9478,3.4658,5,
K,37819_km.mod,n,-30.0062,8.9971,2.6764,27,
K,20212_hh3.mod,n,-39.975,3.0141,7.9891,9,
K,20212_Mykca.mod,n,-30.0064,9.0011,2.6752,27,
K,183949_kv1_gp.mod,m,-26.9919,16.0036,1.5047,44,
K,183949_kv1_gp.mod,h,-33.5445,-21.9351,1.0978,49,
K,206267_GRC_KA.mod,a,-38.0,17.0,1.4165,46,
K,206267_GRC_KA.mod,b,-78.8374,-8.4141,2.8618,15,
K,184350_K_P.mod,m,-14.2999,14.6,1.6493,35,
K,184350_K_P.mod,h,-54.1281,-11.0483,2.1795,30,
K,19591_Ka_chan.mod,m,-70.0,7.6923,3.1304,18,
K,19591_Ka_chan.mod,h,-80.0,-5.0,4.816,9,
K,184319_Im_v2.mod,m,-48.0091,4.3487,5.5372,13,
K,115356_kdr.mod,n,-34.9998,10.0001,2.408,30,
K,184301_Kv3_1.mod,m,18.7001,9.7,2.4825,13,
K,144541_kadist.mod,n,-0.8325,12.8665,1.8715,25,
K,144541_kadist.mod,l,-56.0,-8.0283,2.9994,23,
K,144490_kaprox_v2.mod,n,11.0826,15.7263,1.5312,25,
K,144490_kaprox_v2.mod,l,-55.9999,-8.0283,2.9994,23,
K,64228_Kx.mod,nKx,-49.9119,5.6948,4.2284,17,
K,184329_Kv3_1.mod,m,18.7001,9.7,2.4825,13,
K,206378_kaprox.mod,n,11.0826,15.7263,1.5312,25,
K,206378_kaprox.mod,l,-56.0,-8.0283,2.9994,23,
K,149737_kslow.mod,a,-15.4061,14.675,1.6409,36,
K,149737_kslow.mod,b1,-58.1396,-11.0596,2.1773,29,
K,149737_kslow.mod,b,-57.9999,-11.0001,2.1891,29,
K,126776_kaprox.mod,n,11.0826,15.7263,1.5312,25,
K,126776_kaprox.mod,l,-56.0,-8.0283,2.9994,23,
K,184157_Kv3_1.mod,m,18.7001,9.7,2.4825,13,
K,182134_kdrca1.mod,n,13.0011,8.0287,2.9992,13,
K,146030_Kdr_ChannelML.mod,m,21.011,10.0051,2.4068,14,
K,184176_Im_v2.mod,m,-48.0091,4.3487,5.5372,13,
K,184196_K_T.mod,m,-47.0,29.0,0.8303,50,
K,184196_K_T.mod,h,-66.0046,-10.0022,2.4075,23,
K,184152_K_P.mod,m,-14.2999,14.6,1.6493,35,
K,184152_K_P.mod,h,-54.1281,-11.0483,2.1795,30,
K,153196_kv.mod,n,4.2776,9.0051,2.674,19,
K,114047_hh.mod,n,-27.8951,18.3159,1.3147,44,
K,225080_kad.mod,n,-0.8324,12.8664,1.8715,25,
K,225080_kad.mod,l,-55.9999,-8.0284,2.9994,23,
K,184335_Kd.mod,m,-43.0,8.0,3.01,24,
K,184335_Kd.mod,h,-67.0318,-7.311,3.2937,18,
K,139656_Golgi_KA.mod,a,-38.0,17.0,1.4165,46,
K,139656_Golgi_KA.mod,b,-78.8374,-8.4141,2.8618,15,
K,19696_kadist.mod,n,-0.8325,12.8665,1.8715,25,
K,19696_kadist.mod,l,-56.0,-8.0283,2.9994,23,
K,144579_km.mod,m,-25.1733,6.4358,3.7415,19,
K,54903_km.mod,n,-30.0063,9.0011,2.6752,27,
K,121060_chan_KAs.mod,m,-26.9999,16.0,1.505,44,
K,121060_chan_KAs.mod,h,-33.5363,-21.5282,1.1185,48,
K,151443_Kdr.mod,n,-37.9882,15.0086,1.6044,44,
K,223955_Kv.mod,n,4.2776,9.0051,2.674,19,
K,119283_kadist.mod,n,-0.8325,12.8665,1.8715,25,
K,119283_kadist.mod,l,-56.0,-8.0283,2.9994,23,
K,144401_km.mod,m,-25.1733,6.4358,3.7415,19,
K,102288_IMminret.mod,m,-60.0029,6.9989,3.4405,21,
K,222359_kap.mod,n,11.0826,15.7263,1.5312,25,
K,222359_kap.mod,l,-55.9999,-8.0283,2.9994,23,
K,184314_Im_v2.mod,m,-48.0091,4.3487,5.5372,13,
K,114355_M_kaprox.mod,n,11.0826,15.7263,1.5312,25,
K,114355_M_kaprox.mod,l,-56.0,-8.0283,2.9994,23,
K,115356_ka.mod,a,-50.0,20.0,1.204,47,
K,115356_ka.mod,b,-80.0001,-6.0,4.0133,10,
K,62673_kdersej.mod,m,-41.7227,9.0008,2.6753,27,
K,184168_Im.mod,m,-35.0068,4.997,4.8189,14,
K,184335_K_P.mod,m,-14.2999,14.6,1.6493,35,
K,184335_K_P.mod,h,-54.1281,-11.0483,2.1795,30,
K,184171_Im.mod,m,-35.0068,4.997,4.8189,14,
K,184159_Im.mod,m,-35.0068,4.997,4.8189,14,
K,150288_kdrca1.mod,n,13.0006,8.0285,2.9993,13,
K,7386_kaprox.mod,n,11.0826,15.7263,1.5312,25,
K,7386_kaprox.mod,l,-56.0,-8.0283,2.9994,23,
K,187610_kap.mod,n,11.0826,15.7263,1.5312,25,
K,187610_kap.mod,l,-55.9999,-8.0283,2.9994,23,
K,184301_K_T.mod,m,-47.0,29.0,0.8303,50,
K,184301_K_T.mod,h,-66.0046,-10.0022,2.4075,23,
K,184339_K_P.mod,m,-14.2999,14.6,1.6493,35,
K,184339_K_P.mod,h,-54.1281,-11.0483,2.1795,30,
K,170030_kdrca1.mod,n,13.0006,8.0285,2.9993,13,
K,185858_km.mod,n,-30.0062,8.9971,2.6764,27,
K,184316_Im.mod,m,-35.0068,4.997,4.8189,14,
K,184202_Kv3_1.mod,m,18.7001,9.7,2.4825,13,
K,45539_ka_ib.mod,m,-59.9999,8.5003,2.8328,23,
K,45539_ka_ib.mod,h,-78.0011,-6.0009,4.0127,11,
K,184327_K_T.mod,m,-47.0,29.0,0.8303,50,
K,184327_K_T.mod,h,-66.0046,-10.0022,2.4075,23,
K,150288_kdrinter.mod,n,-18.9997,8.5362,2.8209,26,
K,184303_Kv3_1.mod,m,18.7001,9.7,2.4825,13,
K,225311_Im.mod,m,-35.0005,4.9998,4.8162,14,
K,187474_K_Tst.mod,m,-9.9999,19.0,1.2674,41,
K,187474_K_Tst.mod,h,-76.0002,-10.0001,2.408,19,
K,62284_B_A.mod,n,-52.4469,10.5709,2.2779,30,
K,62284_B_A.mod,h,-85.9992,-10.0052,2.4067,14,
K,189154_km.mod,n,-30.0062,8.9971,2.6764,27,
K,144482_k2.mod,m,-5.2112,22.0672,1.0912,44,
K,144482_k2.mod,h,-58.001,-10.6012,2.2714,27,
K,184323_Im.mod,m,-35.0068,4.997,4.8189,14,
K,184327_Im_v2.mod,m,-48.0091,4.3487,5.5372,13,
K,80769_Kv1.mod,n,-45.0002,9.0908,2.6488,26,
K,184310_Kv3_1.mod,m,18.7001,9.7,2.4825,13,
K,217882_kv1_gp.mod,m,-26.9919,16.0036,1.5047,44,
K,217882_kv1_gp.mod,h,-33.5445,-21.9351,1.0978,49,
K,168591_kamt.mod,m,17.5001,14.0,1.72,21,
K,168591_kamt.mod,h,-41.7083,-6.0045,4.0103,17,
K,184327_Im.mod,m,-35.0068,4.997,4.8189,14,
K,150551_kdrca1.mod,n,13.0006,8.0285,2.9993,13,
K,184180_Im.mod,m,-35.0068,4.997,4.8189,14,
K,184231_Kv3_1.mod,m,18.7001,9.7,2.4825,13,
K,148644_kadist.mod,n,-0.8325,12.8665,1.8715,25,
K,148644_kadist.mod,l,-56.0,-8.0283,2.9994,23,
K,139657_lt.mod,l,-24.9904,14.921,1.6138,40,
K,139657_lt.mod,r,-415.5404,-1666.9545,0.0144,56,shallow
K,2488_km.mod,n,-30.0064,9.0011,2.6752,27,
K,144482_kdrsoma.mod,m,-19.4728,10.0187,2.4035,30,
K,114355_G_kaprox.mod,n,11.0826,15.7263,1.5312,25,
K,114355_G_kaprox.mod,l,-56.0,-8.0283,2.9994,23,
K,186977_K_pyr_bk.mod,n,-38.8201,13.1931,1.8252,36,
K,116835_GRC_KM.mod,n,-35.0218,5.9876,4.0216,18,
K,170030_kadist.mod,n,-0.8325,12.8665,1.8715,25,
K,170030_kadist.mod,l,-56.0,-8.0283,2.9994,23,
K,3454_ht.mod,n,-8.0045,25.0003,0.9632,51,
K,3454_ht.mod,p,-12.868,-5.0001,4.8159,14,
K,116096_kv.mod,n,4.2776,9.0051,2.674,19,
K,140249_HH_traub.mod,n,-34.8198,13.1933,1.8252,36,
K,140828_kv.mod,n,4.2776,9.0051,2.674,19,
K,153280_ch_KvAproxp.mod,n,11.0826,15.7263,1.5312,25,
K,153280_ch_KvAproxp.mod,l,-56.0,-8.0283,2.9994,23,
K,124063_Bip_Ka.mod,m,-25.3529,7.5017,3.2099,22,
K,124063_Bip_Ka.mod,h,-73.3417,-7.8613,3.0631,17,
K,2487_kA.mod,p,-42.0,13.0,1.8523,39,
K,2487_kA.mod,q,-110.004,-18.0005,1.3377,14,
K,184145_Kd.mod,m,-43.0,8.0,3.01,24,
K,184145_Kd.mod,h,-67.0318,-7.311,3.2937,18,
K,184323_K_P.mod,m,-14.2999,14.6,1.6493,35,
K,184323_K_P.mod,h,-54.1281,-11.0483,2.1795,30,
K,149739_KS.mod,m,-33.9998,6.5,3.7046,19,
K,149739_KS.mod,h,-68.0065,-6.6017,3.6475,16,
K,125857_kdr.mod,n,-15.2703,10.8949,2.2102,26,
K,223031_IKa.mod,m,6.2918,20.0319,1.2021,34,
K,223031_IKa.mod,h,-78.5005,-6.0002,4.0132,11,
K,119266_kadist.mod,n,-0.8325,12.8664,1.8715,25,
K,119266_kadist.mod,l,-55.9999,-8.0283,2.9994,23,
K,17664_KM.mod,m,-35.0352,9.9807,2.4126,30,
K,20007_KmM95.mod,m,-55.0137,2.4014,10.0276,7,
K,3808_HH2.mod,n,-27.0599,12.3008,1.9576,32,
K,45539_kdr_fs.mod,m,-26.9748,11.5175,2.0907,34,
K,12631_HH_traub.mod,n,-34.82,13.1932,1.8252,36,
K,147514_kv.mod,n,4.2776,9.0051,2.674,19,
K,19591_Kdr_chan.mod,m,-37.9998,10.9891,2.1912,33,
K,19591_Kdr_chan.mod,h,-40.374,-144.2283,0.167,55,shallow
K,112546_kdrca1.mod,n,13.0006,8.0285,2.9993,13,
K,168591_kdrmt.mod,m,21.0083,10.0041,2.407,14,
K,37819_kv.mod,n,4.2773,9.0004,2.6754,19,
K,128079_hhmfb.mod,n,-49.7815,20.3011,1.1861,48,
K,184308_K_P.mod,m,-14.2999,14.6,1.6493,35,
K,184308_K_P.mod,h,-54.1281,-11.0483,2.1795,30,
K,17664_Kh.mod,m,-78.0262,-7.0086,3.4358,13,
K,144482_km.mod,m,-25.1733,6.4358,3.7415,19,
K,137259_kadist.mod,n,-0.8325,12.8665,1.8715,25,
K,137259_kadist.mod,l,-56.0,-8.0283,2.9994,23,
K,184163_Im_v2.mod,m,-48.0091,4.3487,5.5372,13,
K,114355_G_kdr.mod,n,13.0015,8.029,2.9991,13,
K,114685_PARAK75.mod,n,-69.5669,10.4523,2.3038,22,
K,37819_HH2.mod,n,-34.82,13.1932,1.8252,36,
K,150288_kaprox.mod,n,11.0826,15.7263,1.5312,25,
K,150288_kaprox.mod,l,-56.0,-8.0283,2.9994,23,
K,51781_bgka.mod,n,-33.6038,8.0282,2.9994,24,
K,51781_bgka.mod,l,-83.0003,-6.0212,3.9992,10,
K,187615_kfast.mod,n,-47.0,29.0,0.8303,50,
K,187615_kfast.mod,l,-66.0046,-10.0022,2.4075,23,
K,154732_kadist.mod,n,-0.8325,12.8665,1.8715,25,
K,154732_kadist.mod,l,-56.0,-8.0283,2.9994,23,
K,150621_KAfm.mod,m,-33.1,7.5,3.2106,22,
K,150621_KAfm.mod,h,-70.4027,-7.6013,3.1679,17,
K,144482_kdr.mod,m,-19.4728,10.019,2.4034,30,
K,139656_GRC_KM.mod,n,-35.0218,5.9876,4.0216,18,
K,3808_HH1.mod,n,-31.0738,13.0461,1.8458,34,
K,124043_Kdr.mod,n,-19.476,22.4001,1.075,48,
K,207695_kslow.mod,a,-16.2604,14.5757,1.6521,36,
K,207695_kslow.mod,b1,-58.1373,-11.0592,2.1774,29,
K,207695_kslow.mod,b,-57.9998,-11.0014,2.1888,29,
K,71312_kaprox.mod,n,11.0826,15.7263,1.5312,25,
K,71312_kaprox.mod,l,-56.0,-8.0283,2.9994,23,
K,184152_Im.mod,m,-35.0068,4.997,4.8189,14,
K,156120_hh1.mod,n,-49.7815,20.3011,1.1861,48,
K,206400_km.mod,m,-40.0025,9.9989,2.4082,29,
K,8115_IM.mod,m,-30.0663,8.9687,2.6849,27,
K,184314_Kv3_1.mod,m,18.7001,9.7,2.4825,13,
K,184350_Im_v2.mod,m,-48.0091,4.3487,5.5372,13,
K,184184_Kd.mod,m,-43.0,8.0,3.01,24,
K,184184_Kd.mod,h,-67.0318,-7.311,3.2937,18,
K,124291_kdrca1.mod,n,23.0007,8.0285,2.9993,9,
K,116084_kadist.mod,n,-0.8325,12.8665,1.8715,25,
K,116084_kadist.mod,l,-56.0,-8.0283,2.9994,23,
K,170030_kv72wt73wtR201C.mod,m,-43.4271,13.2876,1.8122,38,
K,64228_Kv.mod,mKv,1.2056,25.8844,0.9303,47,
K,184325_Im_v2.mod,m,-48.0091,4.3487,5.5372,13,
K,119266_kaprox.mod,n,11.0826,15.7263,1.5312,25,
K,119266_kaprox.mod,l,-56.0,-8.0283,2.9994,23,
K,149174_bgka.mod,n,-33.6038,8.0282,2.9994,24,
K,149174_bgka.mod,l,-83.0003,-6.0212,3.9992,10,
K,53876_bkfast.mod,n,-23.401,6.0106,4.0062,18,
K,102288_Ikdrf.mod,m,-7.6254,12.2261,1.9696,26,
K,102288_Ikdrf.mod,h,-42.9073,-30.2793,0.7953,45,
K,138321_km.mod,n,-30.0064,9.0011,2.6752,27,
K,3648_kamt.mod,m,17.5001,14.0,1.72,21,
K,3648_kamt.mod,h,-41.7083,-6.0045,4.0103,17,
K,108458_Kv.mod,n,4.2776,9.0051,2.674,19,
K,37857_klt.mod,w,-67.3053,12.1222,1.9864,23,
K,37857_klt.mod,z,14.0458,-119.0445,0.2023,55,shallow
K,184316_Kv3_1.mod,m,18.7001,9.7,2.4825,13,
K,87535_kaprox.mod,n,11.0826,15.7263,1.5312,25,
K,87535_kaprox.mod,l,-56.0,-8.0283,2.9994,23,
K,149415_kamt.mod,m,17.5001,14.0,1.72,21,
K,149415_kamt.mod,h,-41.7083,-6.0045,4.0103,17,
K,46839_Grg_kv.mod,n,-18.7836,18.2116,1.3222,41,
K,19696_kdrca1.mod,n,13.0006,8.0285,2.9993,13,
K,147867_kap.mod,n,11.0826,15.7263,1.5312,25,
K,147867_kap.mod,l,-56.0,-8.0283,2.9994,23,
K,184173_K_T.mod,m,-47.0,29.0,0.8303,50,
K,184173_K_T.mod,h,-66.0046,-10.0022,2.4075,23,
K,112546_km.mod,m,-40.0025,9.9989,2.4082,29,
K,55035_kdrca1.mod,n,13.0006,8.0285,2.9993,13,
K,143442_kd.mod,m,-42.9999,8.0,3.01,24,
K,143442_kd.mod,h,-67.0317,-7.311,3.2936,18,
K,18500_HH.mod,n,-67.8516,3.5064,6.8674,8,
K,151126_kdrax.mod,n,13.0006,8.0285,2.9993,13,
K,144385_kv.mod,n,4.2776,9.0051,2.674,19,
K,184159_K_P.mod,m,-14.2999,14.6,1.6493,35,
K,184159_K_P.mod,h,-54.1281,-11.0483,2.1795,30,
K,184145_K_T.mod,m,-47.0,29.0,0.8303,50,
K,184145_K_T.mod,h,-66.0046,-10.0022,2.4075,23,
K,151460_PARAK75.mod,n,-69.5669,10.4523,2.3038,22,
K,184308_Im.mod,m,-35.0068,4.997,4.8189,14,
K,137259_kd.mod,n,-32.9728,-8.0223,3.0016,24,
K,151825_kslow.mod,a,-29.765,10.3679,2.3225,29,
K,151825_kslow.mod,b1,-58.1375,-11.0579,2.1776,29,
K,151825_kslow.mod,b,-58.0,-11.0,2.1891,29,
K,206398_km.mod,n,-30.0064,9.0011,2.6752,27,
K,155601_bgka.mod,n,-33.6038,8.0282,2.9994,24,
K,155601_bgka.mod,l,-83.0003,-6.0212,3.9992,10,
K,180373_K_Pst.mod,m,-10.9999,12.0,2.0067,30,
K,180373_K_Pst.mod,h,-64.0115,-11.004,2.1883,26,
K,184163_Kv3_1.mod,m,18.7001,9.7,2.4825,13,
K,226010_kDR.mod,n,-25.0002,12.0003,2.0066,36,
K,185513_sKdr.mod,m,-50.0,9.1022,2.6455,27,
K,184323_Kd.mod,m,-43.0,8.0,3.01,24,
K,184323_Kd.mod,h,-67.0318,-7.311,3.2937,18,
K,3491_kdrgc.mod,m,0.2001,9.4,2.5617,20,
K,3491_kdrgc.mod,h,-52.4004,-7.4467,3.2336,22,
K,87546_kamt.mod,m,17.5001,14.0,1.72,21,
K,87546_kamt.mod,h,-41.7083,-6.0045,4.0103,17,
K,127351_kad.mod,n,-0.8324,12.8664,1.8715,25,
K,127351_kad.mod,l,-55.9999,-8.0284,2.9994,23,
K,184344_K_P.mod,m,-14.2999,14.6,1.6493,35,
K,184344_K_P.mod,h,-54.1281,-11.0483,2.1795,30,
K,144579_kdr_fs.mod,m,-26.9748,11.5175,2.0907,34,
K,184297_Im.mod,m,-35.0068,4.997,4.8189,14,
K,206378_kadist.mod,n,-0.8325,12.8665,1.8715,25,
K,206378_kadist.mod,l,-56.0,-8.0283,2.9994,23,
K,87546_ks.mod,p,-34.9999,2.0,12.0399,6,
K,87546_ks.mod,q,-50.0021,-6.5997,3.6486,19,
K,230811_kadist.mod,n,-0.8324,12.8664,1.8715,25,
K,230811_kadist.mod,l,-55.9999,-8.0284,2.9994,23,
K,146509_kdrca1.mod,n,13.0006,8.0285,2.9993,13,
K,184299_K_T.mod,m,-47.0,29.0,0.8303,50,
K,184299_K_T.mod,h,-66.0046,-10.0022,2.4075,23,
K,127021_Golgi_KM.mod,n,-35.0218,5.9876,4.0216,18,
K,32992_kaprox.mod,n,11.0826,15.7263,1.5312,25,
K,32992_kaprox.mod,l,-56.0,-8.0283,2.9994,23,
K,3488_kargc.mod,m,-20.9091,10.2447,2.3505,30,
K,3488_kargc.mod,h,-62.0006,-6.3503,3.7919,19,
K,114665_kdrmt.mod,m,21.0083,10.0041,2.407,14,
K,206398_kv.mod,n,4.2776,9.0051,2.674,19,
K,97860_kv2_simplehh.mod,n,0.0651,8.0272,2.9998,18,
K,144490_kaprox.mod,n,11.0826,15.7244,1.5314,25,
K,144490_kaprox.mod,l,-55.9999,-8.0274,2.9997,23,
K,53876_kslow.mod,n,-45.0035,5.1275,4.6962,16,
K,150024_sKdr.mod,m,-50.0,9.1022,2.6455,27,
K,116094_kM.mod,x,-35.0025,4.9987,4.8172,14,
K,85112_kf.mod,n,-52.1141,9.5462,2.5225,25,
K,3793_kd.mod,n,-46.281,13.4234,1.7939,37,
K,184346_Kd.mod,m,-43.0,8.0,3.01,24,
K,184346_Kd.mod,h,-67.0318,-7.311,3.2937,18,
K,121259_kaprox.mod,n,11.0826,15.7263,1.5312,25,
K,121259_kaprox.mod,l,-56.0,-8.0283,2.9994,23,
K,150288_kadist.mod,n,-0.8325,12.8665,1.8715,25,
K,150288_kadist.mod,l,-56.0,-8.0283,2.9994,23,
K,184184_Im_v2.mod,m,-48.0091,4.3487,5.5372,13,
K,7386_kdrca1.mod,n,13.0006,8.0285,2.9993,13,
K,184186_Im.mod,m,-35.0068,4.997,4.8189,14,
K,143604_im.mod,m,-35.028,9.9878,2.4109,30,
K,184337_Im.mod,m,-35.0068,4.997,4.8189,14,
K,184182_Kv3_1.mod,m,18.7001,9.7,2.4825,13,
K,126637_Kh.mod,m,-78.0262,-7.0086,3.4358,13,
K,126814_kdrca1.mod,n,19.0006,8.0285,2.9993,11,
K,124291_kdr.mod,n,-1.1721,62.8843,0.3829,47,shallow
K,53569_Kslow.mod,n,-27.0664,12.3045,1.957,32,
K,135898_kv.mod,n,4.2776,9.0051,2.674,19,
K,169457_K_Tst.mod,m,-9.9999,19.0,1.2674,41,
K,169457_K_Tst.mod,h,-76.0002,-10.0001,2.408,19,
K,124043_hh3_icgK2.mod,n2,-39.9978,3.0014,8.023,9,
K,124043_hh3_icgK2.mod,n,-39.9978,3.0014,8.023,9,
K,124043_hh3_icgK2.mod,s,-43.9997,-3.0009,8.0243,9,
K,184348_Kd.mod,m,-43.0,8.0,3.01,24,
K,184348_Kd.mod,h,-67.0318,-7.311,3.2937,18,
K,144482_k2soma.mod,m,-9.9993,16.9998,1.4165,39,
K,144482_k2soma.mod,h,-58.001,-10.601,2.2715,27,
K,149737_kfast.mod,n,-46.9998,29.0,0.8303,50,
K,149737_kfast.mod,l,-66.0009,-10.0007,2.4078,23,
K,156120_km.mod,m,-40.0025,9.9989,2.4082,29,
K,182797_Ikdrsaxon.mod,m,-0.9596,17.0832,1.4096,32,
K,182797_Ikdrsaxon.mod,h,-50.712,-32.5044,0.7408,55,
K,153280_ch_Kdrslow.mod,n,-37.582,8.6085,2.7972,25,
K,54903_kv.mod,n,4.2777,9.0052,2.674,19,
K,143100_Kv2.mod,m,-33.1999,9.1,2.6461,26,
K,143100_Kv2.mod,h,-0.1438,-33.0555,0.7285,37,
K,126637_KMcvode.mod,m,-34.9705,10.022,2.4027,30,
K,114359_kv.mod,n,4.2776,9.0051,2.674,19,
K,117207_kv.mod,n,4.2776,9.0052,2.674,19,
K,86537_kdr.mod,n,-14.622,18.3803,1.3101,42,
K,108458_Ka.mod,n,11.0826,15.7263,1.5312,25,
K,108458_Ka.mod,l,-56.0,-8.0283,2.9994,23,
K,187604_ch_Kdrp.mod,n,13.0006,8.0285,2.9993,13,
K,118986_kaprox.mod,n,11.0826,15.7263,1.5312,25,
K,118986_kaprox.mod,l,-56.0,-8.0283,2.9994,23,
K,143442_kv.mod,n,4.2776,9.0051,2.674,19,
K,64167_kdrca1.mod,n,13.0006,8.0285,2.9993,13,
K,184161_Im.mod,m,-35.0068,4.997,4.8189,14,
K,95870_Kv.mod,mKv,-29.1859,23.7206,1.0151,50,
K,95870_Kv.mod,hKv,7.2841,-9.2199,2.6117,15,
K,184202_K_T.mod,m,-47.0,29.0,0.8303,50,
K,184202_K_T.mod,h,-66.0046,-10.0022,2.4075,23,
K,184159_Kv3_1.mod,m,18.7001,9.7,2.4825,13,
K,2730_kM.mod,x,-35.0025,4.9987,4.8172,14,
K,139656_Golgi_KV.mod,n,-16.2252,27.0405,0.8905,45,
K,146376_kaprox.mod,n,11.0826,15.7263,1.5312,25,
K,146376_kaprox.mod,l,-56.0,-8.0283,2.9994,23,
K,170030_ks.mod,p,-34.9999,2.0,12.0399,6,
K,170030_ks.mod,q,-50.0021,-6.5997,3.6486,19,
K,53869_kLT_VCN2003.mod,w,-67.3051,12.1224,1.9864,23,
K,53869_kLT_VCN2003.mod,z,14.0458,-119.0441,0.2023,55,shallow
K,136095_nthh.mod,n,-34.816,13.1967,1.8247,36,
K,184163_Im.mod,m,-35.0068,4.997,4.8189,14,
K,184331_K_P.mod,m,-14.2999,14.6,1.6493,35,
K,184331_K_P.mod,h,-54.1281,-11.0483,2.1795,30,
K,20212_hha2.mod,n,-46.2808,3.0109,7.9974,9,
K,37819_tia.mod,m,-59.9999,8.5,2.8329,23,
K,37819_tia.mod,h,-78.0069,-6.0031,4.0113,11,
K,144541_km.mod,m,-40.0025,9.9989,2.4082,29,
K,82784_Ks.mod,a,-34.0,6.5,3.7046,19,
K,82784_Ks.mod,b,-65.0067,-6.6022,3.6472,18,
K,184161_K_T.mod,m,-47.0,29.0,0.8303,50,
K,184161_K_T.mod,h,-66.0046,-10.0022,2.4075,23,
K,151460_KDR.mod,n,-15.6172,10.7366,2.2428,27,
K,113732_km.mod,n,-30.0064,9.0011,2.6752,27,
K,184202_Kd.mod,m,-43.0,8.0,3.01,24,
K,184202_Kd.mod,h,-67.0318,-7.311,3.2937,18,
K,123453_Kv3.mod,n,-15.9998,13.2501,1.8173,34,
K,184180_Kd.mod,m,-43.0,8.0,3.01,24,
K,184180_Kd.mod,h,-67.0318,-7.311,3.2937,18,
K,184196_K_P.mod,m,-14.2999,14.6,1.6493,35,
K,184196_K_P.mod,h,-54.1281,-11.0483,2.1795,30,
K,139657_ht.mod,n,-8.0045,25.0003,0.9632,51,
K,139657_ht.mod,p,-12.868,-5.0001,4.8159,14,
K,184310_K_P.mod,m,-14.2999,14.6,1.6493,35,
K,184310_K_P.mod,h,-54.1281,-11.0483,2.1795,30,
K,148094_kv72wt73wt.mod,m,-30.7063,11.6567,2.0657,34,
K,62266_B_A.mod,n,-52.447,10.5709,2.2779,30,
K,62266_B_A.mod,h,-85.9992,-10.0051,2.4067,14,
K,102288_Ikdrs.mod,m,-0.9596,17.0832,1.4096,32,
K,102288_Ikdrs.mod,h,-50.712,-32.5044,0.7408,55,
K,184202_K_P.mod,m,-14.2999,14.6,1.6493,35,
K,184202_K_P.mod,h,-54.1281,-11.0483,2.1795,30,
K,144490_hha_old_v2.mod,n,-41.9806,2.0121,11.9677,5,
K,62266_B_DR.mod,n,-30.7076,12.6143,1.9089,37,
K,184310_K_T.mod,m,-47.0,29.0,0.8303,50,
K,184310_K_T.mod,h,-66.0046,-10.0022,2.4075,23,
K,53451_km.mod,n,-30.0064,9.0011,2.6752,27,
K,186977_km.mod,m,-40.0025,9.9989,2.4082,29,
K,97917_kdr.mod,m,-29.4763,10.0166,2.404,30,
K,147514_km.mod,n,-30.0064,9.0011,2.6752,27,
K,124043_kdf.mod,n,-23.9998,14.0036,1.7195,38,
K,124043_kdf.mod,h,-54.1274,-11.0504,2.1791,30,
K,184346_K_T.mod,m,-47.0,29.0,0.8303,50,
K,184346_K_T.mod,h,-66.0046,-10.0022,2.4075,23,
K,64195_ka.mod,n,11.0826,15.7263,1.5312,25,
K,64195_ka.mod,l,-56.0,-8.0283,2.9994,23,
K,127305_kdrca1.mod,n,13.0006,8.0285,2.9993,13,
K,187474_SKv3_1.mod,m,18.7001,9.7,2.4825,13,
K,225311_SKv3_1.mod,m,18.7001,9.7,2.4825,13,
K,18198_HH2.mod,n,-34.8198,13.1933,1.8252,36,
K,229585_Kv43.mod,a,-38.0,17.0,1.4165,46,
K,229585_Kv43.mod,b,-78.8374,-8.4141,2.8618,15,
K,64229_bgka.mod,n,-33.6038,8.0282,2.9994,24,
K,64229_bgka.mod,l,-83.0003,-6.0212,3.9992,10,
K,180370_kdrRL.mod,m,-24.9976,20.0017,1.2039,48,
K,184329_K_T.mod,m,-47.0,29.0,0.8303,50,
K,184329_K_T.mod,h,-66.0046,-10.0022,2.4075,23,
K,184337_Im_v2.mod,m,-48.0091,4.3487,5.5372,13,
K,2796_kdrca1.mod,n,13.0006,8.0285,2.9993,13,
K,189154_kap.mod,n,11.0826,15.7263,1.5312,25,
K,189154_kap.mod,l,-56.0,-8.0283,2.9994,23,
K,184166_Im_v2.mod,m,-48.0091,4.3487,5.5372,13,
K,150551_kaprox.mod,n,11.0826,15.7263,1.5312,25,
K,150551_kaprox.mod,l,-56.0,-8.0283,2.9994,23,
K,136803_km.mod,n,-30.0064,9.0011,2.6752,27,
K,184152_Kd.mod,m,-43.0,8.0,3.01,24,
K,184152_Kd.mod,h,-67.0318,-7.311,3.2937,18,
K,8210_kd3h5.mod,n,-0.7206,9.0053,2.674,20,
K,224923_SKv3_1.mod,m,18.7001,9.7,2.4825,13,
K,168858_ka.mod,m,-59.9999,8.5,2.8329,23,
K,168858_ka.mod,h,-78.0004,-6.0002,4.0132,11,
K,150446_KaTraub1994.mod,m,-40.0357,12.4375,1.9361,37,
K,150446_KaTraub1994.mod,h,-73.2246,-4.0881,5.8903,10,
K,141273_kv.mod,n,4.2776,9.0051,2.674,19,
K,45539_k2.mod,m,-5.2112,22.0672,1.0912,44,
K,45539_k2.mod,h,-58.001,-10.6012,2.2714,27,
K,144523_fKdr.mod,m,-40.0,7.8026,3.0861,23,
K,155735_KMnew2.mod,m,-35.0325,9.9906,2.4103,30,
K,184308_Kv3_1.mod,m,18.7001,9.7,2.4825,13,
K,17664_Khh.mod,n,-49.7864,20.3027,1.186,48,
K,116862_HH2.mod,n,-34.82,13.1932,1.8252,36,
K,83523_kv.mod,n,-14.9999,11.0,2.1891,29,
K,83523_kv.mod,h,-18.0114,-11.0091,2.1873,31,
K,168874_km.mod,m,-34.0034,9.9989,2.4082,29,
K,123815_hha_old.mod,n,-41.9806,2.0121,11.9677,5,
K,20014_hh1.mod,n,-49.7819,20.3006,1.1862,48,
K,222726_kadist.mod,n,-0.8325,12.8665,1.8715,25,
K,222726_kadist.mod,l,-56.0,-8.0283,2.9994,23,
K,53451_kv.mod,n,4.2776,9.0051,2.674,19,
K,144482_kv.mod,n,4.2776,9.0051,2.674,19,
K,71312_kadist.mod,n,-0.8325,12.8665,1.8715,25,
K,71312_kadist.mod,l,-56.0,-8.0283,2.9994,23,
K,144392_kdrca1.mod,n,13.0006,8.0285,2.9993,13,
K,87284_kadist.mod,n,-0.8325,12.8665,1.8715,25,
K,87284_kadist.mod,l,-56.0,-8.0283,2.9994,23,
K,184301_K_P.mod,m,-14.2999,14.6,1.6493,35,
K,184301_K_P.mod,h,-54.1281,-11.0483,2.1795,30,
K,184171_K_P.mod,m,-14.2999,14.6,1.6493,35,
K,184171_K_P.mod,h,-54.1281,-11.0483,2.1795,30,
K,9769_kadist.mod,n,-0.8325,12.8665,1.8715,25,
K,9769_kadist.mod,l,-56.0,-8.0283,2.9994,23,
K,229750_kaprox.mod,n,35.3404,15.7525,1.5286,16,
K,229750_kaprox.mod,l,-31.9999,-8.0283,2.9994,23,
K,184152_K_T.mod,m,-47.0,29.0,0.8303,50,
K,184152_K_T.mod,h,-66.0046,-10.0022,2.4075,23,
K,184159_K_T.mod,m,-47.0,29.0,0.8303,50,
K,184159_K_T.mod,h,-66.0046,-10.0022,2.4075,23,
K,184337_Kv3_1.mod,m,18.7001,9.7,2.4825,13,
K,184341_Im_v2.mod,m,-48.0091,4.3487,5.5372,13,
K,184312_K_T.mod,m,-47.0,29.0,0.8303,50,
K,184312_K_T.mod,h,-66.0046,-10.0022,2.4075,23,
K,136715_kv.mod,n,4.2776,9.0051,2.674,19,
K,184299_Im_v2.mod,m,-48.0091,4.3487,5.5372,13,
K,20212_kad.mod,n,-34.3999,21.0,1.1467,48,
K,20212_kad.mod,l,-58.0,-8.2,2.9366,24,
K,119283_kdrca1.mod,n,13.0006,8.0285,2.9993,13,
K,229750_kdrca1.mod,n,37.0007,8.0284,2.9993,5,
K,127305_kaprox.mod,n,11.0826,15.7263,1.5312,25,
K,127305_kaprox.mod,l,-55.9999,-8.0283,2.9994,23,
K,136309_kdr_Traub.mod,m,-29.4763,10.0166,2.404,30,
K,184274_Im_v2.mod,m,-48.0091,4.3487,5.5372,13,
K,116862_nthh.mod,n,-34.816,13.1967,1.8247,36,
K,185858_kdr.mod,n,13.0006,8.0285,2.9993,13,
K,184184_K_P.mod,m,-14.2999,14.6,1.6493,35,
K,184184_K_P.mod,h,-54.1281,-11.0483,2.1795,30,
K,97917_km.mod,m,-25.1733,6.4358,3.7415,19,
K,116096_km.mod,n,-30.0064,9.0011,2.6752,27,
K,184171_Kd.mod,m,-43.0,8.0,3.01,24,
K,184171_Kd.mod,h,-67.0318,-7.311,3.2937,18,
K,187610_kdr.mod,n,13.0006,8.0285,2.9993,13,
K,144392_kadist.mod,n,-0.8325,12.8665,1.8715,25,
K,144392_kadist.mod,l,-56.0,-8.0283,2.9994,23,
K,137259_kaprox.mod,n,35.3404,15.7525,1.5286,16,
K,137259_kaprox.mod,l,-31.9999,-8.0283,2.9994,23,
K,44050_kadist.mod,n,-0.8325,12.8665,1.8715,25,
K,44050_kadist.mod,l,-56.0,-8.0283,2.9994,23,
K,155735_kpkj2.mod,n,-34.9999,20.4001,1.1804,48,
K,146509_kaprox.mod,n,11.0826,15.7263,1.5312,25,
K,146509_kaprox.mod,l,-56.0,-8.0283,2.9994,23,
K,101629_kaprox.mod,n,35.3404,15.7525,1.5286,16,
K,101629_kaprox.mod,l,-31.9999,-8.0283,2.9994,23,
K,144089_kadist.mod,n,-0.8324,12.8664,1.8715,25,
K,144089_kadist.mod,l,-55.9999,-8.0284,2.9994,23,
K,149739_kM.mod,x,-35.0025,4.9987,4.8172,14,
K,187604_ch_KvA.mod,n,-33.6038,8.0282,2.9994,24,
K,187604_ch_KvA.mod,l,-83.0003,-6.0212,3.9992,10,
K,151681_kamt.mod,m,17.5001,14.0,1.72,21,
K,151681_kamt.mod,h,-41.7083,-6.0045,4.0103,17,
K,156120_K_pyr_bk.mod,n,-38.8201,13.1931,1.8252,36,
K,185355_Kir.mod,l,-98.9203,-10.89,2.2112,9,
K,97917_ka_ib.mod,m,-59.9999,8.5003,2.8328,23,
K,97917_ka_ib.mod,h,-78.0011,-6.0009,4.0127,11,
K,3263_borgkm.mod,m,-55.0137,2.4014,10.0276,7,
K,71312_kdrca1.mod,n,13.0006,8.0285,2.9993,13,
K,184352_Im.mod,m,-35.0068,4.997,4.8189,14,
K,184186_Kd.mod,m,-43.0,8.0,3.01,24,
K,184186_Kd.mod,h,-67.0318,-7.311,3.2937,18,
K,184202_Im.mod,m,-35.0068,4.997,4.8189,14,
K,108459_kaprox.mod,n,11.0845,15.7256,1.5313,25,
K,108459_kaprox.mod,l,-56.0,-8.0283,2.9994,23,
K,139656_GRC_KIR.mod,d,-87.5043,-14.4928,1.6615,20,
K,97860_kv1_gp.mod,m,-26.9919,16.0036,1.5047,44,
K,97860_kv1_gp.mod,h,-33.5445,-21.9351,1.0978,49,
K,121259_kdrca12.mod,n,13.0006,8.0285,2.9993,13,
K,141272_hhdet.mod,n,-49.7816,20.3011,1.1861,48,
K,37857_ka.mod,a,-51.1978,13.9763,1.7229,31,
K,37857_ka.mod,b,-56.4708,-9.8916,2.4344,28,
K,37857_ka.mod,c,-56.4816,-9.8949,2.4336,28,
K,184180_K_P.mod,m,-14.2999,14.6,1.6493,35,
K,184180_K_P.mod,h,-54.1281,-11.0483,2.1795,30,
K,184161_Im_v2.mod,m,-48.0091,4.3487,5.5372,13,
K,184176_K_T.mod,m,-47.0,29.0,0.8303,50,
K,184176_K_T.mod,h,-66.0046,-10.0022,2.4075,23,
K,46839_grg_km.mod,n,-30.0202,5.9888,4.0208,17,
K,127351_kdr.mod,n,13.0006,8.0285,2.9993,13,
K,184319_K_P.mod,m,-14.2999,14.6,1.6493,35,
K,184319_K_P.mod,h,-54.1281,-11.0483,2.1795,30,
K,3343_HH2.mod,n,-34.8198,13.1933,1.8252,36,
K,64212_kdr.mod,n,13.0006,8.0285,2.9993,13,
K,114394_Kv1.mod,n,-48.4551,6.0883,3.9551,18,
K,184316_K_P.mod,m,-14.2999,14.6,1.6493,35,
K,184316_K_P.mod,h,-54.1281,-11.0483,2.1795,30,
K,3817_IM.mod,m,-34.9368,10.0225,2.4026,30,
K,50210_kdrmt.mod,m,21.0083,10.0041,2.407,14,
K,87473_ka.mod,b,-70.0,-5.0,4.816,13,
K,106551_kadist.mod,n,-0.8325,12.8665,1.8715,25,
K,106551_kadist.mod,l,-56.0,-8.0283,2.9994,23,
K,184321_K_T.mod,m,-47.0,29.0,0.8303,50,
K,184321_K_T.mod,h,-66.0046,-10.0022,2.4075,23,
K,153280_ch_KvA.mod,n,-33.6038,8.0282,2.9994,24,
K,153280_ch_KvA.mod,l,-83.0003,-6.0212,3.9992,10,
K,139656_GRC_KV.mod,n,-14.6417,26.7128,0.9014,45,
K,93321_ka.mod,m,-27.1999,8.7,2.7678,26,
K,93321_ka.mod,h,-56.9004,-4.9003,4.914,14,
K,147867_kad.mod,n,-0.8325,12.8665,1.8715,25,
K,147867_kad.mod,l,-56.0,-8.0283,2.9994,23,
K,184305_Kd.mod,m,-43.0,8.0,3.01,24,
K,184305_Kd.mod,h,-67.0318,-7.311,3.2937,18,
K,3660_kaneosup.mod,m,-0.7999,11.6,2.0758,25,
K,3660_kaneosup.mod,h,-51.3062,-7.9023,3.0472,23,
K,9769_kaprox.mod,n,11.0826,15.7263,1.5312,25,
K,9769_kaprox.mod,l,-56.0,-8.0283,2.9994,23,
K,127351_kap.mod,n,11.0826,15.7263,1.5312,25,
K,127351_kap.mod,l,-55.9999,-8.0283,2.9994,23,
K,184196_Im_v2.mod,m,-48.0091,4.3487,5.5372,13,
K,119266_KdBG.mod,xs,-63.0,4.0135,5.9997,12,
K,119266_KdBG.mod,ys,-73.1417,-9.7223,2.4768,20,
K,22203_km.mod,n,-30.0064,9.0011,2.6752,27,
K,83344_km.mod,n,-30.0064,9.0011,2.6752,27,
K,144089_kdrD.mod,n,-19.4507,22.4178,1.0741,48,
K,187474_K_Pst.mod,m,-10.9999,12.0,2.0067,30,
K,187474_K_Pst.mod,h,-64.0115,-11.004,2.1883,26,
K,184299_Kd.mod,m,-43.0,8.0,3.01,24,
K,184299_Kd.mod,h,-67.0318,-7.311,3.2937,18,
K,187603_kap.mod,n,11.0826,15.7263,1.5312,25,
K,187603_kap.mod,l,-56.0,-8.0283,2.9994,23,
K,87535_kdrca1.mod,n,13.0006,8.0285,2.9993,13,
K,2730_kA.mod,p,-42.0,13.0,1.8523,39,
K,2730_kA.mod,q,-110.004,-18.0005,1.3377,14,
K,144385_km.mod,n,-30.0064,9.0011,2.6752,27,
K,157339_kadist.mod,n,-0.8325,12.8665,1.8715,25,
K,157339_kadist.mod,l,-56.0,-8.0283,2.9994,23,
K,184305_Kv3_1.mod,m,18.7001,9.7,2.4825,13,
K,223649_kadist.mod,n,-0.8325,12.8665,1.8715,25,
K,223649_kadist.mod,l,-56.0,-8.0283,2.9994,23,
K,168858_kdr.mod,m,-29.4763,10.0164,2.4041,30,
K,43039_kdrmt.mod,m,21.0083,10.0041,2.407,14,
K,140828_HH2.mod,n,-34.8198,13.1933,1.8252,36,
K,184341_Kv3_1.mod,m,18.7001,9.7,2.4825,13,
K,144579_kdr.mod,m,-29.4763,10.0166,2.404,30,
K,150240_hh2.mod,n,-34.8198,13.1933,1.8252,36,
K,184337_K_P.mod,m,-14.2999,14.6,1.6493,35,
K,184337_K_P.mod,h,-54.1281,-11.0483,2.1795,30,
K,185858_IKM.mod,m,-34.9368,10.0225,2.4026,30,
K,184178_K_T.mod,m,-47.0,29.0,0.8303,50,
K,184178_K_T.mod,h,-66.0046,-10.0022,2.4075,23,
K,123815_bgka.mod,n,-33.6038,8.0282,2.9994,24,
K,123815_bgka.mod,l,-83.0003,-6.0212,3.9992,10,
K,184341_K_P.mod,m,-14.2999,14.6,1.6493,35,
K,184341_K_P.mod,h,-54.1281,-11.0483,2.1795,30,
K,110560_potassium.mod,n,-17.2991,11.3004,2.1309,31,
K,137259_km.mod,m,-16.0007,10.0011,2.4077,28,
K,150538_kv.mod,n,4.2776,9.0051,2.674,19,
K,206267_GRC_KM.mod,n,-35.0218,5.9876,4.0216,18,
K,155735_kpkjslow.mod,n,-27.4999,18.4001,1.3087,47,
K,154732_km.mod,n,-30.0015,9.0033,2.6746,27,
K,184168_Im_v2.mod,m,-48.0091,4.3487,5.5372,13,
K,156780_K_Tst.mod,m,-9.9999,19.0,1.2674,41,
K,156780_K_Tst.mod,h,-76.0002,-10.0001,2.408,19,
K,184166_Kd.mod,m,-43.0,8.0,3.01,24,
K,184166_Kd.mod,h,-67.0318,-7.311,3.2937,18,
K,136309_k2_Traub.mod,m,-5.2112,22.0672,1.0912,44,
K,136309_k2_Traub.mod,h,-58.001,-10.6012,2.2714,27,
K,168858_km.mod,m,-25.1726,6.4354,3.7418,19,
K,223031_Ikdrs.mod,m,-0.9596,17.0832,1.4096,32,
K,223031_Ikdrs.mod,h,-50.712,-32.5044,0.7408,55,
K,124063_Cone_Kv.mod,mKv,-29.1859,23.7206,1.0151,50,
K,124063_Cone_Kv.mod,hKv,7.2841,-9.2199,2.6117,15,
K,45539_ka.mod,m,-59.9999,8.5003,2.8328,23,
K,45539_ka.mod,h,-78.0003,-6.0006,4.0129,11,
K,184321_Kd.mod,m,-43.0,8.0,3.01,24,
K,184321_Kd.mod,h,-67.0318,-7.311,3.2937,18,
K,184337_K_T.mod,m,-47.0,29.0,0.8303,50,
K,184337_K_T.mod,h,-66.0046,-10.0022,2.4075,23,
K,135839_im.mod,m,-35.028,9.9878,2.4109,30,
K,184314_Im.mod,m,-35.0068,4.997,4.8189,14,
K,184319_Kv3_1.mod,m,18.7001,9.7,2.4825,13,
K,144401_kdr.mod,m,-29.4763,10.0166,2.404,30,
K,126637_Khcvode.mod,m,-77.9738,-6.9914,3.4442,13,
K,116835_GRC_KA.mod,a,-38.0,17.0,1.4165,46,
K,116835_GRC_KA.mod,b,-78.8374,-8.4141,2.8618,15,
K,121259_kaprox2.mod,n,11.0826,15.7263,1.5312,25,
K,121259_kaprox2.mod,l,-56.0,-8.0283,2.9994,23,
K,3808_im.mod,m,-35.028,9.9878,2.4109,30,
K,222359_kdr.mod,n,13.0006,8.0285,2.9993,13,
K,180789_erg.mod,n,-35.073,4.9594,4.8554,14,
K,180789_erg.mod,h,-70.0,-20.0,1.204,37,
K,184314_K_T.mod,m,-47.0,29.0,0.8303,50,
K,184314_K_T.mod,h,-66.0046,-10.0022,2.4075,23,
K,184329_K_P.mod,m,-14.2999,14.6,1.6493,35,
K,184329_K_P.mod,h,-54.1281,-11.0483,2.1795,30,
K,150288_kdrca1DA.mod,n,13.0006,8.0285,2.9993,13,
K,118986_kadist.mod,n,-0.8325,12.8665,1.8715,25,
K,118986_kadist.mod,l,-56.0,-8.0283,2.9994,23,
K,124063_A2hh_k.mod,n,-68.4923,16.5808,1.4523,36,
K,7907_kadist.mod,n,-0.8317,12.8665,1.8715,25,
K,7907_kadist.mod,l,-56.0,-8.0283,2.9994,23,
K,148094_kdrca1.mod,n,13.0006,8.0285,2.9993,13,
K,184323_Im_v2.mod,m,-48.0091,4.3487,5.5372,13,
K,225311_K_Tst.mod,m,-9.9999,19.0,1.2674,41,
K,225311_K_Tst.mod,h,-76.0002,-10.0001,2.408,19,
K,44050_kdrca1.mod,n,13.0015,8.029,2.9991,13,
K,119266_km.mod,n,-48.6453,6.3868,3.7702,14,
K,143719_kadist.mod,n,-0.8324,12.8664,1.8715,25,
K,143719_kadist.mod,l,-55.9999,-8.0284,2.9994,23,
K,128559_HH2.mod,n,-27.0592,12.3014,1.9575,32,
K,223031_Ikdrf.mod,m,-7.6254,12.2261,1.9696,26,
K,223031_Ikdrf.mod,h,-42.9073,-30.2793,0.7953,45,
K,150621_Kirm.mod,m,-100.0,-10.0,2.408,7,
K,64216_Kv.mod,mKv,-29.1859,23.7206,1.0151,50,
K,64216_Kv.mod,hKv,7.2841,-9.2199,2.6117,15,
K,184337_Kd.mod,m,-43.0,8.0,3.01,24,
K,184337_Kd.mod,h,-67.0318,-7.311,3.2937,18,
K,184178_K_P.mod,m,-14.2999,14.6,1.6493,35,
K,184178_K_P.mod,h,-54.1281,-11.0483,2.1795,30,
K,126637_KA.mod,m,-40.885,10.6231,2.2667,27,
K,126637_KA.mod,h,-60.1435,-7.7068,3.1245,20,
K,123927_kslow.mod,m,-14.2999,14.6,1.6493,35,
K,123927_kslow.mod,h,-54.0374,-11.0141,2.1863,30,
K,148644_kdrca1.mod,n,13.0006,8.0285,2.9993,13,
K,17664_KD.mod,m,-44.6794,7.2865,3.3047,21,
K,17664_KD.mod,h,-95.1679,-6.9478,3.4658,5,
K,102288_IMmintau.mod,m,-27.0003,7.0001,3.4399,20,
K,46839_grc_kir.mod,d,-87.5043,-14.4928,1.6615,20,
K,135903_kdrca1.mod,n,13.0011,8.0287,2.9992,13,
K,126814_kaprox.mod,n,17.1453,15.7601,1.5279,23,
K,126814_kaprox.mod,l,-50.0,-8.0283,2.9994,23,
K,98017_hhI.mod,n,-27.8974,18.3142,1.3148,44,
K,184159_Im_v2.mod,m,-48.0091,4.3487,5.5372,13,
K,149100_SKv3_1.mod,m,18.7001,9.7,2.4825,13,
K,135787_km.mod,n,-30.0064,9.0011,2.6752,27,
K,149000_KA.mod,m,-40.885,10.6231,2.2667,27,
K,149000_KA.mod,h,-60.1435,-7.7068,3.1245,20,
K,144570_kdrmt.mod,m,21.0083,10.0041,2.407,14,
K,144054_kdrmt.mod,m,21.0083,10.0041,2.407,14,
K,51196_grc_ka.mod,a,-46.7,19.8,1.2162,48,
K,51196_grc_ka.mod,b,-78.8066,-8.4025,2.8658,15,
K,138205_kadist.mod,n,-0.8325,12.8665,1.8715,25,
K,138205_kadist.mod,l,-56.0,-8.0283,2.9994,23,
K,46839_grc_ka.mod,a,-46.7,19.8,1.2162,48,
K,46839_grc_ka.mod,b,-78.8066,-8.4025,2.8658,15,
K,20015_kdrs.mod,m,-0.9596,17.0832,1.4096,32,
K,20015_kdrs.mod,h,-50.712,-32.5044,0.7408,55,
K,121600_ia.mod,m1,-60.0,8.5,2.8329,23,
K,121600_ia.mod,h1,-78.0069,-6.0031,4.0113,11,
K,98017_IKs.mod,r,-65.0028,-6.6009,3.648,18,
K,98017_IKs.mod,q,-34.0,6.5,3.7046,19,
K,128079_KIn.mod,n,-49.7819,20.3006,1.1862,48,
K,128079_KIn.mod,h,-59.2159,-2.2673,10.6205,7,
K,184182_Im.mod,m,-35.0068,4.997,4.8189,14,
K,184231_Im_v2.mod,m,-48.0091,4.3487,5.5372,13,
K,184297_Kv3_1.mod,m,18.7001,9.7,2.4825,13,
K,150446_KdrTraub1994ax.mod,n,-35.1507,13.149,1.8313,36,
K,229585_Kv33.mod,n,-15.9998,13.2501,1.8173,34,
K,184333_Kd.mod,m,-43.0,8.0,3.01,24,
K,184333_Kd.mod,h,-67.0318,-7.311,3.2937,18,
K,184323_Kv3_1.mod,m,18.7001,9.7,2.4825,13,
K,147538_kdrca1.mod,n,13.0006,8.0285,2.9993,13,
K,139883_GRC_KM.mod,n,-35.0218,5.9876,4.0216,18,
K,48332_kpkj2.mod,n,-34.9999,20.4001,1.1804,48,
K,144526_Kv7.mod,m,-34.4942,11.6298,2.0705,34,
K,185332_kslow.mod,a,-16.2604,14.5757,1.6521,36,
K,185332_kslow.mod,b1,-58.1373,-11.0592,2.1774,29,
K,185332_kslow.mod,b,-57.9998,-11.0014,2.1888,29,
K,135787_ia.mod,m1,-60.0,8.5,2.8329,23,
K,135787_ia.mod,h1,-78.0069,-6.0031,4.0113,11,
K,138273_IKdrSM.mod,m,-30.6873,12.6253,1.9073,37,
Na,143635_na.mod,m,-28.4535,9.0,2.6755,27,
Na,143635_na.mod,h,-55.0015,-6.2007,3.8834,18,
Na,184231_NaTs.mod,m,-42.3023,6.0,4.0133,17,
Na,184231_NaTs.mod,h,-66.0002,-6.0001,4.0132,16,
Na,140038_shift_hh_6.mod,h,-55.9184,-7.1243,3.38,22,
Na,140038_shift_hh_6.mod,m,-33.0452,9.687,2.4858,28,
Na,112685_Golgi_Na.mod,m,-23.8326,9.7384,2.4727,29,
Na,112685_Golgi_Na.mod,h,-42.1035,-2.0051,12.0094,6,
Na,3682_hh3.mod,h,-45.0004,-2.9998,8.0273,8,
Na,3682_hh3.mod,m,-40.0006,3.0,8.0267,9,
Na,184186_NaTs.mod,m,-42.3023,6.0,4.0133,17,
Na,184186_NaTs.mod,h,-66.0002,-6.0001,4.0132,16,
Na,223649_na3n.mod,m,-14.4324,7.2,3.3444,21,
Na,223649_na3n.mod,h,-26.0003,-4.0001,6.0198,11,
Na,123897_na.mod,m,-40.6861,7.0058,3.4372,20,
Na,123897_na.mod,h,-67.0023,-6.2065,3.8798,16,
Na,184308_NaTs.mod,m,-42.3023,6.0,4.0133,17,
Na,184308_NaTs.mod,h,-66.0002,-6.0001,4.0132,16,
Na,223031_Nap.mod,m,-51.0,5.0,4.816,14,
Na,183300_nafast.mod,m,-31.8282,7.4029,3.2528,20,
Na,183300_nafast.mod,h,-36.2463,-4.0747,5.9096,12,
Na,223649_nafast.mod,m,-28.7824,7.3521,3.2753,21,
Na,223649_nafast.mod,h,-33.2514,-4.0469,5.9502,12,
Na,155735_NaF.mod,m,-35.7298,6.6666,3.612,19,
Na,155735_NaF.mod,h,-77.8472,-8.8892,2.7089,15,
Na,113997_HH2.mod,m,-28.7824,7.3521,3.2753,21,
Na,113997_HH2.mod,h,-33.2535,-4.0481,5.9484,12,
Na,184161_Nap.mod,h,-49.6588,-10.5045,2.2923,31,
Na,145672_migliore_nax.mod,m,-38.4325,7.2,3.3444,21,
Na,145672_migliore_nax.mod,h,-50.0004,-4.0001,6.0198,11,
Na,153196_na12.mod,m,-40.6861,7.0058,3.4372,20,
Na,153196_na12.mod,h,-67.0023,-6.2065,3.8798,16,
Na,144541_naxn.mod,m,-38.4325,7.2,3.3444,21,
Na,144541_naxn.mod,h,-50.0004,-4.0001,6.0198,11,
Na,231427_Nap_Et2.mod,m,-52.6,4.6,5.2347,14,
Na,231427_Nap_Et2.mod,h,-48.8834,-10.0483,2.3964,30,
Na,184325_NaTs.mod,m,-42.3023,6.0,4.0133,17,
Na,184325_NaTs.mod,h,-66.0002,-6.0001,4.0132,16,
Na,20756_nap.mod,m,-48.069,9.9798,2.4129,29,
Na,144579_napf_tcr.mod,m,-45.0662,9.9811,2.4125,30,
Na,19176_HH2.mod,m,-36.7822,7.3521,3.2753,21,
Na,19176_HH2.mod,h,-41.2533,-4.0482,5.9484,12,
Na,184157_NaTa.mod,m,-50.3023,6.0,4.0133,17,
Na,184157_NaTa.mod,h,-69.0002,-6.0001,4.0133,15,
Na,97860_nahh.mod,m,-25.0,7.0,3.44,20,
Na,97860_nahh.mod,h,-52.0,-5.0,4.816,15,
Na,143604_na.mod,m,-28.4538,9.0043,2.6743,27,
Na,143604_na.mod,h,-55.0012,-6.2068,3.8796,18,
Na,83344_na.mod,m,-28.4538,9.0043,2.6743,27,
Na,83344_na.mod,h,-55.0012,-6.2067,3.8796,18,
Na,150621_NaSm.mod,m,-16.0025,9.411,2.5587,27,
Na,184305_NaTa.mod,m,-50.3023,6.0,4.0133,17,
Na,184305_NaTa.mod,h,-69.0002,-6.0001,4.0133,15,
Na,21329_nethhwbm.mod,h,-54.9574,-7.112,3.3858,21,
Na,21329_nethhwbm.mod,m,-33.9736,9.686,2.4861,29,
Na,45539_naf2.mod,m,-38.0003,10.0003,2.4079,29,
Na,45539_naf2.mod,h,-58.3002,-6.7002,3.5939,20,
Na,168591_naxn.mod,m,-33.4325,7.2,3.3444,21,
Na,168591_naxn.mod,h,-45.0003,-4.0001,6.0198,12,
Na,184341_NaTs.mod,m,-42.3023,6.0,4.0133,17,
Na,184341_NaTs.mod,h,-66.0002,-6.0001,4.0132,16,
Na,45539_napf.mod,m,-38.0299,9.983,2.4121,29,
Na,184335_Nap.mod,h,-49.6588,-10.5045,2.2923,31,
Na,184329_NaTa.mod,m,-50.3023,6.0,4.0133,17,
Na,184329_NaTa.mod,h,-69.0002,-6.0001,4.0133,15,
Na,184161_NaTs.mod,m,-42.3023,6.0,4.0133,17,
Na,184161_NaTs.mod,h,-66.0002,-6.0001,4.0132,16,
Na,189154_nax.mod,m,-38.4325,7.2,3.3444,21,
Na,189154_nax.mod,h,-50.0004,-4.0001,6.0198,11,
Na,184299_NaTs.mod,m,-42.3023,6.0,4.0133,17,
Na,184299_NaTs.mod,h,-66.0002,-6.0001,4.0132,16,
Na,184312_Nap.mod,h,-49.6588,-10.5045,2.2923,31,
Na,187615_Nap_Et2.mod,m,-52.6,4.6,5.2347,14,
Na,187615_Nap_Et2.mod,h,-48.8834,-10.0483,2.3964,30,
Na,154732_na3n.mod,m,-38.4325,7.2,3.3444,21,
Na,154732_na3n.mod,h,-50.0004,-4.0001,6.0198,11,
Na,184274_NaTa.mod,m,-50.3023,6.0,4.0133,17,
Na,184274_NaTa.mod,h,-69.0002,-6.0001,4.0133,15,
Na,144579_naf.mod,m,-34.5008,10.0001,2.408,29,
Na,144579_naf.mod,h,-59.4003,-10.6999,2.2505,28,
Na,151126_na3.mod,m,-33.4325,7.2,3.3444,21,
Na,151126_na3.mod,h,-50.0005,-2.0002,12.0388,5,
Na,230326_NaTa_t.mod,m,-40.3023,6.0,4.0133,17,
Na,230326_NaTa_t.mod,h,-66.0,-6.0,4.0133,16,
Na,184163_NaTa.mod,m,-50.3023,6.0,4.0133,17,
Na,184163_NaTa.mod,h,-69.0002,-6.0001,4.0133,15,
Na,184323_NaTa.mod,m,-50.3023,6.0,4.0133,17,
Na,184323_NaTa.mod,h,-69.0002,-6.0001,4.0133,15,
Na,184305_NaTs.mod,m,-42.3023,6.0,4.0133,17,
Na,184305_NaTs.mod,h,-66.0002,-6.0001,4.0132,16,
Na,127995_naxn.mod,m,-33.4325,7.2,3.3444,21,
Na,127995_naxn.mod,h,-45.0003,-4.0001,6.0198,12,
Na,116084_nax.mod,m,-38.4325,7.2,3.3444,21,
Na,116084_nax.mod,h,-50.0004,-4.0001,6.0198,11,
Na,123927_na3.mod,m,-30.4325,7.2,3.3444,21,
Na,123927_na3.mod,h,-50.0004,-4.0001,6.0198,11,
Na,125857_naf.mod,h,-38.2462,-4.0748,5.9095,12,
Na,232023_Golgi_NaP.mod,m,-43.0,5.0,4.816,14,
Na,143100_NaP.mod,m,-57.7,5.7,4.2245,17,
Na,143100_NaP.mod,h,-83.4004,-60.1034,0.4006,48,shallow
Na,143100_NaP.mod,s,-10.0595,-4.9396,4.8749,15,
Na,19696_nax.mod,m,-38.4325,7.2,3.3444,21,
Na,19696_nax.mod,h,-50.0004,-4.0001,6.0198,11,
Na,43039_naxn.mod,m,-33.4325,7.2,3.3444,21,
Na,43039_naxn.mod,h,-45.0003,-4.0001,6.0198,12,
Na,185513_NaP.mod,m,-69.9996,4.1044,5.8668,12,
Na,185513_NaP.mod,h,-80.0032,-4.0043,6.0135,7,
Na,123623_HH_traub.mod,m,-36.7822,7.3521,3.2753,21,
Na,123623_HH_traub.mod,h,-41.2533,-4.0482,5.9484,12,
Na,225311_Nap_Et2.mod,m,-52.6,4.6,5.2347,14,
Na,225311_Nap_Et2.mod,h,-48.8834,-10.0483,2.3964,30,
Na,223649_naxDA.mod,m,-38.4325,7.2,3.3444,21,
Na,223649_naxDA.mod,h,-50.0004,-4.0001,6.0198,11,
Na,151443_Nap_No.mod,p,-56.5328,9.8158,2.4532,27,
Na,82784_Nap.mod,m,-2.1324,10.7336,2.2434,24,
Na,82784_Nap.mod,h,-56.3681,-3.9227,6.1387,11,
Na,184182_NaTs.mod,m,-42.3023,6.0,4.0133,17,
Na,184182_NaTs.mod,h,-66.0002,-6.0001,4.0132,16,
Na,144450_hha2.mod,h,-49.0031,-3.4983,6.8833,10,
Na,144450_hha2.mod,m,-44.0042,2.9993,8.0285,9,
Na,156733_GRANULE_NAR.mod,s,31.0694,30.2789,0.7953,25,
Na,156733_GRANULE_NAR.mod,f,-38.6241,-12.7741,1.885,38,
Na,146509_na3n.mod,m,-38.4325,7.2,3.3444,21,
Na,146509_na3n.mod,h,-50.0004,-4.0001,6.0198,11,
Na,51196_grg_nar.mod,s,22.3959,22.8756,1.0526,25,
Na,51196_grg_nar.mod,f,-38.6241,-12.7741,1.885,38,
Na,3342_na.mod,m,-34.8348,9.5687,2.5165,27,
Na,3342_na.mod,h,-48.1784,-3.7434,6.4326,11,
Na,114394_nax.mod,m,-38.4538,9.0043,2.6743,27,
Na,114394_nax.mod,h,-59.0021,-6.2077,3.879,18,
Na,180373_Nap_Et2.mod,m,-52.6,4.6,5.2347,14,
Na,180373_Nap_Et2.mod,h,-48.8834,-10.0483,2.3964,30,
Na,117207_na.mod,m,-38.4538,9.0043,2.6743,27,
Na,117207_na.mod,h,-63.9054,-6.0059,4.0094,17,
Na,144511_HH2.mod,m,-36.7822,7.3521,3.2753,21,
Na,144511_HH2.mod,h,-41.2533,-4.0482,5.9484,12,
Na,118986_naxn.mod,m,-38.4325,7.2,3.3444,21,
Na,118986_naxn.mod,h,-50.0004,-4.0001,6.0198,11,
Na,147514_na.mod,m,-38.4538,9.0043,2.6743,27,
Na,147514_na.mod,h,-65.0009,-6.2065,3.8798,17,
Na,144579_napf_spinstell.mod,m,-35.5291,9.9838,2.4119,29,
Na,151825_na.mod,m,-32.9999,10.0,2.408,30,
Na,151825_na.mod,h,-56.0007,-6.0002,4.0131,17,
Na,97263_naxn.mod,m,-33.4325,7.2,3.3444,21,
Na,97263_naxn.mod,h,-45.0003,-4.0001,6.0198,12,
Na,146565_hh3.mod,m,-40.0,3.0,8.0266,9,
Na,146565_hh3.mod,n2,-40.0,3.0,8.0266,9,
Na,146565_hh3.mod,s,-44.0005,-3.0003,8.0259,9,
Na,146565_hh3.mod,h,-45.0,-3.0,8.0267,8,
Na,64212_navn.mod,m,-42.0,8.0,3.01,23,
Na,64212_navn.mod,h,-60.0002,-2.0001,12.0391,5,
Na,206378_na3n.mod,m,-30.4325,7.2,3.3444,21,
Na,206378_na3n.mod,h,-42.0003,-4.0001,6.0198,11,
Na,116956_emdna.mod,m,-0.9999,6.0,4.0133,15,
Na,116956_emdna.mod,h,-10.9999,-8.0,3.01,23,
Na,225080_nax.mod,m,-38.4325,7.2,3.3444,21,
Na,225080_nax.mod,h,-50.0004,-4.0001,6.0198,11,
Na,144482_nap.mod,m,-48.069,9.9798,2.4129,29,
Na,184348_NaTa.mod,m,-50.3023,6.0,4.0133,17,
Na,184348_NaTa.mod,h,-69.0002,-6.0001,4.0133,15,
Na,184312_NaTa.mod,m,-50.3023,6.0,4.0133,17,
Na,184312_NaTa.mod,h,-69.0002,-6.0001,4.0133,15,
Na,184168_NaTa.mod,m,-50.3023,6.0,4.0133,17,
Na,184168_NaTa.mod,h,-69.0002,-6.0001,4.0133,15,
Na,71312_na3n.mod,m,-30.4325,7.2,3.3444,21,
Na,71312_na3n.mod,h,-42.0003,-4.0001,6.0198,11,
Na,155057_naf.mod,m,-18.5837,10.4039,2.3145,30,
Na,155057_naf.mod,h,-39.8054,-8.1781,2.9444,24,
Na,151949_HH2.mod,h,-38.2481,-4.0758,5.9081,12,
Na,151949_HH2.mod,m,-28.7823,7.3521,3.2753,21,
Na,187474_Nap_Et2.mod,m,-52.6,4.6,5.2347,14,
Na,187474_Nap_Et2.mod,h,-48.8834,-10.0483,2.3964,30,
Na,184350_NaTa.mod,m,-50.3023,6.0,4.0133,17,
Na,184350_NaTa.mod,h,-69.0002,-6.0001,4.0133,15,
Na,2798_nans.mod,m,-38.4325,7.2,3.3444,21,
Na,2798_nans.mod,h,-50.0004,-4.0001,6.0198,11,
Na,139654_fh.mod,m,-32.1988,11.6925,2.0594,30,
Na,139654_fh.mod,h,-62.8557,-4.6617,5.1654,14,
Na,46839_grc_pna.mod,m,-42.0012,4.9995,4.8164,15,
Na,144579_naf_tcr.mod,m,-32.5009,10.0,2.408,29,
Na,144579_naf_tcr.mod,h,-55.9004,-10.6999,2.2505,28,
Na,155705_Na_pyr_bk.mod,h,-45.2518,-4.047,5.9501,12,
Na,155705_Na_pyr_bk.mod,m,-40.7823,7.3522,3.2752,21,
Na,181967_nahh.mod,h,-43.2529,-4.0473,5.9496,12,
Na,181967_nahh.mod,m,-38.6775,7.3477,3.2772,21,
Na,184341_Nap.mod,h,-49.6588,-10.5045,2.2923,31,
Na,184329_NaTs.mod,m,-42.3023,6.0,4.0133,17,
Na,184329_NaTs.mod,h,-66.0002,-6.0001,4.0132,16,
Na,184319_NaTs.mod,m,-42.3023,6.0,4.0133,17,
Na,184319_NaTs.mod,h,-66.0002,-6.0001,4.0132,16,
Na,217882_na3rp.mod,m,-30.4325,7.2,3.3444,21,
Na,217882_na3rp.mod,h,-42.0003,-4.0001,6.0198,11,
Na,184148_NaTa.mod,m,-50.3023,6.0,4.0133,17,
Na,184148_NaTa.mod,h,-69.0002,-6.0001,4.0133,15,
Na,184196_NaTa.mod,m,-50.3023,6.0,4.0133,17,
Na,184196_NaTa.mod,h,-69.0002,-6.0001,4.0133,15,
Na,117459_hh2.mod,m,-35.7355,10.363,2.3236,30,
Na,117459_hh2.mod,h,-57.2404,-8.8407,2.7238,26,
Na,223649_nax.mod,m,-38.4325,7.2,3.3444,21,
Na,223649_nax.mod,h,-50.0004,-4.0001,6.0198,11,
Na,148644_naxn.mod,m,-38.4325,7.2,3.3444,21,
Na,148644_naxn.mod,h,-50.0004,-4.0001,6.0198,11,
Na,144392_naxn.mod,m,-38.4325,7.2,3.3444,21,
Na,144392_naxn.mod,h,-50.0004,-4.0001,6.0198,11,
Na,184310_Nap.mod,h,-49.6588,-10.5045,2.2923,31,
Na,184182_NaTa.mod,m,-50.3023,6.0,4.0133,17,
Na,184182_NaTa.mod,h,-69.0002,-6.0001,4.0133,15,
Na,181967_naxn.mod,m,-30.4325,7.2,3.3444,21,
Na,181967_naxn.mod,h,-42.0003,-4.0001,6.0198,11,
Na,146030_NaxSH10_ChannelML.mod,m,-28.4325,7.2,3.3444,21,
Na,146030_NaxSH10_ChannelML.mod,h,-40.0004,-4.0001,6.0198,11,
Na,147757_nax.mod,m,-38.7838,7.5,3.2106,22,
Na,147757_nax.mod,h,-58.3546,-15.0993,1.5948,17,
Na,184161_NaTa.mod,m,-50.3023,6.0,4.0133,17,
Na,184161_NaTa.mod,h,-69.0002,-6.0001,4.0133,15,
Na,87535_na3n.mod,m,-38.4325,7.2,3.3444,21,
Na,87535_na3n.mod,h,-50.0004,-4.0001,6.0198,11,
Na,184274_NaTs.mod,m,-42.3023,6.0,4.0133,17,
Na,184274_NaTs.mod,h,-66.0002,-6.0001,4.0132,16,
Na,115356_na3.mod,m,-30.4325,7.2,3.3444,21,
Na,115356_na3.mod,h,-50.0004,-4.0001,6.0198,11,
Na,140462_nmitral.mod,m,-24.8349,9.5686,2.5166,27,
Na,140462_nmitral.mod,h,-38.1782,-3.7438,6.432,11,
Na,169457_NaTs2_t.mod,m,-34.3023,6.0,4.0133,17,
Na,169457_NaTs2_t.mod,h,-60.0,-6.0,4.0133,17,
Na,187604_ch_Navp.mod,m,-23.4325,7.2,3.3444,21,
Na,187604_ch_Navp.mod,h,-35.0003,-4.0001,6.0198,12,
Na,184178_NaTa.mod,m,-50.3023,6.0,4.0133,17,
Na,184178_NaTa.mod,h,-69.0002,-6.0001,4.0133,15,
Na,184341_NaTa.mod,m,-50.3023,6.0,4.0133,17,
Na,184341_NaTa.mod,h,-69.0002,-6.0001,4.0133,15,
Na,143442_na.mod,m,-28.4538,9.0043,2.6743,27,
Na,143442_na.mod,h,-55.0012,-6.2067,3.8796,18,
Na,184182_Nap.mod,h,-49.6588,-10.5045,2.2923,31,
Na,87284_na3n.mod,m,-38.4325,7.2,3.3444,21,
Na,87284_na3n.mod,h,-50.0004,-4.0001,6.0198,11,
Na,168858_nap.mod,m,-48.069,9.9798,2.4129,29,
Na,144089_nap.mod,m,-2.1324,10.7336,2.2434,24,
Na,144089_nap.mod,h,-56.3681,-3.9227,6.1387,11,
Na,94321_hh2.mod,h,-41.2533,-4.0482,5.9484,12,
Na,94321_hh2.mod,m,-36.7822,7.3521,3.2753,21,
Na,144490_hha_old.mod,m,-40.0031,2.9997,8.0274,9,
Na,144490_hha_old.mod,h,-45.0025,-2.9986,8.0303,8,
Na,116084_na3.mod,m,-38.4325,7.2,3.3444,21,
Na,116084_na3.mod,h,-50.0004,-4.0001,6.0198,11,
Na,195667_na.mod,m,-28.4538,9.0043,2.6743,27,
Na,195667_na.mod,h,-55.0012,-6.2068,3.8796,18,
Na,184145_NaTs.mod,m,-42.3023,6.0,4.0133,17,
Na,184145_NaTs.mod,h,-66.0002,-6.0001,4.0132,16,
Na,126776_na3n.mod,m,-38.4325,7.2,3.3444,21,
Na,126776_na3n.mod,h,-50.0004,-4.0001,6.0198,11,
Na,124394_hh3.mod,m,-40.0,3.0,8.0266,9,
Na,124394_hh3.mod,h,-45.0,-3.0,8.0267,8,
Na,124394_hh3.mod,s,-44.0005,-3.0003,8.0259,9,
Na,98017_hhPyr.mod,h,-43.9182,-7.1243,3.3799,22,
Na,180370_na3rp.mod,m,-30.4325,7.2,3.3444,21,
Na,180370_na3rp.mod,h,-42.0003,-4.0001,6.0198,11,
Na,187604_ch_Navaxonp.mod,m,-23.4325,7.2,3.3444,21,
Na,187604_ch_Navaxonp.mod,h,-35.0003,-4.0001,6.0198,12,
Na,217783_NaxSH0_ChannelML.mod,m,-38.4325,7.2,3.3444,21,
Na,217783_NaxSH0_ChannelML.mod,h,-50.0004,-4.0001,6.0198,11,
Na,114355_M_nax.mod,m,-38.4325,7.2,3.3444,21,
Na,114355_M_nax.mod,h,-50.0004,-4.0001,6.0198,11,
Na,3670_HH2.mod,m,-28.7824,7.3521,3.2753,21,
Na,3670_HH2.mod,h,-33.2535,-4.0481,5.9484,12,
Na,184178_NaTs.mod,m,-42.3023,6.0,4.0133,17,
Na,184178_NaTs.mod,h,-66.0002,-6.0001,4.0132,16,
Na,168148_nax.mod,m,-38.4538,9.0043,2.6743,27,
Na,168148_nax.mod,h,-59.0021,-6.2077,3.879,18,
Na,151443_Naf_IS.mod,m,-50.0002,6.9706,3.4545,19,
Na,151443_Naf_IS.mod,h,-65.0002,-6.9999,3.44,18,
Na,124291_na3n.mod,m,-23.4325,7.2,3.3444,21,
Na,124291_na3n.mod,h,-35.0003,-4.0001,6.0198,12,
Na,20756_naf.mod,m,-34.5006,10.0001,2.408,29,
Na,20756_naf.mod,h,-62.9001,-10.7,2.2504,26,
Na,150691_ina.mod,m,-46.0852,9.6445,2.4968,29,
Na,150691_ina.mod,h,-71.3176,-3.0254,7.9593,9,
Na,150691_ina.mod,n,-70.4969,-3.3152,7.2634,10,
Na,97917_naf.mod,m,-38.0009,10.0001,2.408,29,
Na,97917_naf.mod,h,-62.9003,-10.6999,2.2505,26,
Na,45539_napf_tcr.mod,m,-45.0662,9.9811,2.4125,30,
Na,184352_Nap.mod,h,-49.6588,-10.5045,2.2923,31,
Na,3817_hh2.mod,m,-36.7822,7.3521,3.2753,21,
Na,3817_hh2.mod,h,-41.2533,-4.0482,5.9484,12,
Na,50210_naxn.mod,m,-33.4325,7.2,3.3444,21,
Na,50210_naxn.mod,h,-45.0003,-4.0001,6.0198,12,
Na,184299_NaTa.mod,m,-50.3023,6.0,4.0133,17,
Na,184299_NaTa.mod,h,-69.0002,-6.0001,4.0133,15,
Na,115356_naxmig.mod,m,-30.4325,7.2,3.3444,21,
Na,115356_naxmig.mod,h,-50.0004,-4.0001,6.0198,11,
Na,144490_hha2.mod,h,-49.0028,-3.4985,6.8829,10,
Na,144490_hha2.mod,m,-44.004,2.9995,8.0281,9,
Na,155157_HH_traub.mod,m,-36.7822,7.3521,3.2753,21,
Na,155157_HH_traub.mod,h,-41.2533,-4.0482,5.9484,12,
Na,126637_NaPcvode.mod,m,-45.4575,6.4534,3.7313,20,
Na,20212_nax.mod,m,-38.4325,7.2,3.3444,21,
Na,20212_nax.mod,h,-50.0004,-4.0001,6.0198,11,
Na,150551_nax.mod,m,-38.4325,7.2,3.3444,21,
Na,150551_nax.mod,h,-50.0004,-4.0001,6.0198,11,
Na,125152_Nap.mod,m,-52.3004,6.7999,3.5412,20,
Na,144392_na3n.mod,m,-38.4325,7.2,3.3444,21,
Na,144392_na3n.mod,h,-50.0004,-4.0001,6.0198,11,
Na,85112_nav1p8.mod,m,-18.0182,9.2566,2.6014,27,
Na,85112_nav1p8.mod,h,-40.5781,-9.5999,2.5083,28,
Na,54903_naf.mod,m,-34.5001,10.0003,2.4079,29,
Na,54903_naf.mod,h,-62.9,-10.7002,2.2504,26,
Na,184327_Nap.mod,h,-49.6588,-10.5045,2.2923,31,
Na,150288_na3.mod,m,-38.4325,7.2,3.3444,21,
Na,150288_na3.mod,h,-50.0004,-4.0001,6.0198,11,
Na,20212_hha_old.mod,m,-40.0031,2.9997,8.0274,9,
Na,20212_hha_old.mod,h,-45.0025,-2.9986,8.0303,8,
Na,186977_Na_pyr_bk.mod,h,-45.2518,-4.047,5.9501,12,
Na,186977_Na_pyr_bk.mod,m,-40.7823,7.3522,3.2752,21,
Na,184346_NaTa.mod,m,-50.3023,6.0,4.0133,17,
Na,184346_NaTa.mod,h,-69.0002,-6.0001,4.0133,15,
Na,17664_NaF.mod,m,-35.7298,6.6666,3.612,19,
Na,17664_NaF.mod,h,-77.8472,-8.8892,2.7089,15,
Na,147460_AXNODE.mod,m,-53.961,9.8185,2.4525,28,
Na,147460_AXNODE.mod,h,-76.507,-7.1741,3.3565,14,
Na,147460_AXNODE.mod,p,-66.5042,9.7946,2.4585,23,
Na,147460_AXNODE.mod,s,-111.4857,55.761,0.4318,54,shallow
Na,147460_AXNODE.mod,n,-63.4166,9.7062,2.4809,24,
Na,150288_nainter.mod,m,-18.5,8.1871,2.9412,24,
Na,150288_nainter.mod,h,-29.0002,-8.9072,2.7034,26,
Na,184303_NaTa.mod,m,-50.3023,6.0,4.0133,17,
Na,184303_NaTa.mod,h,-69.0002,-6.0001,4.0133,15,
Na,151681_naxn.mod,m,-33.4325,7.2,3.3444,21,
Na,151681_naxn.mod,h,-45.0003,-4.0001,6.0198,12,
Na,150288_na3DA.mod,m,-38.4325,7.2,3.3444,21,
Na,150288_na3DA.mod,h,-50.0004,-4.0001,6.0198,11,
Na,169457_Nap_Et2.mod,m,-52.6,4.6,5.2347,14,
Na,169457_Nap_Et2.mod,h,-48.8834,-10.0483,2.3964,30,
Na,44050_na3s.mod,m,-38.4325,7.2,3.3444,21,
Na,44050_na3s.mod,h,-50.0004,-4.0001,6.0198,11,
Na,7386_na3.mod,m,-38.4325,7.2,3.3444,21,
Na,7386_na3.mod,h,-50.0004,-4.0001,6.0198,11,
Na,184184_Nap.mod,h,-49.6588,-10.5045,2.2923,31,
Na,156120_Na_pyr_bk.mod,h,-45.2518,-4.047,5.9501,12,
Na,156120_Na_pyr_bk.mod,m,-40.7823,7.3522,3.2752,21,
Na,136176_hh3.mod,m,-40.0,3.0,8.0266,9,
Na,136176_hh3.mod,s,-44.0005,-3.0003,8.0259,9,
Na,136176_hh3.mod,h,-45.0,-3.0,8.0267,8,
Na,119266_hha2.mod,m,-44.0042,2.9993,8.0285,9,
Na,119266_hha2.mod,h,-49.0031,-3.4983,6.8833,10,
Na,135902_na3n.mod,m,-30.4325,7.2,3.3444,21,
Na,135902_na3n.mod,h,-42.0001,-4.0,6.02,11,
Na,135902_na3n.mod,s,23.8269,-189.5302,0.1271,41,shallow
Na,184329_Nap.mod,h,-49.6588,-10.5045,2.2923,31,
Na,144579_napf.mod,m,-38.0299,9.983,2.4121,29,
Na,2796_na3.mod,m,-38.4325,7.2,3.3444,21,
Na,2796_na3.mod,h,-50.0004,-4.0001,6.0198,11,
Na,184186_NaTa.mod,m,-50.3023,6.0,4.0133,17,
Na,184186_NaTa.mod,h,-69.0002,-6.0001,4.0133,15,
Na,87284_naxn.mod,m,-38.4325,7.2,3.3444,21,
Na,87284_naxn.mod,h,-50.0004,-4.0001,6.0198,11,
Na,156780_Nap_Et2.mod,m,-52.6,4.6,5.2347,14,
Na,156780_Nap_Et2.mod,h,-48.8834,-10.0483,2.3964,30,
Na,156733_GRANULE_NA.mod,m,-17.8928,9.6666,2.491,28,
Na,156733_GRANULE_NA.mod,h,-34.7129,-2.0079,11.9923,6,
Na,97874_naxn.mod,m,-30.4325,7.2,3.3444,21,
Na,97874_naxn.mod,h,-42.0003,-4.0001,6.0198,11,
Na,37819_na.mod,m,-28.4535,9.0,2.6755,27,
Na,37819_na.mod,h,-55.0015,-6.2007,3.8834,18,
Na,136309_naf_Jonas.mod,m,-42.9306,10.7384,2.2424,32,
Na,136309_naf_Jonas.mod,h,-74.7404,-7.8183,3.0799,16,
Na,146030_NaxSH0_ChannelML.mod,m,-38.4325,7.2,3.3444,21,
Na,146030_NaxSH0_ChannelML.mod,h,-50.0004,-4.0001,6.0198,11,
Na,97863_ina.mod,m,-46.0852,9.6445,2.4968,29,
Na,97863_ina.mod,h,-71.3176,-3.0254,7.9593,9,
Na,97863_ina.mod,n,-70.4969,-3.3152,7.2634,10,
Na,147757_na3dend.mod,m,-31.4325,7.2,3.3444,21,
Na,147757_na3dend.mod,h,-50.0005,-2.0002,12.0388,5,
Na,64167_nax.mod,m,-38.4325,7.2,3.3444,21,
Na,64167_nax.mod,h,-50.0004,-4.0001,6.0198,11,
Na,124291_fna.mod,m,-31.0,7.9504,3.0288,22,
Na,124291_fna.mod,h,-49.4686,-6.8627,3.5088,20,
Na,279_hh2.mod,h,-41.2533,-4.0482,5.9484,12,
Na,279_hh2.mod,m,-36.7822,7.3521,3.2753,21,
Na,184314_NaTs.mod,m,-42.3023,6.0,4.0133,17,
Na,184314_NaTs.mod,h,-66.0002,-6.0001,4.0132,16,
Na,112685_Golgi_NaR.mod,s,31.0694,30.2789,0.7953,25,
Na,112685_Golgi_NaR.mod,f,-38.6241,-12.7741,1.885,38,
Na,71312_naxn.mod,m,-30.4325,7.2,3.3444,21,
Na,71312_naxn.mod,h,-42.0003,-4.0001,6.0198,11,
Na,230861_na3n.mod,m,-30.4325,7.2,3.3444,21,
Na,230861_na3n.mod,h,-42.0001,-4.0,6.02,11,
Na,230861_na3n.mod,s,23.8269,-189.5302,0.1271,41,shallow
Na,128079_nakole.mod,m,-31.4535,9.0043,2.6743,26,
Na,128079_nakole.mod,h,-55.0019,-6.2078,3.8789,18,
Na,32992_naxn.mod,m,-30.4325,7.2,3.3444,21,
Na,32992_naxn.mod,h,-42.0003,-4.0001,6.0198,11,
Na,184314_NaTa.mod,m,-50.3023,6.0,4.0133,17,
Na,184314_NaTa.mod,h,-69.0002,-6.0001,4.0133,15,
Na,150621_NaPm.mod,m,-47.8,3.1,7.7677,9,
Na,3342_na_v2.mod,m,-31.235,6.7566,3.5639,20,
Na,3342_na_v2.mod,h,-47.9545,-2.6503,9.0857,7,
Na,126637_NaFcvode.mod,m,-35.7298,6.6666,3.612,19,
Na,126637_NaFcvode.mod,h,-77.8472,-8.8892,2.7089,15,
Na,37857_na.mod,m,-38.0,7.0,3.44,21,
Na,37857_na.mod,h,-65.0005,-6.0002,4.0132,17,
Na,144054_naxn.mod,m,-33.4325,7.2,3.3444,21,
Na,144054_naxn.mod,h,-45.0003,-4.0001,6.0198,12,
Na,139656_Golgi_NaR.mod,s,31.0694,30.2789,0.7953,25,
Na,139656_Golgi_NaR.mod,f,-38.6241,-12.7741,1.885,38,
Na,169457_NaTa_t.mod,m,-40.3023,6.0,4.0133,17,
Na,169457_NaTa_t.mod,h,-66.0,-6.0,4.0133,16,
Na,20212_na.mod,m,-28.4538,9.0043,2.6743,27,
Na,20212_na.mod,h,-55.0012,-6.2067,3.8796,18,
Na,144376_HH2.mod,m,-28.7824,7.3521,3.2753,21,
Na,144376_HH2.mod,h,-33.2535,-4.0481,5.9484,12,
Na,230326_Nap_Et2.mod,m,-52.6,4.6,5.2347,14,
Na,230326_Nap_Et2.mod,h,-48.8834,-10.0483,2.3964,30,
Na,184178_Nap.mod,h,-49.6588,-10.5045,2.2923,31,
Na,184202_NaTs.mod,m,-42.3023,6.0,4.0133,17,
Na,184202_NaTs.mod,h,-66.0002,-6.0001,4.0132,16,
Na,83590_hh_in.mod,h,-61.9537,-7.1539,3.366,21,
Na,83590_hh_in.mod,m,-39.0448,9.687,2.4858,28,
Na,83590_hh_in.mod,s,-47.0044,-9.0023,2.6749,26,
Na,97917_naf_tcr.mod,m,-38.0016,9.9998,2.408,29,
Na,97917_naf_tcr.mod,h,-55.9009,-10.6995,2.2506,28,
Na,150446_NafTraub1994ax.mod,m,-35.531,7.0978,3.3926,20,
Na,150446_NafTraub1994ax.mod,h,-35.8313,-4.4174,5.4512,13,
Na,232023_GRANULE_PNA.mod,m,-42.0,5.0,4.816,15,
Na,206398_na.mod,m,-40.6861,7.0058,3.4372,20,
Na,206398_na.mod,h,-67.0023,-6.2065,3.8798,16,
Na,144490_hha2_v2.mod,m,-44.0042,2.9993,8.0285,9,
Na,144490_hha2_v2.mod,h,-49.0031,-3.4983,6.8833,10,
Na,170030_naxn.mod,m,-33.4325,7.2,3.3444,21,
Na,170030_naxn.mod,h,-45.0003,-4.0001,6.0198,12,
Na,44050_naxn.mod,m,-30.4325,7.2,3.3444,21,
Na,44050_naxn.mod,h,-42.0003,-4.0001,6.0198,11,
Na,18742_Na_cglc.mod,m,-39.184,3.4357,7.0087,10,
Na,18742_Na_cglc.mod,h,-65.128,-4.5674,5.2721,14,
Na,144589_na3.mod,m,-38.4325,7.2,3.3444,21,
Na,144589_na3.mod,h,-50.0004,-4.0001,6.0198,11,
Na,3434_nahh.mod,m,-39.0448,9.687,2.4858,28,
Na,3434_nahh.mod,h,-61.9538,-7.1538,3.366,21,
Na,184180_NaTa.mod,m,-50.3023,6.0,4.0133,17,
Na,184180_NaTa.mod,h,-69.0002,-6.0001,4.0133,15,
Na,217882_na3n.mod,m,-38.4325,7.2,3.3444,21,
Na,217882_na3n.mod,h,-50.0004,-4.0001,6.0198,11,
Na,3483_nargc.mod,m,-29.9349,6.4838,3.7139,19,
Na,3483_nargc.mod,h,-47.7608,-7.0851,3.3987,22,
Na,149739_nafast.mod,m,-31.8282,7.4029,3.2528,20,
Na,149739_nafast.mod,h,-36.2463,-4.0747,5.9096,12,
Na,114355_M_na.mod,m,-38.4325,7.2,3.3444,21,
Na,114355_M_na.mod,h,-50.0004,-4.0001,6.0198,11,
Na,184176_NaTs.mod,m,-42.3023,6.0,4.0133,17,
Na,184176_NaTs.mod,h,-66.0002,-6.0001,4.0132,16,
Na,7386_nax.mod,m,-38.4325,7.2,3.3444,21,
Na,7386_nax.mod,h,-50.0004,-4.0001,6.0198,11,
Na,97917_napf_tcr.mod,m,-45.0662,9.9811,2.4125,30,
Na,123897_na12.mod,m,-40.6861,7.0058,3.4372,20,
Na,123897_na12.mod,h,-67.0023,-6.2065,3.8798,16,
Na,184157_Nap.mod,h,-49.6588,-10.5045,2.2923,31,
Na,184335_NaTs.mod,m,-42.3023,6.0,4.0133,17,
Na,184335_NaTs.mod,h,-66.0002,-6.0001,4.0132,16,
Na,123815_hha2.mod,m,-44.0042,2.9993,8.0285,9,
Na,123815_hha2.mod,h,-49.0031,-3.4983,6.8833,10,
Na,119283_naxn.mod,m,-30.4325,7.2,3.3444,21,
Na,119283_naxn.mod,h,-42.0003,-4.0001,6.0198,11,
Na,144570_naxn.mod,m,-33.4325,7.2,3.3444,21,
Na,144570_naxn.mod,h,-45.0003,-4.0001,6.0198,12,
Na,121259_nax.mod,m,-38.4325,7.2,3.3444,21,
Na,121259_nax.mod,h,-50.0004,-4.0001,6.0198,11,
Na,55035_na3n.mod,m,-38.4325,7.2,3.3444,21,
Na,55035_na3n.mod,h,-50.0004,-4.0001,6.0198,11,
Na,231427_NaTs2_t.mod,m,-34.3023,6.0,4.0133,17,
Na,231427_NaTs2_t.mod,h,-60.0,-6.0,4.0133,17,
Na,53569_HH2new.mod,h,-33.2535,-4.0481,5.9484,12,
Na,53569_HH2new.mod,m,-29.0322,8.7387,2.7556,24,
Na,151482_na3.mod,m,-38.4325,7.2,3.3444,21,
Na,151482_na3.mod,h,-50.0004,-4.0001,6.0198,11,
Na,124063_A2hh_na.mod,m,-49.2102,8.9494,2.6907,27,
Na,124063_A2hh_na.mod,h,-53.7199,-7.673,3.1383,23,
Na,184196_NaTs.mod,m,-42.3023,6.0,4.0133,17,
Na,184196_NaTs.mod,h,-66.0002,-6.0001,4.0132,16,
Na,184316_Nap.mod,h,-49.6588,-10.5045,2.2923,31,
Na,170030_na3n.mod,m,-38.4325,7.2,3.3444,21,
Na,170030_na3n.mod,h,-50.0004,-4.0001,6.0198,11,
Na,184325_NaTa.mod,m,-50.3023,6.0,4.0133,17,
Na,184325_NaTa.mod,h,-69.0002,-6.0001,4.0133,15,
Na,86537_nattxs.mod,m,-20.3981,9.3042,2.5881,27,
Na,86537_nattxs.mod,h,-72.9169,-7.9483,3.0296,17,
Na,9889_HH_traub.mod,m,-36.7822,7.3521,3.2753,21,
Na,9889_HH_traub.mod,h,-41.2533,-4.0482,5.9484,12,
Na,149739_Naxn.mod,m,-33.4325,7.2,3.3444,21,
Na,149739_Naxn.mod,h,-45.0003,-4.0001,6.0198,12,
Na,20212_hh3_flei.mod,m,-40.0003,3.0,8.0267,9,
Na,20212_hh3_flei.mod,h,-45.0002,-2.9999,8.027,8,
Na,97917_napf.mod,m,-38.0299,9.983,2.4121,29,
Na,20212_namir.mod,n,-29.9999,6.0212,3.9992,17,
Na,20212_namir.mod,l,-57.0,-6.0212,3.9992,18,
Na,20212_namir.mod,r,-58.0104,-2.0076,11.9945,5,
Na,147757_na3.mod,m,-33.4325,7.2,3.3444,21,
Na,147757_na3.mod,h,-50.0005,-2.0002,12.0388,5,
Na,143671_na3rp.mod,m,-30.4325,7.2,3.3444,21,
Na,143671_na3rp.mod,h,-42.0003,-4.0001,6.0198,11,
Na,183949_naps.mod,m,-52.3004,6.7999,3.5412,20,
Na,121600_HH.mod,m,-39.9187,5.0,4.816,15,
Na,121600_HH.mod,h,-67.3656,-8.837,2.7249,21,
Na,156733_GRANULE_PNA.mod,m,-42.0,5.0,4.816,15,
Na,55035_naxn.mod,m,-38.4325,7.2,3.3444,21,
Na,55035_naxn.mod,h,-50.0004,-4.0001,6.0198,11,
Na,184171_Nap.mod,h,-49.6588,-10.5045,2.2923,31,
Na,144450_hha_old.mod,m,-40.0031,2.9997,8.0274,9,
Na,144450_hha_old.mod,h,-45.0025,-2.9986,8.0303,8,
Na,64296_nafast.mod,m,-28.7824,7.3521,3.2753,21,
Na,64296_nafast.mod,h,-33.2514,-4.0469,5.9502,12,
Na,97917_nap.mod,m,-48.069,9.9798,2.4129,29,
Na,149737_na.mod,m,-33.0001,10.0,2.408,30,
Na,149737_na.mod,h,-56.0002,-6.0,4.0133,17,
Na,45539_naf_tcr.mod,m,-32.5009,10.0,2.408,29,
Na,45539_naf_tcr.mod,h,-55.9004,-10.6999,2.2505,28,
Na,184333_NaTs.mod,m,-42.3023,6.0,4.0133,17,
Na,184333_NaTs.mod,h,-66.0002,-6.0001,4.0132,16,
Na,184344_NaTa.mod,m,-50.3023,6.0,4.0133,17,
Na,184344_NaTa.mod,h,-69.0002,-6.0001,4.0133,15,
Na,187603_na3.mod,m,-38.4325,7.2,3.3444,21,
Na,187603_na3.mod,h,-50.0004,-4.0001,6.0198,11,
Na,139653_NaTa_t.mod,m,-40.3023,6.0,4.0133,17,
Na,139653_NaTa_t.mod,h,-66.0,-6.0,4.0133,16,
Na,87473_nap.mod,p,-56.0,6.6667,3.612,19,
Na,206378_naxn.mod,m,-30.4325,7.2,3.3444,21,
Na,206378_naxn.mod,h,-42.0003,-4.0001,6.0198,11,
Na,147538_na3s.mod,m,-38.4325,7.2,3.3444,21,
Na,147538_na3s.mod,h,-50.0004,-4.0001,6.0198,11,
Na,184312_NaTs.mod,m,-42.3023,6.0,4.0133,17,
Na,184312_NaTs.mod,h,-66.0002,-6.0001,4.0132,16,
Na,183949_napsi.mod,m,-52.3004,6.7999,3.5412,20,
Na,232023_GRANULE_NA.mod,m,-17.8928,9.6666,2.491,28,
Na,232023_GRANULE_NA.mod,h,-34.7113,-2.0073,11.9959,6,
Na,187615_NaTs2_t.mod,m,-34.3023,6.0,4.0133,17,
Na,187615_NaTs2_t.mod,h,-60.0,-6.0,4.0133,17,
Na,144579_naf2.mod,m,-34.5002,10.0003,2.4079,29,
Na,144579_naf2.mod,h,-58.3001,-6.7003,3.5938,20,
Na,20212_na3.mod,m,-38.4325,7.2,3.3444,21,
Na,20212_na3.mod,h,-50.0004,-4.0001,6.0198,11,
Na,184323_NaTs.mod,m,-42.3023,6.0,4.0133,17,
Na,184323_NaTs.mod,h,-66.0002,-6.0001,4.0132,16,
Na,154732_naxn.mod,m,-38.4325,7.2,3.3444,21,
Na,154732_naxn.mod,h,-50.0004,-4.0001,6.0198,11,
Na,184148_NaTs.mod,m,-42.3023,6.0,4.0133,17,
Na,184148_NaTs.mod,h,-66.0002,-6.0001,4.0132,16,
Na,82784_NapDA.mod,m,-2.1324,10.7336,2.2434,24,
Na,82784_NapDA.mod,h,-56.3729,-3.9228,6.1385,11,
Na,126637_NaP.mod,m,-45.4575,6.4534,3.7313,20,
Na,184350_Nap.mod,h,-49.6588,-10.5045,2.2923,31,
Na,234241_na3shifted.mod,m,-48.4325,7.2,3.3444,21,
Na,234241_na3shifted.mod,h,-60.0004,-4.0001,6.0198,11,
Na,137259_na3n.mod,m,-14.4324,7.2,3.3444,21,
Na,137259_na3n.mod,h,-26.0003,-4.0001,6.0198,11,
Na,184171_NaTa.mod,m,-50.3023,6.0,4.0133,17,
Na,184171_NaTa.mod,h,-69.0002,-6.0001,4.0133,15,
Na,184202_Nap.mod,h,-49.6588,-10.5045,2.2923,31,
Na,64229_nafast.mod,m,-28.7824,7.3521,3.2753,21,
Na,64229_nafast.mod,h,-33.2514,-4.0469,5.9502,12,
Na,184297_NaTs.mod,m,-42.3023,6.0,4.0133,17,
Na,184297_NaTs.mod,h,-66.0002,-6.0001,4.0132,16,
Na,127305_nax.mod,m,-38.4325,7.2,3.3444,21,
Na,127305_nax.mod,h,-50.0004,-4.0001,6.0198,11,
Na,54903_nach.mod,m,-30.0,12.5,1.9264,37,
Na,54903_nach.mod,h,-60.2539,-6.25,3.8528,19,
Na,153280_ch_Navp.mod,m,-37.2974,10.5,2.2933,31,
Na,153280_ch_Navp.mod,h,-35.0004,-4.0001,6.0198,12,
Na,135903_na3n.mod,m,-30.4325,7.2,3.3444,21,
Na,135903_na3n.mod,h,-42.0001,-4.0,6.02,11,
Na,135903_na3n.mod,s,23.8269,-189.5302,0.1271,41,shallow
Na,143100_NaF.mod,m,-39.0,5.0,4.816,14,
Na,143100_NaF.mod,h,-48.0,-2.8,8.5999,9,
Na,143100_NaF.mod,s,-46.9237,-44.2424,0.5443,41,
Na,141273_na_2.mod,m,-28.4538,9.0043,2.6743,27,
Na,141273_na_2.mod,h,-55.0012,-6.2068,3.8796,18,
Na,46839_grg_nar.mod,s,22.3959,22.8756,1.0526,25,
Na,46839_grg_nar.mod,f,-38.6241,-12.7741,1.885,38,
Na,51196_grc_pna.mod,m,-42.0012,4.9995,4.8164,15,
Na,128079_naxkole.mod,m,-38.4538,9.0043,2.6743,27,
Na,128079_naxkole.mod,h,-59.0021,-6.2077,3.879,18,
Na,155057_nap.mod,m,-2.1324,10.7336,2.2434,24,
Na,155057_nap.mod,h,-56.3681,-3.9227,6.1387,11,
Na,53876_nap.mod,m,-56.0,6.6667,3.612,19,
Na,168310_naf.mod,m,-18.5837,10.4039,2.3145,30,
Na,168310_naf.mod,h,-39.8054,-8.1781,2.9444,24,
Na,184145_Nap.mod,h,-49.6588,-10.5045,2.2923,31,
Na,187603_na3dend.mod,m,-33.4325,7.2,3.3444,21,
Na,187603_na3dend.mod,h,-45.0003,-4.0001,6.0198,12,
Na,184333_NaTa.mod,m,-50.3023,6.0,4.0133,17,
Na,184333_NaTa.mod,h,-69.0002,-6.0001,4.0133,15,
Na,153196_na16.mod,m,-40.3017,6.0067,4.0088,17,
Na,153196_na16.mod,h,-67.0023,-6.2065,3.8798,16,
Na,112685_Golgi_NaP.mod,m,-43.0,5.0,4.816,14,
Na,150024_NaP.mod,m,-69.9996,4.1044,5.8668,12,
Na,150024_NaP.mod,h,-80.0032,-4.0043,6.0135,7,
Na,183949_na3rp.mod,m,-30.4325,7.2,3.3444,21,
Na,183949_na3rp.mod,h,-42.0003,-4.0001,6.0198,11,
Na,145672_migliore_na3.mod,m,-38.4325,7.2,3.3444,21,
Na,145672_migliore_na3.mod,h,-50.0004,-4.0001,6.0198,11,
Na,184310_NaTa.mod,m,-50.3023,6.0,4.0133,17,
Na,184310_NaTa.mod,h,-69.0002,-6.0001,4.0133,15,
Na,184337_NaTa.mod,m,-50.3023,6.0,4.0133,17,
Na,184337_NaTa.mod,h,-69.0002,-6.0001,4.0133,15,
Na,147461_HH2.mod,h,-38.2481,-4.0758,5.9081,12,
Na,147461_HH2.mod,m,-28.7823,7.3521,3.2753,21,
Na,184180_Nap.mod,h,-49.6588,-10.5045,2.2923,31,
Na,184152_Nap.mod,h,-49.6588,-10.5045,2.2923,31,
Na,184297_NaTa.mod,m,-50.3023,6.0,4.0133,17,
Na,184297_NaTa.mod,h,-69.0002,-6.0001,4.0133,15,
Na,184139_Na.mod,m,-41.0698,8.0,3.01,24,
Na,184139_Na.mod,h,-73.0024,-8.0006,3.0098,17,
Na,231427_NaTa_t.mod,m,-40.3023,6.0,4.0133,17,
Na,231427_NaTa_t.mod,h,-66.0,-6.0,4.0133,16,
Na,182134_na3n.mod,m,-30.4325,7.2,3.3444,21,
Na,182134_na3n.mod,h,-42.0001,-4.0,6.02,11,
Na,182134_na3n.mod,s,23.8269,-189.5302,0.1271,41,shallow
Na,135898_na.mod,m,-28.4538,9.0043,2.6743,27,
Na,135898_na.mod,h,-55.0012,-6.2067,3.8796,18,
Na,223649_nat.mod,m,-38.43,7.2,3.3444,20,
Na,223649_nat.mod,h,-50.0,-4.0,6.02,11,
Na,20007_NaM99SL.mod,m,-38.4325,7.2,3.3444,21,
Na,20007_NaM99SL.mod,h,-50.0004,-4.0001,6.0198,11,
Na,181967_na3n.mod,m,-14.4324,7.2,3.3444,21,
Na,181967_na3n.mod,h,-26.0003,-4.0001,6.0198,11,
Na,184308_Nap.mod,h,-49.6588,-10.5045,2.2923,31,
Na,19591_Na_chan.mod,m,-39.0,6.8027,3.5397,20,
Na,19591_Na_chan.mod,h,-50.0,-5.6323,4.2754,17,
Na,144976_naxn.mod,m,-38.4325,7.2,3.3444,21,
Na,144976_naxn.mod,h,-50.0004,-4.0001,6.0198,11,
Na,20212_hha.mod,m,-40.0022,3.0,8.0266,9,
Na,20212_hha.mod,h,-45.002,-2.4992,9.6351,8,
Na,20212_hha.mod,l,-15.8201,-83.5595,0.2882,54,shallow
Na,101629_na3n.mod,m,-14.4324,7.2,3.3444,21,
Na,101629_na3n.mod,h,-26.0003,-4.0001,6.0198,11,
Na,184321_NaTs.mod,m,-42.3023,6.0,4.0133,17,
Na,184321_NaTs.mod,h,-66.0002,-6.0001,4.0132,16,
Na,138321_na.mod,m,-28.4538,9.0043,2.6743,27,
Na,138321_na.mod,h,-55.0012,-6.2067,3.8796,18,
Na,45539_nap.mod,m,-48.069,9.9798,2.4129,29,
Na,8210_na3h5.mod,m,-38.4539,9.0043,2.6743,27,
Na,8210_na3h5.mod,h,-65.0009,-6.2064,3.8798,17,
Na,7907_naz_nature.mod,m,-28.4538,9.0043,2.6743,27,
Na,7907_naz_nature.mod,h,-55.0012,-6.2067,3.8796,18,
Na,180370_naps.mod,m,-52.3004,6.7999,3.5412,20,
Na,184159_Nap.mod,h,-49.6588,-10.5045,2.2923,31,
Na,144482_naf.mod,m,-26.5003,10.0002,2.4079,29,
Na,144482_naf.mod,h,-55.645,-9.188,2.6208,23,
Na,153196_na.mod,m,-40.6861,7.0058,3.4372,20,
Na,153196_na.mod,h,-67.0023,-6.2065,3.8798,16,
Na,19214_hh1.mod,h,-61.9537,-7.1539,3.366,21,
Na,19214_hh1.mod,m,-39.0448,9.687,2.4858,28,
Na,168310_nap.mod,m,-2.1324,10.7336,2.2434,24,
Na,168310_nap.mod,h,-56.3681,-3.9227,6.1387,11,
Na,184339_NaTa.mod,m,-50.3023,6.0,4.0133,17,
Na,184339_NaTa.mod,h,-69.0002,-6.0001,4.0133,15,
Na,206398_na12.mod,m,-40.6861,7.0058,3.4372,20,
Na,206398_na12.mod,h,-67.0023,-6.2065,3.8798,16,
Na,217783_NaxSH10_ChannelML.mod,m,-28.4325,7.2,3.3444,21,
Na,217783_NaxSH10_ChannelML.mod,h,-40.0004,-4.0001,6.0198,11,
Na,184331_Nap.mod,h,-49.6588,-10.5045,2.2923,31,
Na,150556_NaSm.mod,m,-16.0025,9.411,2.5587,27,
Na,223649_naxn.mod,m,-30.4325,7.2,3.3444,21,
Na,223649_naxn.mod,h,-42.0003,-4.0001,6.0198,11,
Na,138205_naxn.mod,m,-38.4325,7.2,3.3444,21,
Na,138205_naxn.mod,h,-50.0004,-4.0001,6.0198,11,
Na,138273_INaSM.mod,m,-41.0984,9.3963,2.5627,28,
Na,138273_INaSM.mod,h,-65.0003,-6.2001,3.8838,17,
Na,155157_nafast.mod,m,-28.7824,7.3521,3.2753,21,
Na,155157_nafast.mod,h,-33.2514,-4.0469,5.9502,12,
Na,144523_NaP.mod,m,-69.9996,4.1044,5.8668,12,
Na,144523_NaP.mod,h,-80.0032,-4.0043,6.0135,7,
Na,101629_naxn.mod,m,-30.4325,7.2,3.3444,21,
Na,101629_naxn.mod,h,-42.0003,-4.0001,6.0198,11,
Na,184173_Nap.mod,h,-49.6588,-10.5045,2.2923,31,
Na,32992_na3n.mod,m,-30.4325,7.2,3.3444,21,
Na,32992_na3n.mod,h,-42.0003,-4.0001,6.0198,11,
Na,184321_Nap.mod,h,-49.6588,-10.5045,2.2923,31,
Na,168310_nafcb.mod,m,-18.5837,10.4039,2.3145,30,
Na,168310_nafcb.mod,h,-39.8054,-8.1781,2.9444,24,
Na,223649_na3.mod,m,-38.4325,7.2,3.3444,20,
Na,223649_na3.mod,h,-50.0004,-4.0001,6.0198,11,
Na,157339_na3n.mod,m,-38.4325,7.2,3.3444,21,
Na,157339_na3n.mod,h,-50.0004,-4.0001,6.0198,11,
Na,184157_NaTs.mod,m,-42.3023,6.0,4.0133,17,
Na,184157_NaTs.mod,h,-66.0002,-6.0001,4.0132,16,
Na,146376_na3n.mod,m,-38.4325,7.2,3.3444,21,
Na,146376_na3n.mod,h,-50.0004,-4.0001,6.0198,11,
Na,184166_NaTa.mod,m,-50.3023,6.0,4.0133,17,
Na,184166_NaTa.mod,h,-69.0002,-6.0001,4.0133,15,
Na,184323_Nap.mod,h,-49.6588,-10.5045,2.2923,31,
Na,184148_Nap.mod,h,-49.6588,-10.5045,2.2923,31,
Na,138205_na3n.mod,m,-38.4325,7.2,3.3444,21,
Na,138205_na3n.mod,h,-50.0004,-4.0001,6.0198,11,
Na,184176_NaTa.mod,m,-50.3023,6.0,4.0133,17,
Na,184176_NaTa.mod,h,-69.0002,-6.0001,4.0133,15,
Na,17663_HH2.mod,h,-41.2533,-4.0482,5.9484,12,
Na,17663_HH2.mod,m,-36.7822,7.3521,3.2753,21,
Na,180373_NaTa_t.mod,m,-40.3023,6.0,4.0133,17,
Na,180373_NaTa_t.mod,h,-66.0,-6.0,4.0133,16,
Na,150239_Nap.mod,m,-52.3004,6.7999,3.5412,20,
Na,82784_NafIN.mod,m,-29.6066,10.1872,2.3637,29,
Na,82784_NafIN.mod,h,-50.0652,-7.0772,3.4025,21,
Na,190559_naxn.mod,m,-38.4325,7.2,3.3444,21,
Na,190559_naxn.mod,h,-50.0004,-4.0001,6.0198,11,
Na,234241_na3dend.mod,m,-33.4325,7.2,3.3444,21,
Na,234241_na3dend.mod,h,-45.0003,-4.0001,6.0198,12,
Na,184301_NaTa.mod,m,-50.3023,6.0,4.0133,17,
Na,184301_NaTa.mod,h,-69.0002,-6.0001,4.0133,15,
Na,126776_naxn.mod,m,-38.4325,7.2,3.3444,21,
Na,126776_naxn.mod,h,-50.0004,-4.0001,6.0198,11,
Na,184171_NaTs.mod,m,-42.3023,6.0,4.0133,17,
Na,184171_NaTs.mod,h,-66.0002,-6.0001,4.0132,16,
Na,168858_naf.mod,m,-34.5008,9.9998,2.408,29,
Na,168858_naf.mod,h,-59.4003,-10.6997,2.2505,28,
Na,144401_naf.mod,m,-38.0009,10.0001,2.408,29,
Na,144401_naf.mod,h,-62.9003,-10.6999,2.2505,26,
Na,3454_nach.mod,m,-29.9999,12.5,1.9264,37,
Na,3454_nach.mod,h,-60.2539,-6.25,3.8528,19,
Na,184319_Nap.mod,h,-49.6588,-10.5045,2.2923,31,
Na,232097_nafast.mod,m,-31.8282,7.4029,3.2528,20,
Na,232097_nafast.mod,h,-36.2463,-4.0747,5.9096,12,
Na,184301_Nap.mod,h,-49.6588,-10.5045,2.2923,31,
Na,184305_Nap.mod,h,-49.6588,-10.5045,2.2923,31,
Na,151460_Na.mod,m,-35.2225,6.34,3.7981,16,
Na,151460_Na.mod,h,-38.2463,-4.0749,5.9093,12,
Na,119266_hha_old.mod,m,-40.0031,2.9997,8.0274,9,
Na,119266_hha_old.mod,h,-45.0025,-2.9986,8.0303,8,
Na,232023_Golgi_Na.mod,m,-23.8326,9.7384,2.4727,29,
Na,232023_Golgi_Na.mod,h,-42.103,-2.0049,12.0106,6,
Na,184168_NaTs.mod,m,-42.3023,6.0,4.0133,17,
Na,184168_NaTs.mod,h,-66.0002,-6.0001,4.0132,16,
Na,187615_NaTa_t.mod,m,-40.3023,6.0,4.0133,17,
Na,187615_NaTa_t.mod,h,-66.0,-6.0,4.0133,16,
Na,184303_NaTs.mod,m,-42.3023,6.0,4.0133,17,
Na,184303_NaTs.mod,h,-66.0002,-6.0001,4.0132,16,
Na,187473_nahh.mod,m,-38.6775,7.3477,3.2772,21,
Na,187473_nahh.mod,h,-43.2529,-4.0473,5.9496,12,
Na,136309_naf_Yu.mod,m,-28.4536,9.0001,2.6755,27,
Na,136309_naf_Yu.mod,h,-55.0002,-6.2005,3.8835,18,
Na,149000_NaF.mod,m,-35.7298,6.6666,3.612,19,
Na,149000_NaF.mod,h,-77.8472,-8.8892,2.7089,15,
Na,184163_Nap.mod,h,-49.6588,-10.5045,2.2923,31,
Na,168858_naz_nature.mod,m,-28.4538,9.0043,2.6743,27,
Na,168858_naz_nature.mod,h,-55.0012,-6.2067,3.8796,18,
Na,123927_NapIn.mod,m,-52.3002,6.8,3.5412,20,
Na,123927_NapIn.mod,h,-48.0004,-10.0001,2.408,29,
Na,108458_na.mod,m,-28.4538,9.0043,2.6743,27,
Na,108458_na.mod,h,-55.0012,-6.2068,3.8796,18,
Na,143719_na3notrunk.mod,m,-31.4325,7.2,3.3444,21,
Na,143719_na3notrunk.mod,h,-50.0005,-2.0002,12.0388,5,
Na,184231_NaTa.mod,m,-50.3023,6.0,4.0133,17,
Na,184231_NaTa.mod,h,-69.0002,-6.0001,4.0133,15,
Na,184352_NaTs.mod,m,-42.3023,6.0,4.0133,17,
Na,184352_NaTs.mod,h,-66.0002,-6.0001,4.0132,16,
Na,119283_na3n.mod,m,-30.4325,7.2,3.3444,21,
Na,119283_na3n.mod,h,-42.0003,-4.0001,6.0198,11,
Na,53965_HH2.mod,m,-36.7822,7.3521,3.2753,21,
Na,53965_HH2.mod,h,-41.2533,-4.0482,5.9484,12,
Na,20212_hh3.mod,h,-45.0023,-2.9988,8.0299,8,
Na,20212_hh3.mod,m,-40.003,2.9998,8.0271,9,
Na,232023_GRANULE_NAR.mod,s,31.0683,30.2774,0.7953,25,
Na,232023_GRANULE_NAR.mod,f,-38.624,-12.774,1.8851,38,
Na,184350_NaTs.mod,m,-42.3023,6.0,4.0133,17,
Na,184350_NaTs.mod,h,-66.0002,-6.0001,4.0132,16,
Na,223649_na3DA.mod,m,-38.4325,7.2,3.3444,20,
Na,223649_na3DA.mod,h,-50.0004,-4.0001,6.0198,11,
Na,144482_na1.mod,m,-49.9538,9.0043,2.6743,27,
Na,144482_na1.mod,h,-61.5024,-6.207,3.8795,18,
Na,190559_na3n.mod,m,-38.4325,7.2,3.3444,21,
Na,190559_na3n.mod,h,-50.0004,-4.0001,6.0198,11,
Na,106551_na3n.mod,m,-30.4325,7.2,3.3444,21,
Na,106551_na3n.mod,h,-42.0003,-4.0001,6.0198,11,
Na,184314_Nap.mod,h,-49.6588,-10.5045,2.2923,31,
Na,149100_NaTg.mod,m,-40.3023,6.0,4.0133,17,
Na,149100_NaTg.mod,h,-66.0,-6.0,4.0133,16,
Na,114047_hh.mod,h,-54.9574,-7.112,3.3858,21,
Na,114047_hh.mod,m,-33.9737,9.686,2.4861,29,
Na,149415_naxn.mod,m,-33.4325,7.2,3.3444,21,
Na,149415_naxn.mod,h,-45.0003,-4.0001,6.0198,12,
Na,226010_NaP.mod,m,-57.0,3.5,6.88,10,
Na,51196_grg_na.mod,m,-17.8928,9.6666,2.491,28,
Na,51196_grg_na.mod,h,-36.104,-2.0053,12.008,6,
Na,184168_Nap.mod,h,-49.6588,-10.5045,2.2923,31,
Na,143719_nax.mod,m,-38.7838,7.5,3.2106,22,
Na,143719_nax.mod,h,-58.3546,-15.0993,1.5948,17,
Na,74298_Na.mod,m,-35.2225,6.34,3.7981,16,
Na,74298_Na.mod,h,-38.2463,-4.0749,5.9093,12,
Na,184145_NaTa.mod,m,-50.3023,6.0,4.0133,17,
Na,184145_NaTa.mod,h,-69.0002,-6.0001,4.0133,15,
Na,150024_NaF.mod,m,-45.0,7.3028,3.2974,22,
Na,150024_NaF.mod,h,-42.0002,-5.9037,4.0788,17,
Na,35358_nafPR.mod,h,-38.2485,-4.0759,5.9079,12,
Na,168148_Nap.mod,m,-52.3004,6.7999,3.5412,20,
Na,26997_naf.mod,h,-54.9628,-7.1148,3.3845,21,
Na,180373_NaTs2_t.mod,m,-34.3023,6.0,4.0133,17,
Na,180373_NaTs2_t.mod,h,-60.0,-6.0,4.0133,17,
Na,223649_nap.mod,m,-48.0001,5.0,4.816,15,
Na,151731_naxn.mod,m,-38.4325,7.2,3.3444,21,
Na,151731_naxn.mod,h,-50.0004,-4.0001,6.0198,11,
Na,184054_na3.mod,m,-38.4325,7.2,3.3444,21,
Na,184054_na3.mod,h,-50.0004,-4.0001,6.0198,11,
Na,217882_napsi.mod,m,-52.3004,6.7999,3.5412,20,
Na,2796_nax.mod,m,-38.4325,7.2,3.3444,21,
Na,2796_nax.mod,h,-50.0004,-4.0001,6.0198,11,
Na,82849_nap.mod,m,-2.1324,10.7336,2.2434,24,
Na,82849_nap.mod,h,-56.3681,-3.9227,6.1387,11,
Na,140249_HH_traub.mod,h,-41.2533,-4.0482,5.9484,12,
Na,140249_HH_traub.mod,m,-36.7822,7.3521,3.2753,21,
Na,135839_na.mod,m,-28.4538,9.0043,2.6743,27,
Na,135839_na.mod,h,-55.0012,-6.2068,3.8796,18,
Na,153574_naxn.mod,m,-23.4325,7.2,3.3444,21,
Na,153574_naxn.mod,h,-35.0003,-4.0001,6.0198,12,
Na,195615_nax_BS.mod,m,-38.4325,7.2,3.3444,21,
Na,195615_nax_BS.mod,h,-50.0004,-4.0001,6.0198,11,
Na,168310_nafin.mod,m,-18.5837,10.4039,2.3145,30,
Na,168310_nafin.mod,h,-39.8054,-8.1781,2.9444,24,
Na,184299_Nap.mod,h,-49.6588,-10.5045,2.2923,31,
Na,184348_NaTs.mod,m,-42.3023,6.0,4.0133,17,
Na,184348_NaTs.mod,h,-66.0002,-6.0001,4.0132,16,
Na,143719_na3dend.mod,m,-31.4325,7.2,3.3444,21,
Na,143719_na3dend.mod,h,-50.0005,-2.0002,12.0388,5,
Na,118986_na3n.mod,m,-38.4325,7.2,3.3444,21,
Na,118986_na3n.mod,h,-50.0004,-4.0001,6.0198,11,
Na,148644_na3n.mod,m,-38.4325,7.2,3.3444,21,
Na,148644_na3n.mod,h,-50.0004,-4.0001,6.0198,11,
Na,187603_na3shifted.mod,m,-48.4325,7.2,3.3444,21,
Na,187603_na3shifted.mod,h,-60.0004,-4.0001,6.0198,11,
Na,115356_Nap.mod,m,-52.3004,6.7999,3.5412,20,
Na,184166_Nap.mod,h,-49.6588,-10.5045,2.2923,31,
Na,2487_nafast.mod,m,-28.7824,7.3521,3.2753,21,
Na,2487_nafast.mod,h,-33.2514,-4.0469,5.9502,12,
Na,184308_NaTa.mod,m,-50.3023,6.0,4.0133,17,
Na,184308_NaTa.mod,h,-69.0002,-6.0001,4.0133,15,
Na,3808_HH2.mod,m,-28.7824,7.3521,3.2753,21,
Na,3808_HH2.mod,h,-33.2535,-4.0481,5.9484,12,
Na,127021_Golgi_NaP.mod,m,-43.0,5.0,4.816,14,
Na,125152_na3.mod,m,-30.4325,7.2,3.3444,21,
Na,125152_na3.mod,h,-50.0004,-4.0001,6.0198,11,
Na,12631_HH_traub.mod,m,-36.7822,7.3521,3.2753,21,
Na,12631_HH_traub.mod,h,-41.2533,-4.0482,5.9484,12,
Na,185858_nax.mod,m,-38.4325,7.2,3.3444,21,
Na,185858_nax.mod,h,-50.0004,-4.0001,6.0198,11,
Na,9769_naxn.mod,m,-23.4325,7.2,3.3444,21,
Na,9769_naxn.mod,h,-35.0003,-4.0001,6.0198,12,
Na,128079_hhmfb.mod,m,-42.9156,10.7355,2.243,32,
Na,128079_hhmfb.mod,h,-74.7815,-7.8229,3.0781,16,
Na,184321_NaTa.mod,m,-50.3023,6.0,4.0133,17,
Na,184321_NaTa.mod,h,-69.0002,-6.0001,4.0133,15,
Na,187610_na3.mod,m,-38.4325,7.2,3.3444,21,
Na,187610_na3.mod,h,-50.0004,-4.0001,6.0198,11,
Na,139653_Nap_Et2.mod,m,-52.6,4.6,5.2347,14,
Na,139653_Nap_Et2.mod,h,-48.8834,-10.0483,2.3964,30,
Na,86537_nav1p9.mod,m,-38.5835,9.9891,2.4106,30,
Na,86537_nav1p9.mod,h,-56.981,-2.6798,8.9858,8,
Na,86537_nav1p9.mod,s,-73.2486,-8.4326,2.8556,17,
Na,37819_HH2.mod,m,-36.7822,7.3521,3.2753,21,
Na,37819_HH2.mod,h,-41.2533,-4.0482,5.9484,12,
Na,184173_NaTs.mod,m,-42.3023,6.0,4.0133,17,
Na,184173_NaTs.mod,h,-66.0002,-6.0001,4.0132,16,
Na,184202_NaTa.mod,m,-50.3023,6.0,4.0133,17,
Na,184202_NaTa.mod,h,-69.0002,-6.0001,4.0133,15,
Na,87546_naxn.mod,m,-33.4325,7.2,3.3444,21,
Na,87546_naxn.mod,h,-45.0003,-4.0001,6.0198,12,
Na,184166_NaTs.mod,m,-42.3023,6.0,4.0133,17,
Na,184166_NaTs.mod,h,-66.0002,-6.0001,4.0132,16,
Na,3808_HH1.mod,m,-39.9187,5.0,4.816,15,
Na,3808_HH1.mod,h,-67.3656,-8.837,2.7249,21,
Na,64195_na.mod,m,-28.4538,9.0043,2.6743,27,
Na,64195_na.mod,h,-55.0012,-6.2068,3.8796,18,
Na,149000_NaP.mod,m,-45.4575,6.4534,3.7313,20,
Na,185513_NaF.mod,m,-45.0,7.3028,3.2974,22,
Na,185513_NaF.mod,h,-42.0002,-5.9037,4.0788,17,
Na,156120_hh1.mod,m,-39.0448,9.687,2.4858,28,
Na,156120_hh1.mod,h,-61.9538,-7.1538,3.366,21,
Na,184152_NaTa.mod,m,-50.3023,6.0,4.0133,17,
Na,184152_NaTa.mod,h,-69.0002,-6.0001,4.0133,15,
Na,54903_na.mod,m,-28.4538,9.0043,2.6743,27,
Na,54903_na.mod,h,-55.0012,-6.2068,3.8796,18,
Na,184184_NaTa.mod,m,-50.3023,6.0,4.0133,17,
Na,184184_NaTa.mod,h,-69.0002,-6.0001,4.0133,15,
Na,144007_LGMD_HH_Na_sf35.mod,h,-49.8891,-5.1766,4.6517,15,
Na,144007_LGMD_HH_Na_sf35.mod,m,-39.6738,7.3254,3.2872,22,
Na,139656_Golgi_Na.mod,m,-23.8326,9.7384,2.4727,29,
Na,139656_Golgi_Na.mod,h,-42.1035,-2.0051,12.0094,6,
Na,127021_Golgi_Na.mod,m,-23.8326,9.7384,2.4727,29,
Na,127021_Golgi_Na.mod,h,-42.1035,-2.0051,12.0094,6,
Na,206398_na16.mod,m,-40.3017,6.0067,4.0088,17,
Na,206398_na16.mod,h,-67.0023,-6.2065,3.8798,16,
Na,124043_hh3.mod,m,-40.0,3.0,8.0266,9,
Na,124043_hh3.mod,n2,-40.0,3.0,8.0266,9,
Na,124043_hh3.mod,h,-45.0,-3.0,8.0267,8,
Na,124043_hh3.mod,s,-44.0005,-3.0003,8.0259,9,
Na,184344_NaTs.mod,m,-42.3023,6.0,4.0133,17,
Na,184344_NaTs.mod,h,-66.0002,-6.0001,4.0132,16,
Na,97917_napf_spinstell.mod,m,-35.5291,9.9838,2.4119,29,
Na,168414_iNaP.mod,m,-28.8726,7.8557,3.0653,23,
Na,168414_iNaP.mod,h,-49.7947,-6.7347,3.5755,20,
Na,184333_Nap.mod,h,-49.6588,-10.5045,2.2923,31,
Na,157339_naxn.mod,m,-38.4325,7.2,3.3444,21,
Na,157339_naxn.mod,h,-50.0004,-4.0001,6.0198,11,
Na,184325_Nap.mod,h,-49.6588,-10.5045,2.2923,31,
Na,144541_na3n.mod,m,-38.4325,7.2,3.3444,21,
Na,144541_na3n.mod,h,-50.0004,-4.0001,6.0198,11,
Na,153574_nafast.mod,m,-28.7824,7.3521,3.2753,21,
Na,153574_nafast.mod,h,-33.2514,-4.0469,5.9502,12,
Na,116096_na.mod,m,-28.4538,9.0043,2.6743,27,
Na,116096_na.mod,h,-55.0012,-6.2067,3.8796,18,
Na,144589_nax.mod,m,-38.4325,7.2,3.3444,21,
Na,144589_nax.mod,h,-50.0004,-4.0001,6.0198,11,
Na,146376_naxn.mod,m,-38.4325,7.2,3.3444,21,
Na,146376_naxn.mod,h,-50.0004,-4.0001,6.0198,11,
Na,151126_na3notrunk.mod,m,-31.4325,7.2,3.3444,21,
Na,151126_na3notrunk.mod,h,-50.0005,-2.0002,12.0388,5,
Na,150551_na3.mod,m,-38.4325,7.2,3.3444,21,
Na,150551_na3.mod,h,-50.0004,-4.0001,6.0198,11,
Na,139656_Golgi_NaP.mod,m,-43.0,5.0,4.816,14,
Na,168310_nafcr.mod,m,-18.5837,10.4039,2.3145,30,
Na,168310_nafcr.mod,h,-39.8054,-8.1781,2.9444,24,
Na,2733_nafast.mod,m,-28.7824,7.3521,3.2753,21,
Na,2733_nafast.mod,h,-33.2514,-4.0469,5.9502,12,
Na,125152_NapIn.mod,m,-52.3002,6.8,3.5412,20,
Na,125152_NapIn.mod,h,-48.0004,-10.0001,2.408,29,
Na,112546_na3n.mod,m,-38.4325,7.2,3.3444,21,
Na,112546_na3n.mod,h,-50.0004,-4.0001,6.0198,11,
Na,93321_na.mod,m,-25.5,5.29,4.552,16,
Na,93321_na.mod,h,-48.9,-5.18,4.6486,16,
Na,136026_na.mod,m,-34.8348,9.5687,2.5165,27,
Na,136026_na.mod,h,-48.1784,-3.7434,6.4326,11,
Na,126637_NaF.mod,m,-35.7298,6.6666,3.612,19,
Na,126637_NaF.mod,h,-77.8472,-8.8892,2.7089,15,
Na,184339_Nap.mod,h,-49.6588,-10.5045,2.2923,31,
Na,230811_naf_in.mod,m,-18.5837,10.4039,2.3145,30,
Na,230811_naf_in.mod,h,-39.8054,-8.1781,2.9444,24,
Na,184348_Nap.mod,h,-49.6588,-10.5045,2.2923,31,
Na,87454_na.mod,m,-38.0,7.0,3.44,21,
Na,87454_na.mod,h,-65.0005,-6.0002,4.0132,17,
Na,224923_NaTa_t.mod,m,-40.3023,6.0,4.0133,17,
Na,224923_NaTa_t.mod,h,-66.0,-6.0,4.0133,16,
Na,151126_nax.mod,m,-38.7838,7.5,3.2106,22,
Na,151126_nax.mod,h,-50.0005,-2.0002,12.0388,5,
Na,2937_namir.mod,n,-29.9999,6.0212,3.9992,17,
Na,2937_namir.mod,l,-57.0,-6.0212,3.9992,18,
Na,2937_namir.mod,r,-58.0104,-2.0076,11.9945,5,
Na,232813_na.mod,m,-39.0,8.0,3.01,24,
Na,232813_na.mod,h,-63.0003,-7.0002,3.4399,19,
Na,223649_nainter.mod,m,-18.5,8.1871,2.9412,24,
Na,223649_nainter.mod,h,-29.0002,-8.9072,2.7034,26,
Na,125152_naxmig.mod,m,-30.4325,7.2,3.3444,21,
Na,125152_naxmig.mod,h,-50.0004,-4.0001,6.0198,11,
Na,62266_B_NA.mod,m,-38.4533,9.0052,2.674,27,
Na,62266_B_NA.mod,h,-74.9972,-9.0027,2.6747,18,
Na,151731_na3n.mod,m,-38.4325,7.2,3.3444,21,
Na,151731_na3n.mod,h,-50.0004,-4.0001,6.0198,11,
Na,151443_Nap.mod,p,-41.4147,4.7254,5.0959,14,
Na,184335_NaTa.mod,m,-50.3023,6.0,4.0133,17,
Na,184335_NaTa.mod,h,-69.0002,-6.0001,4.0133,15,
Na,140828_na.mod,m,-28.4538,9.0043,2.6743,27,
Na,140828_na.mod,h,-55.0012,-6.2068,3.8796,18,
Na,114665_naxn.mod,m,-33.4325,7.2,3.3444,21,
Na,114665_naxn.mod,h,-45.0003,-4.0001,6.0198,12,
Na,184142_Nap.mod,h,-49.6588,-10.5045,2.2923,31,
Na,184303_Nap.mod,h,-49.6588,-10.5045,2.2923,31,
Na,139653_NaTs2_t.mod,m,-34.3023,6.0,4.0133,17,
Na,139653_NaTs2_t.mod,h,-60.0,-6.0,4.0133,17,
Na,144385_na.mod,m,-28.4538,9.0043,2.6743,27,
Na,144385_na.mod,h,-55.0012,-6.2068,3.8796,18,
Na,126814_na3n.mod,m,-32.4325,7.2,3.3444,21,
Na,126814_na3n.mod,h,-44.0003,-4.0001,6.0198,11,
Na,136095_nthh.mod,m,-36.7824,7.3521,3.2753,21,
Na,136095_nthh.mod,h,-41.2536,-4.0481,5.9485,12,
Na,184316_NaTs.mod,m,-42.3023,6.0,4.0133,17,
Na,184316_NaTs.mod,h,-66.0002,-6.0001,4.0132,16,
Na,114355_G_nax.mod,m,-30.4325,7.2,3.3444,21,
Na,114355_G_nax.mod,h,-42.0003,-4.0001,6.0198,11,
Na,20212_hha2.mod,h,-49.0031,-3.4983,6.8833,10,
Na,20212_hha2.mod,m,-44.0042,2.9993,8.0285,9,
Na,82849_naf.mod,m,-18.5837,10.4039,2.3145,30,
Na,82849_naf.mod,h,-40.0652,-7.0772,3.4025,21,
Na,144482_nafsoma.mod,m,-30.0004,9.9999,2.408,29,
Na,144482_nafsoma.mod,h,-62.9001,-10.6999,2.2505,26,
Na,184186_Nap.mod,h,-49.6588,-10.5045,2.2923,31,
Na,17664_NaP.mod,m,-45.4575,6.4534,3.7313,20,
Na,224923_Nap_Et2.mod,m,-52.6,4.6,5.2347,14,
Na,224923_Nap_Et2.mod,h,-48.8834,-10.0483,2.3964,30,
Na,150538_na.mod,m,-28.4538,9.0043,2.6743,27,
Na,150538_na.mod,h,-55.0012,-6.2068,3.8796,18,
Na,114359_na.mod,m,-28.4538,9.0043,2.6743,27,
Na,114359_na.mod,h,-55.0012,-6.2068,3.8796,18,
Na,114394_na.mod,m,-31.4535,9.0043,2.6743,26,
Na,114394_na.mod,h,-55.0019,-6.2078,3.8789,18,
Na,144490_hha_old_v2.mod,h,-45.0025,-2.9986,8.0303,8,
Na,144490_hha_old_v2.mod,m,-40.0031,2.9997,8.0274,9,
Na,2488_na.mod,m,-28.4538,9.0043,2.6743,27,
Na,2488_na.mod,h,-55.0012,-6.2068,3.8796,18,
Na,106551_naxn.mod,m,-30.4325,7.2,3.3444,21,
Na,106551_naxn.mod,h,-42.0003,-4.0001,6.0198,11,
Na,184319_NaTa.mod,m,-50.3023,6.0,4.0133,17,
Na,184319_NaTa.mod,h,-69.0002,-6.0001,4.0133,15,
Na,3800_inaf.mod,m,-42.3822,7.35,3.2762,22,
Na,3800_inaf.mod,h,-67.3063,-4.5884,5.248,13,
Na,3800_inaf.mod,n,-79.2939,-12.0581,1.997,15,
Na,184231_Nap.mod,h,-49.6588,-10.5045,2.2923,31,
Na,46839_grg_na.mod,m,-17.8928,9.6666,2.491,28,
Na,46839_grg_na.mod,h,-36.104,-2.0053,12.008,6,
Na,135787_na.mod,m,-28.4538,9.0043,2.6743,27,
Na,135787_na.mod,h,-55.0012,-6.2068,3.8796,18,
Na,53451_na.mod,m,-28.4538,9.0043,2.6743,27,
Na,53451_na.mod,h,-55.0012,-6.2068,3.8796,18,
Na,97917_naf2.mod,m,-38.0003,10.0003,2.4079,29,
Na,97917_naf2.mod,h,-58.3002,-6.7002,3.5939,20,
Na,184297_Nap.mod,h,-49.6588,-10.5045,2.2923,31,
Na,18198_HH2.mod,h,-41.2533,-4.0482,5.9484,12,
Na,18198_HH2.mod,m,-36.7822,7.3521,3.2753,21,
Na,184184_NaTs.mod,m,-42.3023,6.0,4.0133,17,
Na,184184_NaTs.mod,h,-66.0002,-6.0001,4.0132,16,
Na,116053_na.mod,m,-28.4538,9.0043,2.6743,27,
Na,116053_na.mod,h,-55.0012,-6.2068,3.8796,18,
Na,128559_iNaP.mod,m,-28.8726,7.8557,3.0653,23,
Na,128559_iNaP.mod,h,-49.7947,-6.7347,3.5755,20,
Na,184337_NaTs.mod,m,-42.3023,6.0,4.0133,17,
Na,184337_NaTs.mod,h,-66.0002,-6.0001,4.0132,16,
Na,229750_na3n.mod,m,-14.4324,7.2,3.3444,21,
Na,229750_na3n.mod,h,-26.0003,-4.0001,6.0198,11,
Na,230811_nap.mod,m,-2.1324,10.7336,2.2434,24,
Na,230811_nap.mod,h,-56.3681,-3.9227,6.1387,11,
Na,2730_nafast.mod,m,-28.7824,7.3521,3.2753,21,
Na,2730_nafast.mod,h,-33.2514,-4.0469,5.9502,12,
Na,144523_NaF.mod,m,-45.0,7.3028,3.2974,22,
Na,144523_NaF.mod,h,-42.0002,-5.9037,4.0788,17,
Na,116862_HH2.mod,h,-41.2533,-4.0482,5.9484,12,
Na,116862_HH2.mod,m,-36.7822,7.3521,3.2753,21,
Na,148094_naxn.mod,m,-38.4325,7.2,3.3444,21,
Na,148094_naxn.mod,h,-50.0004,-4.0001,6.0198,11,
Na,123815_hha_old.mod,h,-45.0025,-2.9986,8.0303,8,
Na,123815_hha_old.mod,m,-40.0031,2.9997,8.0274,9,
Na,20014_hh1.mod,m,-39.0448,9.687,2.4858,28,
Na,20014_hh1.mod,h,-61.9537,-7.1539,3.366,21,
Na,144502_na.mod,h,-60.6881,-8.1331,2.9607,23,
Na,184180_NaTs.mod,m,-42.3023,6.0,4.0133,17,
Na,184180_NaTs.mod,h,-66.0002,-6.0001,4.0132,16,
Na,184310_NaTs.mod,m,-42.3023,6.0,4.0133,17,
Na,184310_NaTs.mod,h,-66.0002,-6.0001,4.0132,16,
Na,62284_B_NA.mod,m,-31.4537,9.0,2.6755,26,
Na,62284_B_NA.mod,h,-64.0004,-9.0001,2.6755,23,
Na,147757_na3notrunk.mod,m,-31.4325,7.2,3.3444,21,
Na,147757_na3notrunk.mod,h,-50.0005,-2.0002,12.0388,5,
Na,149100_Nap_Et2.mod,m,-52.6,4.6,5.2347,14,
Na,149100_Nap_Et2.mod,h,-48.8834,-10.0483,2.3964,30,
Na,217882_naps.mod,m,-52.3004,6.7999,3.5412,20,
Na,136309_naf_Traub.mod,m,-34.5008,10.0001,2.408,29,
Na,136309_naf_Traub.mod,h,-59.4003,-10.6999,2.2505,28,
Na,54903_naxn.mod,m,-38.4325,7.2,3.3444,21,
Na,54903_naxn.mod,h,-50.0004,-4.0001,6.0198,11,
Na,155735_NaP.mod,m,-45.4575,6.4534,3.7313,20,
Na,184173_NaTa.mod,m,-50.3023,6.0,4.0133,17,
Na,184173_NaTa.mod,h,-69.0002,-6.0001,4.0133,15,
Na,232097_Naxn.mod,m,-33.4325,7.2,3.3444,21,
Na,232097_Naxn.mod,h,-45.0003,-4.0001,6.0198,12,
Na,53876_na.mod,m,-38.3506,6.9445,3.4675,21,
Na,53876_na.mod,h,-35.0,-3.3445,7.1998,10,
Na,19696_na3.mod,m,-38.4325,7.2,3.3444,21,
Na,19696_na3.mod,h,-50.0004,-4.0001,6.0198,11,
Na,184196_Nap.mod,h,-49.6588,-10.5045,2.2923,31,
Na,3493_na_moto.mod,m,-38.9,6.1,3.9475,18,
Na,3493_na_moto.mod,h,-81.6004,-10.2001,2.3607,17,
Na,114355_G_na.mod,m,-38.4325,7.2,3.3444,21,
Na,114355_G_na.mod,h,-50.0004,-4.0001,6.0198,11,
Na,232023_Golgi_NaR.mod,s,31.0683,30.2774,0.7953,25,
Na,232023_Golgi_NaR.mod,f,-38.624,-12.774,1.8851,38,
Na,184346_Nap.mod,h,-49.6588,-10.5045,2.2923,31,
Na,184331_NaTs.mod,m,-42.3023,6.0,4.0133,17,
Na,184331_NaTs.mod,h,-66.0002,-6.0001,4.0132,16,
Na,116862_nthh.mod,m,-36.7824,7.3521,3.2753,21,
Na,116862_nthh.mod,h,-41.2536,-4.0481,5.9485,12,
Na,184316_NaTa.mod,m,-50.3023,6.0,4.0133,17,
Na,184316_NaTa.mod,h,-69.0002,-6.0001,4.0133,15,
Na,123897_na16.mod,m,-40.3017,6.0067,4.0088,17,
Na,123897_na16.mod,h,-67.0023,-6.2065,3.8798,16,
Na,184274_Nap.mod,h,-49.6588,-10.5045,2.2923,31,
Na,123927_naxmig.mod,m,-30.4325,7.2,3.3444,21,
Na,123927_naxmig.mod,h,-50.0004,-4.0001,6.0198,11,
Na,184352_NaTa.mod,m,-50.3023,6.0,4.0133,17,
Na,184352_NaTa.mod,h,-69.0002,-6.0001,4.0133,15,
Na,8115_INa_traub_shifted.mod,m,-38.7822,7.3521,3.2753,21,
Na,8115_INa_traub_shifted.mod,h,-43.2512,-4.047,5.9501,12,
Na,184142_NaTa.mod,m,-50.3023,6.0,4.0133,17,
Na,184142_NaTa.mod,h,-69.0002,-6.0001,4.0133,15,
Na,184159_NaTs.mod,m,-42.3023,6.0,4.0133,17,
Na,184159_NaTs.mod,h,-66.0002,-6.0001,4.0132,16,
Na,127305_na3.mod,m,-38.4325,7.2,3.3444,21,
Na,127305_na3.mod,h,-50.0004,-4.0001,6.0198,11,
Na,168874_na3n.mod,m,-32.4325,7.2,3.3444,21,
Na,168874_na3n.mod,h,-44.0003,-4.0001,6.0198,11,
Na,33975_naf.mod,h,-54.9628,-7.1148,3.3845,21,
Na,187474_NaTa_t.mod,m,-40.3023,6.0,4.0133,17,
Na,187474_NaTa_t.mod,h,-66.0,-6.0,4.0133,16,
Na,184331_NaTa.mod,m,-50.3023,6.0,4.0133,17,
Na,184331_NaTa.mod,h,-69.0002,-6.0001,4.0133,15,
Na,156780_NaTs2_t.mod,m,-34.3023,6.0,4.0133,17,
Na,156780_NaTs2_t.mod,h,-60.0,-6.0,4.0133,17,
Na,155796_nav13.mod,m,-34.3878,4.5,5.3511,13,
Na,155796_nav13.mod,h,-55.0001,-4.0,6.0199,12,
Na,184152_NaTs.mod,m,-42.3023,6.0,4.0133,17,
Na,184152_NaTs.mod,h,-66.0002,-6.0001,4.0132,16,
Na,146026_nap.mod,m,-48.0,10.0003,2.4079,29,
Na,45539_naf.mod,m,-38.0009,10.0001,2.408,29,
Na,45539_naf.mod,h,-62.9003,-10.6999,2.2505,26,
Na,151126_na3dend.mod,m,-31.4325,7.2,3.3444,21,
Na,151126_na3dend.mod,h,-50.0005,-2.0002,12.0388,5,
Na,141272_hhdet.mod,h,-61.9538,-7.1539,3.366,21,
Na,141272_hhdet.mod,m,-39.0448,9.687,2.4858,28,
Na,184346_NaTs.mod,m,-42.3023,6.0,4.0133,17,
Na,184346_NaTs.mod,h,-66.0002,-6.0001,4.0132,16,
Na,225311_NaTa_t.mod,m,-40.3023,6.0,4.0133,17,
Na,225311_NaTa_t.mod,h,-66.0,-6.0,4.0133,16,
Na,150621_Nam.mod,m,-27.0448,9.687,2.4858,28,
Na,150621_Nam.mod,h,-47.9181,-7.1243,3.3799,22,
Na,150556_Nam.mod,m,-27.0448,9.687,2.4858,28,
Na,150556_Nam.mod,h,-47.9181,-7.1243,3.3799,22,
Na,3343_HH2.mod,m,-36.7822,7.3521,3.2753,21,
Na,3343_HH2.mod,h,-41.2533,-4.0482,5.9484,12,
Na,184163_NaTs.mod,m,-42.3023,6.0,4.0133,17,
Na,184163_NaTs.mod,h,-66.0002,-6.0001,4.0132,16,
Na,184301_NaTs.mod,m,-42.3023,6.0,4.0133,17,
Na,184301_NaTs.mod,h,-66.0002,-6.0001,4.0132,16,
Na,143719_na3.mod,m,-33.4325,7.2,3.3444,21,
Na,143719_na3.mod,h,-50.0005,-2.0002,12.0388,5,
Na,127021_Golgi_NaR.mod,s,31.0694,30.2789,0.7953,25,
Na,127021_Golgi_NaR.mod,f,-38.6241,-12.7741,1.885,38,
Na,3167_na3.mod,m,-38.4325,7.2,3.3444,21,
Na,3167_na3.mod,h,-50.0004,-4.0001,6.0198,11,
Na,139150_hh3.mod,s,-44.0005,-3.0003,8.0259,9,
Na,139150_hh3.mod,n2,-40.0,3.0,8.0266,9,
Na,139150_hh3.mod,h,-45.0,-3.0,8.0267,8,
Na,139150_hh3.mod,m,-40.0,3.0,8.0266,9,
Na,223649_na.mod,m,-15.5158,10.436,2.3074,29,
Na,223649_na.mod,h,-37.0567,-7.116,3.3839,21,
Na,168148_na.mod,m,-31.4535,9.0043,2.6743,26,
Na,168148_na.mod,h,-55.0019,-6.2078,3.8789,18,
Na,85112_nav1p9.mod,m,-20.5832,9.989,2.4106,30,
Na,85112_nav1p9.mod,h,-46.9816,-2.68,8.985,8,
Na,45539_napf_spinstell.mod,m,-35.5291,9.9838,2.4119,29,
Na,226010_NaT.mod,m,-44.0,4.5,5.3511,13,
Na,226010_NaT.mod,h,-62.0,-6.5,3.7046,19,
Na,62285_B_NA.mod,m,-36.4539,9.0048,2.6741,27,
Na,62285_B_NA.mod,h,-74.9974,-9.0029,2.6747,18,
Na,184339_NaTs.mod,m,-42.3023,6.0,4.0133,17,
Na,184339_NaTs.mod,h,-66.0002,-6.0001,4.0132,16,
Na,140828_HH2.mod,m,-36.7822,7.3521,3.2753,21,
Na,140828_HH2.mod,h,-41.2533,-4.0482,5.9484,12,
Na,144579_nap.mod,m,-48.069,9.9798,2.4129,29,
Na,129067_Nap.mod,m,-52.3004,6.7999,3.5412,20,
Na,85112_nattxs.mod,m,-28.4319,8.7927,2.7386,26,
Na,85112_nattxs.mod,h,-50.5724,-9.5963,2.5093,28,
Na,150240_hh2.mod,m,-36.7822,7.3521,3.2753,21,
Na,150240_hh2.mod,h,-41.2533,-4.0482,5.9484,12,
Na,53569_NaP.mod,m,-28.8726,7.8557,3.0653,23,
Na,53569_NaP.mod,h,-49.7947,-6.7347,3.5755,20,
Na,115356_NaIn.mod,m,-52.6002,4.6,5.2348,14,
Na,115356_NaIn.mod,h,-47.8875,-9.4103,2.5589,25,
Na,53869_na_VCN2003.mod,m,-38.0,7.0,3.44,21,
Na,53869_na_VCN2003.mod,h,-65.0005,-6.0002,4.0132,17,
Na,140038_inter.mod,m,-23.9738,9.6861,2.486,29,
Na,140038_inter.mod,h,-72.5017,-8.0008,3.0097,17,
Na,148094_na3n.mod,m,-38.4325,7.2,3.3444,21,
Na,148094_na3n.mod,h,-50.0004,-4.0001,6.0198,11,
Na,97874_na3s.mod,m,-38.4325,7.2,3.3444,21,
Na,97874_na3s.mod,h,-50.0004,-4.0001,6.0198,11,
Na,156780_NaTa_t.mod,m,-40.3023,6.0,4.0133,17,
Na,156780_NaTa_t.mod,h,-66.0,-6.0,4.0133,16,
Na,185328_hhnachan.mod,h,-61.9538,-7.1538,3.366,21,
Na,185328_hhnachan.mod,m,-39.0448,9.687,2.4858,28,
Na,87535_naxn.mod,m,-38.4325,7.2,3.3444,21,
Na,87535_naxn.mod,h,-50.0004,-4.0001,6.0198,11,
Na,184327_NaTs.mod,m,-42.3023,6.0,4.0133,17,
Na,184327_NaTs.mod,h,-66.0002,-6.0001,4.0132,16,
Na,112546_naxn.mod,m,-38.4325,7.2,3.3444,21,
Na,112546_naxn.mod,h,-50.0004,-4.0001,6.0198,11,
Na,144976_na3n.mod,m,-38.4325,7.2,3.3444,21,
Na,144976_na3n.mod,h,-50.0004,-4.0001,6.0198,11,
Na,184159_NaTa.mod,m,-50.3023,6.0,4.0133,17,
Na,184159_NaTa.mod,h,-69.0002,-6.0001,4.0133,15,
Na,184142_NaTs.mod,m,-42.3023,6.0,4.0133,17,
Na,184142_NaTs.mod,h,-66.0002,-6.0001,4.0132,16,
Na,150556_NaPm.mod,m,-47.8,3.1,7.7677,9,
Na,128559_HH2.mod,m,-28.7823,7.3521,3.2753,21,
Na,128559_HH2.mod,h,-38.2481,-4.0758,5.9081,12,
Na,225080_nas.mod,m,-38.4325,7.2,3.3444,21,
Na,225080_nas.mod,h,-50.0004,-4.0001,6.0198,11,
Na,116094_nafast.mod,m,-28.7824,7.3521,3.2753,21,
Na,116094_nafast.mod,h,-33.2514,-4.0469,5.9502,12,
Na,234241_na3.mod,m,-38.4325,7.2,3.3444,21,
Na,234241_na3.mod,h,-50.0004,-4.0001,6.0198,11,
Na,121259_nax2.mod,m,-38.4325,7.2,3.3444,21,
Na,121259_nax2.mod,h,-50.0004,-4.0001,6.0198,11,
Na,151443_Naf_So.mod,m,-49.0001,8.7603,2.7488,24,
Na,151443_Naf_So.mod,h,-65.0002,-7.0,3.44,18,
Na,183300_naxn.mod,m,-33.4325,7.2,3.3444,21,
Na,183300_naxn.mod,h,-45.0003,-4.0001,6.0198,12,
Na,98017_hhI.mod,h,-54.9574,-7.112,3.3858,21,
Na,140038_late2.mod,m,-51.8194,4.6002,5.2345,13,
Na,140038_late2.mod,h,-56.2092,-6.8513,3.5146,20,
Na,184344_Nap.mod,h,-49.6588,-10.5045,2.2923,31,
Na,224923_NaTs2_t.mod,m,-34.3023,6.0,4.0133,17,
Na,224923_NaTs2_t.mod,h,-60.0,-6.0,4.0133,17,
Na,108459_na.mod,m,-28.4538,9.0043,2.6743,27,
Na,108459_na.mod,h,-55.0012,-6.2067,3.8796,18,
Na,184176_Nap.mod,h,-49.6588,-10.5045,2.2923,31,
Na,123927_Nap.mod,m,-52.3004,6.7999,3.5412,20,
Na,9769_na3n.mod,m,-23.4325,7.2,3.3444,21,
Na,9769_na3n.mod,h,-35.0003,-4.0001,6.0198,12,
Na,144553_naz_nature.mod,m,-28.4538,9.0043,2.6743,27,
Na,144553_naz_nature.mod,h,-55.0012,-6.2067,3.8796,18,
Na,98017_INap.mod,h,-41.9945,-8.3599,2.8804,25,
Na,184337_Nap.mod,h,-49.6588,-10.5045,2.2923,31,
Na,82784_Naf.mod,m,-18.5837,10.4039,2.3145,30,
Na,82784_Naf.mod,h,-40.0652,-7.0772,3.4025,21,
Na,230326_NaTs2_t.mod,m,-34.3023,6.0,4.0133,17,
Na,230326_NaTs2_t.mod,h,-60.0,-6.0,4.0133,17,
Na,184327_NaTa.mod,m,-50.3023,6.0,4.0133,17,
Na,184327_NaTa.mod,h,-69.0002,-6.0001,4.0133,15,
Na,143671_naps.mod,m,-52.3004,6.7999,3.5412,20,
Ca,184297_Ca_HVA.mod,m,-32.6311,4.746,5.0738,14,
Ca,184297_Ca_HVA.mod,h,-57.5449,-22.6086,1.0651,48,
Ca,184176_Ca_LVA.mod,m,-40.0,6.0,4.0133,17,
Ca,184176_Ca_LVA.mod,h,-90.0049,-6.4015,3.7616,7,
Ca,153196_ca.mod,m,-32.6349,4.7552,5.0639,14,
Ca,153196_ca.mod,h,-57.6193,-22.6431,1.0635,48,
Ca,141273_ca.mod,m,-32.6349,4.7552,5.0639,14,
Ca,141273_ca.mod,h,-57.6193,-22.6431,1.0635,48,
Ca,101629_can2.mod,m,-21.3119,8.0105,3.006,24,
Ca,101629_can2.mod,h,-40.1077,-8.2922,2.9039,25,
Ca,149000_CaP.mod,m,-19.6524,7.2965,3.3002,22,
Ca,149000_CaP.mod,h,-35.9344,-7.641,3.1514,23,
Ca,187603_sca.mod,m,-32.6349,4.7552,5.0639,14,
Ca,187603_sca.mod,h,-57.8181,-22.7313,1.0593,48,
Ca,3807_cachlech.mod,m,-5.7633,3.8193,6.3048,11,
Ca,168310_calc.mod,m,-8.9999,6.0,4.0133,18,
Ca,3343_IT2.mod,m,-50.0,7.4,3.254,21,
Ca,3343_IT2.mod,h,-78.0611,-5.031,4.7863,10,
Ca,184301_Ca_LVA.mod,m,-40.0,6.0,4.0133,17,
Ca,184301_Ca_LVA.mod,h,-90.0049,-6.4015,3.7616,7,
Ca,20212_it1.mod,h,-83.0293,-4.0129,6.0007,6,
Ca,139656_Golgi_Ca_HVA.mod,s,-20.0066,9.8039,2.4561,29,
Ca,139656_Golgi_Ca_HVA.mod,u,-48.053,-14.935,1.6123,39,
Ca,87284_cat.mod,m,-35.4449,7.8754,3.0576,24,
Ca,87284_cat.mod,h,-67.0983,-6.1923,3.8887,16,
Ca,185858_cal.mod,m,-1.3184,5.5501,4.3386,14,
Ca,184310_Ca_LVA.mod,m,-40.0,6.0,4.0133,17,
Ca,184310_Ca_LVA.mod,h,-90.0049,-6.4015,3.7616,7,
Ca,180373_Ca_LVAst.mod,m,-40.0,6.0,4.0133,17,
Ca,180373_Ca_LVAst.mod,h,-90.0004,-6.4001,3.7624,7,
Ca,113732_cat.mod,m,-56.0001,6.2005,3.8836,19,
Ca,113732_cat.mod,h,-80.0015,-4.0014,6.0179,7,
Ca,184171_Ca_HVA.mod,m,-32.6311,4.746,5.0738,14,
Ca,184171_Ca_HVA.mod,h,-57.5449,-22.6086,1.0651,48,
Ca,98005_cap_ch.mod,m,-18.9999,5.5,4.3782,16,
Ca,184303_Ca_HVA.mod,m,-32.6311,4.746,5.0738,14,
Ca,184303_Ca_HVA.mod,h,-57.5449,-22.6086,1.0651,48,
Ca,184176_Ca_HVA.mod,m,-32.6311,4.746,5.0738,14,
Ca,184176_Ca_HVA.mod,h,-57.5449,-22.6086,1.0651,48,
Ca,184352_Ca_LVA.mod,m,-40.0,6.0,4.0133,17,
Ca,184352_Ca_LVA.mod,h,-90.0049,-6.4015,3.7616,7,
Ca,184319_Ca_LVA.mod,m,-40.0,6.0,4.0133,17,
Ca,184319_Ca_LVA.mod,h,-90.0049,-6.4015,3.7616,7,
Ca,45539_cal.mod,m,-20.7052,7.9365,3.0341,24,
Ca,20212_it.mod,m,-52.0,7.4,3.254,21,
Ca,20212_it.mod,h,-80.0748,-5.0348,4.7827,9,
Ca,136803_ca.mod,m,-32.6349,4.7552,5.0639,14,
Ca,136803_ca.mod,h,-57.6193,-22.6431,1.0635,48,
Ca,168858_cal.mod,m,-20.7053,7.9363,3.0341,24,
Ca,93321_cas.mod,m,-33.0002,8.1,2.9728,24,
Ca,93321_cas.mod,h,-60.0037,-6.2018,3.8827,19,
Ca,184180_Ca_LVA.mod,m,-40.0,6.0,4.0133,17,
Ca,184180_Ca_LVA.mod,h,-90.0049,-6.4015,3.7616,7,
Ca,229585_Cav3_3.mod,n,-41.5,6.2,3.8838,18,
Ca,229585_Cav3_3.mod,l,-69.8302,-6.1036,3.9452,15,
Ca,185355_CaN.mod,c,-21.0319,8.01,3.0062,24,
Ca,185355_CaN.mod,d,-40.1636,-8.3236,2.893,25,
Ca,184337_Ca_HVA.mod,m,-32.6311,4.746,5.0738,14,
Ca,184337_Ca_HVA.mod,h,-57.5449,-22.6086,1.0651,48,
Ca,155157_IL_gutnick.mod,m,-32.6311,4.746,5.0738,14,
Ca,155157_IL_gutnick.mod,h,-57.5448,-22.6071,1.0651,48,
Ca,223649_IT_huguenard.mod,h,-83.0293,-4.0129,6.0007,6,
Ca,53965_IT2_v3.mod,m,-54.8,7.4,3.254,22,
Ca,53965_IT2_v3.mod,h,-85.5171,-7.189,3.3495,10,
Ca,150446_CaTraub1994.mod,m,-25.5964,7.9506,3.0287,23,
Ca,17664_CaT.mod,m,-45.9705,5.9793,4.0272,16,
Ca,17664_CaT.mod,h,-93.4643,-10.5837,2.2752,12,
Ca,150538_SlowCa.mod,m,-32.6349,4.7552,5.0639,14,
Ca,150538_SlowCa.mod,h,-57.8181,-22.7313,1.0593,48,
Ca,168310_car.mod,m,-43.4995,3.0005,8.0253,9,
Ca,123815_LcaMig.mod,m,-1.3231,5.5471,4.341,14,
Ca,144385_ca.mod,m,-32.6349,4.7552,5.0639,14,
Ca,144385_ca.mod,h,-57.6193,-22.6431,1.0635,48,
Ca,112546_can2.mod,m,-21.3069,8.0104,3.0061,24,
Ca,112546_can2.mod,h,-40.1079,-8.2921,2.904,25,
Ca,184314_Ca_LVA.mod,m,-40.0,6.0,4.0133,17,
Ca,184314_Ca_LVA.mod,h,-90.0049,-6.4015,3.7616,7,
Ca,19746_CA1CaG.mod,m,-24.3693,7.1683,3.3592,21,
Ca,19746_CA1CaG.mod,h,-60.2632,-7.3154,3.2916,21,
Ca,123623_IT_huguenard.mod,h,-83.0293,-4.0129,6.0007,6,
Ca,181967_LcaMig.mod,m,-1.3231,5.5471,4.341,14,
Ca,184274_Ca_LVA.mod,m,-40.0,6.0,4.0133,17,
Ca,184274_Ca_LVA.mod,h,-90.0049,-6.4015,3.7616,7,
Ca,118986_cat.mod,m,-60.0057,9.9938,2.4095,25,
Ca,118986_cat.mod,h,-85.0,-10.0,2.408,15,
Ca,155157_IT_huguenard.mod,h,-83.0293,-4.0129,6.0007,6,
Ca,230326_Ca_HVA.mod,m,-32.6311,4.746,5.0738,14,
Ca,230326_Ca_HVA.mod,h,-57.5449,-22.6086,1.0651,48,
Ca,116862_ntt.mod,m,-49.0002,7.4001,3.254,22,
Ca,116862_ntt.mod,h,-72.0068,-5.0037,4.8124,12,
Ca,20212_cat.mod,m,-22.0612,8.293,2.9037,24,
Ca,20212_cat.mod,h,-67.1474,-6.5763,3.6616,17,
Ca,87284_can2.mod,m,-21.3119,8.0105,3.006,24,
Ca,87284_can2.mod,h,-40.1077,-8.2922,2.9039,25,
Ca,151126_car.mod,m,-48.5,3.0005,8.0252,9,
Ca,137259_cal2.mod,m,-1.3184,5.5501,4.3386,14,
Ca,126637_CaP2cvode.mod,m,-19.653,7.2963,3.3003,22,
Ca,182797_ICaT.mod,m,-35.4393,7.8854,3.0537,24,
Ca,182797_ICaT.mod,h,-67.12,-6.2082,3.8787,16,
Ca,184184_Ca_LVA.mod,m,-40.0,6.0,4.0133,17,
Ca,184184_Ca_LVA.mod,h,-90.0049,-6.4015,3.7616,7,
Ca,97917_tca.mod,m,-35.4393,7.8854,3.0537,24,
Ca,97917_tca.mod,h,-67.2387,-6.2665,3.8426,16,
Ca,64229_lcafixed.mod,r,-31.4765,-8.199,2.9369,24,
Ca,64229_lcafixed.mod,s,2.7771,6.931,3.4742,16,
Ca,151126_LcaMig.mod,m,-1.3231,5.5471,4.341,14,
Ca,144579_cat.mod,m,-56.0001,6.2005,3.8836,19,
Ca,144579_cat.mod,h,-80.0015,-4.0014,6.0179,7,
Ca,155601_tca.mod,m,-35.4393,7.8854,3.0537,24,
Ca,155601_tca.mod,h,-67.2387,-6.2665,3.8426,16,
Ca,223649_cadyn.mod,u,-30.0,11.0,2.1891,30,
Ca,223649_cadyn.mod,z,-12.6193,-18.9267,1.2723,43,
Ca,184329_Ca_LVA.mod,m,-40.0,6.0,4.0133,17,
Ca,184329_Ca_LVA.mod,h,-90.0049,-6.4015,3.7616,7,
Ca,184159_Ca_LVA.mod,m,-40.0,6.0,4.0133,17,
Ca,184159_Ca_LVA.mod,h,-90.0049,-6.4015,3.7616,7,
Ca,155057_cat.mod,m,-36.0,8.0283,2.9994,23,
Ca,155057_cat.mod,h,-68.0001,-4.6317,5.1989,13,
Ca,155602_tca.mod,m,-35.4393,7.8854,3.0537,24,
Ca,155602_tca.mod,h,-67.2387,-6.2665,3.8426,16,
Ca,155601_LcaMig.mod,m,-1.3231,5.5471,4.341,14,
Ca,50997_cagf.mod,c,-21.2547,5.8878,4.0898,18,
Ca,150288_cadyn.mod,u,-24.5999,11.3,2.131,33,
Ca,150288_cadyn.mod,z,-12.6193,-18.9267,1.2723,43,
Ca,184178_Ca_HVA.mod,m,-32.6311,4.746,5.0738,14,
Ca,184178_Ca_HVA.mod,h,-57.5449,-22.6086,1.0651,48,
Ca,184312_Ca_HVA.mod,m,-32.6311,4.746,5.0738,14,
Ca,184312_Ca_HVA.mod,h,-57.5449,-22.6086,1.0651,48,
Ca,17663_IT2.mod,m,-50.0,7.4,3.254,21,
Ca,17663_IT2.mod,h,-78.0841,-5.0426,4.7753,10,
Ca,184331_Ca_LVA.mod,m,-40.0,6.0,4.0133,17,
Ca,184331_Ca_LVA.mod,h,-90.0049,-6.4015,3.7616,7,
Ca,184346_Ca_HVA.mod,m,-32.6311,4.746,5.0738,14,
Ca,184346_Ca_HVA.mod,h,-57.5449,-22.6086,1.0651,48,
Ca,184331_Ca_HVA.mod,m,-32.6311,4.746,5.0738,14,
Ca,184331_Ca_HVA.mod,h,-57.5449,-22.6086,1.0651,48,
Ca,144450_cat.mod,m,-36.0,8.0283,2.9994,23,
Ca,144450_cat.mod,h,-68.0001,-4.6317,5.1989,13,
Ca,20212_My_cat.mod,m,-47.0067,4.8136,5.0025,14,
Ca,20212_My_cat.mod,h,-73.9232,-4.8145,5.0015,11,
Ca,147757_cat.mod,m,-22.0612,8.293,2.9037,24,
Ca,147757_cat.mod,h,-67.1474,-6.5763,3.6616,17,
Ca,116094_lcafixed.mod,r,-31.4765,-8.199,2.9369,24,
Ca,116094_lcafixed.mod,s,2.7771,6.931,3.4742,16,
Ca,184161_Ca_LVA.mod,m,-40.0,6.0,4.0133,17,
Ca,184161_Ca_LVA.mod,h,-90.0049,-6.4015,3.7616,7,
Ca,64296_lcafixed.mod,r,-31.4765,-8.199,2.9369,24,
Ca,64296_lcafixed.mod,s,2.7771,6.931,3.4742,16,
Ca,184333_Ca_HVA.mod,m,-32.6311,4.746,5.0738,14,
Ca,184333_Ca_HVA.mod,h,-57.5449,-22.6086,1.0651,48,
Ca,184184_Ca_HVA.mod,m,-32.6311,4.746,5.0738,14,
Ca,184184_Ca_HVA.mod,h,-57.5449,-22.6086,1.0651,48,
Ca,184314_Ca_HVA.mod,m,-32.6311,4.746,5.0738,14,
Ca,184314_Ca_HVA.mod,h,-57.5449,-22.6086,1.0651,48,
Ca,135787_ca.mod,m,-32.6349,4.7552,5.0639,14,
Ca,135787_ca.mod,h,-57.6193,-22.6431,1.0635,48,
Ca,17664_CaP.mod,m,-19.6524,7.2965,3.3002,22,
Ca,17664_CaP.mod,h,-35.9344,-7.641,3.1514,23,
Ca,144490_cal_v2.mod,m,-29.0736,5.2563,4.5812,16,
Ca,113732_ca.mod,m,-32.6349,4.7552,5.0639,14,
Ca,113732_ca.mod,h,-57.6193,-22.6431,1.0635,48,
Ca,168874_cal_mig.mod,m,-1.3184,5.5501,4.3386,14,
Ca,168858_cat.mod,m,-56.0001,6.2005,3.8836,19,
Ca,168858_cat.mod,h,-80.0015,-4.0014,6.0179,7,
Ca,184316_Ca_LVA.mod,m,-40.0,6.0,4.0133,17,
Ca,184316_Ca_LVA.mod,h,-90.0049,-6.4015,3.7616,7,
Ca,146565_CaT.mod,m,-49.9995,7.4051,3.2518,21,
Ca,146565_CaT.mod,h,-78.0101,-5.0123,4.8041,10,
Ca,184186_Ca_HVA.mod,m,-32.6311,4.746,5.0738,14,
Ca,184186_Ca_HVA.mod,h,-57.5449,-22.6086,1.0651,48,
Ca,184341_Ca_LVA.mod,m,-40.0,6.0,4.0133,17,
Ca,184341_Ca_LVA.mod,h,-90.0049,-6.4015,3.7616,7,
Ca,151482_can2.mod,m,-21.3105,8.011,3.0059,24,
Ca,151482_can2.mod,h,-40.175,-8.325,2.8925,25,
Ca,184299_Ca_LVA.mod,m,-40.0,6.0,4.0133,17,
Ca,184299_Ca_LVA.mod,h,-90.0049,-6.4015,3.7616,7,
Ca,116096_ca.mod,m,-32.6349,4.7552,5.0639,14,
Ca,116096_ca.mod,h,-57.6193,-22.6431,1.0635,48,
Ca,187615_Ca_HVA.mod,m,-32.6311,4.746,5.0738,14,
Ca,187615_Ca_HVA.mod,h,-57.5448,-22.6086,1.0651,48,
Ca,51781_tca.mod,m,-35.4393,7.8854,3.0537,24,
Ca,51781_tca.mod,h,-67.2387,-6.2665,3.8426,16,
Ca,112546_cal2.mod,m,-1.3191,5.5492,4.3393,14,
Ca,168874_cat_mig.mod,m,-35.4449,7.8754,3.0576,24,
Ca,168874_cat_mig.mod,h,-67.1094,-6.1976,3.8853,16,
Ca,143604_ca.mod,m,-32.6311,4.746,5.0738,14,
Ca,143604_ca.mod,h,-57.6196,-22.6418,1.0635,48,
Ca,184321_Ca_LVA.mod,m,-40.0,6.0,4.0133,17,
Ca,184321_Ca_LVA.mod,h,-90.0049,-6.4015,3.7616,7,
Ca,144502_stoca.mod,m,-54.7836,3.4706,6.9383,10,
Ca,144502_stoca.mod,h,-85.5055,-8.6024,2.7992,12,
Ca,53569_CaP.mod,m,-52.034,7.3831,3.2615,21,
Ca,95870_Ca.mod,mCa,-20.0001,5.9999,4.0134,17,
Ca,95870_Ca.mod,hCa,10.0027,-9.0103,2.6725,16,
Ca,230326_Ca_LVAst.mod,m,-40.0,6.0,4.0133,17,
Ca,230326_Ca_LVAst.mod,h,-90.0004,-6.4001,3.7624,7,
Ca,184171_Ca_LVA.mod,m,-40.0,6.0,4.0133,17,
Ca,184171_Ca_LVA.mod,h,-90.0049,-6.4015,3.7616,7,
Ca,12631_IT2_huguenard.mod,m,-50.0,7.4,3.254,21,
Ca,12631_IT2_huguenard.mod,h,-78.0841,-5.0426,4.7753,10,
Ca,183949_L_Ca.mod,m,-30.0003,5.9999,4.0134,17,
Ca,156780_Ca_HVA.mod,m,-32.6311,4.746,5.0738,14,
Ca,156780_Ca_HVA.mod,h,-57.5449,-22.6086,1.0651,48,
Ca,149000_CaT.mod,m,-45.9705,5.9793,4.0272,16,
Ca,149000_CaT.mod,h,-93.4643,-10.5837,2.2752,12,
Ca,181967_cat2.mod,m,-35.4449,7.8754,3.0576,24,
Ca,181967_cat2.mod,h,-67.0983,-6.1923,3.8887,16,
Ca,155568_LcaMig.mod,m,-1.3231,5.5471,4.341,14,
Ca,184308_Ca_LVA.mod,m,-40.0,6.0,4.0133,17,
Ca,184308_Ca_LVA.mod,h,-90.0049,-6.4015,3.7616,7,
Ca,20212_car.mod,m,-48.5,3.0005,8.0252,9,
Ca,126814_can2.mod,m,-21.3119,8.0105,3.006,24,
Ca,126814_can2.mod,h,-40.1077,-8.2922,2.9039,25,
Ca,20007_CAnM95.mod,m,-21.3105,8.011,3.0059,24,
Ca,20007_CAnM95.mod,h,-40.175,-8.325,2.8925,25,
Ca,9889_IT2_huguenard.mod,m,-50.0,7.4,3.254,21,
Ca,9889_IT2_huguenard.mod,h,-78.0841,-5.0426,4.7753,10,
Ca,37819_ca.mod,m,-32.6311,4.746,5.0738,14,
Ca,37819_ca.mod,h,-57.6196,-22.6418,1.0635,48,
Ca,126814_cat.mod,m,-35.4449,7.8754,3.0576,24,
Ca,126814_cat.mod,h,-67.0983,-6.1923,3.8887,16,
Ca,184350_Ca_LVA.mod,m,-40.0,6.0,4.0133,17,
Ca,184350_Ca_LVA.mod,h,-90.0049,-6.4015,3.7616,7,
Ca,155602_LcaMig.mod,m,-1.3231,5.5471,4.341,14,
Ca,116053_ca.mod,m,-32.6349,4.7552,5.0639,14,
Ca,116053_ca.mod,h,-57.6193,-22.6431,1.0635,48,
Ca,184350_Ca_HVA.mod,m,-32.6311,4.746,5.0738,14,
Ca,184350_Ca_HVA.mod,h,-57.5449,-22.6086,1.0651,48,
Ca,157157_somacar.mod,m,-60.0009,3.001,8.024,9,
Ca,148094_cal2.mod,m,-1.3184,5.5501,4.3386,14,
Ca,3808_it2.mod,m,-52.0,7.4,3.254,21,
Ca,3808_it2.mod,h,-80.0748,-5.0348,4.7827,9,
Ca,20212_cal.mod,m,-29.0736,5.2563,4.5812,16,
Ca,184163_Ca_HVA.mod,m,-32.6311,4.746,5.0738,14,
Ca,184163_Ca_HVA.mod,h,-57.5449,-22.6086,1.0651,48,
Ca,87284_cal2.mod,m,-1.3184,5.5501,4.3386,14,
Ca,195615_cal2.mod,m,-1.3184,5.5501,4.3386,14,
Ca,184310_Ca_HVA.mod,m,-32.6311,4.746,5.0738,14,
Ca,184310_Ca_HVA.mod,h,-57.5449,-22.6086,1.0651,48,
Ca,53965_IT2.mod,m,-59.36,7.53,3.1979,22,
Ca,53965_IT2.mod,h,-85.517,-7.1889,3.3496,10,
Ca,126814_cal2.mod,m,-1.3184,5.5501,4.3386,14,
Ca,124043_it2.mod,m,-49.9995,7.4051,3.2518,21,
Ca,124043_it2.mod,h,-78.0101,-5.0123,4.8041,10,
Ca,151126_somacar.mod,m,-60.0009,3.001,8.024,9,
Ca,144089_cat.mod,m,-36.0,8.0283,2.9994,23,
Ca,144089_cat.mod,h,-68.0001,-4.6317,5.1989,13,
Ca,226010_CaLVA.mod,dLVA,-57.5,6.5,3.7046,19,
Ca,226010_CaLVA.mod,fLVA,-83.0004,-6.1002,3.9474,10,
Ca,184339_Ca_LVA.mod,m,-40.0,6.0,4.0133,17,
Ca,184339_Ca_LVA.mod,h,-90.0049,-6.4015,3.7616,7,
Ca,140249_it2.mod,m,-38.2036,8.6988,2.7682,25,
Ca,140249_it2.mod,h,-69.7069,-6.4038,3.7603,15,
Ca,64195_ca.mod,m,-32.6349,4.7552,5.0639,14,
Ca,64195_ca.mod,h,-57.6193,-22.6431,1.0635,48,
Ca,144526_CaT.mod,m,-49.9995,7.4051,3.2518,21,
Ca,144526_CaT.mod,h,-78.0101,-5.0123,4.8041,10,
Ca,114359_ca.mod,m,-32.6349,4.7552,5.0639,14,
Ca,114359_ca.mod,h,-57.6193,-22.6431,1.0635,48,
Ca,123815_cal.mod,m,-29.0736,5.2563,4.5812,16,
Ca,3263_cal2.mod,m,-1.3182,5.5494,4.3392,14,
Ca,141273_cat.mod,m,-56.0001,6.2005,3.8836,19,
Ca,141273_cat.mod,h,-80.0015,-4.0013,6.0179,7,
Ca,20007_CAlM95.mod,m,-1.3182,5.5494,4.3392,14,
Ca,232023_GRANULE_CA.mod,s,-20.0066,9.8039,2.4561,29,
Ca,232023_GRANULE_CA.mod,u,-48.0013,-14.9262,1.6133,39,
Ca,2488_ca.mod,m,-32.6349,4.7552,5.0639,14,
Ca,2488_ca.mod,h,-57.6193,-22.6431,1.0635,48,
Ca,184173_Ca_LVA.mod,m,-40.0,6.0,4.0133,17,
Ca,184173_Ca_LVA.mod,h,-90.0049,-6.4015,3.7616,7,
Ca,140828_CaT.mod,m,-49.9995,7.4051,3.2518,21,
Ca,140828_CaT.mod,h,-78.0101,-5.0123,4.8041,10,
Ca,20212_can2.mod,m,-21.311,8.011,3.0059,24,
Ca,20212_can2.mod,h,-40.1754,-8.3248,2.8926,25,
Ca,97917_cat.mod,m,-56.0001,6.2005,3.8836,19,
Ca,97917_cat.mod,h,-80.0015,-4.0014,6.0179,7,
Ca,97917_cal.mod,m,-20.7052,7.9365,3.0341,24,
Ca,169457_Ca_LVAst.mod,m,-40.0,6.0,4.0133,17,
Ca,169457_Ca_LVAst.mod,h,-90.0004,-6.4001,3.7624,7,
Ca,112685_Golgi_Ca_HVA.mod,s,-20.0066,9.8039,2.4561,29,
Ca,112685_Golgi_Ca_HVA.mod,u,-48.053,-14.935,1.6123,39,
Ca,51781_LcaMig.mod,m,-1.3231,5.5471,4.341,14,
Ca,136803_cat.mod,m,-56.0001,6.2005,3.8836,19,
Ca,136803_cat.mod,h,-80.0015,-4.0014,6.0179,7,
Ca,184335_Ca_LVA.mod,m,-40.0,6.0,4.0133,17,
Ca,184335_Ca_LVA.mod,h,-90.0049,-6.4015,3.7616,7,
Ca,64229_tca.mod,m,-35.4393,7.8854,3.0537,24,
Ca,64229_tca.mod,h,-67.2387,-6.2665,3.8426,16,
Ca,180373_Ca_HVA.mod,m,-32.6311,4.746,5.0738,14,
Ca,180373_Ca_HVA.mod,h,-57.5449,-22.6086,1.0651,48,
Ca,144450_car.mod,m,-48.4991,3.0011,8.0236,9,
Ca,223649_IL_gutnick.mod,m,-32.6311,4.746,5.0738,14,
Ca,223649_IL_gutnick.mod,h,-57.5448,-22.6071,1.0651,48,
Ca,149739_LCa.mod,r,-31.4765,-8.199,2.9369,24,
Ca,149739_LCa.mod,s,2.7771,6.931,3.4742,16,
Ca,148094_cat.mod,m,-60.0057,9.9938,2.4095,25,
Ca,148094_cat.mod,h,-85.0,-10.0,2.408,15,
Ca,225311_Ca_LVAst.mod,m,-40.0,6.0,4.0133,17,
Ca,225311_Ca_LVAst.mod,h,-90.0004,-6.4001,3.7624,7,
Ca,151482_cal2.mod,m,-1.3182,5.5494,4.3392,14,
Ca,184297_Ca_LVA.mod,m,-40.0,6.0,4.0133,17,
Ca,184297_Ca_LVA.mod,h,-90.0049,-6.4015,3.7616,7,
Ca,187474_Ca_HVA.mod,m,-32.6311,4.746,5.0738,14,
Ca,187474_Ca_HVA.mod,h,-57.5448,-22.6086,1.0651,48,
Ca,156733_GRANULE_CA.mod,s,-20.0066,9.8039,2.4561,29,
Ca,156733_GRANULE_CA.mod,u,-48.053,-14.935,1.6123,39,
Ca,116862_IT.mod,m,-59.0,6.2,3.8838,18,
Ca,116862_IT.mod,h,-83.0293,-4.0129,6.0007,6,
Ca,149174_LcaMig.mod,m,-1.3231,5.5471,4.341,14,
Ca,184186_Ca_LVA.mod,m,-40.0,6.0,4.0133,17,
Ca,184186_Ca_LVA.mod,h,-90.0049,-6.4015,3.7616,7,
Ca,147514_L_HVA_Ca.mod,m,-9.9999,6.0002,4.0132,17,
Ca,183949_L_Ca_inact.mod,m,-30.0,6.0,4.0133,17,
Ca,183949_L_Ca_inact.mod,h,14.0216,-3.9848,6.043,5,
Ca,143604_ca_a1g.mod,n,-51.73,6.53,3.6876,19,
Ca,143604_ca_a1g.mod,l,-85.7451,-5.5833,4.3129,8,
Ca,144450_somacar.mod,m,-60.0008,3.001,8.024,9,
Ca,184142_Ca_HVA.mod,m,-32.6311,4.746,5.0738,14,
Ca,184142_Ca_HVA.mod,h,-57.5449,-22.6086,1.0651,48,
Ca,144490_cat_v2.mod,m,-22.0612,8.293,2.9037,24,
Ca,144490_cat_v2.mod,h,-67.1474,-6.5763,3.6616,17,
Ca,184316_Ca_HVA.mod,m,-32.6311,4.746,5.0738,14,
Ca,184316_Ca_HVA.mod,h,-57.5449,-22.6086,1.0651,48,
Ca,184196_Ca_LVA.mod,m,-40.0,6.0,4.0133,17,
Ca,184196_Ca_LVA.mod,h,-90.0049,-6.4015,3.7616,7,
Ca,3457_calrgc.mod,m,-15.442,8.6489,2.7842,26,
Ca,123815_car.mod,m,-48.5,3.0005,8.0252,9,
Ca,184352_Ca_HVA.mod,m,-32.6311,4.746,5.0738,14,
Ca,184352_Ca_HVA.mod,h,-57.5449,-22.6086,1.0651,48,
Ca,184231_Ca_HVA.mod,m,-32.6311,4.746,5.0738,14,
Ca,184231_Ca_HVA.mod,h,-57.5449,-22.6086,1.0651,48,
Ca,82849_hva.mod,u,-24.5999,11.3,2.131,33,
Ca,82849_hva.mod,z,-12.6193,-18.9267,1.2723,43,
Ca,151126_cal.mod,m,-29.0736,5.2563,4.5812,16,
Ca,225311_Ca_HVA.mod,m,-32.6311,4.746,5.0738,14,
Ca,225311_Ca_HVA.mod,h,-57.5449,-22.6086,1.0651,48,
Ca,83344_it2.mod,m,-49.9995,7.4051,3.2518,21,
Ca,83344_it2.mod,h,-78.0101,-5.0123,4.8041,10,
Ca,184333_Ca_LVA.mod,m,-40.0,6.0,4.0133,17,
Ca,184333_Ca_LVA.mod,h,-90.0049,-6.4015,3.7616,7,
Ca,20212_My_can.mod,m,-11.0038,8.3003,2.9011,23,
Ca,20212_My_can.mod,h,-44.0014,-9.199,2.6177,27,
Ca,206244_car.mod,m,-48.5,3.0005,8.0252,9,
Ca,112546_cat.mod,m,-60.0057,9.9938,2.4095,25,
Ca,112546_cat.mod,h,-85.0,-10.0,2.408,15,
Ca,151685_ca.mod,m,-32.6349,4.7552,5.0639,14,
Ca,151685_ca.mod,h,-57.6193,-22.6431,1.0635,48,
Ca,187603_it2.mod,m,-49.9995,7.4051,3.2518,21,
Ca,187603_it2.mod,h,-78.0101,-5.0123,4.8041,10,
Ca,150551_cat.mod,m,-22.0612,8.293,2.9037,24,
Ca,150551_cat.mod,h,-67.1474,-6.5763,3.6616,17,
Ca,223649_cat.mod,m,-35.4449,7.8754,3.0576,24,
Ca,223649_cat.mod,h,-67.0983,-6.1923,3.8887,16,
Ca,154732_carF.mod,m,-14.0,6.7,3.594,19,
Ca,154732_carF.mod,h,-65.0045,-11.804,2.04,26,
Ca,226010_CaHVA.mod,dHVA,-21.9999,5.0,4.816,15,
Ca,226010_CaHVA.mod,fHVA,-40.0022,-7.0015,3.4393,21,
Ca,3263_cat.mod,m,-35.4393,7.8854,3.0537,24,
Ca,3263_cat.mod,h,-67.2387,-6.2665,3.8426,16,
Ca,207695_CAn.mod,m,-21.3075,8.0104,3.0061,24,
Ca,207695_CAn.mod,h,-40.1651,-8.3247,2.8926,25,
Ca,2730_lcafixed.mod,r,-31.4765,-8.199,2.9369,24,
Ca,2730_lcafixed.mod,s,2.7771,6.931,3.4742,16,
Ca,124043_SlowCa.mod,m,-32.6349,4.7552,5.0639,14,
Ca,124043_SlowCa.mod,h,-57.8181,-22.7313,1.0593,48,
Ca,153280_ch_CavL.mod,m,-1.324,5.5469,4.3411,14,
Ca,184173_Ca_HVA.mod,m,-32.6311,4.746,5.0738,14,
Ca,184173_Ca_HVA.mod,h,-57.5449,-22.6086,1.0651,48,
Ca,124063_Rod_Ca.mod,mCa,-10.0003,5.9999,4.0134,17,
Ca,124063_Rod_Ca.mod,hCa,11.0001,-9.0008,2.6753,15,
Ca,184327_Ca_LVA.mod,m,-40.0,6.0,4.0133,17,
Ca,184327_Ca_LVA.mod,h,-90.0049,-6.4015,3.7616,7,
Ca,126637_CaTcvode.mod,m,-45.9705,5.9793,4.0272,16,
Ca,126637_CaTcvode.mod,h,-93.4017,-10.5597,2.2804,12,
Ca,184148_Ca_LVA.mod,m,-40.0,6.0,4.0133,17,
Ca,184148_Ca_LVA.mod,h,-90.0049,-6.4015,3.7616,7,
Ca,53569_CaT.mod,m,-72.0,7.4,3.254,16,
Ca,155057_car.mod,m,-43.4995,3.0005,8.0253,9,
Ca,181967_can3.mod,m,-21.3105,8.011,3.0059,24,
Ca,181967_can3.mod,h,-40.175,-8.325,2.8925,25,
Ca,184329_Ca_HVA.mod,m,-32.6311,4.746,5.0738,14,
Ca,184329_Ca_HVA.mod,h,-57.5449,-22.6086,1.0651,48,
Ca,102288_ICaL.mod,m,-1.3182,5.5494,4.3392,14,
Ca,149174_tca.mod,m,-35.4393,7.8854,3.0537,24,
Ca,149174_tca.mod,h,-67.2387,-6.2665,3.8426,16,
Ca,126637_CaT.mod,m,-45.9705,5.9793,4.0272,16,
Ca,126637_CaT.mod,h,-93.4643,-10.5837,2.2752,12,
Ca,184312_Ca_LVA.mod,m,-40.0,6.0,4.0133,17,
Ca,184312_Ca_LVA.mod,h,-90.0049,-6.4015,3.7616,7,
Ca,150240_IT.mod,h,-83.0293,-4.0129,6.0007,6,
Ca,184346_Ca_LVA.mod,m,-40.0,6.0,4.0133,17,
Ca,184346_Ca_LVA.mod,h,-90.0049,-6.4015,3.7616,7,
Ca,144490_car.mod,m,-48.5009,2.9998,8.0271,9,
Ca,184305_Ca_HVA.mod,m,-32.6311,4.746,5.0738,14,
Ca,184305_Ca_HVA.mod,h,-57.5449,-22.6086,1.0651,48,
Ca,116862_IT2.mod,m,-52.0,7.4,3.254,21,
Ca,116862_IT2.mod,h,-80.0542,-5.0252,4.7918,9,
Ca,46839_grc_ca.mod,s,-20.0066,9.8039,2.4561,29,
Ca,46839_grc_ca.mod,u,-48.053,-14.935,1.6123,39,
Ca,108458_CaH.mod,m,-32.6349,4.7552,5.0639,14,
Ca,108458_CaH.mod,h,-57.6193,-22.6431,1.0635,48,
Ca,184305_Ca_LVA.mod,m,-40.0,6.0,4.0133,17,
Ca,184305_Ca_LVA.mod,h,-90.0049,-6.4015,3.7616,7,
Ca,110560_calcium.mod,n,-17.3016,11.2995,2.1311,31,
Ca,144526_CaH.mod,m,-32.6349,4.7552,5.0639,14,
Ca,144526_CaH.mod,h,-57.6193,-22.6431,1.0635,48,
Ca,155796_can.mod,m,-3.4524,5.9501,4.047,15,
Ca,155796_can.mod,h,-67.4364,-8.8657,2.7161,21,
Ca,138321_SlowCa.mod,m,-32.6349,4.7552,5.0639,14,
Ca,138321_SlowCa.mod,h,-57.8181,-22.7313,1.0593,48,
Ca,157157_cal.mod,m,-29.0736,5.2563,4.5812,16,
Ca,45539_cat.mod,m,-56.0001,6.2005,3.8836,19,
Ca,45539_cat.mod,h,-80.0015,-4.0014,6.0179,7,
Ca,144579_cal.mod,m,-20.7052,7.9365,3.0341,24,
Ca,105385_cap_gp.mod,m,-19.4917,5.3802,4.4757,16,
Ca,140462_ICat1m3h.mod,m,-51.44,7.23,3.3305,21,
Ca,140462_ICat1m3h.mod,h,-73.4315,-6.0407,3.9863,14,
Ca,143719_cal.mod,m,-29.0736,5.2563,4.5812,16,
Ca,19491_L_HVA_Ca.mod,m,-9.9999,6.0002,4.0132,17,
Ca,3343_IT.mod,h,-83.0293,-4.0129,6.0007,6,
Ca,53876_hva.mod,s,-21.1209,8.5818,2.8059,24,
Ca,53876_hva.mod,r,-43.3217,-13.0251,1.8487,29,
Ca,184308_Ca_HVA.mod,m,-32.6311,4.746,5.0738,14,
Ca,184308_Ca_HVA.mod,h,-57.5449,-22.6086,1.0651,48,
Ca,113446_it.mod,m,-40.5011,6.1998,3.884,18,
Ca,113446_it.mod,h,-64.0,-4.03,5.9752,11,
Ca,2487_lcafixed.mod,r,-31.4765,-8.199,2.9369,24,
Ca,2487_lcafixed.mod,s,2.7771,6.931,3.4742,16,
Ca,153280_ch_CavLZ.mod,m,-1.3231,5.5471,4.341,14,
Ca,168148_ca.mod,m,-32.6349,4.7552,5.0639,14,
Ca,168148_ca.mod,h,-57.6193,-22.6431,1.0635,48,
Ca,3670_IT2.mod,m,-52.0,7.4,3.254,21,
Ca,3670_IT2.mod,h,-80.0748,-5.0348,4.7827,9,
Ca,113732_catp.mod,m,-22.0612,8.293,2.9037,24,
Ca,113732_catp.mod,h,-67.1474,-6.5763,3.6616,17,
Ca,184323_Ca_HVA.mod,m,-32.6311,4.746,5.0738,14,
Ca,184323_Ca_HVA.mod,h,-57.5449,-22.6086,1.0651,48,
Ca,120910_cachdend.mod,m,-5.7634,3.8193,6.3048,11,
Ca,135839_ca.mod,m,-32.6349,4.7552,5.0639,14,
Ca,135839_ca.mod,h,-57.6193,-22.6431,1.0635,48,
Ca,140462_ICat2.mod,m,-35.442,9.0648,2.6564,26,
Ca,82784_HVA.mod,u,-24.5999,11.3,2.131,33,
Ca,82784_HVA.mod,z,-12.6061,-18.9084,1.2735,43,
Ca,184335_Ca_HVA.mod,m,-32.6311,4.746,5.0738,14,
Ca,184335_Ca_HVA.mod,h,-57.5449,-22.6086,1.0651,48,
Ca,147514_ca.mod,m,-32.6349,4.7552,5.0639,14,
Ca,147514_ca.mod,h,-57.6193,-22.6431,1.0635,48,
Ca,64195_caT.mod,m,-49.9995,7.4051,3.2518,21,
Ca,64195_caT.mod,h,-78.0101,-5.0123,4.8041,10,
Ca,143671_L_Ca.mod,m,-30.0003,5.9999,4.0134,17,
Ca,7907_ca.mod,m,-32.6349,4.7552,5.0639,14,
Ca,7907_ca.mod,h,-57.6193,-22.6431,1.0635,48,
Ca,117207_CaT.mod,m,-49.9995,7.4051,3.2518,21,
Ca,117207_CaT.mod,h,-78.0101,-5.0123,4.8041,10,
Ca,155735_CaT.mod,m,-45.9705,5.9793,4.0272,16,
Ca,155735_CaT.mod,h,-93.4643,-10.5837,2.2752,12,
Ca,184323_Ca_LVA.mod,m,-40.0,6.0,4.0133,17,
Ca,184323_Ca_LVA.mod,h,-90.0049,-6.4015,3.7616,7,
Ca,20212_calH_v2.mod,m,5.8946,6.581,3.659,13,
Ca,184157_Ca_LVA.mod,m,-40.0,6.0,4.0133,17,
Ca,184157_Ca_LVA.mod,h,-90.0049,-6.4015,3.7616,7,
Ca,223649_cal2.mod,m,-1.3184,5.5501,4.3386,14,
Ca,124513_LcaMig.mod,m,-1.3231,5.5471,4.341,14,
Ca,139656_GRC_CA.mod,s,-20.0066,9.8039,2.4561,29,
Ca,139656_GRC_CA.mod,u,-48.053,-14.935,1.6123,39,
Ca,147867_can2.mod,m,-21.3105,8.011,3.0059,24,
Ca,147867_can2.mod,h,-40.175,-8.325,2.8925,25,
Ca,153574_TCa_d.mod,m,-50.0,7.4,3.254,21,
Ca,153574_TCa_d.mod,h,-78.0841,-5.0426,4.7753,10,
Ca,157157_car.mod,m,-48.5,3.0005,8.0252,9,
Ca,151126_cat.mod,m,-22.0612,8.293,2.9037,24,
Ca,151126_cat.mod,h,-67.1474,-6.5763,3.6616,17,
Ca,53451_ca.mod,m,-32.6349,4.7552,5.0639,14,
Ca,53451_ca.mod,h,-57.6193,-22.6431,1.0635,48,
Ca,156780_Ca_LVAst.mod,m,-40.0,6.0,4.0133,17,
Ca,156780_Ca_LVAst.mod,h,-90.0004,-6.4001,3.7624,7,
Ca,144490_car_v2.mod,m,-48.5,3.0005,8.0252,9,
Ca,150288_cal2.mod,m,-1.3182,5.5494,4.3392,14,
Ca,144490_cal.mod,m,-29.062,5.2517,4.5852,16,
Ca,184163_Ca_LVA.mod,m,-40.0,6.0,4.0133,17,
Ca,184163_Ca_LVA.mod,h,-90.0049,-6.4015,3.7616,7,
Ca,168874_can_mig.mod,m,-21.3119,8.0105,3.006,24,
Ca,168874_can_mig.mod,h,-40.1077,-8.2922,2.9039,25,
Ca,3263_can2.mod,m,-21.3105,8.011,3.0059,24,
Ca,3263_can2.mod,h,-40.175,-8.325,2.8925,25,
Ca,116835_GRC_CA.mod,s,-20.0066,9.8039,2.4561,29,
Ca,116835_GRC_CA.mod,u,-48.053,-14.935,1.6123,39,
Ca,184145_Ca_LVA.mod,m,-40.0,6.0,4.0133,17,
Ca,184145_Ca_LVA.mod,h,-90.0049,-6.4015,3.7616,7,
Ca,206244_somacar.mod,m,-60.0009,3.001,8.024,9,
Ca,83344_SlowCa.mod,m,-32.6349,4.7552,5.0639,14,
Ca,83344_SlowCa.mod,h,-57.8181,-22.7313,1.0593,48,
Ca,101629_cat.mod,m,-35.4449,7.8754,3.0576,24,
Ca,101629_cat.mod,h,-67.0983,-6.1923,3.8887,16,
Ca,117207_ca.mod,m,-32.6349,4.7552,5.0639,14,
Ca,117207_ca.mod,h,-57.6193,-22.6431,1.0635,48,
Ca,184166_Ca_LVA.mod,m,-40.0,6.0,4.0133,17,
Ca,184166_Ca_LVA.mod,h,-90.0049,-6.4015,3.7616,7,
Ca,144579_cat_a.mod,m,-52.0001,7.4004,3.2538,21,
Ca,144579_cat_a.mod,h,-80.0034,-5.0019,4.8141,9,
Ca,187615_Ca_LVAst.mod,m,-40.0,6.0,4.0133,17,
Ca,187615_Ca_LVAst.mod,h,-90.0004,-6.4001,3.7624,7,
Ca,185858_cat.mod,m,-35.4449,7.8754,3.0576,24,
Ca,185858_cat.mod,h,-67.1094,-6.1976,3.8853,16,
Ca,184344_Ca_LVA.mod,m,-40.0,6.0,4.0133,17,
Ca,184344_Ca_LVA.mod,h,-90.0049,-6.4015,3.7616,7,
Ca,143100_CaH.mod,m,-20.0,7.0,3.44,21,
Ca,20212_ourca_old.mod,m,-49.0008,3.0006,8.0251,8,
Ca,97917_cat_a.mod,m,-52.0001,7.4004,3.2538,21,
Ca,97917_cat_a.mod,h,-80.0034,-5.0019,4.8141,9,
Ca,224923_Ca_HVA.mod,m,-32.6311,4.746,5.0738,14,
Ca,224923_Ca_HVA.mod,h,-57.5449,-22.6086,1.0651,48,
Ca,153280_ch_CavT.mod,m,-35.4393,7.8854,3.0537,24,
Ca,153280_ch_CavT.mod,h,-67.2387,-6.2665,3.8426,16,
Ca,64228_Ca.mod,mCa,-20.0001,5.9999,4.0134,17,
Ca,64228_Ca.mod,hCa,10.0027,-9.0103,2.6725,16,
Ca,189154_can.mod,m,-21.3119,8.0105,3.006,24,
Ca,189154_can.mod,h,-40.1077,-8.2922,2.9039,25,
Ca,147757_somacar.mod,m,-60.0009,3.001,8.024,9,
Ca,181967_cal1.mod,m,-1.3182,5.5494,4.3392,14,
Ca,232023_Golgi_Ca_HVA.mod,s,-20.0066,9.8039,2.4561,29,
Ca,232023_Golgi_Ca_HVA.mod,u,-48.0013,-14.9262,1.6133,39,
Ca,184325_Ca_LVA.mod,m,-40.0,6.0,4.0133,17,
Ca,184325_Ca_LVA.mod,h,-90.0049,-6.4015,3.7616,7,
Ca,182797_ICaL.mod,m,-1.3182,5.5494,4.3392,14,
Ca,187474_Ca_LVAst.mod,m,-40.0,6.0,4.0133,17,
Ca,187474_Ca_LVAst.mod,h,-90.0004,-6.4001,3.7624,7,
Ca,184344_Ca_HVA.mod,m,-32.6311,4.746,5.0738,14,
Ca,184344_Ca_HVA.mod,h,-57.5449,-22.6086,1.0651,48,
Ca,20007_CAtM95.mod,m,-35.4393,7.8854,3.0537,24,
Ca,20007_CAtM95.mod,h,-67.2387,-6.2665,3.8426,16,
Ca,114637_ical.mod,m,-25.0,4.0,6.02,12,
Ca,144490_somacar_v2.mod,m,-60.0009,3.001,8.024,9,
Ca,185355_CaT.mod,a,-35.4383,7.8778,3.0567,24,
Ca,185355_CaT.mod,b,-67.2388,-6.2552,3.8496,16,
Ca,123623_IL_gutnick.mod,m,-32.6311,4.746,5.0738,14,
Ca,123623_IL_gutnick.mod,h,-57.5448,-22.6071,1.0651,48,
Ca,51196_grc_ca.mod,s,-20.0066,9.8039,2.4561,29,
Ca,51196_grc_ca.mod,u,-48.053,-14.935,1.6123,39,
Ca,139653_Ca_LVAst.mod,m,-40.0,6.0,4.0133,17,
Ca,139653_Ca_LVAst.mod,h,-90.0004,-6.4001,3.7624,7,
Ca,185858_can.mod,m,-21.3119,8.0105,3.006,24,
Ca,185858_can.mod,h,-40.1077,-8.2922,2.9039,25,
Ca,184325_Ca_HVA.mod,m,-32.6311,4.746,5.0738,14,
Ca,184325_Ca_HVA.mod,h,-57.5449,-22.6086,1.0651,48,
Ca,50997_tsbp.mod,c,-37.6985,7.2365,3.3276,22,
Ca,143719_somacar.mod,m,-60.0009,3.001,8.024,9,
Ca,98005_cal_ch.mod,m,-1.4999,5.6,4.3,14,
Ca,20756_cal.mod,m,-20.7052,7.9365,3.0341,24,
Ca,3457_canrgc.mod,m,-8.8824,7.8801,3.0558,21,
Ca,3457_canrgc.mod,h,-51.3373,-6.615,3.6402,20,
Ca,181967_can2.mod,m,-21.3119,8.0105,3.006,24,
Ca,181967_can2.mod,h,-40.1077,-8.2922,2.9039,25,
Ca,184159_Ca_HVA.mod,m,-32.6311,4.746,5.0738,14,
Ca,184159_Ca_HVA.mod,h,-57.5449,-22.6086,1.0651,48,
Ca,140828_ca.mod,m,-32.6349,4.7552,5.0639,14,
Ca,140828_ca.mod,h,-57.6193,-22.6431,1.0635,48,
Ca,108459_it2.mod,m,-49.9995,7.4051,3.2518,21,
Ca,108459_it2.mod,h,-78.0101,-5.0123,4.8041,10,
Ca,20212_ca.mod,m,-32.6349,4.7552,5.0639,14,
Ca,20212_ca.mod,h,-57.6193,-22.6431,1.0635,48,
Ca,149100_Ca_LVAst.mod,m,-40.0,6.0,4.0133,17,
Ca,149100_Ca_LVAst.mod,h,-90.0004,-6.4001,3.7624,7,
Ca,20756_cat.mod,m,-56.0001,6.2005,3.8836,19,
Ca,20756_cat.mod,h,-80.0015,-4.0014,6.0179,7,
Ca,144089_car.mod,m,-43.5001,3.0,8.0266,9,
Ca,93321_cat.mod,m,-27.1042,7.1992,3.3448,22,
Ca,93321_cat.mod,h,-32.1054,-5.4986,4.3792,17,
Ca,181967_cal2.mod,m,-1.3184,5.5501,4.3386,14,
Ca,150551_caltype.mod,m,-29.0736,5.2563,4.5812,16,
Ca,181967_cat3.mod,m,-35.4393,7.8854,3.0537,24,
Ca,181967_cat3.mod,h,-67.2387,-6.2665,3.8426,16,
Ca,223649_can2.mod,m,-21.3119,8.0105,3.006,24,
Ca,223649_can2.mod,h,-40.1077,-8.2922,2.9039,25,
Ca,184348_Ca_HVA.mod,m,-32.6311,4.746,5.0738,14,
Ca,184348_Ca_HVA.mod,h,-57.5449,-22.6086,1.0651,48,
Ca,206267_GRC_CA.mod,s,-20.0066,9.8039,2.4561,29,
Ca,206267_GRC_CA.mod,u,-48.053,-14.935,1.6123,39,
Ca,144490_somacar.mod,m,-60.0029,2.9997,8.0275,9,
Ca,3817_IT.mod,h,-83.0293,-4.0129,6.0007,6,
Ca,19491_N_Ca.mod,m,-19.9999,5.0,4.816,15,
Ca,19491_N_Ca.mod,h,-45.0007,-5.0004,4.8156,14,
Ca,184348_Ca_LVA.mod,m,-40.0,6.0,4.0133,17,
Ca,184348_Ca_LVA.mod,h,-90.0049,-6.4015,3.7616,7,
Ca,144482_ca.mod,m,-32.6349,4.7552,5.0639,14,
Ca,144482_ca.mod,h,-57.698,-22.6781,1.0618,48,
Ca,184148_Ca_HVA.mod,m,-32.6311,4.746,5.0738,14,
Ca,184148_Ca_HVA.mod,h,-57.5449,-22.6086,1.0651,48,
Ca,136095_ntt.mod,m,-49.0002,7.4001,3.254,22,
Ca,136095_ntt.mod,h,-72.0068,-5.0037,4.8124,12,
Ca,231427_Ca_HVA.mod,m,-32.6311,4.746,5.0738,14,
Ca,231427_Ca_HVA.mod,h,-57.5449,-22.6086,1.0651,48,
Ca,123897_ca.mod,m,-32.6349,4.7552,5.0639,14,
Ca,123897_ca.mod,h,-57.6193,-22.6431,1.0635,48,
Ca,184339_Ca_HVA.mod,m,-32.6311,4.746,5.0738,14,
Ca,184339_Ca_HVA.mod,h,-57.5449,-22.6086,1.0651,48,
Ca,127021_Golgi_Ca_HVA.mod,s,-20.0066,9.8039,2.4561,29,
Ca,127021_Golgi_Ca_HVA.mod,u,-48.053,-14.935,1.6123,39,
Ca,184152_Ca_LVA.mod,m,-40.0,6.0,4.0133,17,
Ca,184152_Ca_LVA.mod,h,-90.0049,-6.4015,3.7616,7,
Ca,144482_cat.mod,m,-49.9995,7.4051,3.2518,21,
Ca,144482_cat.mod,h,-78.0101,-5.0123,4.8041,10,
Ca,45539_cat_a.mod,m,-52.0001,7.4004,3.2538,21,
Ca,45539_cat_a.mod,h,-80.0034,-5.0019,4.8141,9,
Ca,19920_ca_a1g.mod,n,-51.73,6.53,3.6876,19,
Ca,19920_ca_a1g.mod,l,-85.7451,-5.5833,4.3129,8,
Ca,184202_Ca_LVA.mod,m,-40.0,6.0,4.0133,17,
Ca,184202_Ca_LVA.mod,h,-90.0049,-6.4015,3.7616,7,
Ca,19591_CaHVA_chan.mod,m,-20.6116,7.9834,3.0163,24,
Ca,19591_CaHVA_chan.mod,h,-43.3254,-13.0262,1.8486,29,
Ca,184327_Ca_HVA.mod,m,-32.6311,4.746,5.0738,14,
Ca,184327_Ca_HVA.mod,h,-57.5449,-22.6086,1.0651,48,
Ca,146026_SlowCa.mod,m,-32.6311,4.746,5.0738,14,
Ca,146026_SlowCa.mod,h,-57.8183,-22.7299,1.0594,48,
Ca,108458_CaT.mod,m,-49.9995,7.4051,3.2518,21,
Ca,108458_CaT.mod,h,-78.0101,-5.0123,4.8041,10,
Ca,3533_cat_thal.mod,m,-22.0999,13.6,1.7706,37,
Ca,3533_cat_thal.mod,h,-70.5064,-11.802,2.0403,25,
Ca,195615_can_mig.mod,m,-21.3119,8.0105,3.006,24,
Ca,195615_can_mig.mod,h,-40.1077,-8.2922,2.9039,25,
Ca,19491_L_Ca.mod,m,-30.0003,5.9999,4.0134,17,
Ca,124513_tca.mod,m,-35.4393,7.8854,3.0537,24,
Ca,124513_tca.mod,h,-67.2387,-6.2665,3.8426,16,
Ca,53965_IT2_v2.mod,m,-52.5,7.85,3.0675,23,
Ca,53965_IT2_v2.mod,h,-83.2574,-8.5197,2.8264,13,
Ca,184161_Ca_HVA.mod,m,-32.6311,4.746,5.0738,14,
Ca,184161_Ca_HVA.mod,h,-57.5449,-22.6086,1.0651,48,
Ca,138321_it2.mod,m,-49.9995,7.4051,3.2518,21,
Ca,138321_it2.mod,h,-78.0101,-5.0123,4.8041,10,
Ca,184168_Ca_LVA.mod,m,-40.0,6.0,4.0133,17,
Ca,184168_Ca_LVA.mod,h,-90.0049,-6.4015,3.7616,7,
Ca,144482_casoma.mod,m,-54.7183,4.0075,6.0087,12,
Ca,144482_casoma.mod,h,-31.2501,-9.8933,2.434,31,
Ca,108459_ca.mod,m,-32.6349,4.7552,5.0639,14,
Ca,108459_ca.mod,h,-57.6193,-22.6431,1.0635,48,
Ca,119266_cat.mod,m,-36.0,8.0283,2.9994,23,
Ca,119266_cat.mod,h,-68.0001,-4.6317,5.1989,13,
Ca,64229_LcaMig.mod,m,-1.3231,5.5471,4.341,14,
Ca,123815_cat.mod,m,-22.0612,8.293,2.9037,24,
Ca,123815_cat.mod,h,-67.1474,-6.5763,3.6616,17,
Ca,206244_cal.mod,m,-29.0736,5.2563,4.5812,16,
Ca,143719_car.mod,m,-48.5,3.0005,8.0252,9,
Ca,184178_Ca_LVA.mod,m,-40.0,6.0,4.0133,17,
Ca,184178_Ca_LVA.mod,h,-90.0049,-6.4015,3.7616,7,
Ca,144490_cat.mod,m,-22.0563,8.2921,2.904,24,
Ca,144490_cat.mod,h,-67.1397,-6.5761,3.6617,17,
Ca,184142_Ca_LVA.mod,m,-40.0,6.0,4.0133,17,
Ca,184142_Ca_LVA.mod,h,-90.0049,-6.4015,3.7616,7,
Ca,184166_Ca_HVA.mod,m,-32.6311,4.746,5.0738,14,
Ca,184166_Ca_HVA.mod,h,-57.5449,-22.6086,1.0651,48,
Ca,231427_Ca_LVAst.mod,m,-40.0,6.0,4.0133,17,
Ca,231427_Ca_LVAst.mod,h,-90.0004,-6.4001,3.7624,7,
Ca,184341_Ca_HVA.mod,m,-32.6311,4.746,5.0738,14,
Ca,184341_Ca_HVA.mod,h,-57.5449,-22.6086,1.0651,48,
Ca,184301_Ca_HVA.mod,m,-32.6311,4.746,5.0738,14,
Ca,184301_Ca_HVA.mod,h,-57.5449,-22.6086,1.0651,48,
Ca,146030_LCa3_mit_usb_ChannelML.mod,m,2.7773,6.931,3.4742,16,
Ca,146030_LCa3_mit_usb_ChannelML.mod,h,-31.4764,-8.199,2.9369,24,
Ca,149100_Ca_HVA.mod,m,-32.6311,4.746,5.0738,14,
Ca,149100_Ca_HVA.mod,h,-57.5449,-22.6086,1.0651,48,
Ca,146565_ca.mod,m,-32.6349,4.7552,5.0639,14,
Ca,146565_ca.mod,h,-57.5275,-22.6023,1.0654,48,
Ca,229585_Cav3_2.mod,m,-54.8,7.4,3.254,22,
Ca,229585_Cav3_2.mod,h,-85.5171,-7.189,3.3495,10,
Ca,184321_Ca_HVA.mod,m,-32.6311,4.746,5.0738,14,
Ca,184321_Ca_HVA.mod,h,-57.5449,-22.6086,1.0651,48,
Ca,184157_Ca_HVA.mod,m,-32.6311,4.746,5.0738,14,
Ca,184157_Ca_HVA.mod,h,-57.5449,-22.6086,1.0651,48,
Ca,137259_can2.mod,m,-21.3119,8.0105,3.006,24,
Ca,137259_can2.mod,h,-40.1077,-8.2922,2.9039,25,
Ca,119266_car.mod,m,-21.0071,7.0818,3.4003,20,
Ca,119266_car.mod,h,-40.0069,-12.0417,1.9997,35,
Ca,181967_cat.mod,m,-22.0612,8.293,2.9037,24,
Ca,181967_cat.mod,h,-67.1474,-6.5763,3.6616,17,
Ca,147757_car.mod,m,-48.5,3.0005,8.0252,9,
Ca,184231_Ca_LVA.mod,m,-40.0,6.0,4.0133,17,
Ca,184231_Ca_LVA.mod,h,-90.0049,-6.4015,3.7616,7,
Ca,139883_GRC_CA.mod,s,-20.0066,9.8039,2.4561,29,
Ca,139883_GRC_CA.mod,u,-48.053,-14.935,1.6123,39,
Ca,184182_Ca_LVA.mod,m,-40.0,6.0,4.0133,17,
Ca,184182_Ca_LVA.mod,h,-90.0049,-6.4015,3.7616,7,
Ca,184196_Ca_HVA.mod,m,-32.6311,4.746,5.0738,14,
Ca,184196_Ca_HVA.mod,h,-57.5449,-22.6086,1.0651,48,
Ca,155157_lcafixed.mod,r,-31.4765,-8.199,2.9369,24,
Ca,155157_lcafixed.mod,s,2.7771,6.931,3.4742,16,
Ca,184303_Ca_LVA.mod,m,-40.0,6.0,4.0133,17,
Ca,184303_Ca_LVA.mod,h,-90.0049,-6.4015,3.7616,7,
Ca,185355_CaL.mod,e,-1.3835,5.5163,4.3653,14,
Ca,144392_cat.mod,m,-60.0057,9.9938,2.4095,25,
Ca,144392_cat.mod,h,-85.0,-10.0,2.408,15,
Ca,184180_Ca_HVA.mod,m,-32.6311,4.746,5.0738,14,
Ca,184180_Ca_HVA.mod,h,-57.5449,-22.6086,1.0651,48,
Ca,155568_tca.mod,m,-35.4393,7.8854,3.0537,24,
Ca,155568_tca.mod,h,-67.2387,-6.2665,3.8426,16,
Ca,180789_cat.mod,m,-45.9705,5.9793,4.0272,16,
Ca,180789_cat.mod,h,-93.4643,-10.5837,2.2752,12,
Ca,147867_cat.mod,m,-35.4393,7.8854,3.0537,24,
Ca,147867_cat.mod,h,-67.2387,-6.2665,3.8426,16,
Ca,184202_Ca_HVA.mod,m,-32.6311,4.746,5.0738,14,
Ca,184202_Ca_HVA.mod,h,-57.5449,-22.6086,1.0651,48,
Ca,155735_CaP.mod,m,-19.6524,7.2965,3.3002,22,
Ca,155735_CaP.mod,h,-35.9344,-7.641,3.1514,23,
Ca,189154_cal.mod,m,-1.3184,5.5501,4.3386,14,
Ca,150288_ca.mod,m,-32.6349,4.7552,5.0639,14,
Ca,150288_ca.mod,h,-57.6193,-22.6431,1.0635,48,
Ca,20212_somacar.mod,m,-60.0009,3.001,8.024,9,
Ca,147757_cal.mod,m,-29.0736,5.2563,4.5812,16,
Ca,97863_is.mod,m,-24.3341,9.5734,2.5153,29,
Ca,97863_is.mod,n,-23.6637,-7.0573,3.412,20,
Ca,184168_Ca_HVA.mod,m,-32.6311,4.746,5.0738,14,
Ca,184168_Ca_HVA.mod,h,-57.5449,-22.6086,1.0651,48,
Ca,37819_IT2.mod,m,-52.0,7.4,3.254,21,
Ca,37819_IT2.mod,h,-80.0542,-5.0252,4.7918,9,
Ca,206398_ca.mod,m,-32.6349,4.7552,5.0639,14,
Ca,206398_ca.mod,h,-57.6193,-22.6431,1.0635,48,
Ca,169457_Ca_HVA.mod,m,-32.6311,4.746,5.0738,14,
Ca,169457_Ca_HVA.mod,h,-57.5448,-22.6086,1.0651,48,
Ca,180370_L_Ca.mod,m,-44.7336,34.6744,0.6945,37,
Ca,184274_Ca_HVA.mod,m,-32.6311,4.746,5.0738,14,
Ca,184274_Ca_HVA.mod,h,-57.5449,-22.6086,1.0651,48,
Ca,97917_LcaMig.mod,m,-1.3231,5.5471,4.341,14,
Ca,224923_Ca_LVAst.mod,m,-40.0,6.0,4.0133,17,
Ca,224923_Ca_LVAst.mod,h,-90.0004,-6.4001,3.7624,7,
Ca,144401_cal.mod,m,-20.7052,7.9365,3.0341,24,
Ca,184145_Ca_HVA.mod,m,-32.6311,4.746,5.0738,14,
Ca,184145_Ca_HVA.mod,h,-57.5449,-22.6086,1.0651,48,
Ca,102288_ICaT.mod,m,-35.4393,7.8854,3.0537,24,
Ca,102288_ICaT.mod,h,-67.12,-6.2082,3.8787,16,
Ca,122329_cap_gp.mod,m,-19.4917,5.3802,4.4757,16,
Ca,184337_Ca_LVA.mod,m,-40.0,6.0,4.0133,17,
Ca,184337_Ca_LVA.mod,h,-90.0049,-6.4015,3.7616,7,
Ca,184299_Ca_HVA.mod,m,-32.6311,4.746,5.0738,14,
Ca,184299_Ca_HVA.mod,h,-57.5449,-22.6086,1.0651,48,
Ca,184152_Ca_HVA.mod,m,-32.6311,4.746,5.0738,14,
Ca,184152_Ca_HVA.mod,h,-57.5449,-22.6086,1.0651,48,
Ca,147867_cal2.mod,m,-1.3182,5.5494,4.3392,14,
Ca,2733_lcafixed.mod,r,-31.4765,-8.199,2.9369,24,
Ca,2733_lcafixed.mod,s,2.7771,6.931,3.4742,16,
Ca,143719_cat.mod,m,-22.0612,8.293,2.9037,24,
Ca,143719_cat.mod,h,-67.1474,-6.5763,3.6616,17,
Ca,101629_cal2.mod,m,-1.3184,5.5501,4.3386,14,
Ca,37819_IT.mod,m,-59.0,6.2,3.8838,18,
Ca,37819_IT.mod,h,-83.0293,-4.0129,6.0007,6,
Ca,105385_cal_gp.mod,m,-40.0,12.0,2.0067,35,
Ca,123815_somacar.mod,m,-60.0009,3.001,8.024,9,
Ca,139653_Ca_HVA.mod,m,-32.6311,4.746,5.0738,14,
Ca,139653_Ca_HVA.mod,h,-57.5449,-22.6086,1.0651,48,
Ca,189154_cat.mod,m,-35.4449,7.8754,3.0576,24,
Ca,189154_cat.mod,h,-67.1094,-6.1976,3.8853,16,
Ca,184182_Ca_HVA.mod,m,-32.6311,4.746,5.0738,14,
Ca,184182_Ca_HVA.mod,h,-57.5449,-22.6086,1.0651,48,
Ca,113446_cal2.mod,m,-11.3088,5.5587,4.3319,16,
Ca,185332_Can.mod,m,-21.3075,8.0104,3.0061,24,
Ca,185332_Can.mod,h,-40.1651,-8.3247,2.8926,25,
Ca,137259_cat.mod,m,-35.4449,7.8754,3.0576,24,
Ca,137259_cat.mod,h,-67.0983,-6.1923,3.8887,16,
Ca,181967_cal.mod,m,-29.0736,5.2563,4.5812,16,
Ca,184319_Ca_HVA.mod,m,-32.6311,4.746,5.0738,14,
Ca,184319_Ca_HVA.mod,h,-57.5449,-22.6086,1.0651,48,
IH,93321_h.mod,m,-70.0642,-6.0258,3.9961,14,
IH,45539_ar.mod,m,-75.0795,-5.5346,4.3508,12,
IH,144450_h.mod,n,-90.0745,-8.5288,2.8234,10,
IH,121259_h2.mod,l,-90.0408,-6.0327,3.9916,6,
IH,183300_Ih.mod,r,-84.1906,-10.2289,2.3541,15,
IH,116862_ntIh.mod,h,-73.4452,-7.605,3.1663,16,
IH,146376_h.mod,l,-81.066,-8.026,3.0002,14,
IH,151126_Ih.mod,r,-84.1469,-10.2096,2.3586,15,
IH,147867_h.mod,l,-89.1054,-8.0275,2.9997,10,
IH,183949_ghchan.mod,n,-80.0016,-8.0007,3.0097,14,
IH,136095_H.mod,m,-74.0011,-10.0047,2.4069,20,
IH,28316_Ih.mod,r,-84.1469,-10.2096,2.3586,15,
IH,135898_h.mod,l,-81.066,-8.026,3.0002,14,
IH,71312_h.mod,l,-81.066,-8.026,3.0002,14,
IH,82364_h.mod,l,-81.066,-8.026,3.0002,14,
IH,87284_h.mod,l,-81.066,-8.026,3.0002,14,
IH,106551_h.mod,l,-81.066,-8.026,3.0002,14,
IH,144490_h_v2.mod,n,-90.0745,-8.5288,2.8234,10,
IH,112546_h.mod,l,-73.0574,-8.024,3.001,17,
IH,19746_L98NCh.mod,l,-98.0042,-13.1482,1.8314,13,
IH,140828_h.mod,l,-81.066,-8.026,3.0002,14,
IH,74298_Ih.mod,f,-80.115,-5.5473,4.3408,10,
IH,147578_h.mod,l,-81.066,-8.026,3.0002,14,
IH,123815_h.mod,l,-81.066,-8.026,3.0002,14,
IH,187615_Ih.mod,h,-91.0156,-6.0038,4.0108,6,
IH,144523_h.mod,m,-80.004,-5.0051,4.8111,9,
IH,143100_HCN.mod,m,-76.4132,-3.3044,7.2873,7,
IH,150538_h.mod,l,-81.066,-8.026,3.0002,14,
IH,124043_h2.mod,q,-90.0004,-9.6702,2.4901,12,
IH,137259_h.mod,l,-73.0574,-8.024,3.001,17,
IH,155735_ihpkj.mod,n,-90.111,-9.9025,2.4317,12,
IH,168310_h.mod,n,-90.0649,-10.0256,2.4018,12,
IH,180370_ghchan.mod,n,-80.0016,-8.0007,3.0097,14,
IH,48332_ihpkj.mod,n,-90.111,-9.9025,2.4317,12,
IH,230811_h.mod,n,-90.0649,-10.0256,2.4018,12,
IH,95870_hyper.mod,nhyper,-61.1401,-8.238,2.923,22,
IH,123815_hNa.mod,n,-90.0008,-8.5002,2.8329,10,
IH,143671_ghchan.mod,n,-80.0016,-8.0007,3.0097,14,
IH,151126_h.mod,l,-81.066,-8.026,3.0002,14,
IH,102288_Ih.mod,r,-84.1469,-10.2096,2.3586,15,
IH,155796_ih.mod,l,-72.0133,-8.2049,2.9348,18,
IH,32992_h.mod,l,-81.066,-8.026,3.0002,14,
IH,113732_h.mod,n,-90.0745,-8.5288,2.8234,10,
IH,80769_Ih.mod,n,-90.1619,-9.914,2.4289,12,
IH,180789_cha.mod,r,-84.1469,-10.2096,2.3586,15,
IH,53876_h.mod,n,-90.001,-7.5003,3.2105,9,
IH,126814_h.mod,l,-73.0574,-8.024,3.001,17,
IH,119283_h.mod,l,-81.066,-8.026,3.0002,14,
IH,140249_iar.mod,h,-96.0028,-10.0008,2.4078,9,
IH,114355_G_h.mod,l,-81.066,-8.026,3.0002,14,
IH,144579_ar.mod,m,-75.0795,-5.5346,4.3508,12,
IH,125152_h.mod,l,-90.0434,-6.6256,3.6344,7,
IH,153280_ch_HCNp.mod,l,-90.0719,-7.162,3.3622,8,
IH,123927_h.mod,l,-90.0434,-6.6256,3.6344,7,
IH,9769_h.mod,l,-90.0434,-6.6256,3.6344,7,
IH,53869_ih_VCN2003.mod,r,-76.0861,-7.0343,3.4232,14,
IH,55035_h.mod,l,-81.066,-8.026,3.0002,14,
IH,126776_h.mod,l,-81.1535,-8.0638,2.9862,14,
IH,151825_ih.mod,h,-91.0156,-6.0038,4.0108,6,
IH,144490_h.mod,n,-90.0745,-8.5288,2.8234,10,
IH,139657_sjg_ih.mod,u,-101.0502,-10.9937,2.1903,8,
IH,119266_h.mod,n,-90.0745,-8.5288,2.8234,10,
IH,20007_KhdM01.mod,l,-90.0408,-6.0327,3.9916,6,
IH,157157_Ih.mod,r,-84.1906,-10.2289,2.3541,15,
IH,184139_KhdM01.mod,l,-90.0408,-6.0327,3.9916,6,
IH,168310_hin.mod,n,-90.0649,-10.0256,2.4018,12,
IH,64216_h.mod,nh,-61.1401,-8.238,2.923,22,
IH,146565_h.mod,l,-81.066,-8.026,3.0002,14,
IH,20756_ar.mod,m,-75.0795,-5.5346,4.3508,12,
IH,144392_h.mod,l,-73.0574,-8.024,3.001,17,
IH,154732_h.mod,l,-81.066,-8.026,3.0002,14,
IH,147538_h.mod,l,-81.066,-8.026,3.0002,14,
IH,101629_h.mod,l,-73.0574,-8.024,3.001,17,
IH,150024_h.mod,m,-80.004,-5.0051,4.8111,9,
IH,150288_h.mod,l,-81.066,-8.026,3.0002,14,
IH,64296_Ih.mod,r,-84.2161,-10.2386,2.3519,15,
IH,144482_ar.mod,m,-75.0795,-5.5346,4.3508,12,
IH,157339_h.mod,l,-81.066,-8.026,3.0002,14,
IH,97917_ar.mod,m,-75.0795,-5.5346,4.3508,12,
IH,87454_ih.mod,r,-76.0862,-7.0343,3.4232,14,
IH,124063_Cone_ih.mod,nh,-61.1401,-8.238,2.923,22,
IH,144089_h.mod,n,-90.0725,-10.0284,2.4012,12,
IH,181967_hNa.mod,n,-90.0008,-8.5002,2.8329,10,
IH,37857_ih.mod,r,-76.0861,-7.0343,3.4232,14,
IH,144541_h.mod,l,-90.1039,-6.6421,3.6253,7,
IH,64228_h.mod,nh,-82.0038,-5.3314,4.5166,8,
IH,136803_ar.mod,m,-75.0795,-5.5346,4.3508,12,
IH,123453_HCN.mod,n,-90.1526,-9.9119,2.4294,12,
IH,136095_ntIh.mod,h,-73.4452,-7.605,3.1663,16,
IH,124063_Bip_ih.mod,n,-100.8509,-15.4481,1.5588,15,
IH,148094_h.mod,l,-73.0574,-8.024,3.001,17,
IH,168310_hcb.mod,n,-90.0649,-10.0256,2.4018,12,
IH,141063_ih.mod,a,-89.0171,-7.148,3.3688,9,
IH,3665_hpg.mod,l,-80.397,-10.0917,2.3861,17,
IH,144976_h.mod,l,-81.066,-8.026,3.0002,14,
IH,168858_hcurrent.mod,m,-82.2862,-18.4305,1.3065,6,
IH,20212_h_v2.mod,n,-90.0007,-8.5003,2.8328,10,
IH,124043_h.mod,l,-81.066,-8.026,3.0002,14,
IH,113732_ar.mod,m,-75.0795,-5.5346,4.3508,12,
IH,44050_h.mod,l,-81.066,-8.026,3.0002,14,
IH,186977_h_chann.mod,l,-81.0696,-7.0313,3.4247,12,
IH,144589_h.mod,l,-81.066,-8.026,3.0002,14,
IH,141273_ar.mod,m,-75.0795,-5.5346,4.3508,12,
IH,19591_h_chan.mod,m,-75.0073,-5.5037,4.3752,12,
IH,181967_Ih.mod,r,-84.1469,-10.2096,2.3586,15,
IH,181967_h2.mod,l,-73.0574,-8.024,3.001,17,
IH,155057_h.mod,n,-90.0725,-10.0284,2.4012,12,
IH,138205_h.mod,l,-81.066,-8.026,3.0002,14,
IH,147539_h.mod,l,-81.066,-8.026,3.0002,14,
IH,97874_h.mod,l,-81.066,-8.026,3.0002,14,
IH,181967_h.mod,l,-81.066,-8.026,3.0002,14,
IH,151460_Ih.mod,f,-80.1311,-5.5539,4.3357,10,
IH,170030_h.mod,l,-81.066,-8.026,3.0002,14,
IH,115356_h.mod,l,-90.0434,-6.6256,3.6344,7,
IH,124063_Rod_ih.mod,nh,-82.0065,-5.3324,4.5158,8,
IH,149739_hpg.mod,l,-80.397,-10.0917,2.3861,17,
IH,114355_M_h.mod,l,-90.0434,-6.6256,3.6344,7,
IH,146509_h.mod,l,-81.066,-8.026,3.0002,14,
IH,180789_hpkj.mod,n,-90.111,-9.9025,2.4317,12,
IH,118986_h.mod,l,-73.0574,-8.024,3.001,17,
IH,182797_Ih.mod,r,-84.0472,-10.2103,2.3584,16,
IH,148644_h.mod,l,-81.066,-8.026,3.0002,14,
IH,19696_h.mod,l,-90.0408,-6.0327,3.9916,6,
IH,123815_Ih.mod,r,-84.1469,-10.2096,2.3586,15,
IH,121259_h.mod,l,-90.0408,-6.0327,3.9916,6,
IH,143719_h.mod,n,-81.0699,-8.5279,2.8237,15,
IH,127305_h.mod,l,-81.066,-8.026,3.0002,14,
IH,112359_IhDA.mod,l,-95.0075,-8.0016,3.0094,7,
IH,20212_h.mod,n,-90.0745,-8.5288,2.8234,10,
IH,147757_h.mod,n,-81.0699,-8.5279,2.8237,15,
IH,87535_h.mod,l,-81.066,-8.026,3.0002,14,
IH,156120_h_chann.mod,l,-81.0696,-7.0313,3.4247,12,
IH,7659_h.mod,l,-90.0408,-6.0327,3.9916,6,
KCa,123927_KCT.mod,c,-29.0011,11.9942,2.0076,36,
KCa,123927_KCT.mod,d,-45.5308,-7.3163,3.2913,22,
KCa,105385_bk_gp.mod,m,-33.8971,6.2014,3.883,19,
KCa,105385_bk_gp.mod,h,-49.5954,-34.7186,0.6936,40,
KCa,150446_KcTraub1994.mod,m,-24.6263,6.8628,3.5088,16,
KCa,143719_cagk.mod,o,17.445,6.2514,3.8519,9,
KCa,17664_KC.mod,m,-27.9092,14.9006,1.616,41,
KCa,3509_cagk.mod,o,23.7858,8.6048,2.7984,10,
KCa,126814_cagk.mod,o,-80.7923,6.7803,3.5514,12,
KCa,155157_cagk2.mod,o,23.7858,8.6048,2.7984,10,
KCa,20212_cagk.mod,o,23.7827,8.6037,2.7988,10,
KCa,2487_kca3.mod,Y,13.3502,27.0047,0.8917,46,
KCa,116835_GRC_KCA.mod,c,-31.982,8.1659,2.9488,25,
KCa,64229_CaBK.mod,o,-80.7923,6.7803,3.5514,12,
KCa,151458_skkca.mod,o,26.0609,9.4035,2.5607,11,
KCa,150284_skkca.mod,o,26.0609,9.4035,2.5607,11,
KCa,51196_grc_kca.mod,c,-31.9819,8.1659,2.9488,25,
KCa,151825_BK.mod,m,-33.9,6.2,3.8838,19,
KCa,151825_BK.mod,h,-49.6049,-34.7216,0.6935,40,
KCa,155602_CaBK.mod,o,-80.7923,6.7803,3.5514,12,
KCa,3263_cagk.mod,o,-80.7923,6.7803,3.5514,12,
KCa,115356_KCT.mod,c,-29.0011,11.9942,2.0076,36,
KCa,115356_KCT.mod,d,-45.5308,-7.3163,3.2913,22,
KCa,147757_cagk.mod,o,17.445,6.2514,3.8519,9,
KCa,149000_K23.mod,m,-63.0914,10.0,2.408,25,
KCa,139656_Golgi_BK.mod,c,-44.3856,8.8545,2.7195,27,
KCa,123815_cagk.mod,o,23.7827,8.6037,2.7988,10,
KCa,139656_GRC_KCA.mod,c,-31.982,8.1659,2.9488,25,
KCa,149000_KC3.mod,m,-27.9104,14.9,1.6161,41,
KCa,149174_CaBK.mod,o,-80.7923,6.7803,3.5514,12,
KCa,20212_cagk_v2.mod,o,32.7931,8.1423,2.9574,5,
KCa,101629_cagk.mod,o,-80.7923,6.7803,3.5514,12,
KCa,144482_kc.mod,m,-18.7437,7.4494,3.2325,16,
KCa,151126_cagk.mod,o,17.445,6.2514,3.8519,9,
KCa,97860_bk_dop.mod,m,-33.8971,6.2014,3.883,19,
KCa,97860_bk_dop.mod,h,-49.5954,-34.7186,0.6936,40,
KCa,144490_cagk_v2.mod,o,23.7827,8.6037,2.7988,10,
KCa,116094_kca.mod,Y,13.3502,27.0047,0.8917,46,
KCa,17664_KC2.mod,m,-27.9104,14.9001,1.6161,41,
KCa,2733_kca3.mod,Y,13.3511,27.005,0.8917,46,
KCa,93321_kca.mod,m,15.937,44.1467,0.5455,43,
KCa,2730_kca.mod,Y,13.3502,27.0047,0.8917,46,
KCa,112834_skkca.mod,o,26.0609,9.4035,2.5607,11,
KCa,147867_cagk.mod,o,-80.7923,6.7803,3.5514,12,
KCa,64296_kca3.mod,Y,13.3502,27.0047,0.8917,46,
KCa,149739_KCa.mod,Y,-15.8917,27.0043,0.8917,52,
KCa,125152_KCT.mod,c,-29.0011,11.9942,2.0076,36,
KCa,125152_KCT.mod,d,-45.5308,-7.3163,3.2913,22,
KCa,82784_Kc.mod,c,-62.317,12.5883,1.9129,30,
KCa,46839_Grc_kca.mod,c,-31.9819,8.1659,2.9488,25,
KCa,144579_kc_fast.mod,m,-18.7437,7.4494,3.2325,16,
KCa,64229_kcRT03_v2.mod,m,-18.7435,7.4494,3.2325,16,
KCa,144401_kc.mod,m,-18.7437,7.4494,3.2325,16,
KCa,155568_CaBK.mod,o,-80.7923,6.7803,3.5514,12,
KCa,149000_KC.mod,m,-27.9092,14.9006,1.616,41,
KCa,126637_K23cvode.mod,m,-63.0914,10.0,2.408,25,
KCa,149000_K22.mod,m,-63.0914,10.0,2.408,25,
KCa,149000_K2.mod,m,-63.0914,10.0,2.408,25,
KCa,155601_CaBK.mod,o,-80.7923,6.7803,3.5514,12,
KCa,112685_Golgi_BK.mod,c,-44.3856,8.8545,2.7195,27,
KCa,51781_CaBK.mod,o,-80.7923,6.7803,3.5514,12,
KCa,48332_bkpkj.mod,m,-33.8999,6.2,3.8838,19,
KCa,48332_bkpkj.mod,h,-49.6038,-34.7211,0.6935,40,
KCa,17664_KC3.mod,m,-27.9104,14.9,1.6161,41,
KCa,119266_ic.mod,m,-30.3086,12.0001,2.0066,35,
KCa,149000_KC2.mod,m,-27.9104,14.9001,1.6161,41,
KCa,127021_Golgi_BK.mod,c,-44.3856,8.8545,2.7195,27,
KCa,123453_KCa1.mod,m,-33.8999,6.2,3.8838,19,
KCa,123453_KCa1.mod,h,-49.6046,-34.7215,0.6935,40,
KCa,154732_cagk.mod,o,23.7827,8.6037,2.7988,10,
KCa,18502_cagk.mod,o,23.7858,8.6048,2.7984,10,
KCa,155796_kca_fast.mod,m,-18.7406,7.4508,3.2318,16,
KCa,126637_KC3.mod,m,-27.9104,14.9,1.6161,41,
KCa,112546_cagk.mod,o,-80.7923,6.7803,3.5514,12,
KCa,20756_kc.mod,m,-18.7437,7.4494,3.2325,16,
KCa,97917_kc_fast.mod,m,-18.7437,7.4494,3.2325,16,
KCa,121600_ic.mod,m,-30.3086,12.0001,2.0066,35,
KCa,35358_kcRT03.mod,m,-18.7435,7.4494,3.2325,16,
KCa,87284_cagk.mod,o,-80.7923,6.7803,3.5514,12,
KCa,17664_K23.mod,m,-63.0914,10.0,2.408,25,
KCa,126637_K23.mod,m,-63.0914,10.0,2.408,25,
KCa,146030_KCa3_ChannelML_new.mod,m,-65.3674,27.0011,0.8918,48,
KCa,45539_kc.mod,m,-18.7437,7.4494,3.2325,16,
KCa,17664_K22.mod,m,-63.0914,10.0,2.408,25,
KCa,144490_cagk.mod,o,23.7858,8.6048,2.7984,10,
KCa,17664_K2.mod,m,-63.0914,10.0,2.408,25,
KCa,102288_IKCa.mod,o,-80.7923,6.7803,3.5514,12,
KCa,82849_ic.mod,c,-62.6621,12.5109,1.9247,30,
KCa,19591_Icinst.mod,o,-33.2102,8.2516,2.9182,25,
KCa,97917_kc.mod,m,-18.7437,7.4494,3.2325,16,
KCa,64229_kcRT03.mod,m,-18.7435,7.4494,3.2325,16,
KCa,98005_bk_ch.mod,m,-33.8999,6.2,3.8838,19,
KCa,98005_bk_ch.mod,h,-49.6038,-34.7211,0.6935,40,
KCa,45539_kc_fast.mod,m,-18.7437,7.4494,3.2325,16,
KCa,97917_CaBK.mod,o,-80.7923,6.7803,3.5514,12,
KCa,3808_ic.mod,m,-30.3086,12.0001,2.0066,35,
KCa,137259_cagk.mod,o,-80.7923,6.7803,3.5514,12,
KCa,80769_CaBK.mod,m,-33.8999,6.2,3.8838,19,
KCa,80769_CaBK.mod,h,-49.6048,-34.7216,0.6935,40,
KCa,139883_GRC_KCA.mod,c,-31.982,8.1659,2.9488,25,
KCa,125857_kc.mod,c,-18.7435,7.4494,3.2325,16,
KCa,124513_CaBK.mod,o,-80.7923,6.7803,3.5514,12,
KCa,153280_ch_KvCaB.mod,o,-55.7696,6.7724,3.5556,20,
KCa,148094_cagk.mod,o,-80.7923,6.7803,3.5514,12,
KCa,126637_KC3cvode.mod,m,-27.9104,14.9,1.6161,41,
KCa,64229_kca.mod,Y,13.3502,27.0047,0.8917,46,
KCa,155157_kca.mod,Y,13.3502,27.0047,0.8917,46,
KCa,144579_kc.mod,m,-18.7437,7.4494,3.2325,16,
