promoter,duration,pair,strat,channel,auc_pool,auc_terc,delta,ci_lo,ci_hi,n_lo,n_hi,excl_lo,excl_hi,resp_lo,resp_hi
ALD3,10min,100-275,size,mol_peak,0.6064516129032258,0.610762322417128,-0.0043107095139022,,,117,155,109,172,0.5641025641025641,0.6451612903225806
ALD3,10min,100-275,size,au_peak,0.6070581748001103,0.6044953756197337,0.0025627991803766,,,117,155,109,172,0.5641025641025641,0.6451612903225806
ALD3,10min,100-275,size,time_k3,0.4933553901295837,0.4886861479801685,0.0046692421494151,,,117,155,109,172,0.5641025641025641,0.6451612903225806
ALD3,10min,100-275,size,time_k2,0.5096222773642128,0.5052548392953748,0.0043674380688379,,,117,155,109,172,0.5641025641025641,0.6451612903225806
ALD3,10min,100-275,size,time_k4,0.4806727322856355,0.4741451177216034,0.0065276145640321,,,117,155,109,172,0.5641025641025641,0.6451612903225806
ALD3,10min,100-275,size,mol_auc,0.6524951750758202,0.6577973943395806,-0.0053022192637603,,,117,155,109,172,0.5641025641025641,0.6451612903225806
ALD3,10min,100-275,size,au_auc,0.6571271022883927,0.6597033096926714,-0.0025762074042787,,,117,155,109,172,0.5641025641025641,0.6451612903225806
ALD3,10min,100-275,baseMol,mol_peak,0.6064516129032258,0.5958100869131465,0.0106415259900792,,,117,155,109,172,0.5641025641025641,0.6451612903225806
ALD3,10min,100-275,baseMol,au_peak,0.6070581748001103,0.5948185559296671,0.0122396188704431,,,117,155,109,172,0.5641025641025641,0.6451612903225806
ALD3,10min,100-275,baseMol,time_k3,0.4933553901295837,0.5274658826591193,-0.0341104925295356,,,117,155,109,172,0.5641025641025641,0.6451612903225806
ALD3,10min,275-690,size,mol_peak,0.5313782991202346,0.5354269521509285,-0.0040486530306939,,,155,132,172,268,0.6451612903225806,0.5606060606060606
ALD3,10min,275-690,size,au_peak,0.5377321603128055,0.5379786386166322,-0.0002464783038267,,,155,132,172,268,0.6451612903225806,0.5606060606060606
ALD3,10min,275-690,size,time_k3,0.5370723362658847,0.5375062439408926,-0.0004339076750079,,,155,132,172,268,0.6451612903225806,0.5606060606060606
ALD3,10min,275-690,size,time_k2,0.5391006842619745,0.5420147876550331,-0.0029141033930585,,,155,132,172,268,0.6451612903225806,0.5606060606060606
ALD3,10min,275-690,size,time_k4,0.5471163245356794,0.5484665405845234,-0.0013502160488439,,,155,132,172,268,0.6451612903225806,0.5606060606060606
ALD3,10min,275-690,size,mol_auc,0.5270283479960899,0.5250781053527658,0.0019502426433241,,,155,132,172,268,0.6451612903225806,0.5606060606060606
ALD3,10min,275-690,size,au_auc,0.5267350928641251,0.5244632553328814,0.0022718375312437,,,155,132,172,268,0.6451612903225806,0.5606060606060606
ALD3,10min,275-690,baseMol,mol_peak,0.5313782991202346,0.5534902280664992,-0.0221119289462645,,,155,132,172,268,0.6451612903225806,0.5606060606060606
ALD3,10min,275-690,baseMol,au_peak,0.5377321603128055,0.564679529600468,-0.0269473692876625,,,155,132,172,268,0.6451612903225806,0.5606060606060606
ALD3,10min,275-690,baseMol,time_k3,0.5370723362658847,0.4843971698521616,0.0526751664137231,,,155,132,172,268,0.6451612903225806,0.5606060606060606
ALD3,10min,690-3000,size,mol_peak,0.6086079131930661,0.6091436545240893,-0.0005357413310231,,,132,229,268,273,0.5606060606060606,0.5589519650655022
ALD3,10min,690-3000,size,au_peak,0.6075492920471086,0.6087790507899203,-0.0012297587428117,,,132,229,268,273,0.5606060606060606,0.5589519650655022
ALD3,10min,690-3000,size,time_k3,0.5181288871245203,0.5207459361535448,-0.0026170490290244,,,132,229,268,273,0.5606060606060606,0.5589519650655022
ALD3,10min,690-3000,size,time_k2,0.5320894534868335,0.5329340277777778,-0.0008445742909443,,,132,229,268,273,0.5606060606060606,0.5589519650655022
ALD3,10min,690-3000,size,time_k4,0.4918287680296413,0.4938623474017496,-0.0020335793721082,,,132,229,268,273,0.5606060606060606,0.5589519650655022
ALD3,10min,690-3000,size,mol_auc,0.5978232102686251,0.5985675757279019,-0.0007443654592768,,,132,229,268,273,0.5606060606060606,0.5589519650655022
ALD3,10min,690-3000,size,au_auc,0.5983194389307926,0.6001584736910823,-0.0018390347602896,,,132,229,268,273,0.5606060606060606,0.5589519650655022
ALD3,10min,690-3000,baseMol,mol_peak,0.6086079131930661,0.6289152602864337,-0.0203073470933676,,,132,229,268,273,0.5606060606060606,0.5589519650655022
ALD3,10min,690-3000,baseMol,au_peak,0.6075492920471086,0.6279272316561229,-0.0203779396090142,,,132,229,268,273,0.5606060606060606,0.5589519650655022
ALD3,10min,690-3000,baseMol,time_k3,0.5181288871245203,0.4424444792639163,0.0756844078606039,,,132,229,268,273,0.5606060606060606,0.5589519650655022
ALD3,20min,100-275,size,mol_peak,0.6674974856793039,0.6739483307258243,-0.0064508450465203,,,121,189,84,164,0.140495867768595,0.4126984126984127
ALD3,20min,100-275,size,au_peak,0.6816214088941361,0.6778880113918477,0.0037333975022884,,,121,189,84,164,0.140495867768595,0.4126984126984127
ALD3,20min,100-275,size,time_k3,0.35817044907954,0.3604739889266743,-0.0023035398471343,,,121,189,84,164,0.140495867768595,0.4126984126984127
ALD3,20min,100-275,size,time_k2,0.3304254667891032,0.3319488553503899,-0.0015233885612867,,,121,189,84,164,0.140495867768595,0.4126984126984127
ALD3,20min,100-275,size,time_k4,0.3808430626612444,0.3826543660942638,-0.0018113034330193,,,121,189,84,164,0.140495867768595,0.4126984126984127
ALD3,20min,100-275,size,mol_auc,0.6881805063623245,0.6889663334676123,-0.0007858271052877,,,121,189,84,164,0.140495867768595,0.4126984126984127
ALD3,20min,100-275,size,au_auc,0.69452096724824,0.6899089401646946,0.0046120270835453,,,121,189,84,164,0.140495867768595,0.4126984126984127
ALD3,20min,100-275,baseMol,mol_peak,0.6674974856793039,0.6070783080886016,0.0604191775907022,,,121,189,84,164,0.140495867768595,0.4126984126984127
ALD3,20min,100-275,baseMol,au_peak,0.6816214088941361,0.612179196243245,0.0694422126508911,,,121,189,84,164,0.140495867768595,0.4126984126984127
ALD3,20min,100-275,baseMol,time_k3,0.35817044907954,0.4182138268108531,-0.0600433777313131,,,121,189,84,164,0.140495867768595,0.4126984126984127
ALD3,20min,275-690,size,mol_peak,0.7326853338089293,0.7357349122436375,-0.0030495784347082,,,189,178,164,231,0.4126984126984127,0.7359550561797753
ALD3,20min,275-690,size,au_peak,0.7380655133464122,0.7399627142614381,-0.0018972009150258,,,189,178,164,231,0.4126984126984127,0.7359550561797753
ALD3,20min,275-690,size,time_k3,0.3382379168896023,0.3356388280130077,0.0025990888765945,,,189,178,164,231,0.4126984126984127,0.7359550561797753
ALD3,20min,275-690,size,time_k2,0.35391772189525,0.35270160230614,0.0012161195891099,,,189,178,164,231,0.4126984126984127,0.7359550561797753
ALD3,20min,275-690,size,time_k4,0.3265115034777956,0.3248036903413098,0.0017078131364858,,,189,178,164,231,0.4126984126984127,0.7359550561797753
ALD3,20min,275-690,size,mol_auc,0.7246893763747696,0.7288036581313766,-0.0041142817566069,,,189,178,164,231,0.4126984126984127,0.7359550561797753
ALD3,20min,275-690,size,au_auc,0.7285238689733071,0.7302514805208556,-0.0017276115475485,,,189,178,164,231,0.4126984126984127,0.7359550561797753
ALD3,20min,275-690,baseMol,mol_peak,0.7326853338089293,0.7324406044593035,0.0002447293496258,,,189,178,164,231,0.4126984126984127,0.7359550561797753
ALD3,20min,275-690,baseMol,au_peak,0.7380655133464122,0.7386297463757305,-0.0005642330293182,,,189,178,164,231,0.4126984126984127,0.7359550561797753
ALD3,20min,275-690,baseMol,time_k3,0.3382379168896023,0.3259309367935374,0.0123069800960649,,,189,178,164,231,0.4126984126984127,0.7359550561797753
ALD3,20min,690-3000,size,mol_peak,0.7187714973629902,0.7171601668556896,0.0016113305073005,,,178,196,231,256,0.7359550561797753,0.9336734693877552
ALD3,20min,690-3000,size,au_peak,0.7192014446227929,0.7174883614862929,0.0017130831364999,,,178,196,231,256,0.7359550561797753,0.9336734693877552
ALD3,20min,690-3000,size,time_k3,0.312915615684476,0.3104343249160853,0.0024812907683907,,,178,196,231,256,0.7359550561797753,0.9336734693877552
ALD3,20min,690-3000,size,time_k2,0.3231483604677826,0.3209789937536516,0.002169366714131,,,178,196,231,256,0.7359550561797753,0.9336734693877552
ALD3,20min,690-3000,size,time_k4,0.3055778491171749,0.3037908180325004,0.0017870310846744,,,178,196,231,256,0.7359550561797753,0.9336734693877552
ALD3,20min,690-3000,size,mol_auc,0.7187714973629902,0.7161633752334146,0.0026081221295756,,,178,196,231,256,0.7359550561797753,0.9336734693877552
ALD3,20min,690-3000,size,au_auc,0.7181982343499197,0.7158865443602433,0.0023116899896763,,,178,196,231,256,0.7359550561797753,0.9336734693877552
ALD3,20min,690-3000,baseMol,mol_peak,0.7187714973629902,0.7227197267534148,-0.0039482293904246,,,178,196,231,256,0.7359550561797753,0.9336734693877552
ALD3,20min,690-3000,baseMol,au_peak,0.7192014446227929,0.7203921423336316,-0.0011906977108386,,,178,196,231,256,0.7359550561797753,0.9336734693877552
ALD3,20min,690-3000,baseMol,time_k3,0.312915615684476,0.3423871620236868,-0.0294715463392108,,,178,196,231,256,0.7359550561797753,0.9336734693877552
ALD3,30min,100-275,size,mol_peak,0.6376457746883438,0.6356545230366256,0.0019912516517182,,,103,169,111,178,0.5339805825242718,0.6745562130177515
ALD3,30min,100-275,size,au_peak,0.649939679439306,0.641917889002085,0.0080217904372209,,,103,169,111,178,0.5339805825242718,0.6745562130177515
ALD3,30min,100-275,size,time_k3,0.3838972827023611,0.39436271198406,-0.0104654292816989,,,103,169,111,178,0.5339805825242718,0.6745562130177515
ALD3,30min,100-275,size,time_k2,0.402079623140116,0.41993920577714,-0.0178595826370239,,,103,169,111,178,0.5339805825242718,0.6745562130177515
ALD3,30min,100-275,size,time_k4,0.3713735853392313,0.3801491906478103,-0.0087756053085789,,,103,169,111,178,0.5339805825242718,0.6745562130177515
ALD3,30min,100-275,size,mol_auc,0.6319584075371977,0.628804880334671,0.0031535272025267,,,103,169,111,178,0.5339805825242718,0.6745562130177515
ALD3,30min,100-275,size,au_auc,0.6380479117596369,0.628548545916846,0.0094993658427909,,,103,169,111,178,0.5339805825242718,0.6745562130177515
ALD3,30min,100-275,baseMol,mol_peak,0.6376457746883438,0.6309713898333301,0.0066743848550137,,,103,169,111,178,0.5339805825242718,0.6745562130177515
ALD3,30min,100-275,baseMol,au_peak,0.649939679439306,0.642786932276982,0.0071527471623239,,,103,169,111,178,0.5339805825242718,0.6745562130177515
ALD3,30min,100-275,baseMol,time_k3,0.3838972827023611,0.4180059145855166,-0.0341086318831554,,,103,169,111,178,0.5339805825242718,0.6745562130177515
ALD3,30min,275-690,size,mol_peak,0.773657681349989,0.7761242948391244,-0.0024666134891353,,,169,135,178,195,0.6745562130177515,0.8962962962962963
ALD3,30min,275-690,size,au_peak,0.7755424063116371,0.7778926549664856,-0.0023502486548485,,,169,135,178,195,0.6745562130177515,0.8962962962962963
ALD3,30min,275-690,size,time_k3,0.3714003944773175,0.3694639012207347,0.0019364932565827,,,169,135,178,195,0.6745562130177515,0.8962962962962963
ALD3,30min,275-690,size,time_k2,0.3842866535174227,0.382531434963773,0.0017552185536497,,,169,135,178,195,0.6745562130177515,0.8962962962962963
ALD3,30min,275-690,size,time_k4,0.3478194170501862,0.3465440909241087,0.0012753261260775,,,169,135,178,195,0.6745562130177515,0.8962962962962963
ALD3,30min,275-690,size,mol_auc,0.7792680254218716,0.7833154604315097,-0.0040474350096381,,,169,135,178,195,0.6745562130177515,0.8962962962962963
ALD3,30min,275-690,size,au_auc,0.7801446416831033,0.7839306063278509,-0.0037859646447476,,,169,135,178,195,0.6745562130177515,0.8962962962962963
ALD3,30min,275-690,baseMol,mol_peak,0.773657681349989,0.7738335833329414,-0.0001759019829523,,,169,135,178,195,0.6745562130177515,0.8962962962962963
ALD3,30min,275-690,baseMol,au_peak,0.7755424063116371,0.7758076895585301,-0.000265283246893,,,169,135,178,195,0.6745562130177515,0.8962962962962963
ALD3,30min,275-690,baseMol,time_k3,0.3714003944773175,0.3602960212059179,0.0111043732713996,,,169,135,178,195,0.6745562130177515,0.8962962962962963
ALD3,30min,690-3000,size,mol_peak,0.7162485065710872,0.705745289568819,0.0105032170022681,,,135,124,195,327,0.8962962962962963,1.0
ALD3,30min,690-3000,size,au_peak,0.7149342891278375,0.7071368718427542,0.0077974172850833,,,135,124,195,327,0.8962962962962963,1.0
ALD3,30min,690-3000,size,time_k3,0.24778972520908,0.24333895951543,0.0044507656936499,,,135,124,195,327,0.8962962962962963,1.0
ALD3,30min,690-3000,size,time_k2,0.2453405017921147,0.2395809392132921,0.0057595625788225,,,135,124,195,327,0.8962962962962963,1.0
ALD3,30min,690-3000,size,time_k4,0.2503882915173238,0.2409270332064449,0.0094612583108788,,,135,124,195,327,0.8962962962962963,1.0
ALD3,30min,690-3000,size,mol_auc,0.715352449223417,0.7047292848763438,0.0106231643470732,,,135,124,195,327,0.8962962962962963,1.0
ALD3,30min,690-3000,size,au_auc,0.71415770609319,0.7063495056142116,0.0078082004789783,,,135,124,195,327,0.8962962962962963,1.0
ALD3,30min,690-3000,baseMol,mol_peak,0.7162485065710872,0.7336793864571644,-0.0174308798860771,,,135,124,195,327,0.8962962962962963,1.0
ALD3,30min,690-3000,baseMol,au_peak,0.7149342891278375,0.7320960932072044,-0.0171618040793668,,,135,124,195,327,0.8962962962962963,1.0
ALD3,30min,690-3000,baseMol,time_k3,0.24778972520908,0.3269420394420394,-0.0791523142329593,,,135,124,195,327,0.8962962962962963,1.0
ALD3,40min,100-275,size,mol_peak,0.6753130590339893,0.6759080035058078,-0.0005949444718185,,,91,172,67,167,0.6483516483516484,0.6453488372093024
ALD3,40min,100-275,size,au_peak,0.6744824942499361,0.6780622318744393,-0.0035797376245031,,,91,172,67,167,0.6483516483516484,0.6453488372093024
ALD3,40min,100-275,size,time_k3,0.4929082545361615,0.4918415676200865,0.0010666869160749,,,91,172,67,167,0.6483516483516484,0.6453488372093024
ALD3,40min,100-275,size,time_k2,0.5219460771786353,0.5203950207447378,0.0015510564338975,,,91,172,67,167,0.6483516483516484,0.6453488372093024
ALD3,40min,100-275,size,time_k4,0.4650523894709941,0.4632694235825229,0.0017829658884712,,,91,172,67,167,0.6483516483516484,0.6453488372093024
ALD3,40min,100-275,size,mol_auc,0.6576795297725531,0.6591934407718548,-0.0015139109993017,,,91,172,67,167,0.6483516483516484,0.6453488372093024
ALD3,40min,100-275,size,au_auc,0.6572961921799131,0.6596218010178189,-0.0023256088379057,,,91,172,67,167,0.6483516483516484,0.6453488372093024
ALD3,40min,100-275,baseMol,mol_peak,0.6753130590339893,0.7062837381916328,-0.0309706791576435,,,91,172,67,167,0.6483516483516484,0.6453488372093024
ALD3,40min,100-275,baseMol,au_peak,0.6744824942499361,0.7133125281151597,-0.0388300338652235,,,91,172,67,167,0.6483516483516484,0.6453488372093024
ALD3,40min,100-275,baseMol,time_k3,0.4929082545361615,0.4009590783850652,0.0919491761510962,,,91,172,67,167,0.6483516483516484,0.6453488372093024
ALD3,40min,275-690,size,mol_peak,0.8590116279069767,0.8674421184076643,-0.0084304905006875,,,172,72,167,81,0.6453488372093024,1.0
ALD3,40min,275-690,size,au_peak,0.8656330749354005,0.8702814204411871,-0.0046483455057865,,,172,72,167,81,0.6453488372093024,1.0
ALD3,40min,275-690,size,time_k3,0.2409560723514212,0.2422897461588764,-0.0013336738074552,,,172,72,167,81,0.6453488372093024,1.0
ALD3,40min,275-690,size,time_k2,0.246891149870801,0.2512324794312846,-0.0043413295604835,,,172,72,167,81,0.6453488372093024,1.0
ALD3,40min,275-690,size,time_k4,0.2269460594315245,0.2249483879554732,0.0019976714760512,,,172,72,167,81,0.6453488372093024,1.0
ALD3,40min,275-690,size,mol_auc,0.8578811369509044,0.8665955189572861,-0.0087143820063817,,,172,72,167,81,0.6453488372093024,1.0
ALD3,40min,275-690,size,au_auc,0.8640180878552972,0.8693321420328921,-0.0053140541775948,,,172,72,167,81,0.6453488372093024,1.0
ALD3,40min,275-690,baseMol,mol_peak,0.8590116279069767,0.8505333666536988,0.0084782612532778,,,172,72,167,81,0.6453488372093024,1.0
ALD3,40min,275-690,baseMol,au_peak,0.8656330749354005,0.8623166554915013,0.0033164194438992,,,172,72,167,81,0.6453488372093024,1.0
ALD3,40min,275-690,baseMol,time_k3,0.2409560723514212,0.288129982484214,-0.0471739101327928,,,172,72,167,81,0.6453488372093024,1.0
ALD3,40min,690-3000,size,mol_peak,0.564203354297694,0.5614028661397082,0.0028004881579857,,,72,106,81,280,1.0,1.0
ALD3,40min,690-3000,size,au_peak,0.5656446540880503,0.5584692878500928,0.0071753662379575,,,72,106,81,280,1.0,1.0
ALD3,40min,690-3000,size,time_k3,0.5423218029350105,0.5509383375482447,-0.0086165346132341,,,72,106,81,280,1.0,1.0
ALD3,40min,690-3000,size,time_k2,0.5435010482180294,0.5497904073910266,-0.0062893591729972,,,72,106,81,280,1.0,1.0
ALD3,40min,690-3000,size,time_k4,0.5380634171907757,0.5431409405867611,-0.0050775233959854,,,72,106,81,280,1.0,1.0
ALD3,40min,690-3000,size,mol_auc,0.560272536687631,0.5562884965052147,0.0039840401824162,,,72,106,81,280,1.0,1.0
ALD3,40min,690-3000,size,au_auc,0.5605345911949685,0.555291395910591,0.0052431952843775,,,72,106,81,280,1.0,1.0
ALD3,40min,690-3000,baseMol,mol_peak,0.564203354297694,0.5536241226027812,0.0105792316949128,,,72,106,81,280,1.0,1.0
ALD3,40min,690-3000,baseMol,au_peak,0.5656446540880503,0.5550310405493333,0.010613613538717,,,72,106,81,280,1.0,1.0
ALD3,40min,690-3000,baseMol,time_k3,0.5423218029350105,0.4686226008634545,0.073699202071556,,,72,106,81,280,1.0,1.0
ALD3,50min,100-275,size,mol_peak,0.8289881855983103,0.829718573253056,-0.0007303876547456,,,109,139,83,185,0.4678899082568807,0.8705035971223022
ALD3,50min,100-275,size,au_peak,0.8365124414230084,0.8321740254211519,0.0043384160018564,,,109,139,83,185,0.4678899082568807,0.8705035971223022
ALD3,50min,100-275,size,time_k3,0.2886278133456537,0.3036664538101319,-0.0150386404644782,,,109,139,83,185,0.4678899082568807,0.8705035971223022
ALD3,50min,100-275,size,time_k2,0.3003432116691967,0.3164758559873502,-0.0161326443181534,,,109,139,83,185,0.4678899082568807,0.8705035971223022
ALD3,50min,100-275,size,time_k4,0.2903438716916375,0.2974708082466703,-0.0071269365550328,,,109,139,83,185,0.4678899082568807,0.8705035971223022
ALD3,50min,100-275,size,mol_auc,0.8246320374892746,0.8226715015508118,0.0019605359384627,,,109,139,83,185,0.4678899082568807,0.8705035971223022
ALD3,50min,100-275,size,au_auc,0.8300442215035311,0.8248456790123457,0.0051985424911853,,,109,139,83,185,0.4678899082568807,0.8705035971223022
ALD3,50min,100-275,baseMol,mol_peak,0.8289881855983103,0.8119594484895939,0.0170287371087164,,,109,139,83,185,0.4678899082568807,0.8705035971223022
ALD3,50min,100-275,baseMol,au_peak,0.8365124414230084,0.8172927043157688,0.0192197371072395,,,109,139,83,185,0.4678899082568807,0.8705035971223022
ALD3,50min,100-275,baseMol,time_k3,0.2886278133456537,0.3380096161722208,-0.0493818028265671,,,109,139,83,185,0.4678899082568807,0.8705035971223022
ALD3,50min,275-690,size,mol_peak,0.7705786291212429,0.7713863455996108,-0.0008077164783679,,,139,163,185,209,0.8705035971223022,0.9447852760736196
ALD3,50min,275-690,size,au_peak,0.77794941960542,0.77231916302742,0.0056302565779999,,,139,163,185,209,0.8705035971223022,0.9447852760736196
ALD3,50min,275-690,size,time_k3,0.3397625457915876,0.3421312161903902,-0.0023686703988026,,,139,163,185,209,0.8705035971223022,0.9447852760736196
ALD3,50min,275-690,size,time_k2,0.3752482676435538,0.3771515875010406,-0.0019033198574868,,,139,163,185,209,0.8705035971223022,0.9447852760736196
ALD3,50min,275-690,size,time_k4,0.3157743743655382,0.315199729997147,0.0005746443683912,,,139,163,185,209,0.8705035971223022,0.9447852760736196
ALD3,50min,275-690,size,mol_auc,0.767930440923335,0.7676466379754313,0.0002838029479036,,,139,163,185,209,0.8705035971223022,0.9447852760736196
ALD3,50min,275-690,size,au_auc,0.7707110385311383,0.7664161998810636,0.0042948386500747,,,139,163,185,209,0.8705035971223022,0.9447852760736196
ALD3,50min,275-690,baseMol,mol_peak,0.7705786291212429,0.7748252991306167,-0.0042466700093738,,,139,163,185,209,0.8705035971223022,0.9447852760736196
ALD3,50min,275-690,baseMol,au_peak,0.77794941960542,0.7818828385823663,-0.0039334189769463,,,139,163,185,209,0.8705035971223022,0.9447852760736196
ALD3,50min,275-690,baseMol,time_k3,0.3397625457915876,0.2801226400815463,0.0596399057100412,,,139,163,185,209,0.8705035971223022,0.9447852760736196
ALD3,50min,690-3000,size,mol_peak,0.6648010619596025,0.6649787411124204,-0.0001776791528178,,,163,171,209,246,0.9447852760736196,0.9941520467836256
ALD3,50min,690-3000,size,au_peak,0.6644064148100313,0.6705293074731173,-0.006122892663086,,,163,171,209,246,0.9447852760736196,0.9941520467836256
ALD3,50min,690-3000,size,time_k3,0.3000753417285545,0.2964770649683324,0.003598276760222,,,163,171,209,246,0.9447852760736196,0.9941520467836256
ALD3,50min,690-3000,size,time_k2,0.2980841674738995,0.2961325544042502,0.0019516130696493,,,163,171,209,246,0.9447852760736196,0.9941520467836256
ALD3,50min,690-3000,size,time_k4,0.2889893445269615,0.2862263543410195,0.002762990185942,,,163,171,209,246,0.9447852760736196,0.9941520467836256
ALD3,50min,690-3000,size,mol_auc,0.6660926344491085,0.6659552914867944,0.000137342962314,,,163,171,209,246,0.9447852760736196,0.9941520467836256
ALD3,50min,690-3000,size,au_auc,0.6644064148100313,0.6699787646753531,-0.0055723498653218,,,163,171,209,246,0.9447852760736196,0.9941520467836256
ALD3,50min,690-3000,baseMol,mol_peak,0.6648010619596025,0.6559847625263031,0.0088162994332994,,,163,171,209,246,0.9447852760736196,0.9941520467836256
ALD3,50min,690-3000,baseMol,au_peak,0.6644064148100313,0.6441459825642734,0.0202604322457579,,,163,171,209,246,0.9447852760736196,0.9941520467836256
ALD3,50min,690-3000,baseMol,time_k3,0.3000753417285545,0.4481774859663745,-0.14810214423782,,,163,171,209,246,0.9447852760736196,0.9941520467836256
DCS2,10min,100-275,size,mol_peak,0.723109243697479,0.7299932383948778,-0.0068839946973988,,,136,245,165,254,0.6544117647058824,0.8530612244897959
DCS2,10min,100-275,size,au_peak,0.7387755102040816,0.734029702837768,0.0047458073663135,,,136,245,165,254,0.6544117647058824,0.8530612244897959
DCS2,10min,100-275,size,time_k3,0.3964435774309724,0.3987235326491415,-0.0022799552181691,,,136,245,165,254,0.6544117647058824,0.8530612244897959
DCS2,10min,100-275,size,time_k2,0.4151260504201681,0.4284903052178994,-0.0133642547977313,,,136,245,165,254,0.6544117647058824,0.8530612244897959
DCS2,10min,100-275,size,time_k4,0.3614195678271308,0.365228334458371,-0.0038087666312401,,,136,245,165,254,0.6544117647058824,0.8530612244897959
DCS2,10min,100-275,size,mol_auc,0.7196578631452581,0.7210535913323352,-0.001395728187077,,,136,245,165,254,0.6544117647058824,0.8530612244897959
DCS2,10min,100-275,size,au_auc,0.7303721488595438,0.7239813417310222,0.0063908071285215,,,136,245,165,254,0.6544117647058824,0.8530612244897959
DCS2,10min,100-275,baseMol,mol_peak,0.723109243697479,0.7234052371802021,-0.0002959934827231,,,136,245,165,254,0.6544117647058824,0.8530612244897959
DCS2,10min,100-275,baseMol,au_peak,0.7387755102040816,0.7347327386049957,0.0040427715990859,,,136,245,165,254,0.6544117647058824,0.8530612244897959
DCS2,10min,100-275,baseMol,time_k3,0.3964435774309724,0.4483734505455231,-0.0519298731145506,,,136,245,165,254,0.6544117647058824,0.8530612244897959
DCS2,10min,275-690,size,mol_peak,0.6470553935860058,0.644054623414311,0.0030007701716948,,,245,70,254,145,0.8530612244897959,0.9714285714285714
DCS2,10min,275-690,size,au_peak,0.6268804664723032,0.6409470663591467,-0.0140665998868434,,,245,70,254,145,0.8530612244897959,0.9714285714285714
DCS2,10min,275-690,size,time_k3,0.4054518950437318,0.398872126837172,0.0065797682065598,,,245,70,254,145,0.8530612244897959,0.9714285714285714
DCS2,10min,275-690,size,time_k2,0.4161224489795918,0.4133221457597123,0.0028003032198795,,,245,70,254,145,0.8530612244897959,0.9714285714285714
DCS2,10min,275-690,size,time_k4,0.4003790087463557,0.3882967960267049,0.0120822127196507,,,245,70,254,145,0.8530612244897959,0.9714285714285714
DCS2,10min,275-690,size,mol_auc,0.6457142857142857,0.6457727838135776,-5.8498099291925953e-05,,,245,70,254,145,0.8530612244897959,0.9714285714285714
DCS2,10min,275-690,size,au_auc,0.6272303206997084,0.6419526245552994,-0.014722303855591,,,245,70,254,145,0.8530612244897959,0.9714285714285714
DCS2,10min,275-690,baseMol,mol_peak,0.6470553935860058,0.6450462263102849,0.0020091672757209,,,245,70,254,145,0.8530612244897959,0.9714285714285714
DCS2,10min,275-690,baseMol,au_peak,0.6268804664723032,0.6269855554452824,-0.0001050889729792,,,245,70,254,145,0.8530612244897959,0.9714285714285714
DCS2,10min,275-690,baseMol,time_k3,0.4054518950437318,0.3387747188432355,0.0666771762004962,,,245,70,254,145,0.8530612244897959,0.9714285714285714
DCS2,10min,690-3000,size,mol_peak,0.8388758782201405,0.863783155806182,-0.0249072775860415,,,70,61,145,252,0.9714285714285714,1.0
DCS2,10min,690-3000,size,au_peak,0.8641686182669789,0.8689679928989139,-0.004799374631935,,,70,61,145,252,0.9714285714285714,1.0
DCS2,10min,690-3000,size,time_k3,0.3131147540983606,0.3121495144110275,0.000965239687333,,,70,61,145,252,0.9714285714285714,1.0
DCS2,10min,690-3000,size,time_k2,0.3478922716627635,0.3373681599832916,0.0105241116794718,,,70,61,145,252,0.9714285714285714,1.0
DCS2,10min,690-3000,size,time_k4,0.3003512880562061,0.3060620300751879,-0.0057107420189818,,,70,61,145,252,0.9714285714285714,1.0
DCS2,10min,690-3000,size,mol_auc,0.8292740046838407,0.8601516812865496,-0.0308776766027089,,,70,61,145,252,0.9714285714285714,1.0
DCS2,10min,690-3000,size,au_auc,0.8594847775175644,0.8645193713450293,-0.0050345938274649,,,70,61,145,252,0.9714285714285714,1.0
DCS2,10min,690-3000,baseMol,mol_peak,0.8388758782201405,0.8302917518270779,0.0085841263930626,,,70,61,145,252,0.9714285714285714,1.0
DCS2,10min,690-3000,baseMol,au_peak,0.8641686182669789,0.8485112411742847,0.0156573770926942,,,70,61,145,252,0.9714285714285714,1.0
DCS2,10min,690-3000,baseMol,time_k3,0.3131147540983606,0.391489087854577,-0.0783743337562163,,,70,61,145,252,0.9714285714285714,1.0
DCS2,20min,100-275,size,mol_peak,0.8336102802703003,0.834591780717557,-0.0009815004472567,,,177,255,169,206,0.711864406779661,0.9803921568627452
DCS2,20min,100-275,size,au_peak,0.8441564196299989,0.8402391240861737,0.0039172955438251,,,177,255,169,206,0.711864406779661,0.9803921568627452
DCS2,20min,100-275,size,time_k3,0.2818876703223662,0.2838928530349338,-0.0020051827125675,,,177,255,169,206,0.711864406779661,0.9803921568627452
DCS2,20min,100-275,size,time_k2,0.2971308297330231,0.2973038531947694,-0.0001730234617462,,,177,255,169,206,0.711864406779661,0.9803921568627452
DCS2,20min,100-275,size,time_k4,0.2743547136368672,0.2735380376898234,0.0008166759470438,,,177,255,169,206,0.711864406779661,0.9803921568627452
DCS2,20min,100-275,size,mol_auc,0.835936634540822,0.8373661078397103,-0.0014294732988883,,,177,255,169,206,0.711864406779661,0.9803921568627452
DCS2,20min,100-275,size,au_auc,0.8435803700011077,0.8399275194267429,0.0036528505743648,,,177,255,169,206,0.711864406779661,0.9803921568627452
DCS2,20min,100-275,baseMol,mol_peak,0.8336102802703003,0.8264935426589562,0.007116737611344,,,177,255,169,206,0.711864406779661,0.9803921568627452
DCS2,20min,100-275,baseMol,au_peak,0.8441564196299989,0.8377886183713251,0.0063678012586737,,,177,255,169,206,0.711864406779661,0.9803921568627452
DCS2,20min,100-275,baseMol,time_k3,0.2818876703223662,0.322639359039735,-0.0407516887173687,,,177,255,169,206,0.711864406779661,0.9803921568627452
DCS2,20min,275-690,size,mol_peak,0.8253340274162763,0.8213113522460445,0.0040226751702318,,,255,113,206,132,0.9803921568627452,0.9734513274336284
DCS2,20min,275-690,size,au_peak,0.8332465729654693,0.8314014975001722,0.0018450754652971,,,255,113,206,132,0.9803921568627452,0.9734513274336284
DCS2,20min,275-690,size,time_k3,0.4440742668748915,0.4433408638156637,0.0007334030592278,,,255,113,206,132,0.9803921568627452,0.9734513274336284
DCS2,20min,275-690,size,time_k2,0.4698941523512059,0.4671527304367998,0.0027414219144061,,,255,113,206,132,0.9803921568627452,0.9734513274336284
DCS2,20min,275-690,size,time_k4,0.429689397883047,0.4283879561477783,0.0013014417352686,,,255,113,206,132,0.9803921568627452,0.9734513274336284
DCS2,20min,275-690,size,mol_auc,0.8217247961131355,0.8195535240919618,0.0021712720211737,,,255,113,206,132,0.9803921568627452,0.9734513274336284
DCS2,20min,275-690,size,au_auc,0.8283879923650876,0.8268233066028712,0.0015646857622164,,,255,113,206,132,0.9803921568627452,0.9734513274336284
DCS2,20min,275-690,baseMol,mol_peak,0.8253340274162763,0.8168965949053423,0.0084374325109339,,,255,113,206,132,0.9803921568627452,0.9734513274336284
DCS2,20min,275-690,baseMol,au_peak,0.8332465729654693,0.8295255880985098,0.0037209848669594,,,255,113,206,132,0.9803921568627452,0.9734513274336284
DCS2,20min,275-690,baseMol,time_k3,0.4440742668748915,0.3428018707364859,0.1012723961384056,,,255,113,206,132,0.9803921568627452,0.9734513274336284
DCS2,20min,690-3000,size,mol_peak,0.7129224864058001,0.7278490648728653,-0.0149265784670651,,,113,166,132,240,0.9734513274336284,0.993975903614458
DCS2,20min,690-3000,size,au_peak,0.7424032412837189,0.7396106713945833,0.0027925698891356,,,113,166,132,240,0.9734513274336284,0.993975903614458
DCS2,20min,690-3000,size,time_k3,0.2600223904467427,0.2634017723032201,-0.0033793818564773,,,113,166,132,240,0.9734513274336284,0.993975903614458
DCS2,20min,690-3000,size,time_k2,0.2790542701780573,0.2830262673206473,-0.00397199714259,,,113,166,132,240,0.9734513274336284,0.993975903614458
DCS2,20min,690-3000,size,time_k4,0.2386181895724491,0.2391935688877371,-0.000575379315288,,,113,166,132,240,0.9734513274336284,0.993975903614458
DCS2,20min,690-3000,size,mol_auc,0.7089241923445997,0.7296057424972301,-0.0206815501526304,,,113,166,132,240,0.9734513274336284,0.993975903614458
DCS2,20min,690-3000,size,au_auc,0.7377119095852436,0.7362630158773321,0.0014488937079114,,,113,166,132,240,0.9734513274336284,0.993975903614458
DCS2,20min,690-3000,baseMol,mol_peak,0.7129224864058001,0.6952974107464215,0.0176250756593786,,,113,166,132,240,0.9734513274336284,0.993975903614458
DCS2,20min,690-3000,baseMol,au_peak,0.7424032412837189,0.7223460259228904,0.0200572153608284,,,113,166,132,240,0.9734513274336284,0.993975903614458
DCS2,20min,690-3000,baseMol,time_k3,0.2600223904467427,0.371130212872983,-0.1111078224262402,,,113,166,132,240,0.9734513274336284,0.993975903614458
DCS2,30min,100-275,size,mol_peak,0.9419642857142856,0.9442298129350828,-0.0022655272207972,,,132,112,208,226,0.9696969696969696,1.0
DCS2,30min,100-275,size,au_peak,0.9523133116883116,0.9485222219526058,0.0037910897357058,,,132,112,208,226,0.9696969696969696,1.0
DCS2,30min,100-275,size,time_k3,0.4469696969696969,0.4484575698344404,-0.0014878728647434,,,132,112,208,226,0.9696969696969696,1.0
DCS2,30min,100-275,size,time_k2,0.4810944264069264,0.4810867841284237,7.642278502695277e-06,,,132,112,208,226,0.9696969696969696,1.0
DCS2,30min,100-275,size,time_k4,0.4038487554112554,0.4137538342401712,-0.0099050788289158,,,132,112,208,226,0.9696969696969696,1.0
DCS2,30min,100-275,size,mol_auc,0.940611471861472,0.945848364447909,-0.0052368925864371,,,132,112,208,226,0.9696969696969696,1.0
DCS2,30min,100-275,size,au_auc,0.9497429653679652,0.9454048265043712,0.0043381388635941,,,132,112,208,226,0.9696969696969696,1.0
DCS2,30min,100-275,baseMol,mol_peak,0.9419642857142856,0.94424464975796,-0.0022803640436741,,,132,112,208,226,0.9696969696969696,1.0
DCS2,30min,100-275,baseMol,au_peak,0.9523133116883116,0.9544285854328188,-0.002115273744507,,,132,112,208,226,0.9696969696969696,1.0
DCS2,30min,100-275,baseMol,time_k3,0.4469696969696969,0.4534096319995557,-0.0064399350298587,,,132,112,208,226,0.9696969696969696,1.0
DCS2,30min,275-690,size,mol_peak,0.7034970238095238,0.6997765772975857,0.0037204465119381,,,112,96,226,140,1.0,1.0
DCS2,30min,275-690,size,au_peak,0.6931733630952381,0.6913231959450447,0.0018501671501934,,,112,96,226,140,1.0,1.0
DCS2,30min,275-690,size,time_k3,0.7001953125,0.6931605975723624,0.0070347149276376,,,112,96,226,140,1.0,1.0
DCS2,30min,275-690,size,time_k2,0.6891276041666666,0.6824363078564759,0.0066912963101907,,,112,96,226,140,1.0,1.0
DCS2,30min,275-690,size,time_k4,0.7065662202380952,0.6957716419901293,0.0107945782479659,,,112,96,226,140,1.0,1.0
DCS2,30min,275-690,size,mol_auc,0.7027529761904762,0.6952581032412964,0.0074948729491797,,,112,96,226,140,1.0,1.0
DCS2,30min,275-690,size,au_auc,0.6835007440476191,0.6826130452180873,0.0008876988295317,,,112,96,226,140,1.0,1.0
DCS2,30min,275-690,baseMol,mol_peak,0.7034970238095238,0.693902455501633,0.0095945683078908,,,112,96,226,140,1.0,1.0
DCS2,30min,275-690,baseMol,au_peak,0.6931733630952381,0.688844455007855,0.0043289080873831,,,112,96,226,140,1.0,1.0
DCS2,30min,275-690,baseMol,time_k3,0.7001953125,0.4425780180032452,0.2576172944967548,,,112,96,226,140,1.0,1.0
DCS2,30min,690-3000,size,mol_peak,0.6749429223744292,0.6839272165255302,-0.008984294151101,,,96,146,140,347,1.0,1.0
DCS2,30min,690-3000,size,au_peak,0.7239583333333334,0.7156339952927793,0.0083243380405541,,,96,146,140,347,1.0,1.0
DCS2,30min,690-3000,size,time_k3,0.2159674657534246,0.2144281751521064,0.0015392906013182,,,96,146,140,347,1.0,1.0
DCS2,30min,690-3000,size,time_k2,0.2458975456621004,0.2465707447592698,-0.0006731990971694,,,96,146,140,347,1.0,1.0
DCS2,30min,690-3000,size,time_k4,0.2127568493150685,0.2129151492623925,-0.000158299947324,,,96,146,140,347,1.0,1.0
DCS2,30min,690-3000,size,mol_auc,0.6591038812785388,0.672400128397757,-0.0132962471192181,,,96,146,140,347,1.0,1.0
DCS2,30min,690-3000,size,au_auc,0.714968607305936,0.7052927740711813,0.0096758332347547,,,96,146,140,347,1.0,1.0
DCS2,30min,690-3000,baseMol,mol_peak,0.6749429223744292,0.6956908252006874,-0.0207479028262581,,,96,146,140,347,1.0,1.0
DCS2,30min,690-3000,baseMol,au_peak,0.7239583333333334,0.7279699431671877,-0.0040116098338542,,,96,146,140,347,1.0,1.0
DCS2,30min,690-3000,baseMol,time_k3,0.2159674657534246,0.3350904791273014,-0.1191230133738767,,,96,146,140,347,1.0,1.0
DCS2,40min,100-275,size,mol_peak,0.920629159104658,0.9388555021958468,-0.0182263430911887,,,87,95,178,201,0.9885057471264368,1.0
DCS2,40min,100-275,size,au_peak,0.9484573502722324,0.9449020618584122,0.0035552884138201,,,87,95,178,201,0.9885057471264368,1.0
DCS2,40min,100-275,size,time_k3,0.3843315184513006,0.4035874316824934,-0.0192559132311928,,,87,95,178,201,0.9885057471264368,1.0
DCS2,40min,100-275,size,time_k2,0.3819116757410768,0.4053857115754362,-0.0234740358343593,,,87,95,178,201,0.9885057471264368,1.0
DCS2,40min,100-275,size,time_k4,0.3614640048396854,0.3764985178136328,-0.0150345129739473,,,87,95,178,201,0.9885057471264368,1.0
DCS2,40min,100-275,size,mol_auc,0.9165154264972776,0.9368484196581094,-0.0203329931608317,,,87,95,178,201,0.9885057471264368,1.0
DCS2,40min,100-275,size,au_auc,0.9436176648517848,0.9415258290989816,0.0020918357528031,,,87,95,178,201,0.9885057471264368,1.0
DCS2,40min,100-275,baseMol,mol_peak,0.920629159104658,0.9119400763845208,0.0086890827201372,,,87,95,178,201,0.9885057471264368,1.0
DCS2,40min,100-275,baseMol,au_peak,0.9484573502722324,0.9442274597830154,0.0042298904892169,,,87,95,178,201,0.9885057471264368,1.0
DCS2,40min,100-275,baseMol,time_k3,0.3843315184513006,0.3865508976620087,-0.002219379210708,,,87,95,178,201,0.9885057471264368,1.0
DCS2,40min,275-690,size,mol_peak,0.7127334465195246,0.713576002791689,-0.0008425562721643,,,95,62,201,102,1.0,1.0
DCS2,40min,275-690,size,au_peak,0.7224108658743633,0.7253782455743241,-0.0029673796999607,,,95,62,201,102,1.0,1.0
DCS2,40min,275-690,size,time_k3,0.4967741935483871,0.5071528072508465,-0.0103786137024594,,,95,62,201,102,1.0,1.0
DCS2,40min,275-690,size,time_k2,0.5366723259762309,0.5370313782078487,-0.0003590522316178,,,95,62,201,102,1.0,1.0
DCS2,40min,275-690,size,time_k4,0.46383701188455,0.4748759773269577,-0.0110389654424076,,,95,62,201,102,1.0,1.0
DCS2,40min,275-690,size,mol_auc,0.7093378607809847,0.7242146959794019,-0.0148768351984172,,,95,62,201,102,1.0,1.0
DCS2,40min,275-690,size,au_auc,0.7239388794567063,0.7311862792254948,-0.0072473997687885,,,95,62,201,102,1.0,1.0
DCS2,40min,275-690,baseMol,mol_peak,0.7127334465195246,0.7038607804232804,0.0088726660962442,,,95,62,201,102,1.0,1.0
DCS2,40min,275-690,baseMol,au_peak,0.7224108658743633,0.7151372354497355,0.0072736304246278,,,95,62,201,102,1.0,1.0
DCS2,40min,275-690,baseMol,time_k3,0.4967741935483871,0.4523478835978836,0.0444263099505035,,,95,62,201,102,1.0,1.0
DCS2,40min,690-3000,size,mol_peak,0.4280913978494624,0.4676470588235293,-0.0395556609740669,,,62,24,102,295,1.0,1.0
DCS2,40min,690-3000,size,au_peak,0.4825268817204301,0.4570424836601307,0.0254843980602993,,,62,24,102,295,1.0,1.0
DCS2,40min,690-3000,size,time_k3,0.2825940860215054,0.2547753267973856,0.0278187592241197,,,62,24,102,295,1.0,1.0
DCS2,40min,690-3000,size,time_k2,0.2738575268817204,0.2537377450980392,0.0201197817836812,,,62,24,102,295,1.0,1.0
DCS2,40min,690-3000,size,time_k4,0.290994623655914,0.2773080065359477,0.0136866171199662,,,62,24,102,295,1.0,1.0
DCS2,40min,690-3000,size,mol_auc,0.4112903225806452,0.4450245098039215,-0.0337341872232763,,,62,24,102,295,1.0,1.0
DCS2,40min,690-3000,size,au_auc,0.4798387096774194,0.4575571895424837,0.0222815201349356,,,62,24,102,295,1.0,1.0
DCS2,40min,690-3000,baseMol,mol_peak,0.4280913978494624,0.465922619047619,-0.0378312211981566,,,62,24,102,295,1.0,1.0
DCS2,40min,690-3000,baseMol,au_peak,0.4825268817204301,0.5197916666666667,-0.0372647849462365,,,62,24,102,295,1.0,1.0
DCS2,40min,690-3000,baseMol,time_k3,0.2825940860215054,0.5198660714285714,-0.237271985407066,,,62,24,102,295,1.0,1.0
DCS2,50min,100-275,size,mol_peak,0.9449891067538126,0.9530115805136832,-0.0080224737598704,,,102,108,209,144,0.9607843137254902,1.0
DCS2,50min,100-275,size,au_peak,0.9589687726942628,0.957173047763677,0.0017957249305858,,,102,108,209,144,0.9607843137254902,1.0
DCS2,50min,100-275,size,time_k3,0.35239651416122,0.3675546309764885,-0.0151581168152685,,,102,108,209,144,0.9607843137254902,1.0
DCS2,50min,100-275,size,time_k2,0.3657407407407407,0.3784068976299843,-0.0126661568892435,,,102,108,209,144,0.9607843137254902,1.0
DCS2,50min,100-275,size,time_k4,0.3473129992737835,0.3571306454743335,-0.0098176462005499,,,102,108,209,144,0.9607843137254902,1.0
DCS2,50min,100-275,size,mol_auc,0.9455337690631808,0.9543793488375544,-0.0088455797743735,,,102,108,209,144,0.9607843137254902,1.0
DCS2,50min,100-275,size,au_auc,0.9614197530864198,0.957426633094516,0.0039931199919036,,,102,108,209,144,0.9607843137254902,1.0
DCS2,50min,100-275,baseMol,mol_peak,0.9449891067538126,0.9426027418736076,0.0023863648802051,,,102,108,209,144,0.9607843137254902,1.0
DCS2,50min,100-275,baseMol,au_peak,0.9589687726942628,0.9591995060717396,-0.0002307333774766,,,102,108,209,144,0.9607843137254902,1.0
DCS2,50min,100-275,baseMol,time_k3,0.35239651416122,0.2770659960456229,0.0753305181155971,,,102,108,209,144,0.9607843137254902,1.0
DCS2,50min,275-690,size,mol_peak,0.5802015250544662,0.5898078529657477,-0.0096063279112814,,,108,68,144,128,1.0,1.0
DCS2,50min,275-690,size,au_peak,0.5915032679738562,0.5857560568086884,0.0057472111651678,,,108,68,144,128,1.0,1.0
DCS2,50min,275-690,size,time_k3,0.3351715686274509,0.3256787802840434,0.0094927883434074,,,108,68,144,128,1.0,1.0
DCS2,50min,275-690,size,time_k2,0.3278186274509804,0.3185359231411863,0.009282704309794,,,108,68,144,128,1.0,1.0
DCS2,50min,275-690,size,time_k4,0.3346949891067538,0.3292919799498746,0.0054030091568791,,,108,68,144,128,1.0,1.0
DCS2,50min,275-690,size,mol_auc,0.5812908496732027,0.5957811194653301,-0.0144902697921274,,,108,68,144,128,1.0,1.0
DCS2,50min,275-690,size,au_auc,0.5930010893246187,0.5847117794486215,0.0082893098759971,,,108,68,144,128,1.0,1.0
DCS2,50min,275-690,baseMol,mol_peak,0.5802015250544662,0.5895176049582029,-0.0093160799037367,,,108,68,144,128,1.0,1.0
DCS2,50min,275-690,baseMol,au_peak,0.5915032679738562,0.5934902583211003,-0.001986990347244,,,108,68,144,128,1.0,1.0
DCS2,50min,275-690,baseMol,time_k3,0.3351715686274509,0.3639331099008518,-0.0287615412734008,,,108,68,144,128,1.0,1.0
DCS2,50min,690-3000,size,mol_peak,0.4739611440906638,0.4812015059435079,-0.0072403618528441,,,68,109,128,249,1.0,1.0
DCS2,50min,690-3000,size,au_peak,0.5555855369670805,0.522242356981779,0.0333431799853014,,,68,109,128,249,1.0,1.0
DCS2,50min,690-3000,size,time_k3,0.4358472746896923,0.4606614575654823,-0.0248141828757899,,,68,109,128,249,1.0,1.0
DCS2,50min,690-3000,size,time_k2,0.4564894765245548,0.4716254825516952,-0.0151360060271403,,,68,109,128,249,1.0,1.0
DCS2,50min,690-3000,size,time_k4,0.4251888828926066,0.4514149446328239,-0.0262260617402173,,,68,109,128,249,1.0,1.0
DCS2,50min,690-3000,size,mol_auc,0.4873178629249865,0.4942329953423865,-0.0069151324173999,,,68,109,128,249,1.0,1.0
DCS2,50min,690-3000,size,au_auc,0.5553157042633567,0.5222927962608045,0.0330229080025522,,,68,109,128,249,1.0,1.0
DCS2,50min,690-3000,baseMol,mol_peak,0.4739611440906638,0.4784773543545473,-0.0045162102638834,,,68,109,128,249,1.0,1.0
DCS2,50min,690-3000,baseMol,au_peak,0.5555855369670805,0.5587698769716313,-0.0031843400045508,,,68,109,128,249,1.0,1.0
DCS2,50min,690-3000,baseMol,time_k3,0.4358472746896923,0.4472853251362023,-0.0114380504465099,,,68,109,128,249,1.0,1.0
DDR2,10min,100-275,size,mol_peak,0.5421047042582563,0.526323815189193,0.0157808890690632,,,129,219,147,265,0.6821705426356589,0.7031963470319634
DDR2,10min,100-275,size,au_peak,0.5281228983044848,0.527739402518893,0.0003834957855918,,,129,219,147,265,0.6821705426356589,0.7031963470319634
DDR2,10min,100-275,size,time_k3,0.4719124986726133,0.476493582774766,-0.0045810841021526,,,129,219,147,265,0.6821705426356589,0.7031963470319634
DDR2,10min,100-275,size,time_k2,0.4668153339704789,0.4678662516109059,-0.001050917640427,,,129,219,147,265,0.6821705426356589,0.7031963470319634
DDR2,10min,100-275,size,time_k4,0.4816643658631553,0.482287954383464,-0.0006235885203086,,,129,219,147,265,0.6821705426356589,0.7031963470319634
DDR2,10min,100-275,size,mol_auc,0.5551307918303777,0.544461595942797,0.0106691958875807,,,129,219,147,265,0.6821705426356589,0.7031963470319634
DDR2,10min,100-275,size,au_auc,0.5453258291741885,0.5429459494565517,0.0023798797176367,,,129,219,147,265,0.6821705426356589,0.7031963470319634
DDR2,10min,100-275,baseMol,mol_peak,0.5421047042582563,0.5344075229391679,0.0076971813190883,,,129,219,147,265,0.6821705426356589,0.7031963470319634
DDR2,10min,100-275,baseMol,au_peak,0.5281228983044848,0.5207301594787447,0.00739273882574,,,129,219,147,265,0.6821705426356589,0.7031963470319634
DDR2,10min,100-275,baseMol,time_k3,0.4719124986726133,0.5300150484484808,-0.0581025497758674,,,129,219,147,265,0.6821705426356589,0.7031963470319634
DDR2,10min,275-690,size,mol_peak,0.7821187214611872,0.7855186690755795,-0.0033999476143923,,,219,250,265,243,0.7031963470319634,0.896
DDR2,10min,275-690,size,au_peak,0.7852785388127854,0.7887108013937282,-0.0034322625809427,,,219,250,265,243,0.7031963470319634,0.896
DDR2,10min,275-690,size,time_k3,0.4350776255707763,0.4336372502365896,0.0014403753341866,,,219,250,265,243,0.7031963470319634,0.896
DDR2,10min,275-690,size,time_k2,0.4551050228310502,0.4547217517314061,0.000383271099644,,,219,250,265,243,0.7031963470319634,0.896
DDR2,10min,275-690,size,time_k4,0.3975707762557077,0.3944321982406332,0.0031385780150745,,,219,250,265,243,0.7031963470319634,0.896
DDR2,10min,275-690,size,mol_auc,0.7800182648401827,0.7843629688777046,-0.0043447040375219,,,219,250,265,243,0.7031963470319634,0.896
DDR2,10min,275-690,size,au_auc,0.7807488584474885,0.7851051210908935,-0.0043562626434049,,,219,250,265,243,0.7031963470319634,0.896
DDR2,10min,275-690,baseMol,mol_peak,0.7821187214611872,0.7925058001944532,-0.0103870787332659,,,219,250,265,243,0.7031963470319634,0.896
DDR2,10min,275-690,baseMol,au_peak,0.7852785388127854,0.7986690607226228,-0.0133905219098373,,,219,250,265,243,0.7031963470319634,0.896
DDR2,10min,275-690,baseMol,time_k3,0.4350776255707763,0.3120921593799998,0.1229854661907764,,,219,250,265,243,0.7031963470319634,0.896
DDR2,10min,690-3000,size,mol_peak,0.7025192307692307,0.7068491720669261,-0.0043299412976953,,,250,208,243,242,0.896,0.9807692307692308
DDR2,10min,690-3000,size,au_peak,0.7046153846153846,0.7072817520479013,-0.0026663674325166,,,250,208,243,242,0.896,0.9807692307692308
DDR2,10min,690-3000,size,time_k3,0.3395480769230769,0.3399957875393836,-0.0004477106163066,,,250,208,243,242,0.896,0.9807692307692308
DDR2,10min,690-3000,size,time_k2,0.3464807692307692,0.3478765525504399,-0.0013957833196707,,,250,208,243,242,0.896,0.9807692307692308
DDR2,10min,690-3000,size,time_k4,0.349576923076923,0.3498282746854467,-0.0002513516085236,,,250,208,243,242,0.896,0.9807692307692308
DDR2,10min,690-3000,size,mol_auc,0.7004807692307692,0.7048607585524239,-0.0043799893216547,,,250,208,243,242,0.896,0.9807692307692308
DDR2,10min,690-3000,size,au_auc,0.7027307692307693,0.7064204134969395,-0.0036896442661702,,,250,208,243,242,0.896,0.9807692307692308
DDR2,10min,690-3000,baseMol,mol_peak,0.7025192307692307,0.7145469311374155,-0.0120277003681847,,,250,208,243,242,0.896,0.9807692307692308
DDR2,10min,690-3000,baseMol,au_peak,0.7046153846153846,0.7172095169287539,-0.0125941323133692,,,250,208,243,242,0.896,0.9807692307692308
DDR2,10min,690-3000,baseMol,time_k3,0.3395480769230769,0.3466033039395363,-0.0070552270164594,,,250,208,243,242,0.896,0.9807692307692308
DDR2,20min,100-275,size,mol_peak,0.817420049200492,0.8159102742604496,0.0015097749400424,,,271,240,225,169,0.4280442804428044,0.8416666666666667
DDR2,20min,100-275,size,au_peak,0.8183425584255842,0.8155801607730329,0.0027623976525513,,,271,240,225,169,0.4280442804428044,0.8416666666666667
DDR2,20min,100-275,size,time_k3,0.2807349323493235,0.2834350026881691,-0.0027000703388456,,,271,240,225,169,0.4280442804428044,0.8416666666666667
DDR2,20min,100-275,size,time_k2,0.2976245387453874,0.3028766063306391,-0.0052520675852516,,,271,240,225,169,0.4280442804428044,0.8416666666666667
DDR2,20min,100-275,size,time_k4,0.269580258302583,0.272214661745295,-0.0026344034427119,,,271,240,225,169,0.4280442804428044,0.8416666666666667
DDR2,20min,100-275,size,mol_auc,0.8151752767527676,0.8137217892049508,0.0014534875478168,,,271,240,225,169,0.4280442804428044,0.8416666666666667
DDR2,20min,100-275,size,au_auc,0.8155442804428045,0.8137195831174662,0.0018246973253382,,,271,240,225,169,0.4280442804428044,0.8416666666666667
DDR2,20min,100-275,baseMol,mol_peak,0.817420049200492,0.8150381141986706,0.0023819350018214,,,271,240,225,169,0.4280442804428044,0.8416666666666667
DDR2,20min,100-275,baseMol,au_peak,0.8183425584255842,0.8164239650228554,0.0019185934027288,,,271,240,225,169,0.4280442804428044,0.8416666666666667
DDR2,20min,100-275,baseMol,time_k3,0.2807349323493235,0.2488658445331442,0.0318690878161793,,,271,240,225,169,0.4280442804428044,0.8416666666666667
DDR2,20min,275-690,size,mol_peak,0.7756532485875707,0.7802314804923047,-0.004578231904734,,,240,236,169,217,0.8416666666666667,0.9830508474576272
DDR2,20min,275-690,size,au_peak,0.780031779661017,0.7857548002240229,-0.0057230205630058,,,240,236,169,217,0.8416666666666667,0.9830508474576272
DDR2,20min,275-690,size,time_k3,0.3100812146892655,0.3067989539103258,0.0032822607789396,,,240,236,169,217,0.8416666666666667,0.9830508474576272
DDR2,20min,275-690,size,time_k2,0.3345956920903954,0.3321575885184388,0.0024381035719566,,,240,236,169,217,0.8416666666666667,0.9830508474576272
DDR2,20min,275-690,size,time_k4,0.3101341807909604,0.3066717492741228,0.0034624315168376,,,240,236,169,217,0.8416666666666667,0.9830508474576272
DDR2,20min,275-690,size,mol_auc,0.7694385593220339,0.7733580058632223,-0.0039194465411884,,,240,236,169,217,0.8416666666666667,0.9830508474576272
DDR2,20min,275-690,size,au_auc,0.7713453389830508,0.7776505182543262,-0.0063051792712753,,,240,236,169,217,0.8416666666666667,0.9830508474576272
DDR2,20min,275-690,baseMol,mol_peak,0.7756532485875707,0.7776356550077419,-0.0019824064201712,,,240,236,169,217,0.8416666666666667,0.9830508474576272
DDR2,20min,275-690,baseMol,au_peak,0.780031779661017,0.7808500454712871,-0.0008182658102701,,,240,236,169,217,0.8416666666666667,0.9830508474576272
DDR2,20min,275-690,baseMol,time_k3,0.3100812146892655,0.3268554747883159,-0.0167742600990504,,,240,236,169,217,0.8416666666666667,0.9830508474576272
DDR2,20min,690-3000,size,mol_peak,0.7323514892216554,0.7292521722275129,0.0030993169941424,,,236,206,217,274,0.9830508474576272,1.0
DDR2,20min,690-3000,size,au_peak,0.7443845647523449,0.7303971425548553,0.0139874221974896,,,236,206,217,274,0.9830508474576272,1.0
DDR2,20min,690-3000,size,time_k3,0.3674407602435412,0.3751283852011841,-0.0076876249576429,,,236,206,217,274,0.9830508474576272,1.0
DDR2,20min,690-3000,size,time_k2,0.3759770445943722,0.384261335123794,-0.0082842905294218,,,236,206,217,274,0.9830508474576272,1.0
DDR2,20min,690-3000,size,time_k4,0.362473259832154,0.3713673890925835,-0.0088941292604295,,,236,206,217,274,0.9830508474576272,1.0
DDR2,20min,690-3000,size,mol_auc,0.7301299983544512,0.7280214307495614,0.0021085676048898,,,236,206,217,274,0.9830508474576272,1.0
DDR2,20min,690-3000,size,au_auc,0.7436440677966102,0.7290810790054468,0.0145629887911633,,,236,206,217,274,0.9830508474576272,1.0
DDR2,20min,690-3000,baseMol,mol_peak,0.7323514892216554,0.7298663900988225,0.0024850991228329,,,236,206,217,274,0.9830508474576272,1.0
DDR2,20min,690-3000,baseMol,au_peak,0.7443845647523449,0.7426772061001787,0.0017073586521662,,,236,206,217,274,0.9830508474576272,1.0
DDR2,20min,690-3000,baseMol,time_k3,0.3674407602435412,0.3130058648630341,0.0544348953805071,,,236,206,217,274,0.9830508474576272,1.0
DDR2,30min,100-275,size,mol_peak,0.8616968800098656,0.8664416863236523,-0.0047448063137867,,,159,204,225,312,0.5786163522012578,0.9705882352941176
DDR2,30min,100-275,size,au_peak,0.856147490442718,0.864796949481547,-0.0086494590388289,,,159,204,225,312,0.5786163522012578,0.9705882352941176
DDR2,30min,100-275,size,time_k3,0.2980330496978666,0.2882438978563732,0.0097891518414933,,,159,204,225,312,0.5786163522012578,0.9705882352941176
DDR2,30min,100-275,size,time_k2,0.2999445061043285,0.2864164118416686,0.0135280942626598,,,159,204,225,312,0.5786163522012578,0.9705882352941176
DDR2,30min,100-275,size,time_k4,0.2869496855345912,0.2770546829722174,0.0098950025623738,,,159,204,225,312,0.5786163522012578,0.9705882352941176
DDR2,30min,100-275,size,mol_auc,0.8646873843877173,0.8666124068882302,-0.0019250225005128,,,159,204,225,312,0.5786163522012578,0.9705882352941176
DDR2,30min,100-275,size,au_auc,0.8586447157479344,0.8659676049628203,-0.0073228892148858,,,159,204,225,312,0.5786163522012578,0.9705882352941176
DDR2,30min,100-275,baseMol,mol_peak,0.8616968800098656,0.8550281467205183,0.0066687332893472,,,159,204,225,312,0.5786163522012578,0.9705882352941176
DDR2,30min,100-275,baseMol,au_peak,0.856147490442718,0.8498940763176718,0.0062534141250462,,,159,204,225,312,0.5786163522012578,0.9705882352941176
DDR2,30min,100-275,baseMol,time_k3,0.2980330496978666,0.2725447174005382,0.0254883322973283,,,159,204,225,312,0.5786163522012578,0.9705882352941176
DDR2,30min,275-690,size,mol_peak,0.887483660130719,0.8859523894098702,0.0015312707208487,,,204,150,312,288,0.9705882352941176,1.0
DDR2,30min,275-690,size,au_peak,0.8903921568627451,0.8900871262353572,0.0003050306273878,,,204,150,312,288,0.9705882352941176,1.0
DDR2,30min,275-690,size,time_k3,0.4119281045751634,0.4106894763742856,0.0012386282008777,,,204,150,312,288,0.9705882352941176,1.0
DDR2,30min,275-690,size,time_k2,0.4375816993464052,0.436000072029617,0.0015816273167881,,,204,150,312,288,0.9705882352941176,1.0
DDR2,30min,275-690,size,time_k4,0.3761274509803921,0.3735190562738783,0.0026083947065138,,,204,150,312,288,0.9705882352941176,1.0
DDR2,30min,275-690,size,mol_auc,0.8833333333333333,0.8822534613684443,0.001079871964889,,,204,150,312,288,0.9705882352941176,1.0
DDR2,30min,275-690,size,au_auc,0.8854248366013072,0.8856888991506425,-0.0002640625493353,,,204,150,312,288,0.9705882352941176,1.0
DDR2,30min,275-690,baseMol,mol_peak,0.887483660130719,0.8886030733601332,-0.0011194132294142,,,204,150,312,288,0.9705882352941176,1.0
DDR2,30min,275-690,baseMol,au_peak,0.8903921568627451,0.8926338303984696,-0.0022416735357244,,,204,150,312,288,0.9705882352941176,1.0
DDR2,30min,275-690,baseMol,time_k3,0.4119281045751634,0.3968884958343844,0.0150396087407789,,,204,150,312,288,0.9705882352941176,1.0
DDR2,30min,690-3000,size,mol_peak,0.6706018518518518,0.6853226342240792,-0.0147207823722274,,,150,144,288,295,1.0,1.0
DDR2,30min,690-3000,size,au_peak,0.6949537037037037,0.6952184229145165,-0.0002647192108128,,,150,144,288,295,1.0,1.0
DDR2,30min,690-3000,size,time_k3,0.483449074074074,0.4834360122831895,1.3061790884560942e-05,,,150,144,288,295,1.0,1.0
DDR2,30min,690-3000,size,time_k2,0.5142361111111111,0.5128161790658856,0.0014199320452255,,,150,144,288,295,1.0,1.0
DDR2,30min,690-3000,size,time_k4,0.4761111111111111,0.4755339167367656,0.0005771943743454,,,150,144,288,295,1.0,1.0
DDR2,30min,690-3000,size,mol_auc,0.6641666666666667,0.6817017141085978,-0.0175350474419311,,,150,144,288,295,1.0,1.0
DDR2,30min,690-3000,size,au_auc,0.6882870370370371,0.6906219787060573,-0.0023349416690202,,,150,144,288,295,1.0,1.0
DDR2,30min,690-3000,baseMol,mol_peak,0.6706018518518518,0.6623599113360705,0.0082419405157813,,,150,144,288,295,1.0,1.0
DDR2,30min,690-3000,baseMol,au_peak,0.6949537037037037,0.6914919021032814,0.0034618016004223,,,150,144,288,295,1.0,1.0
DDR2,30min,690-3000,baseMol,time_k3,0.483449074074074,0.4323246789478324,0.0511243951262416,,,150,144,288,295,1.0,1.0
DDR2,40min,100-275,size,mol_peak,0.8840609449545991,0.8798021463718605,0.0042587985827385,,,193,101,298,134,0.9533678756476685,0.99009900990099
DDR2,40min,100-275,size,au_peak,0.8820089262812292,0.8793990869404072,0.0026098393408219,,,193,101,298,134,0.9533678756476685,0.99009900990099
DDR2,40min,100-275,size,time_k3,0.553942440876212,0.5606104895405157,-0.0066680486643037,,,193,101,298,134,0.9533678756476685,0.99009900990099
DDR2,40min,100-275,size,time_k2,0.584953573077515,0.5922636605552011,-0.007310087477686,,,193,101,298,134,0.9533678756476685,0.99009900990099
DDR2,40min,100-275,size,time_k4,0.498563586928641,0.5006429569815685,-0.0020793700529274,,,193,101,298,134,0.9533678756476685,0.99009900990099
DDR2,40min,100-275,size,mol_auc,0.8814446211460524,0.8778596854693452,0.0035849356767071,,,193,101,298,134,0.9533678756476685,0.99009900990099
DDR2,40min,100-275,size,au_auc,0.879084799671677,0.877143629072572,0.0019411705991049,,,193,101,298,134,0.9533678756476685,0.99009900990099
DDR2,40min,100-275,baseMol,mol_peak,0.8840609449545991,0.8898372664518006,-0.0057763214972015,,,193,101,298,134,0.9533678756476685,0.99009900990099
DDR2,40min,100-275,baseMol,au_peak,0.8820089262812292,0.887066592384261,-0.0050576661030318,,,193,101,298,134,0.9533678756476685,0.99009900990099
DDR2,40min,100-275,baseMol,time_k3,0.553942440876212,0.484313477290211,0.0696289635860009,,,193,101,298,134,0.9533678756476685,0.99009900990099
DDR2,40min,275-690,size,mol_peak,0.8467631378522468,0.8496858110135594,-0.0029226731613126,,,101,130,134,195,0.99009900990099,1.0
DDR2,40min,275-690,size,au_peak,0.8648895658796649,0.8603215592873833,0.0045680065922816,,,101,130,134,195,0.99009900990099,1.0
DDR2,40min,275-690,size,time_k3,0.509025133282559,0.5049554683200617,0.0040696649624973,,,101,130,134,195,0.99009900990099,1.0
DDR2,40min,275-690,size,time_k2,0.5403655750190404,0.5428721070392062,-0.0025065320201658,,,101,130,134,195,0.99009900990099,1.0
DDR2,40min,275-690,size,time_k4,0.4790936785986291,0.4778773788244468,0.0012162997741823,,,101,130,134,195,0.99009900990099,1.0
DDR2,40min,275-690,size,mol_auc,0.8563594821020564,0.8601040196970214,-0.003744537594965,,,101,130,134,195,0.99009900990099,1.0
DDR2,40min,275-690,size,au_auc,0.8665651180502666,0.8635774750423724,0.0029876430078942,,,101,130,134,195,0.99009900990099,1.0
DDR2,40min,275-690,baseMol,mol_peak,0.8467631378522468,0.8418199370052396,0.0049432008470071,,,101,130,134,195,0.99009900990099,1.0
DDR2,40min,275-690,baseMol,au_peak,0.8648895658796649,0.8593049977275508,0.0055845681521141,,,101,130,134,195,0.99009900990099,1.0
DDR2,40min,275-690,baseMol,time_k3,0.509025133282559,0.3767524160104141,0.1322727172721449,,,101,130,134,195,0.99009900990099,1.0
DDR2,40min,690-3000,size,mol_peak,0.6127579737335835,0.620526423532376,-0.0077684497987924,,,130,123,195,327,1.0,1.0
DDR2,40min,690-3000,size,au_peak,0.6272045028142589,0.6301632968002014,-0.0029587939859425,,,130,123,195,327,1.0,1.0
DDR2,40min,690-3000,size,time_k3,0.3366479049405879,0.330473828420257,0.0061740765203308,,,130,123,195,327,1.0,1.0
DDR2,40min,690-3000,size,time_k2,0.3053158223889931,0.296709341143865,0.0086064812451281,,,130,123,195,327,1.0,1.0
DDR2,40min,690-3000,size,time_k4,0.3416197623514697,0.3353606859410431,0.0062590764104265,,,130,123,195,327,1.0,1.0
DDR2,40min,690-3000,size,mol_auc,0.6100062539086929,0.6202114827412447,-0.0102052288325518,,,130,123,195,327,1.0,1.0
DDR2,40min,690-3000,size,au_auc,0.625328330206379,0.6298700869236583,-0.0045417567172792,,,130,123,195,327,1.0,1.0
DDR2,40min,690-3000,baseMol,mol_peak,0.6127579737335835,0.632561250543242,-0.0198032768096584,,,130,123,195,327,1.0,1.0
DDR2,40min,690-3000,baseMol,au_peak,0.6272045028142589,0.6392736853541939,-0.012069182539935,,,130,123,195,327,1.0,1.0
DDR2,40min,690-3000,baseMol,time_k3,0.3366479049405879,0.4185306660147762,-0.0818827610741883,,,130,123,195,327,1.0,1.0
DDR2,50min,100-275,size,mol_peak,0.8796264417283526,0.8843565230371827,-0.0047300813088301,,,157,148,168,191,0.8853503184713376,1.0
DDR2,50min,100-275,size,au_peak,0.873687381649165,0.8843468065121773,-0.0106594248630123,,,157,148,168,191,0.8853503184713376,1.0
DDR2,50min,100-275,size,time_k3,0.4252237906696505,0.426126015065557,-0.0009022243959064,,,157,148,168,191,0.8853503184713376,1.0
DDR2,50min,100-275,size,time_k2,0.4489585126527802,0.4539851365090634,-0.0050266238562832,,,157,148,168,191,0.8853503184713376,1.0
DDR2,50min,100-275,size,time_k4,0.4151316922017559,0.41636659113059,-0.0012348989288341,,,157,148,168,191,0.8853503184713376,1.0
DDR2,50min,100-275,size,mol_auc,0.8763556550180754,0.8794951757736355,-0.00313952075556,,,157,148,168,191,0.8853503184713376,1.0
DDR2,50min,100-275,size,au_auc,0.8683508349113445,0.8768944205034299,-0.0085435855920854,,,157,148,168,191,0.8853503184713376,1.0
DDR2,50min,100-275,baseMol,mol_peak,0.8796264417283526,0.869150714568726,0.0104757271596266,,,157,148,168,191,0.8853503184713376,1.0
DDR2,50min,100-275,baseMol,au_peak,0.873687381649165,0.861620583176463,0.012066798472702,,,157,148,168,191,0.8853503184713376,1.0
DDR2,50min,100-275,baseMol,time_k3,0.4252237906696505,0.3561367817602818,0.0690870089093687,,,157,148,168,191,0.8853503184713376,1.0
DDR2,50min,275-690,size,mol_peak,0.7209323417377108,0.7521859766089994,-0.0312536348712886,,,148,149,191,196,1.0,1.0
DDR2,50min,275-690,size,au_peak,0.7646471975331036,0.771452506380736,-0.0068053088476324,,,148,149,191,196,1.0,1.0
DDR2,50min,275-690,size,time_k3,0.3233947034282605,0.3163408998513136,0.0070538035769469,,,148,149,191,196,1.0,1.0
DDR2,50min,275-690,size,time_k2,0.3472020678396517,0.3395199786453656,0.0076820891942861,,,148,149,191,196,1.0,1.0
DDR2,50min,275-690,size,time_k4,0.31067476872846,0.3035692489745403,0.0071055197539197,,,148,149,191,196,1.0,1.0
DDR2,50min,275-690,size,mol_auc,0.7241520043533466,0.7591676755763443,-0.0350156712229977,,,148,149,191,196,1.0,1.0
DDR2,50min,275-690,size,au_auc,0.7634228187919463,0.7745908551425017,-0.0111680363505554,,,148,149,191,196,1.0,1.0
DDR2,50min,275-690,baseMol,mol_peak,0.7209323417377108,0.7239095055042712,-0.0029771637665604,,,148,149,191,196,1.0,1.0
DDR2,50min,275-690,baseMol,au_peak,0.7646471975331036,0.7683315460995668,-0.0036843485664631,,,148,149,191,196,1.0,1.0
DDR2,50min,275-690,baseMol,time_k3,0.3233947034282605,0.3683002774370335,-0.0449055740087729,,,148,149,191,196,1.0,1.0
DDR2,50min,690-3000,size,mol_peak,0.5748699942219654,0.5454366123525117,0.0294333818694536,,,149,151,196,159,1.0,0.9933774834437086
DDR2,50min,690-3000,size,au_peak,0.5509133739277301,0.5389737075340112,0.0119396663937189,,,149,151,196,159,1.0,0.9933774834437086
DDR2,50min,690-3000,size,time_k3,0.4738877283434819,0.4774410983456094,-0.0035533700021274,,,149,151,196,159,1.0,0.9933774834437086
DDR2,50min,690-3000,size,time_k2,0.4875772256544735,0.490800856201846,-0.0032236305473724,,,149,151,196,159,1.0,0.9933774834437086
DDR2,50min,690-3000,size,time_k4,0.4679763545046446,0.4739112038794511,-0.0059348493748064,,,149,151,196,159,1.0,0.9933774834437086
DDR2,50min,690-3000,size,mol_auc,0.5811813858393706,0.552284026172235,0.0288973596671355,,,149,151,196,159,1.0,0.9933774834437086
DDR2,50min,690-3000,size,au_auc,0.5620249788879506,0.549817978267768,0.0122070006201825,,,149,151,196,159,1.0,0.9933774834437086
DDR2,50min,690-3000,baseMol,mol_peak,0.5748699942219654,0.5695001672554477,0.0053698269665176,,,149,151,196,159,1.0,0.9933774834437086
DDR2,50min,690-3000,baseMol,au_peak,0.5509133739277301,0.544378061675627,0.0065353122521031,,,149,151,196,159,1.0,0.9933774834437086
DDR2,50min,690-3000,baseMol,time_k3,0.4738877283434819,0.4555083374176648,0.0183793909258171,,,149,151,196,159,1.0,0.9933774834437086
HXK1,10min,100-275,size,mol_peak,0.7206395348837209,0.7402311654471531,-0.0195916305634321,,,172,210,226,223,0.7093023255813954,0.8952380952380953
HXK1,10min,100-275,size,au_peak,0.7278931339977852,0.7387220567825938,-0.0108289227848086,,,172,210,226,223,0.7093023255813954,0.8952380952380953
HXK1,10min,100-275,size,time_k3,0.3866002214839424,0.3846162245646514,0.0019839969192909,,,172,210,226,223,0.7093023255813954,0.8952380952380953
HXK1,10min,100-275,size,time_k2,0.3748200442967885,0.3733482127439535,0.0014718315528349,,,172,210,226,223,0.7093023255813954,0.8952380952380953
HXK1,10min,100-275,size,time_k4,0.3883582502768549,0.3868562198282873,0.0015020304485676,,,172,210,226,223,0.7093023255813954,0.8952380952380953
HXK1,10min,100-275,size,mol_auc,0.7299695459579181,0.7449864130410212,-0.0150168670831031,,,172,210,226,223,0.7093023255813954,0.8952380952380953
HXK1,10min,100-275,size,au_auc,0.7352021040974529,0.7445780434278481,-0.0093759393303951,,,172,210,226,223,0.7093023255813954,0.8952380952380953
HXK1,10min,100-275,baseMol,mol_peak,0.7206395348837209,0.7213212165514796,-0.0006816816677587,,,172,210,226,223,0.7093023255813954,0.8952380952380953
HXK1,10min,100-275,baseMol,au_peak,0.7278931339977852,0.7275207989894522,0.000372335008333,,,172,210,226,223,0.7093023255813954,0.8952380952380953
HXK1,10min,100-275,baseMol,time_k3,0.3866002214839424,0.4040016345453652,-0.0174014130614227,,,172,210,226,223,0.7093023255813954,0.8952380952380953
HXK1,10min,275-690,size,mol_peak,0.8139455782312925,0.8330835260629782,-0.0191379478316856,,,210,140,223,182,0.8952380952380953,0.9785714285714284
HXK1,10min,275-690,size,au_peak,0.8280952380952381,0.8374744262586727,-0.0093791881634346,,,210,140,223,182,0.8952380952380953,0.9785714285714284
HXK1,10min,275-690,size,time_k3,0.3920068027210884,0.3967292790922928,-0.0047224763712043,,,210,140,223,182,0.8952380952380953,0.9785714285714284
HXK1,10min,275-690,size,time_k2,0.4327721088435374,0.4358053381169819,-0.0030332292734445,,,210,140,223,182,0.8952380952380953,0.9785714285714284
HXK1,10min,275-690,size,time_k4,0.3686904761904762,0.371262589199233,-0.0025721130087568,,,210,140,223,182,0.8952380952380953,0.9785714285714284
HXK1,10min,275-690,size,mol_auc,0.8036394557823129,0.823588502441242,-0.0199490466589291,,,210,140,223,182,0.8952380952380953,0.9785714285714284
HXK1,10min,275-690,size,au_auc,0.8160544217687075,0.8244245290478167,-0.0083701072791092,,,210,140,223,182,0.8952380952380953,0.9785714285714284
HXK1,10min,275-690,baseMol,mol_peak,0.8139455782312925,0.8062150560308338,0.0077305222004587,,,210,140,223,182,0.8952380952380953,0.9785714285714284
HXK1,10min,275-690,baseMol,au_peak,0.8280952380952381,0.8282768127710226,-0.0001815746757845,,,210,140,223,182,0.8952380952380953,0.9785714285714284
HXK1,10min,275-690,baseMol,time_k3,0.3920068027210884,0.3091030726165739,0.0829037301045145,,,210,140,223,182,0.8952380952380953,0.9785714285714284
HXK1,10min,690-3000,size,mol_peak,0.6669047619047619,0.6597667029774873,0.0071380589272745,,,140,60,182,174,0.9785714285714284,1.0
HXK1,10min,690-3000,size,au_peak,0.6786904761904762,0.6661707646021372,0.0125197115883389,,,140,60,182,174,0.9785714285714284,1.0
HXK1,10min,690-3000,size,time_k3,0.3778571428571428,0.3681495746446726,0.0097075682124702,,,140,60,182,174,0.9785714285714284,1.0
HXK1,10min,690-3000,size,time_k2,0.3543452380952381,0.3515056022408964,0.0028396358543417,,,140,60,182,174,0.9785714285714284,1.0
HXK1,10min,690-3000,size,time_k4,0.3798809523809524,0.3731747976968565,0.0067061546840958,,,140,60,182,174,0.9785714285714284,1.0
HXK1,10min,690-3000,size,mol_auc,0.6603571428571429,0.6537981118373275,0.0065590310198153,,,140,60,182,174,0.9785714285714284,1.0
HXK1,10min,690-3000,size,au_auc,0.6645238095238095,0.6537238043365494,0.01080000518726,,,140,60,182,174,0.9785714285714284,1.0
HXK1,10min,690-3000,baseMol,mol_peak,0.6669047619047619,0.6672562024072709,-0.000351440502509,,,140,60,182,174,0.9785714285714284,1.0
HXK1,10min,690-3000,baseMol,au_peak,0.6786904761904762,0.6747813366319262,0.0039091395585499,,,140,60,182,174,0.9785714285714284,1.0
HXK1,10min,690-3000,baseMol,time_k3,0.3778571428571428,0.5359014764712074,-0.1580443336140646,,,140,60,182,174,0.9785714285714284,1.0
HXK1,20min,100-275,size,mol_peak,0.7204684870528202,0.714294795519736,0.0061736915330842,,,218,169,164,264,0.8348623853211009,0.9526627218934912
HXK1,20min,100-275,size,au_peak,0.7232099234569241,0.715879456654973,0.0073304668019511,,,218,169,164,264,0.8348623853211009,0.9526627218934912
HXK1,20min,100-275,size,time_k3,0.3659953314152326,0.36959879555656,-0.0036034641413274,,,218,169,164,264,0.8348623853211009,0.9526627218934912
HXK1,20min,100-275,size,time_k2,0.3655203300580859,0.3693664877611062,-0.0038461577030203,,,218,169,164,264,0.8348623853211009,0.9526627218934912
HXK1,20min,100-275,size,time_k4,0.3454074154497584,0.3481397048641461,-0.0027322894143876,,,218,169,164,264,0.8348623853211009,0.9526627218934912
HXK1,20min,100-275,size,mol_auc,0.717428478367081,0.7098728620007105,0.0075556163663704,,,218,169,164,264,0.8348623853211009,0.9526627218934912
HXK1,20min,100-275,size,au_auc,0.719057054448727,0.7135112040583289,0.0055458503903981,,,218,169,164,264,0.8348623853211009,0.9526627218934912
HXK1,20min,100-275,baseMol,mol_peak,0.7204684870528202,0.7246565257645031,-0.0041880387116829,,,218,169,164,264,0.8348623853211009,0.9526627218934912
HXK1,20min,100-275,baseMol,au_peak,0.7232099234569241,0.727726555634157,-0.0045166321772328,,,218,169,164,264,0.8348623853211009,0.9526627218934912
HXK1,20min,100-275,baseMol,time_k3,0.3659953314152326,0.3824898200704003,-0.0164944886551676,,,218,169,164,264,0.8348623853211009,0.9526627218934912
HXK1,20min,275-690,size,mol_peak,0.8222934472934473,0.8498389405688463,-0.027545493275399,,,169,216,264,298,0.9526627218934912,0.9907407407407408
HXK1,20min,275-690,size,au_peak,0.8434418145956607,0.8526267640545413,-0.0091849494588805,,,169,216,264,298,0.9526627218934912,0.9907407407407408
HXK1,20min,275-690,size,time_k3,0.3767395353933815,0.3717360268760777,0.0050035085173038,,,169,216,264,298,0.9526627218934912,0.9907407407407408
HXK1,20min,275-690,size,time_k2,0.4122698882314267,0.4046145645696901,0.0076553236617366,,,169,216,264,298,0.9526627218934912,0.9907407407407408
HXK1,20min,275-690,size,time_k4,0.3765066841989919,0.3677615012095579,0.0087451829894339,,,169,216,264,298,0.9526627218934912,0.9907407407407408
HXK1,20min,275-690,size,mol_auc,0.8211976769669077,0.8497519217655828,-0.028554244798675,,,169,216,264,298,0.9526627218934912,0.9907407407407408
HXK1,20min,275-690,size,au_auc,0.8420173131711594,0.8506511306124777,-0.0086338174413183,,,169,216,264,298,0.9526627218934912,0.9907407407407408
HXK1,20min,275-690,baseMol,mol_peak,0.8222934472934473,0.8166286348187112,0.0056648124747361,,,169,216,264,298,0.9526627218934912,0.9907407407407408
HXK1,20min,275-690,baseMol,au_peak,0.8434418145956607,0.839175507925943,0.0042663066697177,,,169,216,264,298,0.9526627218934912,0.9907407407407408
HXK1,20min,275-690,baseMol,time_k3,0.3767395353933815,0.3316909315488054,0.045048603844576,,,169,216,264,298,0.9526627218934912,0.9907407407407408
HXK1,20min,690-3000,size,mol_peak,0.6193415637860082,0.6225396527479861,-0.0031980889619778,,,216,90,298,132,0.9907407407407408,1.0
HXK1,20min,690-3000,size,au_peak,0.6375514403292181,0.6343817031317033,0.0031697371975147,,,216,90,298,132,0.9907407407407408,1.0
HXK1,20min,690-3000,size,time_k3,0.3382716049382716,0.3371495751704085,0.0011220297678631,,,216,90,298,132,0.9907407407407408,1.0
HXK1,20min,690-3000,size,time_k2,0.3624228395061728,0.3617126054626055,0.0007102340435673,,,216,90,298,132,0.9907407407407408,1.0
HXK1,20min,690-3000,size,time_k4,0.3196502057613168,0.3191209811001478,0.000529224661169,,,216,90,298,132,0.9907407407407408,1.0
HXK1,20min,690-3000,size,mol_auc,0.6135802469135803,0.6200168918918919,-0.0064366449783116,,,216,90,298,132,0.9907407407407408,1.0
HXK1,20min,690-3000,size,au_auc,0.6310699588477366,0.6302720875637543,0.0007978712839823,,,216,90,298,132,0.9907407407407408,1.0
HXK1,20min,690-3000,baseMol,mol_peak,0.6193415637860082,0.6252122872410616,-0.0058707234550533,,,216,90,298,132,0.9907407407407408,1.0
HXK1,20min,690-3000,baseMol,au_peak,0.6375514403292181,0.6347003755930485,0.0028510647361695,,,216,90,298,132,0.9907407407407408,1.0
HXK1,20min,690-3000,baseMol,time_k3,0.3382716049382716,0.3882900571261829,-0.0500184521879112,,,216,90,298,132,0.9907407407407408,1.0
HXK1,30min,100-275,size,mol_peak,0.7713278555487929,0.7741811190087052,-0.0028532634599123,,,248,159,273,204,0.9475806451612904,0.9937106918238994
HXK1,30min,100-275,size,au_peak,0.7750557922499492,0.7746524747602334,0.0004033174897158,,,248,159,273,204,0.9475806451612904,0.9937106918238994
HXK1,30min,100-275,size,time_k3,0.3840916007303713,0.382703618021506,0.0013879827088653,,,248,159,273,204,0.9475806451612904,0.9937106918238994
HXK1,30min,100-275,size,time_k2,0.4214343680259687,0.4197543127769421,0.0016800552490266,,,248,159,273,204,0.9475806451612904,0.9937106918238994
HXK1,30min,100-275,size,time_k4,0.3607729762629336,0.3606772757096033,9.570055333035787e-05,,,248,159,273,204,0.9475806451612904,0.9937106918238994
HXK1,30min,100-275,size,mol_auc,0.7657993507810915,0.7687442685826307,-0.0029449178015391,,,248,159,273,204,0.9475806451612904,0.9937106918238994
HXK1,30min,100-275,size,au_auc,0.7729255427064313,0.773124779913573,-0.0001992372071416,,,248,159,273,204,0.9475806451612904,0.9937106918238994
HXK1,30min,100-275,baseMol,mol_peak,0.7713278555487929,0.7712179745453213,0.0001098810034716,,,248,159,273,204,0.9475806451612904,0.9937106918238994
HXK1,30min,100-275,baseMol,au_peak,0.7750557922499492,0.7766409884106245,-0.0015851961606752,,,248,159,273,204,0.9475806451612904,0.9937106918238994
HXK1,30min,100-275,baseMol,time_k3,0.3840916007303713,0.3620526942725218,0.0220389064578495,,,248,159,273,204,0.9475806451612904,0.9937106918238994
HXK1,30min,275-690,size,mol_peak,0.7323625922887613,0.7723694144837143,-0.0400068221949529,,,159,184,204,360,0.9937106918238994,1.0
HXK1,30min,275-690,size,au_peak,0.7814465408805031,0.7917710547240709,-0.0103245138435678,,,159,184,204,360,0.9937106918238994,1.0
HXK1,30min,275-690,size,time_k3,0.429604183757178,0.4225408914583921,0.0070632922987859,,,159,184,204,360,0.9937106918238994,1.0
HXK1,30min,275-690,size,time_k2,0.4386963357943669,0.4338147456828713,0.0048815901114955,,,159,184,204,360,0.9937106918238994,1.0
HXK1,30min,275-690,size,time_k4,0.4101551818430407,0.4030120781713937,0.007143103671647,,,159,184,204,360,0.9937106918238994,1.0
HXK1,30min,275-690,size,mol_auc,0.7334563850150396,0.7755231713969925,-0.0420667863819528,,,159,184,204,360,0.9937106918238994,1.0
HXK1,30min,275-690,size,au_auc,0.7792931364506426,0.7902533564242812,-0.0109602199736386,,,159,184,204,360,0.9937106918238994,1.0
HXK1,30min,275-690,baseMol,mol_peak,0.7323625922887613,0.7395947311272827,-0.0072321388385213,,,159,184,204,360,0.9937106918238994,1.0
HXK1,30min,275-690,baseMol,au_peak,0.7814465408805031,0.7885521530241365,-0.0071056121436333,,,159,184,204,360,0.9937106918238994,1.0
HXK1,30min,275-690,baseMol,time_k3,0.429604183757178,0.4692682178903549,-0.0396640341331769,,,159,184,204,360,0.9937106918238994,1.0
HXK1,30min,690-3000,size,mol_peak,0.5890269151138716,0.5808663977306219,0.0081605173832497,,,184,84,360,188,1.0,1.0
HXK1,30min,690-3000,size,au_peak,0.5971790890269151,0.5909883399646331,0.006190749062282,,,184,84,360,188,1.0,1.0
HXK1,30min,690-3000,size,time_k3,0.3293219461697723,0.3311574381078692,-0.0018354919380969,,,184,84,360,188,1.0,1.0
HXK1,30min,690-3000,size,time_k2,0.3227225672877847,0.3253281111847922,-0.0026055438970075,,,184,84,360,188,1.0,1.0
HXK1,30min,690-3000,size,time_k4,0.3535843685300207,0.3554001344680224,-0.0018157659380017,,,184,84,360,188,1.0,1.0
HXK1,30min,690-3000,size,mol_auc,0.5733695652173914,0.5613768236074271,0.0119927416099642,,,184,84,360,188,1.0,1.0
HXK1,30min,690-3000,size,au_auc,0.5855331262939959,0.58125230253463,0.0042808237593658,,,184,84,360,188,1.0,1.0
HXK1,30min,690-3000,baseMol,mol_peak,0.5890269151138716,0.6010298444724674,-0.0120029293585958,,,184,84,360,188,1.0,1.0
HXK1,30min,690-3000,baseMol,au_peak,0.5971790890269151,0.6045493304509698,-0.0073702414240547,,,184,84,360,188,1.0,1.0
HXK1,30min,690-3000,baseMol,time_k3,0.3293219461697723,0.2853514715399961,0.0439704746297761,,,184,84,360,188,1.0,1.0
HXK1,40min,100-275,size,mol_peak,0.8447368421052631,0.8681242035854974,-0.0233873614802342,,,120,76,279,299,0.9916666666666668,1.0
HXK1,40min,100-275,size,au_peak,0.856359649122807,0.8595808215426454,-0.0032211724198383,,,120,76,279,299,0.9916666666666668,1.0
HXK1,40min,100-275,size,time_k3,0.3621162280701754,0.3620499305547025,6.629751547293505e-05,,,120,76,279,299,0.9916666666666668,1.0
HXK1,40min,100-275,size,time_k2,0.353234649122807,0.3474735559677235,0.0057610931550834,,,120,76,279,299,0.9916666666666668,1.0
HXK1,40min,100-275,size,time_k4,0.3774122807017543,0.3758348857871658,0.0015773949145885,,,120,76,279,299,0.9916666666666668,1.0
HXK1,40min,100-275,size,mol_auc,0.8468201754385964,0.8742119016456238,-0.0273917262070273,,,120,76,279,299,0.9916666666666668,1.0
HXK1,40min,100-275,size,au_auc,0.862609649122807,0.8638671954790724,-0.0012575463562654,,,120,76,279,299,0.9916666666666668,1.0
HXK1,40min,100-275,baseMol,mol_peak,0.8447368421052631,0.8431620711620712,0.0015747709431919,,,120,76,279,299,0.9916666666666668,1.0
HXK1,40min,100-275,baseMol,au_peak,0.856359649122807,0.8518611196793016,0.0044985294435054,,,120,76,279,299,0.9916666666666668,1.0
HXK1,40min,100-275,baseMol,time_k3,0.3621162280701754,0.4203465248010702,-0.0582302967308948,,,120,76,279,299,0.9916666666666668,1.0
HXK1,40min,275-690,size,mol_peak,0.6636513157894737,0.7006637716095508,-0.0370124558200771,,,76,112,299,353,1.0,1.0
HXK1,40min,275-690,size,au_peak,0.7053571428571429,0.7217965740614494,-0.0164394312043064,,,76,112,299,353,1.0,1.0
HXK1,40min,275-690,size,time_k3,0.4819666353383459,0.4820737956127066,-0.0001071602743607,,,76,112,299,353,1.0,1.0
HXK1,40min,275-690,size,time_k2,0.5002349624060151,0.4976118319197098,0.0026231304863051,,,76,112,299,353,1.0,1.0
HXK1,40min,275-690,size,time_k4,0.45359492481203,0.4480392597020849,0.005555665109945,,,76,112,299,353,1.0,1.0
HXK1,40min,275-690,size,mol_auc,0.6500234962406015,0.6877439770066709,-0.0377204807660693,,,76,112,299,353,1.0,1.0
HXK1,40min,275-690,size,au_auc,0.6961936090225563,0.7091289702349539,-0.0129353612123975,,,76,112,299,353,1.0,1.0
HXK1,40min,275-690,baseMol,mol_peak,0.6636513157894737,0.6659882520040289,-0.0023369362145552,,,76,112,299,353,1.0,1.0
HXK1,40min,275-690,baseMol,au_peak,0.7053571428571429,0.708884302688697,-0.003527159831554,,,76,112,299,353,1.0,1.0
HXK1,40min,275-690,baseMol,time_k3,0.4819666353383459,0.4580395173930063,0.0239271179453395,,,76,112,299,353,1.0,1.0
HXK1,40min,690-3000,size,mol_peak,0.6375661375661376,0.6441171941171941,-0.0065510565510565,,,112,27,353,165,1.0,1.0
HXK1,40min,690-3000,size,au_peak,0.6190476190476191,0.6191787941787942,-0.0001311751311751,,,112,27,353,165,1.0,1.0
HXK1,40min,690-3000,size,time_k3,0.4017857142857143,0.388028413028413,0.0137573012573012,,,112,27,353,165,1.0,1.0
HXK1,40min,690-3000,size,time_k2,0.4566798941798942,0.4508219758219758,0.0058579183579183,,,112,27,353,165,1.0,1.0
HXK1,40min,690-3000,size,time_k4,0.3872354497354497,0.3741558866558866,0.013079563079563,,,112,27,353,165,1.0,1.0
HXK1,40min,690-3000,size,mol_auc,0.6359126984126984,0.6486082236082237,-0.0126955251955253,,,112,27,353,165,1.0,1.0
HXK1,40min,690-3000,size,au_auc,0.6276455026455027,0.6276064526064525,3.905003905013693e-05,,,112,27,353,165,1.0,1.0
HXK1,40min,690-3000,baseMol,mol_peak,0.6375661375661376,0.6692824403350719,-0.0317163027689343,,,112,27,353,165,1.0,1.0
HXK1,40min,690-3000,baseMol,au_peak,0.6190476190476191,0.639053527211422,-0.0200059081638028,,,112,27,353,165,1.0,1.0
HXK1,40min,690-3000,baseMol,time_k3,0.4017857142857143,0.3414901743849112,0.060295539900803,,,112,27,353,165,1.0,1.0
HXK1,50min,100-275,size,mol_peak,0.8016985007818009,0.8134337895109883,-0.0117352887291873,,,169,193,269,323,1.0,1.0
HXK1,50min,100-275,size,au_peak,0.8211975350277463,0.8250196533586306,-0.0038221183308843,,,169,193,269,323,1.0,1.0
HXK1,50min,100-275,size,time_k3,0.4730815219057546,0.4695552148345287,0.0035263070712259,,,169,193,269,323,1.0,1.0
HXK1,50min,100-275,size,time_k2,0.4875065150075114,0.4828206390285843,0.004685875978927,,,169,193,269,323,1.0,1.0
HXK1,50min,100-275,size,time_k4,0.4538737468191434,0.4500416571861923,0.003832089632951,,,169,193,269,323,1.0,1.0
HXK1,50min,100-275,size,mol_auc,0.8006560995799736,0.8126768123393218,-0.0120207127593481,,,169,193,269,323,1.0,1.0
HXK1,50min,100-275,size,au_auc,0.8174878131035963,0.8210414018380784,-0.003553588734482,,,169,193,269,323,1.0,1.0
HXK1,50min,100-275,baseMol,mol_peak,0.8016985007818009,0.8000040562839605,0.0016944444978403,,,169,193,269,323,1.0,1.0
HXK1,50min,100-275,baseMol,au_peak,0.8211975350277463,0.8186710486999562,0.00252648632779,,,169,193,269,323,1.0,1.0
HXK1,50min,100-275,baseMol,time_k3,0.4730815219057546,0.4426766070555943,0.0304049148501603,,,169,193,269,323,1.0,1.0
HXK1,50min,275-690,size,mol_peak,0.6477810317639108,0.6459192819357374,0.0018617498281733,,,193,184,323,455,1.0,1.0
HXK1,50min,275-690,size,au_peak,0.6591293084027934,0.6562132413582442,0.0029160670445491,,,193,184,323,455,1.0,1.0
HXK1,50min,275-690,size,time_k3,0.3464462716828114,0.3494304913633588,-0.0029842196805473,,,193,184,323,455,1.0,1.0
HXK1,50min,275-690,size,time_k2,0.3631026132011714,0.3663084920935098,-0.0032058788923383,,,193,184,323,455,1.0,1.0
HXK1,50min,275-690,size,time_k4,0.343475444920027,0.3464261127368526,-0.0029506678168256,,,193,184,323,455,1.0,1.0
HXK1,50min,275-690,size,mol_auc,0.656144401892318,0.6558518161324258,0.0002925857598922,,,193,184,323,455,1.0,1.0
HXK1,50min,275-690,size,au_auc,0.6710970939400766,0.6682809634356636,0.0028161305044129,,,193,184,323,455,1.0,1.0
HXK1,50min,275-690,baseMol,mol_peak,0.6477810317639108,0.6590785779264764,-0.0112975461625656,,,193,184,323,455,1.0,1.0
HXK1,50min,275-690,baseMol,au_peak,0.6591293084027934,0.6638496477344014,-0.0047203393316079,,,193,184,323,455,1.0,1.0
HXK1,50min,275-690,baseMol,time_k3,0.3464462716828114,0.4026997958968475,-0.056253524214036,,,193,184,323,455,1.0,1.0
HXK1,50min,690-3000,size,mol_peak,0.5438720856962823,0.5929587901645784,-0.0490867044682961,,,184,138,455,228,1.0,1.0
HXK1,50min,690-3000,size,au_peak,0.6031033396345306,0.6080537546879089,-0.0049504150533783,,,184,138,455,228,1.0,1.0
HXK1,50min,690-3000,size,time_k3,0.4872203843730309,0.4857613070876582,0.0014590772853726,,,184,138,455,228,1.0,1.0
HXK1,50min,690-3000,size,time_k2,0.5105938878386893,0.507079559510004,0.0035143283286852,,,184,138,455,228,1.0,1.0
HXK1,50min,690-3000,size,time_k4,0.4590225267800882,0.4584541487483604,0.0005683780317277,,,184,138,455,228,1.0,1.0
HXK1,50min,690-3000,size,mol_auc,0.5395793950850661,0.5912300841266304,-0.0516506890415642,,,184,138,455,228,1.0,1.0
HXK1,50min,690-3000,size,au_auc,0.5997558286074354,0.6073607955843325,-0.0076049669768971,,,184,138,455,228,1.0,1.0
HXK1,50min,690-3000,baseMol,mol_peak,0.5438720856962823,0.53845199484098,0.0054200908553022,,,184,138,455,228,1.0,1.0
HXK1,50min,690-3000,baseMol,au_peak,0.6031033396345306,0.5952222145652724,0.0078811250692581,,,184,138,455,228,1.0,1.0
HXK1,50min,690-3000,baseMol,time_k3,0.4872203843730309,0.4334246694760262,0.0537957148970046,,,184,138,455,228,1.0,1.0
RTN2,10min,100-275,size,mol_peak,0.6159070990359334,0.6162904715341155,-0.000383372498182,,,112,163,114,122,0.4553571428571428,0.5828220858895705
RTN2,10min,100-275,size,au_peak,0.6153593339176161,0.6151197848761408,0.0002395490414752,,,112,163,114,122,0.4553571428571428,0.5828220858895705
RTN2,10min,100-275,size,time_k3,0.4276402278702892,0.4260932746631899,0.0015469532070992,,,112,163,114,122,0.4553571428571428,0.5828220858895705
RTN2,10min,100-275,size,time_k2,0.451906222611744,0.4509275858322468,0.0009786367794972,,,112,163,114,122,0.4553571428571428,0.5828220858895705
RTN2,10min,100-275,size,time_k4,0.4408139789658195,0.4390577466318991,0.0017562323339203,,,112,163,114,122,0.4553571428571428,0.5828220858895705
RTN2,10min,100-275,size,mol_auc,0.6219325153374233,0.6241837787918296,-0.0022512634544062,,,112,163,114,122,0.4553571428571428,0.5828220858895705
RTN2,10min,100-275,size,au_auc,0.6208917616126205,0.6225975119513255,-0.001705750338705,,,112,163,114,122,0.4553571428571428,0.5828220858895705
RTN2,10min,100-275,baseMol,mol_peak,0.6159070990359334,0.6277608501937239,-0.0118537511577904,,,112,163,114,122,0.4553571428571428,0.5828220858895705
RTN2,10min,100-275,baseMol,au_peak,0.6153593339176161,0.6330694697712115,-0.0177101358535953,,,112,163,114,122,0.4553571428571428,0.5828220858895705
RTN2,10min,100-275,baseMol,time_k3,0.4276402278702892,0.3695440587539644,0.0580961691163248,,,112,163,114,122,0.4553571428571428,0.5828220858895705
RTN2,10min,275-690,size,mol_peak,0.5847871932515337,0.572275603712646,0.0125115895388877,,,163,128,122,182,0.5828220858895705,0.7109375
RTN2,10min,275-690,size,au_peak,0.5821990030674846,0.5769242695193166,0.0052747335481679,,,163,128,122,182,0.5828220858895705,0.7109375
RTN2,10min,275-690,size,time_k3,0.3769411426380368,0.3663265706376972,0.0106145720003395,,,163,128,122,182,0.5828220858895705,0.7109375
RTN2,10min,275-690,size,time_k2,0.3903374233128834,0.3778634418327478,0.0124739814801356,,,163,128,122,182,0.5828220858895705,0.7109375
RTN2,10min,275-690,size,time_k4,0.3699913726993865,0.3608680976556805,0.0091232750437059,,,163,128,122,182,0.5828220858895705,0.7109375
RTN2,10min,275-690,size,mol_auc,0.5905866564417178,0.5796318257566949,0.0109548306850228,,,163,128,122,182,0.5828220858895705,0.7109375
RTN2,10min,275-690,size,au_auc,0.5868002300613497,0.5810700373274492,0.0057301927339005,,,163,128,122,182,0.5828220858895705,0.7109375
RTN2,10min,275-690,baseMol,mol_peak,0.5847871932515337,0.5700316791806956,0.014755514070838,,,163,128,122,182,0.5828220858895705,0.7109375
RTN2,10min,275-690,baseMol,au_peak,0.5821990030674846,0.5671364338487002,0.0150625692187844,,,163,128,122,182,0.5828220858895705,0.7109375
RTN2,10min,275-690,baseMol,time_k3,0.3769411426380368,0.4248405502293264,-0.0478994075912896,,,163,128,122,182,0.5828220858895705,0.7109375
RTN2,10min,690-3000,size,mol_peak,0.7990301724137931,0.8058978106844507,-0.0068676382706575,,,128,145,182,154,0.7109375,0.9310344827586208
RTN2,10min,690-3000,size,au_peak,0.8039870689655172,0.8067130246505437,-0.0027259556850265,,,128,145,182,154,0.7109375,0.9310344827586208
RTN2,10min,690-3000,size,time_k3,0.3259698275862069,0.3288049561760238,-0.0028351285898169,,,128,145,182,154,0.7109375,0.9310344827586208
RTN2,10min,690-3000,size,time_k2,0.3402478448275862,0.3418519419747658,-0.0016040971471796,,,128,145,182,154,0.7109375,0.9310344827586208
RTN2,10min,690-3000,size,time_k4,0.3196120689655172,0.3240830047886966,-0.0044709358231793,,,128,145,182,154,0.7109375,0.9310344827586208
RTN2,10min,690-3000,size,mol_auc,0.7991918103448276,0.8045939117434383,-0.0054021013986107,,,128,145,182,154,0.7109375,0.9310344827586208
RTN2,10min,690-3000,size,au_auc,0.8030172413793103,0.8042812787732941,-0.0012640373939838,,,128,145,182,154,0.7109375,0.9310344827586208
RTN2,10min,690-3000,baseMol,mol_peak,0.7990301724137931,0.7934027766349366,0.0056273957788565,,,128,145,182,154,0.7109375,0.9310344827586208
RTN2,10min,690-3000,baseMol,au_peak,0.8039870689655172,0.7998807032197891,0.004106365745728,,,128,145,182,154,0.7109375,0.9310344827586208
RTN2,10min,690-3000,baseMol,time_k3,0.3259698275862069,0.3090562345251674,0.0169135930610394,,,128,145,182,154,0.7109375,0.9310344827586208
RTN2,20min,100-275,size,mol_peak,0.6970609318996416,0.7021198519118408,-0.0050589200121992,,,150,186,156,168,0.4466666666666666,0.6827956989247311
RTN2,20min,100-275,size,au_peak,0.7021146953405017,0.7008512653240767,0.001263430016425,,,150,186,156,168,0.4466666666666666,0.6827956989247311
RTN2,20min,100-275,size,time_k3,0.3670609318996415,0.3662311007270818,0.0008298311725597,,,150,186,156,168,0.4466666666666666,0.6827956989247311
RTN2,20min,100-275,size,time_k2,0.3898207885304659,0.3918857293929953,-0.0020649408625293,,,150,186,156,168,0.4466666666666666,0.6827956989247311
RTN2,20min,100-275,size,time_k4,0.3586917562724014,0.3604304363580617,-0.0017386800856603,,,150,186,156,168,0.4466666666666666,0.6827956989247311
RTN2,20min,100-275,size,mol_auc,0.7032616487455197,0.708790854757335,-0.0055292060118153,,,150,186,156,168,0.4466666666666666,0.6827956989247311
RTN2,20min,100-275,size,au_auc,0.7077777777777777,0.7077844189860474,-6.641208269653198e-06,,,150,186,156,168,0.4466666666666666,0.6827956989247311
RTN2,20min,100-275,baseMol,mol_peak,0.6970609318996416,0.7042416872088767,-0.0071807553092351,,,150,186,156,168,0.4466666666666666,0.6827956989247311
RTN2,20min,100-275,baseMol,au_peak,0.7021146953405017,0.7093991802843029,-0.0072844849438011,,,150,186,156,168,0.4466666666666666,0.6827956989247311
RTN2,20min,100-275,baseMol,time_k3,0.3670609318996415,0.3585201906243753,0.0085407412752662,,,150,186,156,168,0.4466666666666666,0.6827956989247311
RTN2,20min,275-690,size,mol_peak,0.720162775500505,0.7172864377764903,0.0028763377240147,,,186,181,168,201,0.6827956989247311,0.8729281767955801
RTN2,20min,275-690,size,au_peak,0.7258955622883622,0.723427996465726,0.0024675658226361,,,186,181,168,201,0.6827956989247311,0.8729281767955801
RTN2,20min,275-690,size,time_k3,0.3736113586407651,0.3748168788781063,-0.0012055202373411,,,186,181,168,201,0.6827956989247311,0.8729281767955801
RTN2,20min,275-690,size,time_k2,0.3743242440444365,0.3741913075151204,0.0001329365293161,,,186,181,168,201,0.6827956989247311,0.8729281767955801
RTN2,20min,275-690,size,time_k4,0.3703291154280282,0.3712803743396066,-0.0009512589115783,,,186,181,168,201,0.6827956989247311,0.8729281767955801
RTN2,20min,275-690,size,mol_auc,0.7167468662745797,0.7133440121245421,0.0034028541500376,,,186,181,168,201,0.6827956989247311,0.8729281767955801
RTN2,20min,275-690,size,au_auc,0.7208162537872037,0.7167216624791721,0.0040945913080315,,,186,181,168,201,0.6827956989247311,0.8729281767955801
RTN2,20min,275-690,baseMol,mol_peak,0.720162775500505,0.7236866684891562,-0.0035238929886511,,,186,181,168,201,0.6827956989247311,0.8729281767955801
RTN2,20min,275-690,baseMol,au_peak,0.7258955622883622,0.7293451187655671,-0.0034495564772049,,,186,181,168,201,0.6827956989247311,0.8729281767955801
RTN2,20min,275-690,baseMol,time_k3,0.3736113586407651,0.3530415641516311,0.020569794489134,,,186,181,168,201,0.6827956989247311,0.8729281767955801
RTN2,20min,690-3000,size,mol_peak,0.7986455177330244,0.8098690911771408,-0.0112235734441163,,,181,155,201,157,0.8729281767955801,0.9935483870967742
RTN2,20min,690-3000,size,au_peak,0.8055605061486366,0.8095402375463742,-0.0039797313977375,,,181,155,201,157,0.8729281767955801,0.9935483870967742
RTN2,20min,690-3000,size,time_k3,0.3305827838175013,0.3376186768567076,-0.0070358930392062,,,181,155,201,157,0.8729281767955801,0.9935483870967742
RTN2,20min,690-3000,size,time_k2,0.3432364997326679,0.3488999906182569,-0.0056634908855889,,,181,155,201,157,0.8729281767955801,0.9935483870967742
RTN2,20min,690-3000,size,time_k4,0.3169488504722866,0.3232844942203356,-0.006335643748049,,,181,155,201,157,0.8729281767955801,0.9935483870967742
RTN2,20min,690-3000,size,mol_auc,0.7908037782926395,0.8018342384800811,-0.0110304601874415,,,181,155,201,157,0.8729281767955801,0.9935483870967742
RTN2,20min,690-3000,size,au_auc,0.7982534307610052,0.8019659059796167,-0.0037124752186115,,,181,155,201,157,0.8729281767955801,0.9935483870967742
RTN2,20min,690-3000,baseMol,mol_peak,0.7986455177330244,0.795553153307562,0.0030923644254623,,,181,155,201,157,0.8729281767955801,0.9935483870967742
RTN2,20min,690-3000,baseMol,au_peak,0.8055605061486366,0.802976355050616,0.0025841510980205,,,181,155,201,157,0.8729281767955801,0.9935483870967742
RTN2,20min,690-3000,baseMol,time_k3,0.3305827838175013,0.3247654071504874,0.0058173766670138,,,181,155,201,157,0.8729281767955801,0.9935483870967742
RTN2,30min,100-275,size,mol_peak,0.7580592105263158,0.7630344527542569,-0.0049752422279411,,,190,160,175,208,0.6210526315789474,0.875
RTN2,30min,100-275,size,au_peak,0.7596381578947369,0.7636384707872589,-0.004000312892522,,,190,160,175,208,0.6210526315789474,0.875
RTN2,30min,100-275,size,time_k3,0.3248190789473684,0.3209442643041702,0.0038748146431982,,,190,160,175,208,0.6210526315789474,0.875
RTN2,30min,100-275,size,time_k2,0.3305921052631579,0.3278492399308204,0.0027428653323375,,,190,160,175,208,0.6210526315789474,0.875
RTN2,30min,100-275,size,time_k4,0.308141447368421,0.3053112711525302,0.0028301762158907,,,190,160,175,208,0.6210526315789474,0.875
RTN2,30min,100-275,size,mol_auc,0.7528947368421053,0.756906427432091,-0.0040116905899857,,,190,160,175,208,0.6210526315789474,0.875
RTN2,30min,100-275,size,au_auc,0.7527631578947368,0.7565144112618007,-0.0037512533670639,,,190,160,175,208,0.6210526315789474,0.875
RTN2,30min,100-275,baseMol,mol_peak,0.7580592105263158,0.767746293948217,-0.0096870834219012,,,190,160,175,208,0.6210526315789474,0.875
RTN2,30min,100-275,baseMol,au_peak,0.7596381578947369,0.7666820270185655,-0.0070438691238285,,,190,160,175,208,0.6210526315789474,0.875
RTN2,30min,100-275,baseMol,time_k3,0.3248190789473684,0.3314220946432485,-0.00660301569588,,,190,160,175,208,0.6210526315789474,0.875
RTN2,30min,275-690,size,mol_peak,0.764992774566474,0.7747231082757399,-0.0097303337092659,,,160,173,208,204,0.875,0.953757225433526
RTN2,30min,275-690,size,au_peak,0.7740968208092486,0.7776644895065948,-0.0035676686973462,,,160,173,208,204,0.875,0.953757225433526
RTN2,30min,275-690,size,time_k3,0.3824241329479769,0.3779131470651939,0.0045109858827829,,,160,173,208,204,0.875,0.953757225433526
RTN2,30min,275-690,size,time_k2,0.4191654624277456,0.4173687937576826,0.001796668670063,,,160,173,208,204,0.875,0.953757225433526
RTN2,30min,275-690,size,time_k4,0.3773302023121387,0.3763867968180833,0.0009434054940553,,,160,173,208,204,0.875,0.953757225433526
RTN2,30min,275-690,size,mol_auc,0.7635838150289017,0.7719065480761387,-0.0083227330472369,,,160,173,208,204,0.875,0.953757225433526
RTN2,30min,275-690,size,au_auc,0.771893063583815,0.7756014967272278,-0.0037084331434127,,,160,173,208,204,0.875,0.953757225433526
RTN2,30min,275-690,baseMol,mol_peak,0.764992774566474,0.7705240540878022,-0.0055312795213282,,,160,173,208,204,0.875,0.953757225433526
RTN2,30min,275-690,baseMol,au_peak,0.7740968208092486,0.7778317887380868,-0.0037349679288382,,,160,173,208,204,0.875,0.953757225433526
RTN2,30min,275-690,baseMol,time_k3,0.3824241329479769,0.4236346716377439,-0.0412105386897669,,,160,173,208,204,0.875,0.953757225433526
RTN2,30min,690-3000,size,mol_peak,0.7345282918809991,0.7312208047405416,0.0033074871404574,,,173,109,204,180,0.953757225433526,0.9908256880733946
RTN2,30min,690-3000,size,au_peak,0.7383995333297979,0.7350700496259707,0.0033294837038272,,,173,109,204,180,0.953757225433526,0.9908256880733946
RTN2,30min,690-3000,size,time_k3,0.4484806703081084,0.4457087459965749,0.0027719243115334,,,173,109,204,180,0.953757225433526,0.9908256880733946
RTN2,30min,690-3000,size,time_k2,0.4671209630375987,0.4648816145526671,0.0022393484849316,,,173,109,204,180,0.953757225433526,0.9908256880733946
RTN2,30min,690-3000,size,time_k4,0.4299994696929522,0.4269026717217506,0.0030967979712016,,,173,109,204,180,0.953757225433526,0.9908256880733946
RTN2,30min,690-3000,size,mol_auc,0.7289070371745241,0.7284676955729587,0.0004393416015654,,,173,109,204,180,0.953757225433526,0.9908256880733946
RTN2,30min,690-3000,size,au_auc,0.7313994802990932,0.7286021300001563,0.0027973502989369,,,173,109,204,180,0.953757225433526,0.9908256880733946
RTN2,30min,690-3000,baseMol,mol_peak,0.7345282918809991,0.7318447603593176,0.0026835315216815,,,173,109,204,180,0.953757225433526,0.9908256880733946
RTN2,30min,690-3000,baseMol,au_peak,0.7383995333297979,0.7352819785159861,0.0031175548138118,,,173,109,204,180,0.953757225433526,0.9908256880733946
RTN2,30min,690-3000,baseMol,time_k3,0.4484806703081084,0.4306114955112016,0.0178691747969067,,,173,109,204,180,0.953757225433526,0.9908256880733946
RTN2,40min,100-275,size,mol_peak,0.7991603253739176,0.8047248376157343,-0.0055645122418167,,,103,185,90,375,0.7864077669902912,0.9945945945945946
RTN2,40min,100-275,size,au_peak,0.8001574389923904,0.8029672212189558,-0.0028097822265653,,,103,185,90,375,0.7864077669902912,0.9945945945945946
RTN2,40min,100-275,size,time_k3,0.2560220414589346,0.2505085347827474,0.0055135066761872,,,103,185,90,375,0.7864077669902912,0.9945945945945946
RTN2,40min,100-275,size,time_k2,0.271241144056678,0.2647785555820899,0.0064625884745881,,,103,185,90,375,0.7864077669902912,0.9945945945945946
RTN2,40min,100-275,size,time_k4,0.2551298871687221,0.2492818538626586,0.0058480333060635,,,103,185,90,375,0.7864077669902912,0.9945945945945946
RTN2,40min,100-275,size,mol_auc,0.7949094725793755,0.7990528278628987,-0.0041433552835231,,,103,185,90,375,0.7864077669902912,0.9945945945945946
RTN2,40min,100-275,size,au_auc,0.796168984518499,0.8000318172858986,-0.0038628327673995,,,103,185,90,375,0.7864077669902912,0.9945945945945946
RTN2,40min,100-275,baseMol,mol_peak,0.7991603253739176,0.8247167755991285,-0.0255564502252109,,,103,185,90,375,0.7864077669902912,0.9945945945945946
RTN2,40min,100-275,baseMol,au_peak,0.8001574389923904,0.8188663243075007,-0.0187088853151102,,,103,185,90,375,0.7864077669902912,0.9945945945945946
RTN2,40min,100-275,baseMol,time_k3,0.2560220414589346,0.3037845385067607,-0.047762497047826,,,103,185,90,375,0.7864077669902912,0.9945945945945946
RTN2,40min,275-690,size,mol_peak,0.7963668586619407,0.8063529641654642,-0.0099861055035235,,,185,61,375,249,0.9945945945945946,1.0
RTN2,40min,275-690,size,au_peak,0.8023039432875498,0.8055569477956772,-0.0032530045081273,,,185,61,375,249,0.9945945945945946,1.0
RTN2,40min,275-690,size,time_k3,0.448471422241914,0.4472084907919949,0.0012629314499191,,,185,61,375,249,0.9945945945945946,1.0
RTN2,40min,275-690,size,time_k2,0.4601683650863978,0.4559436578903792,0.0042247071960186,,,185,61,375,249,0.9945945945945946,1.0
RTN2,40min,275-690,size,time_k4,0.4207354895879486,0.4196235505917883,0.0011119389961603,,,185,61,375,249,0.9945945945945946,1.0
RTN2,40min,275-690,size,mol_auc,0.7976960567124501,0.8063359739076952,-0.008639917195245,,,185,61,375,249,0.9945945945945946,1.0
RTN2,40min,275-690,size,au_auc,0.8,0.8041352858207366,-0.0041352858207365,,,185,61,375,249,0.9945945945945946,1.0
RTN2,40min,275-690,baseMol,mol_peak,0.7963668586619407,0.7944406250246415,0.0019262336372991,,,185,61,375,249,0.9945945945945946,1.0
RTN2,40min,275-690,baseMol,au_peak,0.8023039432875498,0.8038172390375259,-0.001513295749976,,,185,61,375,249,0.9945945945945946,1.0
RTN2,40min,275-690,baseMol,time_k3,0.448471422241914,0.4300588338498174,0.0184125883920965,,,185,61,375,249,0.9945945945945946,1.0
RTN2,40min,690-3000,size,mol_peak,0.6532698748457606,0.6328244982091137,0.0204453766366469,,,61,93,249,221,1.0,1.0
RTN2,40min,690-3000,size,au_peak,0.6518596862330337,0.6426248733941042,0.0092348128389294,,,61,93,249,221,1.0,1.0
RTN2,40min,690-3000,size,time_k3,0.4282566543275163,0.4444703156241618,-0.0162136612966454,,,61,93,249,221,1.0,1.0
RTN2,40min,690-3000,size,time_k2,0.4383923849814913,0.4502059328982406,-0.0118135479167493,,,61,93,249,221,1.0,1.0
RTN2,40min,690-3000,size,time_k4,0.4362771020624008,0.448987998987999,-0.0127108969255981,,,61,93,249,221,1.0,1.0
RTN2,40min,690-3000,size,mol_auc,0.655561431341442,0.6388912581220273,0.0166701732194146,,,61,93,249,221,1.0,1.0
RTN2,40min,690-3000,size,au_auc,0.650096950467125,0.6392097084404776,0.0108872420266473,,,61,93,249,221,1.0,1.0
RTN2,40min,690-3000,baseMol,mol_peak,0.6532698748457606,0.6583405761900385,-0.0050707013442778,,,61,93,249,221,1.0,1.0
RTN2,40min,690-3000,baseMol,au_peak,0.6518596862330337,0.6530445380983015,-0.0011848518652678,,,61,93,249,221,1.0,1.0
RTN2,40min,690-3000,baseMol,time_k3,0.4282566543275163,0.4437189771598374,-0.015462322832321,,,61,93,249,221,1.0,1.0
RTN2,50min,100-275,size,mol_peak,0.8435114503816794,0.8439823180914776,-0.0004708677097982,,,108,262,101,329,0.7685185185185185,0.9885496183206108
RTN2,50min,100-275,size,au_peak,0.8466214305908962,0.846227701449027,0.0003937291418691,,,108,262,101,329,0.7685185185185185,0.9885496183206108
RTN2,50min,100-275,size,time_k3,0.2087397512015832,0.2090786283473262,-0.000338877145743,,,108,262,101,329,0.7685185185185185,0.9885496183206108
RTN2,50min,100-275,size,time_k2,0.2095172462538874,0.2103151871037014,-0.0007979408498139,,,108,262,101,329,0.7685185185185185,0.9885496183206108
RTN2,50min,100-275,size,time_k4,0.2132103477523325,0.2121415830599724,0.00106876469236,,,108,262,101,329,0.7685185185185185,0.9885496183206108
RTN2,50min,100-275,size,mol_auc,0.8400834040147017,0.8403362846351928,-0.0002528806204911,,,108,262,101,329,0.7685185185185185,0.9885496183206108
RTN2,50min,100-275,size,au_auc,0.8432640655923098,0.8425825881100435,0.0006814774822663,,,108,262,101,329,0.7685185185185185,0.9885496183206108
RTN2,50min,100-275,baseMol,mol_peak,0.8435114503816794,0.8408575054812754,0.002653944900404,,,108,262,101,329,0.7685185185185185,0.9885496183206108
RTN2,50min,100-275,baseMol,au_peak,0.8466214305908962,0.8373824347973473,0.0092389957935489,,,108,262,101,329,0.7685185185185185,0.9885496183206108
RTN2,50min,100-275,baseMol,time_k3,0.2087397512015832,0.2769047863131037,-0.0681650351115204,,,108,262,101,329,0.7685185185185185,0.9885496183206108
RTN2,50min,275-690,size,mol_peak,0.772180613567622,0.7915720181436856,-0.0193914045760635,,,262,106,329,178,0.9885496183206108,1.0
RTN2,50min,275-690,size,au_peak,0.8037591819098372,0.8029019343701526,0.0008572475396846,,,262,106,329,178,0.9885496183206108,1.0
RTN2,50min,275-690,size,time_k3,0.335427768975947,0.3444604672147542,-0.0090326982388072,,,262,106,329,178,0.9885496183206108,1.0
RTN2,50min,275-690,size,time_k2,0.3356078064237361,0.3464169840261363,-0.0108091776024002,,,262,106,329,178,0.9885496183206108,1.0
RTN2,50min,275-690,size,time_k4,0.3285863459599596,0.3400955124264831,-0.0115091664665234,,,262,106,329,178,0.9885496183206108,1.0
RTN2,50min,275-690,size,mol_auc,0.7671035575399683,0.7931934773822645,-0.0260899198422962,,,262,106,329,178,0.9885496183206108,1.0
RTN2,50min,275-690,size,au_auc,0.8001584329540544,0.8002472157368912,-8.878278283674934e-05,,,262,106,329,178,0.9885496183206108,1.0
RTN2,50min,275-690,baseMol,mol_peak,0.772180613567622,0.7928818689043376,-0.0207012553367156,,,262,106,329,178,0.9885496183206108,1.0
RTN2,50min,275-690,baseMol,au_peak,0.8037591819098372,0.8163816815921824,-0.0126224996823451,,,262,106,329,178,0.9885496183206108,1.0
RTN2,50min,275-690,baseMol,time_k3,0.335427768975947,0.3849236978793355,-0.0494959289033885,,,262,106,329,178,0.9885496183206108,1.0
RTN2,50min,690-3000,size,mol_peak,0.723246972683751,0.735673835940914,-0.0124268632571629,,,106,134,178,159,1.0,1.0
RTN2,50min,690-3000,size,au_peak,0.7509152351450296,0.7525752971564613,-0.0016600620114317,,,106,134,178,159,1.0,1.0
RTN2,50min,690-3000,size,time_k3,0.6665375950436496,0.6626375149951063,0.0039000800485433,,,106,134,178,159,1.0,1.0
RTN2,50min,690-3000,size,time_k2,0.694276260208392,0.6918696711704175,0.0024065890379744,,,106,134,178,159,1.0,1.0
RTN2,50min,690-3000,size,time_k4,0.6357012109264996,0.6287303665771873,0.0069708443493122,,,106,134,178,159,1.0,1.0
RTN2,50min,690-3000,size,mol_auc,0.7169811320754716,0.7321753103287773,-0.0151941782533056,,,106,134,178,159,1.0,1.0
RTN2,50min,690-3000,size,au_auc,0.7327513376513658,0.7348645773223722,-0.0021132396710064,,,106,134,178,159,1.0,1.0
RTN2,50min,690-3000,baseMol,mol_peak,0.723246972683751,0.6965765642760728,0.0266704084076782,,,106,134,178,159,1.0,1.0
RTN2,50min,690-3000,baseMol,au_peak,0.7509152351450296,0.7391839944764138,0.0117312406686157,,,106,134,178,159,1.0,1.0
RTN2,50min,690-3000,baseMol,time_k3,0.6665375950436496,0.500691558326229,0.1658460367174206,,,106,134,178,159,1.0,1.0
SIP18,10min,100-275,size,mol_peak,0.7802083333333333,0.7834159399376791,-0.0032076066043458,,,30,64,107,254,0.9666666666666668,1.0
SIP18,10min,100-275,size,au_peak,0.8041666666666667,0.7992366731497166,0.0049299935169501,,,30,64,107,254,0.9666666666666668,1.0
SIP18,10min,100-275,size,time_k3,0.2403645833333333,0.2305566012087751,0.0098079821245582,,,30,64,107,254,0.9666666666666668,1.0
SIP18,10min,100-275,size,time_k2,0.2653645833333333,0.2616783779827258,0.0036862053506075,,,30,64,107,254,0.9666666666666668,1.0
SIP18,10min,100-275,size,time_k4,0.3203125,0.326152309847962,-0.005839809847962,,,30,64,107,254,0.9666666666666668,1.0
SIP18,10min,100-275,size,mol_auc,0.79375,0.794002133132568,-0.0002521331325679,,,30,64,107,254,0.9666666666666668,1.0
SIP18,10min,100-275,size,au_auc,0.8057291666666667,0.798596733379342,0.0071324332873247,,,30,64,107,254,0.9666666666666668,1.0
SIP18,10min,100-275,baseMol,mol_peak,0.7802083333333333,0.7877062550975594,-0.0074979217642261,,,30,64,107,254,0.9666666666666668,1.0
SIP18,10min,100-275,baseMol,au_peak,0.8041666666666667,0.8159796725014116,-0.0118130058347448,,,30,64,107,254,0.9666666666666668,1.0
SIP18,10min,100-275,baseMol,time_k3,0.2403645833333333,0.1869486793399837,0.0534159039933496,,,30,64,107,254,0.9666666666666668,1.0
SIP18,10min,275-690,size,mol_peak,0.4008522727272727,0.4128064663974751,-0.0119541936702023,,,64,55,254,332,1.0,0.9272727272727272
SIP18,10min,275-690,size,au_peak,0.4190340909090909,0.4161706349206349,0.0028634559884559,,,64,55,254,332,1.0,0.9272727272727272
SIP18,10min,275-690,size,time_k3,0.5634943181818182,0.579292197507658,-0.0157978793258398,,,64,55,254,332,1.0,0.9272727272727272
SIP18,10min,275-690,size,time_k2,0.5414772727272728,0.546536697646895,-0.0050594249196223,,,64,55,254,332,1.0,0.9272727272727272
SIP18,10min,275-690,size,time_k4,0.5245738636363636,0.5335891087672886,-0.0090152451309249,,,64,55,254,332,1.0,0.9272727272727272
SIP18,10min,275-690,size,mol_auc,0.3866477272727273,0.4037495358767288,-0.0171018086040015,,,64,55,254,332,1.0,0.9272727272727272
SIP18,10min,275-690,size,au_auc,0.4076704545454545,0.4148609370648844,-0.0071904825194298,,,64,55,254,332,1.0,0.9272727272727272
SIP18,10min,275-690,baseMol,mol_peak,0.4008522727272727,0.4072660607748327,-0.0064137880475599,,,64,55,254,332,1.0,0.9272727272727272
SIP18,10min,275-690,baseMol,au_peak,0.4190340909090909,0.4224450013923698,-0.0034109104832789,,,64,55,254,332,1.0,0.9272727272727272
SIP18,10min,275-690,baseMol,time_k3,0.5634943181818182,0.5994457946212333,-0.0359514764394151,,,64,55,254,332,1.0,0.9272727272727272
SIP18,10min,690-3000,size,mol_peak,0.5339308578745199,0.5254029296268046,0.0085279282477153,,,55,71,332,270,0.9272727272727272,0.8309859154929577
SIP18,10min,690-3000,size,au_peak,0.543661971830986,0.5408173715286607,0.0028446003023252,,,55,71,332,270,0.9272727272727272,0.8309859154929577
SIP18,10min,690-3000,size,time_k3,0.6402048655569782,0.6471955603582225,-0.0069906948012442,,,55,71,332,270,0.9272727272727272,0.8309859154929577
SIP18,10min,690-3000,size,time_k2,0.6653008962868118,0.6671248622764642,-0.0018239659896523,,,55,71,332,270,0.9272727272727272,0.8309859154929577
SIP18,10min,690-3000,size,time_k4,0.654033290653009,0.6672175608102382,-0.0131842701572292,,,55,71,332,270,0.9272727272727272,0.8309859154929577
SIP18,10min,690-3000,size,mol_auc,0.5359795134443022,0.5331454643048846,0.0028340491394175,,,55,71,332,270,0.9272727272727272,0.8309859154929577
SIP18,10min,690-3000,size,au_auc,0.5370038412291933,0.5292874396135266,0.0077164016156666,,,55,71,332,270,0.9272727272727272,0.8309859154929577
SIP18,10min,690-3000,baseMol,mol_peak,0.5339308578745199,0.5503177196804647,-0.0163868618059448,,,55,71,332,270,0.9272727272727272,0.8309859154929577
SIP18,10min,690-3000,baseMol,au_peak,0.543661971830986,0.5652360203340595,-0.0215740485030735,,,55,71,332,270,0.9272727272727272,0.8309859154929577
SIP18,10min,690-3000,baseMol,time_k3,0.6402048655569782,0.532934822076979,0.1072700434799992,,,55,71,332,270,0.9272727272727272,0.8309859154929577
SIP18,20min,100-275,size,mol_peak,0.554945054945055,0.589229678703363,-0.0342846237583079,,,42,52,294,357,0.9047619047619048,0.9423076923076924
SIP18,20min,100-275,size,au_peak,0.5961538461538461,0.6101384969806022,-0.013984650826756,,,42,52,294,357,0.9047619047619048,0.9423076923076924
SIP18,20min,100-275,size,time_k3,0.4455128205128205,0.4586891178996441,-0.0131762973868236,,,42,52,294,357,0.9047619047619048,0.9423076923076924
SIP18,20min,100-275,size,time_k2,0.5064102564102564,0.5185393066972015,-0.0121290502869451,,,42,52,294,357,0.9047619047619048,0.9423076923076924
SIP18,20min,100-275,size,time_k4,0.4363553113553113,0.4438971360023991,-0.0075418246470878,,,42,52,294,357,0.9047619047619048,0.9423076923076924
SIP18,20min,100-275,size,mol_auc,0.5970695970695971,0.6290100737469159,-0.0319404766773188,,,42,52,294,357,0.9047619047619048,0.9423076923076924
SIP18,20min,100-275,size,au_auc,0.6405677655677655,0.6481317902370534,-0.0075640246692878,,,42,52,294,357,0.9047619047619048,0.9423076923076924
SIP18,20min,100-275,baseMol,mol_peak,0.554945054945055,0.554365410131664,0.000579644813391,,,42,52,294,357,0.9047619047619048,0.9423076923076924
SIP18,20min,100-275,baseMol,au_peak,0.5961538461538461,0.5996506632342545,-0.0034968170804083,,,42,52,294,357,0.9047619047619048,0.9423076923076924
SIP18,20min,100-275,baseMol,time_k3,0.4455128205128205,0.4699897840377716,-0.0244769635249511,,,42,52,294,357,0.9047619047619048,0.9423076923076924
SIP18,20min,275-690,size,mol_peak,0.6453261927945472,0.637899531024531,0.0074266617700161,,,52,79,357,361,0.9423076923076924,0.9113924050632912
SIP18,20min,275-690,size,au_peak,0.6336416747809153,0.6395256370091896,-0.0058839622282743,,,52,79,357,361,0.9423076923076924,0.9113924050632912
SIP18,20min,275-690,size,time_k3,0.6668695228821812,0.6573547742462216,0.0095147486359595,,,52,79,357,361,0.9423076923076924,0.9113924050632912
SIP18,20min,275-690,size,time_k2,0.6439873417721519,0.6367935107655502,0.0071938310066016,,,52,79,357,361,0.9423076923076924,0.9113924050632912
SIP18,20min,275-690,size,time_k4,0.6347370983446933,0.6302057938406622,0.004531304504031,,,52,79,357,361,0.9423076923076924,0.9113924050632912
SIP18,20min,275-690,size,mol_auc,0.6360759493670886,0.6256793973570289,0.0103965520100596,,,52,79,357,361,0.9423076923076924,0.9113924050632912
SIP18,20min,275-690,size,au_auc,0.6197663096397273,0.6150711532619427,0.0046951563777846,,,52,79,357,361,0.9423076923076924,0.9113924050632912
SIP18,20min,275-690,baseMol,mol_peak,0.6453261927945472,0.6590479822745269,-0.0137217894799797,,,52,79,357,361,0.9423076923076924,0.9113924050632912
SIP18,20min,275-690,baseMol,au_peak,0.6336416747809153,0.6495423340961098,-0.0159006593151945,,,52,79,357,361,0.9423076923076924,0.9113924050632912
SIP18,20min,275-690,baseMol,time_k3,0.6668695228821812,0.4814291162689332,0.1854404066132479,,,52,79,357,361,0.9423076923076924,0.9113924050632912
SIP18,20min,690-3000,size,mol_peak,0.7904679708477177,0.8045022556486213,-0.0140342848009036,,,79,132,361,378,0.9113924050632912,0.9772727272727272
SIP18,20min,690-3000,size,au_peak,0.7987149980820867,0.8038356748701565,-0.0051206767880698,,,79,132,361,378,0.9113924050632912,0.9772727272727272
SIP18,20min,690-3000,size,time_k3,0.4349827387802071,0.4390474751201991,-0.0040647363399919,,,79,132,361,378,0.9113924050632912,0.9772727272727272
SIP18,20min,690-3000,size,time_k2,0.4458189489835059,0.4469254204299699,-0.0011064714464639,,,79,132,361,378,0.9113924050632912,0.9772727272727272
SIP18,20min,690-3000,size,time_k4,0.4449079401611047,0.44979216832932,-0.0048842281682152,,,79,132,361,378,0.9113924050632912,0.9772727272727272
SIP18,20min,690-3000,size,mol_auc,0.7833716915995397,0.799576558943084,-0.0162048673435443,,,79,132,361,378,0.9113924050632912,0.9772727272727272
SIP18,20min,690-3000,size,au_auc,0.7928653624856157,0.8018604434497858,-0.0089950809641701,,,79,132,361,378,0.9113924050632912,0.9772727272727272
SIP18,20min,690-3000,baseMol,mol_peak,0.7904679708477177,0.7938949938949939,-0.0034270230472761,,,79,132,361,378,0.9113924050632912,0.9772727272727272
SIP18,20min,690-3000,baseMol,au_peak,0.7987149980820867,0.8028966800395372,-0.0041816819574505,,,79,132,361,378,0.9113924050632912,0.9772727272727272
SIP18,20min,690-3000,baseMol,time_k3,0.4349827387802071,0.4784843595557881,-0.043501620775581,,,79,132,361,378,0.9113924050632912,0.9772727272727272
SIP18,30min,100-275,size,mol_peak,0.594125159642401,0.5858184523809524,0.0083067072614485,,,87,45,276,307,0.9770114942528736,0.9555555555555556
SIP18,30min,100-275,size,au_peak,0.5938697318007663,0.5863523391812866,0.0075173926194797,,,87,45,276,307,0.9770114942528736,0.9555555555555556
SIP18,30min,100-275,size,time_k3,0.5690932311621967,0.5493034670008354,0.0197897641613612,,,87,45,276,307,0.9770114942528736,0.9555555555555556
SIP18,30min,100-275,size,time_k2,0.5471264367816092,0.5340961779448622,0.013030258836747,,,87,45,276,307,0.9770114942528736,0.9555555555555556
SIP18,30min,100-275,size,time_k4,0.566411238825032,0.5511282111528822,0.0152830276721497,,,87,45,276,307,0.9770114942528736,0.9555555555555556
SIP18,30min,100-275,size,mol_auc,0.5923371647509579,0.5824919068504595,0.0098452579004983,,,87,45,276,307,0.9770114942528736,0.9555555555555556
SIP18,30min,100-275,size,au_auc,0.5987228607918264,0.5883100981620718,0.0104127626297545,,,87,45,276,307,0.9770114942528736,0.9555555555555556
SIP18,30min,100-275,baseMol,mol_peak,0.594125159642401,0.5660213330576234,0.0281038265847776,,,87,45,276,307,0.9770114942528736,0.9555555555555556
SIP18,30min,100-275,baseMol,au_peak,0.5938697318007663,0.5716884649848359,0.0221812668159303,,,87,45,276,307,0.9770114942528736,0.9555555555555556
SIP18,30min,100-275,baseMol,time_k3,0.5690932311621967,0.5365996346843122,0.0324935964778845,,,87,45,276,307,0.9770114942528736,0.9555555555555556
SIP18,30min,275-690,size,mol_peak,0.7515555555555555,0.7553765887099221,-0.0038210331543665,,,45,100,307,338,0.9555555555555556,1.0
SIP18,30min,275-690,size,au_peak,0.7611111111111111,0.7621955288621954,-0.0010844177510843,,,45,100,307,338,0.9555555555555556,1.0
SIP18,30min,275-690,size,time_k3,0.4124444444444444,0.4264491764491764,-0.014004732004732,,,45,100,307,338,0.9555555555555556,1.0
SIP18,30min,275-690,size,time_k2,0.3841111111111111,0.3913064579731246,-0.0071953468620135,,,45,100,307,338,0.9555555555555556,1.0
SIP18,30min,275-690,size,time_k4,0.4004444444444444,0.4124093790760457,-0.0119649346316013,,,45,100,307,338,0.9555555555555556,1.0
SIP18,30min,275-690,size,mol_auc,0.7364444444444445,0.7453241119907786,-0.0088796675463341,,,45,100,307,338,0.9555555555555556,1.0
SIP18,30min,275-690,size,au_auc,0.7448888888888889,0.7473655473655474,-0.0024766584766584,,,45,100,307,338,0.9555555555555556,1.0
SIP18,30min,275-690,baseMol,mol_peak,0.7515555555555555,0.7419380346835704,0.009617520871985,,,45,100,307,338,0.9555555555555556,1.0
SIP18,30min,275-690,baseMol,au_peak,0.7611111111111111,0.745954335016835,0.0151567760942761,,,45,100,307,338,0.9555555555555556,1.0
SIP18,30min,275-690,baseMol,time_k3,0.4124444444444444,0.3816052344233148,0.0308392100211296,,,45,100,307,338,0.9555555555555556,1.0
SIP18,30min,690-3000,size,mol_peak,0.8365714285714285,0.8455481405247198,-0.0089767119532913,,,100,70,338,290,1.0,0.9857142857142858
SIP18,30min,690-3000,size,au_peak,0.8458571428571429,0.850403453911745,-0.0045463110546021,,,100,70,338,290,1.0,0.9857142857142858
SIP18,30min,690-3000,size,time_k3,0.6987142857142857,0.6989253370695256,-0.0002110513552399,,,100,70,338,290,1.0,0.9857142857142858
SIP18,30min,690-3000,size,time_k2,0.7537142857142857,0.7553728782645374,-0.0016585925502516,,,100,70,338,290,1.0,0.9857142857142858
SIP18,30min,690-3000,size,time_k4,0.6703571428571429,0.6784645409057487,-0.0081073980486058,,,100,70,338,290,1.0,0.9857142857142858
SIP18,30min,690-3000,size,mol_auc,0.8332857142857143,0.8453024987033047,-0.0120167844175903,,,100,70,338,290,1.0,0.9857142857142858
SIP18,30min,690-3000,size,au_auc,0.8415714285714285,0.8478166447938397,-0.0062452162224111,,,100,70,338,290,1.0,0.9857142857142858
SIP18,30min,690-3000,baseMol,mol_peak,0.8365714285714285,0.833216802661247,0.0033546259101815,,,100,70,338,290,1.0,0.9857142857142858
SIP18,30min,690-3000,baseMol,au_peak,0.8458571428571429,0.8414172146628287,0.0044399281943141,,,100,70,338,290,1.0,0.9857142857142858
SIP18,30min,690-3000,baseMol,time_k3,0.6987142857142857,0.7379739588072921,-0.0392596730930063,,,100,70,338,290,1.0,0.9857142857142858
SIP18,40min,100-275,size,mol_peak,0.6612946548482407,0.6642135642135641,-0.0029189093653234,,,102,73,205,178,0.931372549019608,1.0
SIP18,40min,100-275,size,au_peak,0.6549825409615901,0.654495161701044,0.000487379260546,,,102,73,205,178,0.931372549019608,1.0
SIP18,40min,100-275,size,time_k3,0.4461455815202793,0.4530405950258891,-0.0068950135056097,,,102,73,205,178,0.931372549019608,1.0
SIP18,40min,100-275,size,time_k2,0.4797878055331722,0.4818272005772006,-0.0020393950440283,,,102,73,205,178,0.931372549019608,1.0
SIP18,40min,100-275,size,time_k4,0.4286193929626645,0.4365813598166539,-0.0079619668539894,,,102,73,205,178,0.931372549019608,1.0
SIP18,40min,100-275,size,mol_auc,0.6321514907332796,0.6310565741448094,0.0010949165884701,,,102,73,205,178,0.931372549019608,1.0
SIP18,40min,100-275,size,au_auc,0.6277195809830781,0.6270677361853833,0.0006518447976948,,,102,73,205,178,0.931372549019608,1.0
SIP18,40min,100-275,baseMol,mol_peak,0.6612946548482407,0.6607134075654167,0.0005812472828239,,,102,73,205,178,0.931372549019608,1.0
SIP18,40min,100-275,baseMol,au_peak,0.6549825409615901,0.6550827170167861,-0.0001001760551959,,,102,73,205,178,0.931372549019608,1.0
SIP18,40min,100-275,baseMol,time_k3,0.4461455815202793,0.490852244053291,-0.0447066625330116,,,102,73,205,178,0.931372549019608,1.0
SIP18,40min,275-690,size,mol_peak,0.7893835616438356,0.8030244794229469,-0.0136409177791112,,,73,72,178,295,1.0,1.0
SIP18,40min,275-690,size,au_peak,0.795662100456621,0.8002108661878777,-0.0045487657312567,,,73,72,178,295,1.0,1.0
SIP18,40min,275-690,size,time_k3,0.4636605783866058,0.4390939498985475,0.0245666284880582,,,73,72,178,295,1.0,1.0
SIP18,40min,275-690,size,time_k2,0.4821156773211568,0.4646071552968105,0.0175085220243462,,,73,72,178,295,1.0,1.0
SIP18,40min,275-690,size,time_k4,0.489630898021309,0.4782200033541029,0.011410894667206,,,73,72,178,295,1.0,1.0
SIP18,40min,275-690,size,mol_auc,0.7798706240487062,0.7974559681839376,-0.0175853441352313,,,73,72,178,295,1.0,1.0
SIP18,40min,275-690,size,au_auc,0.7855783866057838,0.7951589236646708,-0.0095805370588869,,,73,72,178,295,1.0,1.0
SIP18,40min,275-690,baseMol,mol_peak,0.7893835616438356,0.790388555722139,-0.0010049940783033,,,73,72,178,295,1.0,1.0
SIP18,40min,275-690,baseMol,au_peak,0.795662100456621,0.8037434854001572,-0.0080813849435361,,,73,72,178,295,1.0,1.0
SIP18,40min,275-690,baseMol,time_k3,0.4636605783866058,0.4952623688155922,-0.0316017904289864,,,73,72,178,295,1.0,1.0
SIP18,40min,690-3000,size,mol_peak,0.6132154882154882,0.6559937205651492,-0.0427782323496609,,,72,33,295,243,1.0,0.9696969696969696
SIP18,40min,690-3000,size,au_peak,0.6481481481481481,0.6760041862899007,-0.0278560381417525,,,72,33,295,243,1.0,0.9696969696969696
SIP18,40min,690-3000,size,time_k3,0.4631734006734007,0.4729600558171987,-0.009786655143798,,,72,33,295,243,1.0,0.9696969696969696
SIP18,40min,690-3000,size,time_k2,0.4431818181818182,0.4658428978428978,-0.0226610796610796,,,72,33,295,243,1.0,0.9696969696969696
SIP18,40min,690-3000,size,time_k4,0.4781144781144781,0.4905596837025408,-0.0124452055880627,,,72,33,295,243,1.0,0.9696969696969696
SIP18,40min,690-3000,size,mol_auc,0.6195286195286195,0.6667964416535845,-0.047267822124965,,,72,33,295,243,1.0,0.9696969696969696
SIP18,40min,690-3000,size,au_auc,0.6531986531986532,0.6849212163497879,-0.0317225631511346,,,72,33,295,243,1.0,0.9696969696969696
SIP18,40min,690-3000,baseMol,mol_peak,0.6132154882154882,0.6199035130194551,-0.0066880248039669,,,72,33,295,243,1.0,0.9696969696969696
SIP18,40min,690-3000,baseMol,au_peak,0.6481481481481481,0.6615654876524443,-0.0134173395042961,,,72,33,295,243,1.0,0.9696969696969696
SIP18,40min,690-3000,baseMol,time_k3,0.4631734006734007,0.5173471523109204,-0.0541737516375197,,,72,33,295,243,1.0,0.9696969696969696
SIP18,50min,100-275,size,mol_peak,0.720872641509434,0.7219156874967444,-0.0010430459873104,,,40,212,94,913,0.95,0.9858490566037736
SIP18,50min,100-275,size,au_peak,0.7232311320754717,0.7203814251738887,0.002849706901583,,,40,212,94,913,0.95,0.9858490566037736
SIP18,50min,100-275,size,time_k3,0.4580188679245283,0.4582880141761481,-0.0002691462516198,,,40,212,94,913,0.95,0.9858490566037736
SIP18,50min,100-275,size,time_k2,0.4875589622641509,0.4892228605366366,-0.0016638982724856,,,40,212,94,913,0.95,0.9858490566037736
SIP18,50min,100-275,size,time_k4,0.4498231132075471,0.4517026040907317,-0.0018794908831845,,,40,212,94,913,0.95,0.9858490566037736
SIP18,50min,100-275,size,mol_auc,0.7088443396226415,0.7118871406481636,-0.0030428010255221,,,40,212,94,913,0.95,0.9858490566037736
SIP18,50min,100-275,size,au_auc,0.7132075471698113,0.7109108547661552,0.002296692403656,,,40,212,94,913,0.95,0.9858490566037736
SIP18,50min,100-275,baseMol,mol_peak,0.720872641509434,0.7237654078843563,-0.0028927663749223,,,40,212,94,913,0.95,0.9858490566037736
SIP18,50min,100-275,baseMol,au_peak,0.7232311320754717,0.7263035274691872,-0.0030723953937155,,,40,212,94,913,0.95,0.9858490566037736
SIP18,50min,100-275,baseMol,time_k3,0.4580188679245283,0.4464602653618224,0.0115586025627058,,,40,212,94,913,0.95,0.9858490566037736
SIP18,50min,275-690,size,mol_peak,0.787699841567046,0.8027719634862492,-0.0150721219192032,,,212,131,913,263,0.9858490566037736,1.0
SIP18,50min,275-690,size,au_peak,0.8059556387728648,0.8108189429618,-0.0048633041889352,,,212,131,913,263,0.9858490566037736,1.0
SIP18,50min,275-690,size,time_k3,0.594015555235489,0.6064313332170475,-0.0124157779815584,,,212,131,913,263,0.9858490566037736,1.0
SIP18,50min,275-690,size,time_k2,0.5920351433098084,0.5992485028199314,-0.0072133595101229,,,212,131,913,263,0.9858490566037736,1.0
SIP18,50min,275-690,size,time_k4,0.5777221662105718,0.589988516774231,-0.0122663505636592,,,212,131,913,263,0.9858490566037736,1.0
SIP18,50min,275-690,size,mol_auc,0.7870156992654472,0.80205389848247,-0.0150381992170227,,,212,131,913,263,0.9858490566037736,1.0
SIP18,50min,275-690,size,au_auc,0.8038672043785108,0.8072562358276644,-0.0033890314491535,,,212,131,913,263,0.9858490566037736,1.0
SIP18,50min,275-690,baseMol,mol_peak,0.787699841567046,0.786545955920956,0.0011538856460899,,,212,131,913,263,0.9858490566037736,1.0
SIP18,50min,275-690,baseMol,au_peak,0.8059556387728648,0.8058158780033781,0.0001397607694867,,,212,131,913,263,0.9858490566037736,1.0
SIP18,50min,275-690,baseMol,time_k3,0.594015555235489,0.5653260675135675,0.0286894877219214,,,212,131,913,263,0.9858490566037736,1.0
SIP18,50min,690-3000,size,mol_peak,0.7560570859608364,0.7567648313584541,-0.0007077453976176,,,131,69,263,202,1.0,1.0
SIP18,50min,690-3000,size,au_peak,0.7706604712910721,0.7706982090879063,-3.773779683424738e-05,,,131,69,263,202,1.0,1.0
SIP18,50min,690-3000,size,time_k3,0.5300918243168492,0.522666712720341,0.0074251115965081,,,131,69,263,202,1.0,1.0
SIP18,50min,690-3000,size,time_k2,0.5230113950658258,0.5159958625422002,0.0070155325236256,,,131,69,263,202,1.0,1.0
SIP18,50min,690-3000,size,time_k4,0.4962385219603938,0.4881056503849101,0.0081328715754837,,,131,69,263,202,1.0,1.0
SIP18,50min,690-3000,size,mol_auc,0.7609248810709149,0.764306162243987,-0.003381281173072,,,131,69,263,202,1.0,1.0
SIP18,50min,690-3000,size,au_auc,0.7753070029870561,0.7767922706300651,-0.0014852676430089,,,131,69,263,202,1.0,1.0
SIP18,50min,690-3000,baseMol,mol_peak,0.7560570859608364,0.7520152117072407,0.0040418742535957,,,131,69,263,202,1.0,1.0
SIP18,50min,690-3000,baseMol,au_peak,0.7706604712910721,0.7652899971740551,0.0053704741170169,,,131,69,263,202,1.0,1.0
SIP18,50min,690-3000,baseMol,time_k3,0.5300918243168492,0.4748493253928036,0.0552424989240455,,,131,69,263,202,1.0,1.0
TKL2,10min,100-275,size,mol_peak,0.4581630985455139,0.4571443294374016,0.0010187691081123,,,232,211,295,246,0.6551724137931034,0.5497630331753555
TKL2,10min,100-275,size,au_peak,0.469602876286975,0.4621762380207152,0.0074266382662597,,,232,211,295,246,0.6551724137931034,0.5497630331753555
TKL2,10min,100-275,size,time_k3,0.5522246282072234,0.5589301567736311,-0.0067055285664077,,,232,211,295,246,0.6551724137931034,0.5497630331753555
TKL2,10min,100-275,size,time_k2,0.5524084817780683,0.5610823363634488,-0.0086738545853805,,,232,211,295,246,0.6551724137931034,0.5497630331753555
TKL2,10min,100-275,size,time_k4,0.5244525249223729,0.529893140206274,-0.005440615283901,,,232,211,295,246,0.6551724137931034,0.5497630331753555
TKL2,10min,100-275,size,mol_auc,0.4236190554012093,0.421792268879225,0.0018267865219843,,,232,211,295,246,0.6551724137931034,0.5497630331753555
TKL2,10min,100-275,size,au_auc,0.4278272593561039,0.4212058536230369,0.006621405733067,,,232,211,295,246,0.6551724137931034,0.5497630331753555
TKL2,10min,100-275,baseMol,mol_peak,0.4581630985455139,0.4661152258964212,-0.0079521273509072,,,232,211,295,246,0.6551724137931034,0.5497630331753555
TKL2,10min,100-275,baseMol,au_peak,0.469602876286975,0.4816072511919008,-0.0120043749049257,,,232,211,295,246,0.6551724137931034,0.5497630331753555
TKL2,10min,100-275,baseMol,time_k3,0.5522246282072234,0.5441900537224016,0.0080345744848218,,,232,211,295,246,0.6551724137931034,0.5497630331753555
TKL2,10min,275-690,size,mol_peak,0.6767861933291603,0.6665221213235519,0.0102640720056084,,,211,106,246,250,0.5497630331753555,0.8679245283018868
TKL2,10min,275-690,size,au_peak,0.6652061164267191,0.6616862338678288,0.0035198825588903,,,211,106,246,250,0.5497630331753555,0.8679245283018868
TKL2,10min,275-690,size,time_k3,0.2953590270946973,0.2919620191558913,0.0033970079388059,,,211,106,246,250,0.5497630331753555,0.8679245283018868
TKL2,10min,275-690,size,time_k2,0.2808056872037914,0.2758981664180767,0.0049075207857147,,,211,106,246,250,0.5497630331753555,0.8679245283018868
TKL2,10min,275-690,size,time_k4,0.3107842260574086,0.3110572728379924,-0.0002730467805838,,,211,106,246,250,0.5497630331753555,0.8679245283018868
TKL2,10min,275-690,size,mol_auc,0.703076097648216,0.7008479917095268,0.0022281059386891,,,211,106,246,250,0.5497630331753555,0.8679245283018868
TKL2,10min,275-690,size,au_auc,0.7007958508450326,0.7038596222032755,-0.0030637713582428,,,211,106,246,250,0.5497630331753555,0.8679245283018868
TKL2,10min,275-690,baseMol,mol_peak,0.6767861933291603,0.6404159894056056,0.0363702039235547,,,211,106,246,250,0.5497630331753555,0.8679245283018868
TKL2,10min,275-690,baseMol,au_peak,0.6652061164267191,0.6202177912620666,0.0449883251646525,,,211,106,246,250,0.5497630331753555,0.8679245283018868
TKL2,10min,275-690,baseMol,time_k3,0.2953590270946973,0.4262474379628173,-0.13088841086812,,,211,106,246,250,0.5497630331753555,0.8679245283018868
TKL2,10min,690-3000,size,mol_peak,0.5430188679245282,0.5364679395885567,0.0065509283359715,,,106,125,250,175,0.8679245283018868,0.776
TKL2,10min,690-3000,size,au_peak,0.5393207547169812,0.5380646381848546,0.0012561165321265,,,106,125,250,175,0.8679245283018868,0.776
TKL2,10min,690-3000,size,time_k3,0.6249056603773585,0.6201652324247996,0.0047404279525589,,,106,125,250,175,0.8679245283018868,0.776
TKL2,10min,690-3000,size,time_k2,0.6360754716981132,0.634489093452728,0.0015863782453852,,,106,125,250,175,0.8679245283018868,0.776
TKL2,10min,690-3000,size,time_k4,0.6220377358490566,0.6177143096097213,0.0043234262393353,,,106,125,250,175,0.8679245283018868,0.776
TKL2,10min,690-3000,size,mol_auc,0.5371320754716982,0.5300234351476587,0.0071086403240394,,,106,125,250,175,0.8679245283018868,0.776
TKL2,10min,690-3000,size,au_auc,0.5295849056603773,0.5257025838272081,0.0038823218331691,,,106,125,250,175,0.8679245283018868,0.776
TKL2,10min,690-3000,baseMol,mol_peak,0.5430188679245282,0.5678602026748489,-0.0248413347503206,,,106,125,250,175,0.8679245283018868,0.776
TKL2,10min,690-3000,baseMol,au_peak,0.5393207547169812,0.5688147193117964,-0.0294939645948152,,,106,125,250,175,0.8679245283018868,0.776
TKL2,10min,690-3000,baseMol,time_k3,0.6249056603773585,0.4954208622033385,0.12948479817402,,,106,125,250,175,0.8679245283018868,0.776
TKL2,20min,100-275,size,mol_peak,0.6280548153787591,0.6316052200928918,-0.0035504047141327,,,284,185,313,235,0.6443661971830986,0.8054054054054054
TKL2,20min,100-275,size,au_peak,0.64685953559193,0.6447179419719232,0.0021415936200067,,,284,185,313,235,0.6443661971830986,0.8054054054054054
TKL2,20min,100-275,size,time_k3,0.4276646364674534,0.4339814709077956,-0.0063168344403422,,,284,185,313,235,0.6443661971830986,0.8054054054054054
TKL2,20min,100-275,size,time_k2,0.4390274076893795,0.447338530855403,-0.0083111231660235,,,284,185,313,235,0.6443661971830986,0.8054054054054054
TKL2,20min,100-275,size,time_k4,0.4162066996574038,0.4213733547956494,-0.0051666551382456,,,284,185,313,235,0.6443661971830986,0.8054054054054054
TKL2,20min,100-275,size,mol_auc,0.5798439284354777,0.5828936322012835,-0.0030497037658058,,,284,185,313,235,0.6443661971830986,0.8054054054054054
TKL2,20min,100-275,size,au_auc,0.5879901027788351,0.5862763396563891,0.0017137631224459,,,284,185,313,235,0.6443661971830986,0.8054054054054054
TKL2,20min,100-275,baseMol,mol_peak,0.6280548153787591,0.6108011720354397,0.0172536433433193,,,284,185,313,235,0.6443661971830986,0.8054054054054054
TKL2,20min,100-275,baseMol,au_peak,0.64685953559193,0.6319954079134521,0.0148641276784778,,,284,185,313,235,0.6443661971830986,0.8054054054054054
TKL2,20min,100-275,baseMol,time_k3,0.4276646364674534,0.4513009310122267,-0.0236362945447732,,,284,185,313,235,0.6443661971830986,0.8054054054054054
TKL2,20min,275-690,size,mol_peak,0.6626556991774383,0.6639000499461569,-0.0012443507687186,,,185,230,235,261,0.8054054054054054,0.8260869565217391
TKL2,20min,275-690,size,au_peak,0.6504347826086957,0.6548399161968722,-0.0044051335881765,,,185,230,235,261,0.8054054054054054,0.8260869565217391
TKL2,20min,275-690,size,time_k3,0.522972972972973,0.5210690117429718,0.0019039612300011,,,185,230,235,261,0.8054054054054054,0.8260869565217391
TKL2,20min,275-690,size,time_k2,0.5493419506462984,0.5462985280936447,0.0030434225526537,,,185,230,235,261,0.8054054054054054,0.8260869565217391
TKL2,20min,275-690,size,time_k4,0.5025146886016452,0.4998239502761533,0.0026907383254918,,,185,230,235,261,0.8054054054054054,0.8260869565217391
TKL2,20min,275-690,size,mol_auc,0.6853349001175089,0.6868961102268353,-0.0015612101093264,,,185,230,235,261,0.8054054054054054,0.8260869565217391
TKL2,20min,275-690,size,au_auc,0.6809400705052879,0.6838337656339291,-0.0028936951286411,,,185,230,235,261,0.8054054054054054,0.8260869565217391
TKL2,20min,275-690,baseMol,mol_peak,0.6626556991774383,0.6643153519156628,-0.0016596527382245,,,185,230,235,261,0.8054054054054054,0.8260869565217391
TKL2,20min,275-690,baseMol,au_peak,0.6504347826086957,0.6518089428985183,-0.0013741602898226,,,185,230,235,261,0.8054054054054054,0.8260869565217391
TKL2,20min,275-690,baseMol,time_k3,0.522972972972973,0.4913297909725093,0.0316431820004636,,,185,230,235,261,0.8054054054054054,0.8260869565217391
TKL2,20min,690-3000,size,mol_peak,0.6582480818414322,0.655420234341803,0.0028278474996292,,,230,136,261,309,0.8260869565217391,0.8823529411764706
TKL2,20min,690-3000,size,au_peak,0.6571291560102301,0.6564877329583211,0.000641423051909,,,230,136,261,309,0.8260869565217391,0.8823529411764706
TKL2,20min,690-3000,size,time_k3,0.4358216112531969,0.4434942390824744,-0.0076726278292774,,,230,136,261,309,0.8260869565217391,0.8823529411764706
TKL2,20min,690-3000,size,time_k2,0.4194533248081841,0.431020704305018,-0.0115673794968338,,,230,136,261,309,0.8260869565217391,0.8823529411764706
TKL2,20min,690-3000,size,time_k4,0.4436221227621483,0.4492435744886725,-0.0056214517265241,,,230,136,261,309,0.8260869565217391,0.8823529411764706
TKL2,20min,690-3000,size,mol_auc,0.6498401534526854,0.6478579865834767,0.0019821668692087,,,230,136,261,309,0.8260869565217391,0.8823529411764706
TKL2,20min,690-3000,size,au_auc,0.6476023017902813,0.6478644674723106,-0.0002621656820293,,,230,136,261,309,0.8260869565217391,0.8823529411764706
TKL2,20min,690-3000,baseMol,mol_peak,0.6582480818414322,0.6554557384499246,0.0027923433915076,,,230,136,261,309,0.8260869565217391,0.8823529411764706
TKL2,20min,690-3000,baseMol,au_peak,0.6571291560102301,0.6544372045825534,0.0026919514276767,,,230,136,261,309,0.8260869565217391,0.8823529411764706
TKL2,20min,690-3000,baseMol,time_k3,0.4358216112531969,0.4475367018244925,-0.0117150905712956,,,230,136,261,309,0.8260869565217391,0.8823529411764706
TKL2,30min,100-275,size,mol_peak,0.5829355998692383,0.5825463052619929,0.0003892946072453,,,161,190,344,256,0.8385093167701864,0.7684210526315789
TKL2,30min,100-275,size,au_peak,0.5947368421052631,0.5907890914624025,0.0039477506428605,,,161,190,344,256,0.8385093167701864,0.7684210526315789
TKL2,30min,100-275,size,time_k3,0.5669663288656424,0.5643818933399731,0.0025844355256692,,,161,190,344,256,0.8385093167701864,0.7684210526315789
TKL2,30min,100-275,size,time_k2,0.580238640078457,0.5768589827827882,0.0033796572956688,,,161,190,344,256,0.8385093167701864,0.7684210526315789
TKL2,30min,100-275,size,time_k4,0.5671461261850278,0.5655715132149247,0.001574612970103,,,161,190,344,256,0.8385093167701864,0.7684210526315789
TKL2,30min,100-275,size,mol_auc,0.5593004249754822,0.5577388692155886,0.0015615557598935,,,161,190,344,256,0.8385093167701864,0.7684210526315789
TKL2,30min,100-275,size,au_auc,0.5654135338345865,0.5625458211143695,0.002867712720217,,,161,190,344,256,0.8385093167701864,0.7684210526315789
TKL2,30min,100-275,baseMol,mol_peak,0.5829355998692383,0.5896815652696449,-0.0067459654004066,,,161,190,344,256,0.8385093167701864,0.7684210526315789
TKL2,30min,100-275,baseMol,au_peak,0.5947368421052631,0.6056805022916457,-0.0109436601863825,,,161,190,344,256,0.8385093167701864,0.7684210526315789
TKL2,30min,100-275,baseMol,time_k3,0.5669663288656424,0.5014995069626065,0.0654668219030358,,,161,190,344,256,0.8385093167701864,0.7684210526315789
TKL2,30min,275-690,size,mol_peak,0.8338056680161944,0.8372648811878062,-0.0034592131716117,,,190,104,256,343,0.7684210526315789,0.971153846153846
TKL2,30min,275-690,size,au_peak,0.8359311740890688,0.8378144933163328,-0.001883319227264,,,190,104,256,343,0.7684210526315789,0.971153846153846
TKL2,30min,275-690,size,time_k3,0.3503289473684211,0.3498412087725433,0.0004877385958777,,,190,104,256,343,0.7684210526315789,0.971153846153846
TKL2,30min,275-690,size,time_k2,0.3628036437246963,0.3609516599455365,0.0018519837791598,,,190,104,256,343,0.7684210526315789,0.971153846153846
TKL2,30min,275-690,size,time_k4,0.3248481781376518,0.3240829398750592,0.0007652382625925,,,190,104,256,343,0.7684210526315789,0.971153846153846
TKL2,30min,275-690,size,mol_auc,0.8336032388663968,0.8398398309588124,-0.0062365920924156,,,190,104,256,343,0.7684210526315789,0.971153846153846
TKL2,30min,275-690,size,au_auc,0.835172064777328,0.8379652667749565,-0.0027932019976285,,,190,104,256,343,0.7684210526315789,0.971153846153846
TKL2,30min,275-690,baseMol,mol_peak,0.8338056680161944,0.8311883772928206,0.0026172907233737,,,190,104,256,343,0.7684210526315789,0.971153846153846
TKL2,30min,275-690,baseMol,au_peak,0.8359311740890688,0.8353255120054762,0.0006056620835925,,,190,104,256,343,0.7684210526315789,0.971153846153846
TKL2,30min,275-690,baseMol,time_k3,0.3503289473684211,0.3319140868512386,0.0184148605171824,,,190,104,256,343,0.7684210526315789,0.971153846153846
TKL2,30min,690-3000,size,mol_peak,0.626717032967033,0.6315805411780643,-0.0048635082110313,,,104,112,343,244,0.971153846153846,0.9642857142857144
TKL2,30min,690-3000,size,au_peak,0.6304086538461539,0.6341527507162182,-0.0037440968700643,,,104,112,343,244,0.971153846153846,0.9642857142857144
TKL2,30min,690-3000,size,time_k3,0.4701665521978022,0.4704750748094401,-0.0003085226116379,,,104,112,343,244,0.971153846153846,0.9642857142857144
TKL2,30min,690-3000,size,time_k2,0.4758756868131868,0.4744531240661271,0.0014225627470596,,,104,112,343,244,0.971153846153846,0.9642857142857144
TKL2,30min,690-3000,size,time_k4,0.4961796016483517,0.4936512585119396,0.002528343136412,,,104,112,343,244,0.971153846153846,0.9642857142857144
TKL2,30min,690-3000,size,mol_auc,0.6204498626373627,0.6243643687916134,-0.0039145061542507,,,104,112,343,244,0.971153846153846,0.9642857142857144
TKL2,30min,690-3000,size,au_auc,0.625,0.6287389778101853,-0.0037389778101852,,,104,112,343,244,0.971153846153846,0.9642857142857144
TKL2,30min,690-3000,baseMol,mol_peak,0.626717032967033,0.6336893505624156,-0.0069723175953826,,,104,112,343,244,0.971153846153846,0.9642857142857144
TKL2,30min,690-3000,baseMol,au_peak,0.6304086538461539,0.637561112638512,-0.0071524587923581,,,104,112,343,244,0.971153846153846,0.9642857142857144
TKL2,30min,690-3000,baseMol,time_k3,0.4701665521978022,0.4571615844061664,0.0130049677916357,,,104,112,343,244,0.971153846153846,0.9642857142857144
TKL2,40min,100-275,size,mol_peak,0.929781175059952,0.9293535359587068,0.0004276391012453,,,139,96,352,249,0.7841726618705036,1.0
TKL2,40min,100-275,size,au_peak,0.9387739808153476,0.9350867265070878,0.0036872543082598,,,139,96,352,249,0.7841726618705036,1.0
TKL2,40min,100-275,size,time_k3,0.4534997002398082,0.4591875753805468,-0.0056878751407386,,,139,96,352,249,0.7841726618705036,1.0
TKL2,40min,100-275,size,time_k2,0.4583708033573141,0.4638833596116509,-0.0055125562543367,,,139,96,352,249,0.7841726618705036,1.0
TKL2,40min,100-275,size,time_k4,0.4546987410071942,0.4631799867669503,-0.008481245759756,,,139,96,352,249,0.7841726618705036,1.0
TKL2,40min,100-275,size,mol_auc,0.8929106714628298,0.8967360510697385,-0.0038253796069087,,,139,96,352,249,0.7841726618705036,1.0
TKL2,40min,100-275,size,au_auc,0.9004046762589928,0.8981943941738204,0.0022102820851723,,,139,96,352,249,0.7841726618705036,1.0
TKL2,40min,100-275,baseMol,mol_peak,0.929781175059952,0.925714717381384,0.0040664576785679,,,139,96,352,249,0.7841726618705036,1.0
TKL2,40min,100-275,baseMol,au_peak,0.9387739808153476,0.9338707588707588,0.0049032219445888,,,139,96,352,249,0.7841726618705036,1.0
TKL2,40min,100-275,baseMol,time_k3,0.4534997002398082,0.3374872041538708,0.1160124960859373,,,139,96,352,249,0.7841726618705036,1.0
TKL2,40min,275-690,size,mol_peak,0.793010752688172,0.8004488920150931,-0.007438139326921,,,96,93,249,286,1.0,1.0
TKL2,40min,275-690,size,au_peak,0.798163082437276,0.7994285589652992,-0.0012654765280232,,,96,93,249,286,1.0,1.0
TKL2,40min,275-690,size,time_k3,0.4885752688172043,0.4949883039979061,-0.0064130351807018,,,96,93,249,286,1.0,1.0
TKL2,40min,275-690,size,time_k2,0.5110887096774194,0.5192370607864948,-0.0081483511090754,,,96,93,249,286,1.0,1.0
TKL2,40min,275-690,size,time_k4,0.4811267921146953,0.485278441187376,-0.0041516490726806,,,96,93,249,286,1.0,1.0
TKL2,40min,275-690,size,mol_auc,0.8004032258064516,0.8065034133786996,-0.0061001875722479,,,96,93,249,286,1.0,1.0
TKL2,40min,275-690,size,au_auc,0.8048835125448028,0.8037988832908024,0.0010846292540004,,,96,93,249,286,1.0,1.0
TKL2,40min,275-690,baseMol,mol_peak,0.793010752688172,0.8075996305084882,-0.0145888778203161,,,96,93,249,286,1.0,1.0
TKL2,40min,275-690,baseMol,au_peak,0.798163082437276,0.8123820329021486,-0.0142189504648726,,,96,93,249,286,1.0,1.0
TKL2,40min,275-690,baseMol,time_k3,0.4885752688172043,0.4956029686624372,-0.0070276998452328,,,96,93,249,286,1.0,1.0
TKL2,40min,690-3000,size,mol_peak,0.5104697226938314,0.4940927128427128,0.0163770098511185,,,93,19,286,244,1.0,1.0
TKL2,40min,690-3000,size,au_peak,0.4934917940011318,0.4926948051948052,0.0007969888063266,,,93,19,286,244,1.0,1.0
TKL2,40min,690-3000,size,time_k3,0.2538200339558574,0.2329770923520923,0.020842941603765,,,93,19,286,244,1.0,1.0
TKL2,40min,690-3000,size,time_k2,0.210243350311262,0.205823112073112,0.0044202382381499,,,93,19,286,244,1.0,1.0
TKL2,40min,690-3000,size,time_k4,0.2311827956989247,0.206702441077441,0.0244803546214836,,,93,19,286,244,1.0,1.0
TKL2,40min,690-3000,size,mol_auc,0.5082059988681381,0.4923566017316017,0.0158493971365363,,,93,19,286,244,1.0,1.0
TKL2,40min,690-3000,size,au_auc,0.4889643463497453,0.4844651875901875,0.0044991587595578,,,93,19,286,244,1.0,1.0
TKL2,40min,690-3000,baseMol,mol_peak,0.5104697226938314,0.5943241943241944,-0.0838544716303629,,,93,19,286,244,1.0,1.0
TKL2,40min,690-3000,baseMol,au_peak,0.4934917940011318,0.5796296296296296,-0.0861378356284977,,,93,19,286,244,1.0,1.0
TKL2,40min,690-3000,baseMol,time_k3,0.2538200339558574,0.4255772005772006,-0.1717571666213432,,,93,19,286,244,1.0,1.0
TKL2,50min,100-275,size,mol_peak,0.9047597982836416,0.90439819649872,0.0003616017849216,,,127,178,243,210,0.6141732283464567,0.9325842696629212
TKL2,50min,100-275,size,au_peak,0.9042732018048306,0.902768024219706,0.0015051775851246,,,127,178,243,210,0.6141732283464567,0.9325842696629212
TKL2,50min,100-275,size,time_k3,0.4042953198265947,0.3999526636205182,0.0043426562060764,,,127,178,243,210,0.6141732283464567,0.9325842696629212
TKL2,50min,100-275,size,time_k2,0.4380253030168982,0.4340913821750221,0.0039339208418761,,,127,178,243,210,0.6141732283464567,0.9325842696629212
TKL2,50min,100-275,size,time_k4,0.372179952225073,0.3682609129111998,0.0039190393138732,,,127,178,243,210,0.6141732283464567,0.9325842696629212
TKL2,50min,100-275,size,mol_auc,0.8837034415641865,0.883652539908562,5.0901655624491227e-05,,,127,178,243,210,0.6141732283464567,0.9325842696629212
TKL2,50min,100-275,size,au_auc,0.8839246217818278,0.8823666221404692,0.0015579996413586,,,127,178,243,210,0.6141732283464567,0.9325842696629212
TKL2,50min,100-275,baseMol,mol_peak,0.9047597982836416,0.9063573944744272,-0.0015975961907858,,,127,178,243,210,0.6141732283464567,0.9325842696629212
TKL2,50min,100-275,baseMol,au_peak,0.9042732018048306,0.9051119296041348,-0.0008387277993041,,,127,178,243,210,0.6141732283464567,0.9325842696629212
TKL2,50min,100-275,baseMol,time_k3,0.4042953198265947,0.3361560287186796,0.0681392911079151,,,127,178,243,210,0.6141732283464567,0.9325842696629212
TKL2,50min,275-690,size,mol_peak,0.8053412711722288,0.8104242327722648,-0.005082961600036,,,178,134,210,236,0.9325842696629212,1.0
TKL2,50min,275-690,size,au_peak,0.8138101626697971,0.8158933790817168,-0.0020832164119196,,,178,134,210,236,0.9325842696629212,1.0
TKL2,50min,275-690,size,time_k3,0.3643509978198893,0.3629110312053409,0.0014399666145483,,,178,134,210,236,0.9325842696629212,1.0
TKL2,50min,275-690,size,time_k2,0.3752305886298843,0.3765323016032697,-0.0013017129733854,,,178,134,210,236,0.9325842696629212,1.0
TKL2,50min,275-690,size,time_k4,0.3728618145228912,0.3719909126631358,0.0008709018597553,,,178,134,210,236,0.9325842696629212,1.0
TKL2,50min,275-690,size,mol_auc,0.8091564648666778,0.8162391570314392,-0.0070826921647614,,,178,134,210,236,0.9325842696629212,1.0
TKL2,50min,275-690,size,au_auc,0.8163256749958074,0.8200822593932814,-0.0037565843974739,,,178,134,210,236,0.9325842696629212,1.0
TKL2,50min,275-690,baseMol,mol_peak,0.8053412711722288,0.8066747368044244,-0.0013334656321956,,,178,134,210,236,0.9325842696629212,1.0
TKL2,50min,275-690,baseMol,au_peak,0.8138101626697971,0.810505188277728,0.0033049743920691,,,178,134,210,236,0.9325842696629212,1.0
TKL2,50min,275-690,baseMol,time_k3,0.3643509978198893,0.3368098519267075,0.0275411458931818,,,178,134,210,236,0.9325842696629212,1.0
TKL2,50min,690-3000,size,mol_peak,0.5842581961984947,0.5841804458783496,7.775032014512018e-05,,,134,117,236,159,1.0,0.9914529914529916
TKL2,50min,690-3000,size,au_peak,0.5908279117234341,0.5898879475127651,0.0009399642106689,,,134,117,236,159,1.0,0.9914529914529916
TKL2,50min,690-3000,size,time_k3,0.5441382829442531,0.5415186057401635,0.0026196772040896,,,134,117,236,159,1.0,0.9914529914529916
TKL2,50min,690-3000,size,time_k2,0.5572458221711953,0.5560484116903904,0.0011974104808049,,,134,117,236,159,1.0,0.9914529914529916
TKL2,50min,690-3000,size,time_k4,0.5310945273631841,0.5307649550581992,0.0003295723049848,,,134,117,236,159,1.0,0.9914529914529916
TKL2,50min,690-3000,size,mol_auc,0.5648679678530425,0.5644269677603363,0.0004410000927062,,,134,117,236,159,1.0,0.9914529914529916
TKL2,50min,690-3000,size,au_auc,0.5773695624441894,0.5742414093993848,0.0031281530448045,,,134,117,236,159,1.0,0.9914529914529916
TKL2,50min,690-3000,baseMol,mol_peak,0.5842581961984947,0.5706070674177082,0.0136511287807865,,,134,117,236,159,1.0,0.9914529914529916
TKL2,50min,690-3000,baseMol,au_peak,0.5908279117234341,0.5786078417514344,0.0122200699719996,,,134,117,236,159,1.0,0.9914529914529916
TKL2,50min,690-3000,baseMol,time_k3,0.5441382829442531,0.5598314546183539,-0.0156931716741007,,,134,117,236,159,1.0,0.9914529914529916
pSIP18_mut6,10min,100-275,size,mol_peak,0.8633276740237691,0.8565234007003323,0.0068042733234368,,,124,38,102,98,0.75,1.0
pSIP18_mut6,10min,100-275,size,au_peak,0.8590831918505942,0.8516705475272105,0.0074126443233837,,,124,38,102,98,0.75,1.0
pSIP18_mut6,10min,100-275,size,time_k3,0.1772071307300509,0.1936756785580974,-0.0164685478280464,,,124,38,102,98,0.75,1.0
pSIP18_mut6,10min,100-275,size,time_k2,0.2016129032258064,0.2181005853878194,-0.0164876821620129,,,124,38,102,98,0.75,1.0
pSIP18_mut6,10min,100-275,size,time_k4,0.1643675721561969,0.1821025672929368,-0.0177349951367399,,,124,38,102,98,0.75,1.0
pSIP18_mut6,10min,100-275,size,mol_auc,0.8800933786078099,0.8793493781735663,0.0007440004342436,,,124,38,102,98,0.75,1.0
pSIP18_mut6,10min,100-275,size,au_auc,0.8747877758913413,0.8757329197698738,-0.0009451438785325,,,124,38,102,98,0.75,1.0
pSIP18_mut6,10min,100-275,baseMol,mol_peak,0.8633276740237691,0.881682769726248,-0.0183550957024789,,,124,38,102,98,0.75,1.0
pSIP18_mut6,10min,100-275,baseMol,au_peak,0.8590831918505942,0.8741747181964573,-0.015091526345863,,,124,38,102,98,0.75,1.0
pSIP18_mut6,10min,100-275,baseMol,time_k3,0.1772071307300509,0.2067330917874396,-0.0295259610573886,,,124,38,102,98,0.75,1.0
pSIP18_mut6,10min,275-690,size,mol_peak,0.6848767488341105,0.6975428892095558,-0.0126661403754452,,,38,79,98,100,1.0,0.9873417721518988
pSIP18_mut6,10min,275-690,size,au_peak,0.7111925383077948,0.7078429800652023,0.0033495582425925,,,38,79,98,100,1.0,0.9873417721518988
pSIP18_mut6,10min,275-690,size,time_k3,0.5366422385076616,0.5090748757415424,0.0275673627661191,,,38,79,98,100,1.0,0.9873417721518988
pSIP18_mut6,10min,275-690,size,time_k2,0.5254830113257828,0.4897493453049009,0.0357336660208819,,,38,79,98,100,1.0,0.9873417721518988
pSIP18_mut6,10min,275-690,size,time_k4,0.5348101265822784,0.5108278552722997,0.0239822713099787,,,38,79,98,100,1.0,0.9873417721518988
pSIP18_mut6,10min,275-690,size,mol_auc,0.6975349766822119,0.7077280743947411,-0.0101930977125291,,,38,79,98,100,1.0,0.9873417721518988
pSIP18_mut6,10min,275-690,size,au_auc,0.7215189873417721,0.7219416386083054,-0.0004226512665332,,,38,79,98,100,1.0,0.9873417721518988
pSIP18_mut6,10min,275-690,baseMol,mol_peak,0.6848767488341105,0.6817684521936562,0.0031082966404543,,,38,79,98,100,1.0,0.9873417721518988
pSIP18_mut6,10min,275-690,baseMol,au_peak,0.7111925383077948,0.7005210357784071,0.0106715025293877,,,38,79,98,100,1.0,0.9873417721518988
pSIP18_mut6,10min,275-690,baseMol,time_k3,0.5366422385076616,0.5022772178725452,0.0343650206351163,,,38,79,98,100,1.0,0.9873417721518988
pSIP18_mut6,10min,690-3000,size,mol_peak,0.528952329652572,0.5108079157588962,0.0181444138936758,,,79,47,100,97,0.9873417721518988,0.9361702127659576
pSIP18_mut6,10min,690-3000,size,au_peak,0.5087530298949636,0.5171223674655048,-0.0083693375705411,,,79,47,100,97,0.9873417721518988,0.9361702127659576
pSIP18_mut6,10min,690-3000,size,time_k3,0.5440344734715863,0.5509958242556282,-0.0069613507840419,,,79,47,100,97,0.9873417721518988,0.9361702127659576
pSIP18_mut6,10min,690-3000,size,time_k2,0.5498249394021008,0.5571296296296296,-0.0073046902275288,,,79,47,100,97,0.9873417721518988,0.9361702127659576
pSIP18_mut6,10min,690-3000,size,time_k4,0.5354161055750067,0.5399110384894699,-0.0044949329144631,,,79,47,100,97,0.9873417721518988,0.9361702127659576
pSIP18_mut6,10min,690-3000,size,mol_auc,0.533800161594398,0.5166594045025418,0.0171407570918562,,,79,47,100,97,0.9873417721518988,0.9361702127659576
pSIP18_mut6,10min,690-3000,size,au_auc,0.4963641260436305,0.5090849673202614,-0.0127208412766309,,,79,47,100,97,0.9873417721518988,0.9361702127659576
pSIP18_mut6,10min,690-3000,baseMol,mol_peak,0.528952329652572,0.5223557257159408,0.0065966039366311,,,79,47,100,97,0.9873417721518988,0.9361702127659576
pSIP18_mut6,10min,690-3000,baseMol,au_peak,0.5087530298949636,0.5202463705151877,-0.0114933406202241,,,79,47,100,97,0.9873417721518988,0.9361702127659576
pSIP18_mut6,10min,690-3000,baseMol,time_k3,0.5440344734715863,0.4692815249266862,0.0747529485449001,,,79,47,100,97,0.9873417721518988,0.9361702127659576
pSIP18_mut6,20min,100-275,size,mol_peak,0.8719758064516129,0.8531930264624772,0.0187827799891356,,,64,62,59,43,0.953125,1.0
pSIP18_mut6,20min,100-275,size,au_peak,0.8646673387096774,0.8570839200844921,0.0075834186251853,,,64,62,59,43,0.953125,1.0
pSIP18_mut6,20min,100-275,size,time_k3,0.283266129032258,0.2728475400457666,0.0104185889864914,,,64,62,59,43,0.953125,1.0
pSIP18_mut6,20min,100-275,size,time_k2,0.2973790322580645,0.2919939637974535,0.0053850684606109,,,64,62,59,43,0.953125,1.0
pSIP18_mut6,20min,100-275,size,time_k4,0.2869203629032258,0.2731326644370123,0.0137876984662135,,,64,62,59,43,0.953125,1.0
pSIP18_mut6,20min,100-275,size,mol_auc,0.8699596774193549,0.8586864841870563,0.0112731932322985,,,64,62,59,43,0.953125,1.0
pSIP18_mut6,20min,100-275,size,au_auc,0.8666834677419355,0.8625388722642727,0.0041445954776627,,,64,62,59,43,0.953125,1.0
pSIP18_mut6,20min,100-275,baseMol,mol_peak,0.8719758064516129,0.8705210350290441,0.0014547714225687,,,64,62,59,43,0.953125,1.0
pSIP18_mut6,20min,100-275,baseMol,au_peak,0.8646673387096774,0.8624697089714252,0.0021976297382522,,,64,62,59,43,0.953125,1.0
pSIP18_mut6,20min,100-275,baseMol,time_k3,0.283266129032258,0.3013755302332163,-0.0181094012009582,,,64,62,59,43,0.953125,1.0
pSIP18_mut6,20min,275-690,size,mol_peak,0.8486352357320099,0.8448946886446885,0.0037405470873214,,,62,26,43,53,1.0,1.0
pSIP18_mut6,20min,275-690,size,au_peak,0.8877171215880894,0.85752442002442,0.0301927015636693,,,62,26,43,53,1.0,1.0
pSIP18_mut6,20min,275-690,size,time_k3,0.43424317617866,0.4215773809523809,0.0126657952262791,,,62,26,43,53,1.0,1.0
pSIP18_mut6,20min,275-690,size,time_k2,0.4292803970223325,0.428998778998779,0.0002816180235535,,,62,26,43,53,1.0,1.0
pSIP18_mut6,20min,275-690,size,time_k4,0.4029156327543424,0.3821581196581197,0.0207575130962227,,,62,26,43,53,1.0,1.0
pSIP18_mut6,20min,275-690,size,mol_auc,0.8442928039702233,0.8428698616198617,0.0014229423503616,,,62,26,43,53,1.0,1.0
pSIP18_mut6,20min,275-690,size,au_auc,0.8858560794044665,0.8688568376068376,0.0169992417976289,,,62,26,43,53,1.0,1.0
pSIP18_mut6,20min,275-690,baseMol,mol_peak,0.8486352357320099,0.8456310473152578,0.003004188416752,,,62,26,43,53,1.0,1.0
pSIP18_mut6,20min,275-690,baseMol,au_peak,0.8877171215880894,0.8810625553783448,0.0066545662097445,,,62,26,43,53,1.0,1.0
pSIP18_mut6,20min,275-690,baseMol,time_k3,0.43424317617866,0.327230551125288,0.107012625053372,,,62,26,43,53,1.0,1.0
pSIP18_mut6,20min,690-3000,size,mol_peak,0.6807692307692308,0.6796580806997473,0.0011111500694834,,,26,90,53,99,1.0,0.9888888888888888
pSIP18_mut6,20min,690-3000,size,au_peak,0.588034188034188,0.6457476822060156,-0.0577134941718275,,,26,90,53,99,1.0,0.9888888888888888
pSIP18_mut6,20min,690-3000,size,time_k3,0.4049145299145299,0.368299847466514,0.0366146824480158,,,26,90,53,99,1.0,0.9888888888888888
pSIP18_mut6,20min,690-3000,size,time_k2,0.4207264957264957,0.3590323954907288,0.0616941002357668,,,26,90,53,99,1.0,0.9888888888888888
pSIP18_mut6,20min,690-3000,size,time_k4,0.4269230769230769,0.3940223705848706,0.0329007063382063,,,26,90,53,99,1.0,0.9888888888888888
pSIP18_mut6,20min,690-3000,size,mol_auc,0.6876068376068376,0.6941763191763192,-0.0065694815694815,,,26,90,53,99,1.0,0.9888888888888888
pSIP18_mut6,20min,690-3000,size,au_auc,0.6017094017094017,0.6641686329186329,-0.0624592312092312,,,26,90,53,99,1.0,0.9888888888888888
pSIP18_mut6,20min,690-3000,baseMol,mol_peak,0.6807692307692308,0.6275396825396825,0.0532295482295482,,,26,90,53,99,1.0,0.9888888888888888
pSIP18_mut6,20min,690-3000,baseMol,au_peak,0.588034188034188,0.5382539682539682,0.0497802197802198,,,26,90,53,99,1.0,0.9888888888888888
pSIP18_mut6,20min,690-3000,baseMol,time_k3,0.4049145299145299,0.5026587301587302,-0.0977442002442002,,,26,90,53,99,1.0,0.9888888888888888
pSIP18_mut6,30min,100-275,size,mol_peak,0.9423465423465424,0.9495020230314348,-0.0071554806848923,,,117,55,102,73,0.9658119658119658,1.0
pSIP18_mut6,30min,100-275,size,au_peak,0.948096348096348,0.9520180799592564,-0.0039217318629083,,,117,55,102,73,0.9658119658119658,1.0
pSIP18_mut6,30min,100-275,size,time_k3,0.2597513597513597,0.2608532807062219,-0.0011019209548621,,,117,55,102,73,0.9658119658119658,1.0
pSIP18_mut6,30min,100-275,size,time_k2,0.262004662004662,0.2626885097473332,-0.0006838477426712,,,117,55,102,73,0.9658119658119658,1.0
pSIP18_mut6,30min,100-275,size,time_k4,0.2352758352758353,0.2337397080044139,0.0015361272714213,,,117,55,102,73,0.9658119658119658,1.0
pSIP18_mut6,30min,100-275,size,mol_auc,0.9449883449883448,0.9554310613134142,-0.0104427163250692,,,117,55,102,73,0.9658119658119658,1.0
pSIP18_mut6,30min,100-275,size,au_auc,0.949028749028749,0.9528506352035764,-0.0038218861748272,,,117,55,102,73,0.9658119658119658,1.0
pSIP18_mut6,30min,100-275,baseMol,mol_peak,0.9423465423465424,0.9433477633477632,-0.0010012210012209,,,117,55,102,73,0.9658119658119658,1.0
pSIP18_mut6,30min,100-275,baseMol,au_peak,0.948096348096348,0.952121212121212,-0.004024864024864,,,117,55,102,73,0.9658119658119658,1.0
pSIP18_mut6,30min,100-275,baseMol,time_k3,0.2597513597513597,0.2615343915343915,-0.0017830317830317,,,117,55,102,73,0.9658119658119658,1.0
pSIP18_mut6,30min,275-690,size,mol_peak,0.7603896103896104,0.782298752834467,-0.0219091424448566,,,55,28,73,58,1.0,1.0
pSIP18_mut6,30min,275-690,size,au_peak,0.787012987012987,0.7802484882842027,0.0067644987287843,,,55,28,73,58,1.0,1.0
pSIP18_mut6,30min,275-690,size,time_k3,0.3389610389610389,0.3376984126984126,0.0012626262626262,,,55,28,73,58,1.0,1.0
pSIP18_mut6,30min,275-690,size,time_k2,0.3211038961038961,0.3269038170823885,-0.0057999209784924,,,55,28,73,58,1.0,1.0
pSIP18_mut6,30min,275-690,size,time_k4,0.3525974025974026,0.3480040627362056,0.0045933398611969,,,55,28,73,58,1.0,1.0
pSIP18_mut6,30min,275-690,size,mol_auc,0.7474025974025974,0.7728505291005291,-0.0254479316979316,,,55,28,73,58,1.0,1.0
pSIP18_mut6,30min,275-690,size,au_auc,0.8064935064935065,0.8050028344671203,0.0014906720263861,,,55,28,73,58,1.0,1.0
pSIP18_mut6,30min,275-690,baseMol,mol_peak,0.7603896103896104,0.735531788472965,0.0248578219166454,,,55,28,73,58,1.0,1.0
pSIP18_mut6,30min,275-690,baseMol,au_peak,0.787012987012987,0.7385918003565063,0.0484211866564807,,,55,28,73,58,1.0,1.0
pSIP18_mut6,30min,275-690,baseMol,time_k3,0.3389610389610389,0.5114081996434937,-0.1724471606824547,,,55,28,73,58,1.0,1.0
pSIP18_mut6,30min,690-3000,size,mol_peak,0.7756892230576441,0.7679195804195804,0.0077696426380636,,,28,57,58,85,1.0,1.0
pSIP18_mut6,30min,690-3000,size,au_peak,0.7738095238095238,0.7988539238539238,-0.0250444000444,,,28,57,58,85,1.0,1.0
pSIP18_mut6,30min,690-3000,size,time_k3,0.4636591478696741,0.4497620435120435,0.0138971043576306,,,28,57,58,85,1.0,1.0
pSIP18_mut6,30min,690-3000,size,time_k2,0.4906015037593985,0.4691385003885004,0.021463003370898,,,28,57,58,85,1.0,1.0
pSIP18_mut6,30min,690-3000,size,time_k4,0.4486215538847117,0.4378399378399378,0.0107816160447739,,,28,57,58,85,1.0,1.0
pSIP18_mut6,30min,690-3000,size,mol_auc,0.7800751879699248,0.7769036519036518,0.0031715360662729,,,28,57,58,85,1.0,1.0
pSIP18_mut6,30min,690-3000,size,au_auc,0.7581453634085213,0.7857905982905983,-0.0276452348820769,,,28,57,58,85,1.0,1.0
pSIP18_mut6,30min,690-3000,baseMol,mol_peak,0.7756892230576441,0.7730914588057445,0.0025977642518996,,,28,57,58,85,1.0,1.0
pSIP18_mut6,30min,690-3000,baseMol,au_peak,0.7738095238095238,0.7876382876382877,-0.0138287638287638,,,28,57,58,85,1.0,1.0
pSIP18_mut6,30min,690-3000,baseMol,time_k3,0.4636591478696741,0.4287311894454751,0.034927958424199,,,28,57,58,85,1.0,1.0
pSIP18_mut6,40min,100-275,size,mol_peak,0.9631147540983608,0.9731995058082014,-0.0100847517098406,,,61,72,60,70,0.9836065573770492,1.0
pSIP18_mut6,40min,100-275,size,au_peak,0.9719945355191256,0.976854868159216,-0.0048603326400902,,,61,72,60,70,0.9836065573770492,1.0
pSIP18_mut6,40min,100-275,size,time_k3,0.3883196721311475,0.3706673761021586,0.0176522960289888,,,61,72,60,70,0.9836065573770492,1.0
pSIP18_mut6,40min,100-275,size,time_k2,0.4057377049180328,0.3938304046999699,0.0119073002180629,,,61,72,60,70,0.9836065573770492,1.0
pSIP18_mut6,40min,100-275,size,time_k4,0.3770491803278688,0.3612961112961113,0.0157530690317574,,,61,72,60,70,0.9836065573770492,1.0
pSIP18_mut6,40min,100-275,size,mol_auc,0.9667577413479052,0.9788090331568592,-0.0120512918089539,,,61,72,60,70,0.9836065573770492,1.0
pSIP18_mut6,40min,100-275,size,au_auc,0.9747267759562842,0.979606142649621,-0.0048793666933367,,,61,72,60,70,0.9836065573770492,1.0
pSIP18_mut6,40min,100-275,baseMol,mol_peak,0.9631147540983608,0.963116319226159,-1.565127798364152e-06,,,61,72,60,70,0.9836065573770492,1.0
pSIP18_mut6,40min,100-275,baseMol,au_peak,0.9719945355191256,0.9686684939774184,0.0033260415417072,,,61,72,60,70,0.9836065573770492,1.0
pSIP18_mut6,40min,100-275,baseMol,time_k3,0.3883196721311475,0.40679860185581,-0.0184789297246625,,,61,72,60,70,0.9836065573770492,1.0
pSIP18_mut6,40min,275-690,size,mol_peak,0.7999058380414312,0.8028521319228906,-0.0029462938814593,,,72,59,70,83,1.0,1.0
pSIP18_mut6,40min,275-690,size,au_peak,0.821563088512241,0.826514444161503,-0.0049513556492619,,,72,59,70,83,1.0,1.0
pSIP18_mut6,40min,275-690,size,time_k3,0.4005414312617702,0.3940428315961138,0.0064985996656564,,,72,59,70,83,1.0,1.0
pSIP18_mut6,40min,275-690,size,time_k2,0.4272598870056497,0.4239996686714504,0.0032602183341992,,,72,59,70,83,1.0,1.0
pSIP18_mut6,40min,275-690,size,time_k4,0.4278483992467043,0.4224512817863202,0.0053971174603841,,,72,59,70,83,1.0,1.0
pSIP18_mut6,40min,275-690,size,mol_auc,0.7801318267419962,0.7814564268102204,-0.0013246000682242,,,72,59,70,83,1.0,1.0
pSIP18_mut6,40min,275-690,size,au_auc,0.7994350282485876,0.8045274324046702,-0.0050924041560825,,,72,59,70,83,1.0,1.0
pSIP18_mut6,40min,275-690,baseMol,mol_peak,0.7999058380414312,0.8043531568680758,-0.0044473188266446,,,72,59,70,83,1.0,1.0
pSIP18_mut6,40min,275-690,baseMol,au_peak,0.821563088512241,0.8217727143558345,-0.0002096258435935,,,72,59,70,83,1.0,1.0
pSIP18_mut6,40min,275-690,baseMol,time_k3,0.4005414312617702,0.4022871921422646,-0.0017457608804943,,,72,59,70,83,1.0,1.0
pSIP18_mut6,40min,690-3000,size,mol_peak,0.6030330062444246,0.6342750816435027,-0.031242075399078,,,59,38,83,115,1.0,1.0
pSIP18_mut6,40min,690-3000,size,au_peak,0.6074933095450491,0.625009493430546,-0.0175161838854969,,,59,38,83,115,1.0,1.0
pSIP18_mut6,40min,690-3000,size,time_k3,0.4351025869759143,0.4399869136711242,-0.0048843266952098,,,59,38,83,115,1.0,1.0
pSIP18_mut6,40min,690-3000,size,time_k2,0.4072256913470116,0.4105602000338842,-0.0033345086868726,,,59,38,83,115,1.0,1.0
pSIP18_mut6,40min,690-3000,size,time_k4,0.4386708296164139,0.4389075836444258,-0.0002367540280118,,,59,38,83,115,1.0,1.0
pSIP18_mut6,40min,690-3000,size,mol_auc,0.6052631578947368,0.62954881375934,-0.0242856558646031,,,59,38,83,115,1.0,1.0
pSIP18_mut6,40min,690-3000,size,au_auc,0.5990187332738626,0.6202072781020149,-0.0211885448281523,,,59,38,83,115,1.0,1.0
pSIP18_mut6,40min,690-3000,baseMol,mol_peak,0.6030330062444246,0.6180173584585349,-0.0149843522141103,,,59,38,83,115,1.0,1.0
pSIP18_mut6,40min,690-3000,baseMol,au_peak,0.6074933095450491,0.6185298361768949,-0.0110365266318458,,,59,38,83,115,1.0,1.0
pSIP18_mut6,40min,690-3000,baseMol,time_k3,0.4351025869759143,0.4842261904761905,-0.0491236035002761,,,59,38,83,115,1.0,1.0
pSIP18_mut6,50min,100-275,size,mol_peak,0.9581845996940336,0.9568415637860084,0.0013430359080254,,,53,74,80,89,0.981132075471698,1.0
pSIP18_mut6,50min,100-275,size,au_peak,0.9533401325854156,0.9557344784397924,-0.0023943458543768,,,53,74,80,89,0.981132075471698,1.0
pSIP18_mut6,50min,100-275,size,time_k3,0.5252422233554309,0.5299707013777062,-0.0047284780222752,,,53,74,80,89,0.981132075471698,1.0
pSIP18_mut6,50min,100-275,size,time_k2,0.537990821009689,0.5412484344247629,-0.0032576134150739,,,53,74,80,89,0.981132075471698,1.0
pSIP18_mut6,50min,100-275,size,time_k4,0.5093064762876084,0.5204274020397209,-0.0111209257521125,,,53,74,80,89,0.981132075471698,1.0
pSIP18_mut6,50min,100-275,size,mol_auc,0.9592044875063744,0.9588298443370906,0.0003746431692837,,,53,74,80,89,0.981132075471698,1.0
pSIP18_mut6,50min,100-275,size,au_auc,0.9530851606323304,0.9520643227768832,0.0010208378554472,,,53,74,80,89,0.981132075471698,1.0
pSIP18_mut6,50min,100-275,baseMol,mol_peak,0.9581845996940336,0.9614153114153114,-0.0032307117212777,,,53,74,80,89,0.981132075471698,1.0
pSIP18_mut6,50min,100-275,baseMol,au_peak,0.9533401325854156,0.9614816114816116,-0.0081414788961958,,,53,74,80,89,0.981132075471698,1.0
pSIP18_mut6,50min,100-275,baseMol,time_k3,0.5252422233554309,0.346937521937522,0.1783047014179089,,,53,74,80,89,0.981132075471698,1.0
pSIP18_mut6,50min,275-690,size,mol_peak,0.8053743398570985,0.8245740928818744,-0.0191997530247759,,,74,87,89,122,1.0,1.0
pSIP18_mut6,50min,275-690,size,au_peak,0.8471575023299162,0.8428320900665374,0.0043254122633787,,,74,87,89,122,1.0,1.0
pSIP18_mut6,50min,275-690,size,time_k3,0.2906182044113078,0.2909507294877513,-0.0003325250764434,,,74,87,89,122,1.0,1.0
pSIP18_mut6,50min,275-690,size,time_k2,0.2945790618204411,0.2954415412457359,-0.0008624794252947,,,74,87,89,122,1.0,1.0
pSIP18_mut6,50min,275-690,size,time_k4,0.2687169928549239,0.268713698476559,3.294378364882e-06,,,74,87,89,122,1.0,1.0
pSIP18_mut6,50min,275-690,size,mol_auc,0.8035104069586828,0.8244743228973693,-0.0209639159386865,,,74,87,89,122,1.0,1.0
pSIP18_mut6,50min,275-690,size,au_auc,0.8359739049394221,0.8269323733501323,0.0090415315892898,,,74,87,89,122,1.0,1.0
pSIP18_mut6,50min,275-690,baseMol,mol_peak,0.8053743398570985,0.8076579231751646,-0.0022835833180661,,,74,87,89,122,1.0,1.0
pSIP18_mut6,50min,275-690,baseMol,au_peak,0.8471575023299162,0.8470748600058945,8.264232402166449e-05,,,74,87,89,122,1.0,1.0
pSIP18_mut6,50min,275-690,baseMol,time_k3,0.2906182044113078,0.2593939904284731,0.0312242139828347,,,74,87,89,122,1.0,1.0
pSIP18_mut6,50min,690-3000,size,mol_peak,0.5633447012757358,0.5506734324136285,0.0126712688621072,,,87,91,122,174,1.0,1.0
pSIP18_mut6,50min,690-3000,size,au_peak,0.5718075028419856,0.5599515771084399,0.0118559257335456,,,87,91,122,174,1.0,1.0
pSIP18_mut6,50min,690-3000,size,time_k3,0.3762157382847038,0.3760014041876787,0.000214334097025,,,87,91,122,174,1.0,1.0
pSIP18_mut6,50min,690-3000,size,time_k2,0.387773146393836,0.3872502996277506,0.0005228467660853,,,87,91,122,174,1.0,1.0
pSIP18_mut6,50min,690-3000,size,time_k4,0.3596059113300492,0.3585833193676331,0.0010225919624161,,,87,91,122,174,1.0,1.0
pSIP18_mut6,50min,690-3000,size,mol_auc,0.5546292787672098,0.5427656720548878,0.011863606712322,,,87,91,122,174,1.0,1.0
pSIP18_mut6,50min,690-3000,size,au_auc,0.5652393583428066,0.558130005433927,0.0071093529088795,,,87,91,122,174,1.0,1.0
pSIP18_mut6,50min,690-3000,baseMol,mol_peak,0.5633447012757358,0.5931372549019608,-0.029792553626225,,,87,91,122,174,1.0,1.0
pSIP18_mut6,50min,690-3000,baseMol,au_peak,0.5718075028419856,0.5854737780279576,-0.013666275185972,,,87,91,122,174,1.0,1.0
pSIP18_mut6,50min,690-3000,baseMol,time_k3,0.3762157382847038,0.4482334177690215,-0.0720176794843177,,,87,91,122,174,1.0,1.0
pSIP18_mut21,10min,100-275,size,mol_peak,0.5997890979883193,0.5952154588241467,0.0045736391641725,,,335,184,308,280,0.6805970149253732,0.8532608695652174
pSIP18_mut21,10min,100-275,size,au_peak,0.5981505515898767,0.5943889189034868,0.0037616326863899,,,335,184,308,280,0.6805970149253732,0.8532608695652174
pSIP18_mut21,10min,100-275,size,time_k3,0.3792991563919533,0.379701317853846,-0.0004021614618927,,,335,184,308,280,0.6805970149253732,0.8532608695652174
pSIP18_mut21,10min,100-275,size,time_k2,0.3719743672939649,0.3718121511693317,0.0001622161246332,,,335,184,308,280,0.6805970149253732,0.8532608695652174
pSIP18_mut21,10min,100-275,size,time_k4,0.3901524983776768,0.3901887901375636,-3.629175988678624e-05,,,335,184,308,280,0.6805970149253732,0.8532608695652174
pSIP18_mut21,10min,100-275,size,mol_auc,0.5998539909149903,0.5952086655129022,0.004645325402088,,,335,184,308,280,0.6805970149253732,0.8532608695652174
pSIP18_mut21,10min,100-275,size,au_auc,0.5977125243348475,0.5946917123185101,0.0030208120163373,,,335,184,308,280,0.6805970149253732,0.8532608695652174
pSIP18_mut21,10min,100-275,baseMol,mol_peak,0.5997890979883193,0.5956363256183003,0.0041527723700189,,,335,184,308,280,0.6805970149253732,0.8532608695652174
pSIP18_mut21,10min,100-275,baseMol,au_peak,0.5981505515898767,0.5926259589905555,0.0055245925993212,,,335,184,308,280,0.6805970149253732,0.8532608695652174
pSIP18_mut21,10min,100-275,baseMol,time_k3,0.3792991563919533,0.4364820007712516,-0.0571828443792983,,,335,184,308,280,0.6805970149253732,0.8532608695652174
pSIP18_mut21,10min,275-690,size,mol_peak,0.5312008905185961,0.5384817923569737,-0.0072809018383775,,,184,166,280,232,0.8532608695652174,0.7831325301204819
pSIP18_mut21,10min,275-690,size,au_peak,0.5365701938187533,0.5399575934064323,-0.003387399587679,,,184,166,280,232,0.8532608695652174,0.7831325301204819
pSIP18_mut21,10min,275-690,size,time_k3,0.5529891304347826,0.5532841371457119,-0.0002950067109293,,,184,166,280,232,0.8532608695652174,0.7831325301204819
pSIP18_mut21,10min,275-690,size,time_k2,0.5819146149816657,0.5856866314422555,-0.0037720164605897,,,184,166,280,232,0.8532608695652174,0.7831325301204819
pSIP18_mut21,10min,275-690,size,time_k4,0.5363410162388685,0.5357652442703241,0.0005757719685444,,,184,166,280,232,0.8532608695652174,0.7831325301204819
pSIP18_mut21,10min,275-690,size,mol_auc,0.5260607647983238,0.5290879615063214,-0.0030271967079976,,,184,166,280,232,0.8532608695652174,0.7831325301204819
pSIP18_mut21,10min,275-690,size,au_auc,0.5294656888423258,0.5304918935080402,-0.0010262046657143,,,184,166,280,232,0.8532608695652174,0.7831325301204819
pSIP18_mut21,10min,275-690,baseMol,mol_peak,0.5312008905185961,0.5389569316079533,-0.0077560410893572,,,184,166,280,232,0.8532608695652174,0.7831325301204819
pSIP18_mut21,10min,275-690,baseMol,au_peak,0.5365701938187533,0.5431264782825528,-0.0065562844637995,,,184,166,280,232,0.8532608695652174,0.7831325301204819
pSIP18_mut21,10min,275-690,baseMol,time_k3,0.5529891304347826,0.5047822957041461,0.0482068347306364,,,184,166,280,232,0.8532608695652174,0.7831325301204819
pSIP18_mut21,10min,690-3000,size,mol_peak,0.6477576974564926,0.6385534543429281,0.0092042431135644,,,166,144,232,221,0.7831325301204819,0.9166666666666666
pSIP18_mut21,10min,690-3000,size,au_peak,0.6476321954484605,0.6402593104674394,0.007372884981021,,,166,144,232,221,0.7831325301204819,0.9166666666666666
pSIP18_mut21,10min,690-3000,size,time_k3,0.4440888554216867,0.4490159079758077,-0.004927052554121,,,166,144,232,221,0.7831325301204819,0.9166666666666666
pSIP18_mut21,10min,690-3000,size,time_k2,0.4521628179384203,0.454420618226873,-0.0022578002884526,,,166,144,232,221,0.7831325301204819,0.9166666666666666
pSIP18_mut21,10min,690-3000,size,time_k4,0.4422272423025435,0.4503664713155832,-0.0081392290130397,,,166,144,232,221,0.7831325301204819,0.9166666666666666
pSIP18_mut21,10min,690-3000,size,mol_auc,0.6476321954484605,0.6382864851863436,0.0093457102621169,,,166,144,232,221,0.7831325301204819,0.9166666666666666
pSIP18_mut21,10min,690-3000,size,au_auc,0.6463353413654619,0.6381755253935706,0.0081598159718913,,,166,144,232,221,0.7831325301204819,0.9166666666666666
pSIP18_mut21,10min,690-3000,baseMol,mol_peak,0.6477576974564926,0.6515031632311045,-0.0037454657746118,,,166,144,232,221,0.7831325301204819,0.9166666666666666
pSIP18_mut21,10min,690-3000,baseMol,au_peak,0.6476321954484605,0.6534729903357355,-0.0058407948872749,,,166,144,232,221,0.7831325301204819,0.9166666666666666
pSIP18_mut21,10min,690-3000,baseMol,time_k3,0.4440888554216867,0.4371962111055248,0.0068926443161619,,,166,144,232,221,0.7831325301204819,0.9166666666666666
pSIP18_mut21,20min,100-275,size,mol_peak,0.6253687645270875,0.6291544869842135,-0.003785722457126,,,238,188,397,200,0.8613445378151261,0.8882978723404256
pSIP18_mut21,20min,100-275,size,au_peak,0.6260392454854282,0.6292884364852515,-0.0032491909998232,,,238,188,397,200,0.8613445378151261,0.8882978723404256
pSIP18_mut21,20min,100-275,size,time_k3,0.5439388521365993,0.543851441091386,8.741104521337029e-05,,,238,188,397,200,0.8613445378151261,0.8882978723404256
pSIP18_mut21,20min,100-275,size,time_k2,0.5549459145360272,0.5536797696824749,0.0012661448535522,,,238,188,397,200,0.8613445378151261,0.8882978723404256
pSIP18_mut21,20min,100-275,size,time_k4,0.5294229393885214,0.5297283498717756,-0.0003054104832542,,,238,188,397,200,0.8613445378151261,0.8882978723404256
pSIP18_mut21,20min,100-275,size,mol_auc,0.6212788306812087,0.6265353556467276,-0.0052565249655188,,,238,188,397,200,0.8613445378151261,0.8882978723404256
pSIP18_mut21,20min,100-275,size,au_auc,0.6217034686214912,0.6265348965456152,-0.004831427924124,,,238,188,397,200,0.8613445378151261,0.8882978723404256
pSIP18_mut21,20min,100-275,baseMol,mol_peak,0.6253687645270875,0.616407144654896,0.0089616198721914,,,238,188,397,200,0.8613445378151261,0.8882978723404256
pSIP18_mut21,20min,100-275,baseMol,au_peak,0.6260392454854282,0.6189994182138856,0.0070398272715426,,,238,188,397,200,0.8613445378151261,0.8882978723404256
pSIP18_mut21,20min,100-275,baseMol,time_k3,0.5439388521365993,0.3611925185250391,0.1827463336115601,,,238,188,397,200,0.8613445378151261,0.8882978723404256
pSIP18_mut21,20min,275-690,size,mol_peak,0.6529801807053337,0.6579179996165541,-0.0049378189112203,,,188,146,200,180,0.8882978723404256,0.9657534246575342
pSIP18_mut21,20min,275-690,size,au_peak,0.6556761877003789,0.65658443042082,-0.000908242720441,,,188,146,200,180,0.8882978723404256,0.9657534246575342
pSIP18_mut21,20min,275-690,size,time_k3,0.4415257942290877,0.4457539937801402,-0.0042281995510525,,,188,146,200,180,0.8882978723404256,0.9657534246575342
pSIP18_mut21,20min,275-690,size,time_k2,0.45832118915768,0.463911216173118,-0.0055900270154379,,,188,146,200,180,0.8882978723404256,0.9657534246575342
pSIP18_mut21,20min,275-690,size,time_k4,0.4246393179830953,0.4263568960614666,-0.0017175780783713,,,188,146,200,180,0.8882978723404256,0.9657534246575342
pSIP18_mut21,20min,275-690,size,mol_auc,0.6542553191489362,0.6578093518304066,-0.0035540326814703,,,188,146,200,180,0.8882978723404256,0.9657534246575342
pSIP18_mut21,20min,275-690,size,au_auc,0.6556033226464587,0.6559501096665199,-0.0003467870200611,,,188,146,200,180,0.8882978723404256,0.9657534246575342
pSIP18_mut21,20min,275-690,baseMol,mol_peak,0.6529801807053337,0.6590384533744027,-0.0060582726690689,,,188,146,200,180,0.8882978723404256,0.9657534246575342
pSIP18_mut21,20min,275-690,baseMol,au_peak,0.6556761877003789,0.6607009162117677,-0.0050247285113887,,,188,146,200,180,0.8882978723404256,0.9657534246575342
pSIP18_mut21,20min,275-690,baseMol,time_k3,0.4415257942290877,0.4586003510556661,-0.0170745568265784,,,188,146,200,180,0.8882978723404256,0.9657534246575342
pSIP18_mut21,20min,690-3000,size,mol_peak,0.5075400023022908,0.5012030817735074,0.0063369205287834,,,146,119,180,102,0.9657534246575342,0.957983193277311
pSIP18_mut21,20min,690-3000,size,au_peak,0.5081731322666053,0.5057337445841176,0.0024393876824877,,,146,119,180,102,0.9657534246575342,0.957983193277311
pSIP18_mut21,20min,690-3000,size,time_k3,0.5216990905951422,0.5244679697466007,-0.0027688791514585,,,146,119,180,102,0.9657534246575342,0.957983193277311
pSIP18_mut21,20min,690-3000,size,time_k2,0.5222171060204904,0.5279374526632096,-0.0057203466427191,,,146,119,180,102,0.9657534246575342,0.957983193277311
pSIP18_mut21,20min,690-3000,size,time_k4,0.513784966041211,0.5159492833560407,-0.0021643173148296,,,146,119,180,102,0.9657534246575342,0.957983193277311
pSIP18_mut21,20min,690-3000,size,mol_auc,0.5073673304938414,0.5017018474675342,0.0056654830263072,,,146,119,180,102,0.9657534246575342,0.957983193277311
pSIP18_mut21,20min,690-3000,size,au_auc,0.5069068723379763,0.5045729844237962,0.00233388791418,,,146,119,180,102,0.9657534246575342,0.957983193277311
pSIP18_mut21,20min,690-3000,baseMol,mol_peak,0.5075400023022908,0.5092316328136042,-0.0016916305113133,,,146,119,180,102,0.9657534246575342,0.957983193277311
pSIP18_mut21,20min,690-3000,baseMol,au_peak,0.5081731322666053,0.5093636850905193,-0.001190552823914,,,146,119,180,102,0.9657534246575342,0.957983193277311
pSIP18_mut21,20min,690-3000,baseMol,time_k3,0.5216990905951422,0.5088249027341115,0.0128741878610306,,,146,119,180,102,0.9657534246575342,0.957983193277311
pSIP18_mut21,30min,100-275,size,mol_peak,0.7516648168701443,0.7543840349239729,-0.0027192180538285,,,272,159,252,185,0.8529411764705882,0.981132075471698
pSIP18_mut21,30min,100-275,size,au_peak,0.7511792452830188,0.7529545319067864,-0.0017752866237675,,,272,159,252,185,0.8529411764705882,0.981132075471698
pSIP18_mut21,30min,100-275,size,time_k3,0.4141231964483907,0.4151141779131964,-0.0009909814648056,,,272,159,252,185,0.8529411764705882,0.981132075471698
pSIP18_mut21,30min,100-275,size,time_k2,0.4293955789863115,0.4300484204079299,-0.0006528414216184,,,272,159,252,185,0.8529411764705882,0.981132075471698
pSIP18_mut21,30min,100-275,size,time_k4,0.3869311875693674,0.3893037474889163,-0.0023725599195488,,,272,159,252,185,0.8529411764705882,0.981132075471698
pSIP18_mut21,30min,100-275,size,mol_auc,0.7474102848686645,0.7493700052772588,-0.0019597204085943,,,272,159,252,185,0.8529411764705882,0.981132075471698
pSIP18_mut21,30min,100-275,size,au_auc,0.7478033666296707,0.7500821622298491,-0.0022787956001784,,,272,159,252,185,0.8529411764705882,0.981132075471698
pSIP18_mut21,30min,100-275,baseMol,mol_peak,0.7516648168701443,0.7642510439921031,-0.0125862271219587,,,272,159,252,185,0.8529411764705882,0.981132075471698
pSIP18_mut21,30min,100-275,baseMol,au_peak,0.7511792452830188,0.7652549998558661,-0.0140757545728472,,,272,159,252,185,0.8529411764705882,0.981132075471698
pSIP18_mut21,30min,100-275,baseMol,time_k3,0.4141231964483907,0.3269242415498311,0.0871989548985596,,,272,159,252,185,0.8529411764705882,0.981132075471698
pSIP18_mut21,30min,275-690,size,mol_peak,0.6235747616149321,0.6233831248029158,0.0001916368120162,,,159,155,185,262,0.981132075471698,1.0
pSIP18_mut21,30min,275-690,size,au_peak,0.6281598701562183,0.6254549154029648,0.0027049547532534,,,159,155,185,262,0.981132075471698,1.0
pSIP18_mut21,30min,275-690,size,time_k3,0.4138364779874214,0.4167188174382052,-0.0028823394507838,,,159,155,185,262,0.981132075471698,1.0
pSIP18_mut21,30min,275-690,size,time_k2,0.4343680259687563,0.434642428952487,-0.0002744029837307,,,159,155,185,262,0.981132075471698,1.0
pSIP18_mut21,30min,275-690,size,time_k4,0.4220531547981335,0.4243948727007443,-0.0023417179026107,,,159,155,185,262,0.981132075471698,1.0
pSIP18_mut21,30min,275-690,size,mol_auc,0.6266991276120917,0.6253239227577386,0.001375204854353,,,159,155,185,262,0.981132075471698,1.0
pSIP18_mut21,30min,275-690,size,au_auc,0.6282004463379995,0.6263347062892421,0.0018657400487573,,,159,155,185,262,0.981132075471698,1.0
pSIP18_mut21,30min,275-690,baseMol,mol_peak,0.6235747616149321,0.6278377355428476,-0.0042629739279155,,,159,155,185,262,0.981132075471698,1.0
pSIP18_mut21,30min,275-690,baseMol,au_peak,0.6281598701562183,0.6310558677366195,-0.0028959975804011,,,159,155,185,262,0.981132075471698,1.0
pSIP18_mut21,30min,275-690,baseMol,time_k3,0.4138364779874214,0.4380804430299959,-0.0242439650425744,,,159,155,185,262,0.981132075471698,1.0
pSIP18_mut21,30min,690-3000,size,mol_peak,0.6353751359188111,0.6491512361768529,-0.0137761002580417,,,155,89,262,246,1.0,1.0
pSIP18_mut21,30min,690-3000,size,au_peak,0.6404494382022472,0.650213935863841,-0.0097644976615938,,,155,89,262,246,1.0,1.0
pSIP18_mut21,30min,690-3000,size,time_k3,0.3638999637549837,0.3625704045058884,0.0013295592490952,,,155,89,262,246,1.0,1.0
pSIP18_mut21,30min,690-3000,size,time_k2,0.3509604929322218,0.3529576119115967,-0.0019971189793749,,,155,89,262,246,1.0,1.0
pSIP18_mut21,30min,690-3000,size,time_k4,0.3655309894889452,0.365203449038838,0.0003275404501071,,,155,89,262,246,1.0,1.0
pSIP18_mut21,30min,690-3000,size,mol_auc,0.6342877854295035,0.6477907291949038,-0.0135029437654002,,,155,89,262,246,1.0,1.0
pSIP18_mut21,30min,690-3000,size,au_auc,0.639724537876042,0.6476810533973721,-0.0079565155213301,,,155,89,262,246,1.0,1.0
pSIP18_mut21,30min,690-3000,baseMol,mol_peak,0.6353751359188111,0.6335640520342013,0.0018110838846098,,,155,89,262,246,1.0,1.0
pSIP18_mut21,30min,690-3000,baseMol,au_peak,0.6404494382022472,0.6355253853388182,0.004924052863429,,,155,89,262,246,1.0,1.0
pSIP18_mut21,30min,690-3000,baseMol,time_k3,0.3638999637549837,0.4970640125490871,-0.1331640487941034,,,155,89,262,246,1.0,1.0
pSIP18_mut21,40min,100-275,size,mol_peak,0.8050004562460078,0.8035690964383665,0.0014313598076413,,,281,39,350,119,0.6120996441281139,1.0
pSIP18_mut21,40min,100-275,size,au_peak,0.8073729354868144,0.801920848440373,0.0054520870464414,,,281,39,350,119,0.6120996441281139,1.0
pSIP18_mut21,40min,100-275,size,time_k3,0.2029382242905374,0.2052118509673688,-0.0022736266768313,,,281,39,350,119,0.6120996441281139,1.0
pSIP18_mut21,40min,100-275,size,time_k2,0.1690391459074733,0.1684024473922606,0.0006366985152126,,,281,39,350,119,0.6120996441281139,1.0
pSIP18_mut21,40min,100-275,size,time_k4,0.1828633999452504,0.1835090725158636,-0.0006456725706132,,,281,39,350,119,0.6120996441281139,1.0
pSIP18_mut21,40min,100-275,size,mol_auc,0.8020804817957843,0.8003800858639568,0.0017003959318274,,,281,39,350,119,0.6120996441281139,1.0
pSIP18_mut21,40min,100-275,size,au_auc,0.8045442102381604,0.7986607337201566,0.0058834765180038,,,281,39,350,119,0.6120996441281139,1.0
pSIP18_mut21,40min,100-275,baseMol,mol_peak,0.8050004562460078,0.6901663276069921,0.1148341286390156,,,281,39,350,119,0.6120996441281139,1.0
pSIP18_mut21,40min,100-275,baseMol,au_peak,0.8073729354868144,0.6964464662447257,0.1109264692420887,,,281,39,350,119,0.6120996441281139,1.0
pSIP18_mut21,40min,100-275,baseMol,time_k3,0.2029382242905374,0.3455804513261,-0.1426422270355626,,,281,39,350,119,0.6120996441281139,1.0
pSIP18_mut21,40min,275-690,size,mol_peak,0.6090576090576091,0.6033726621961916,0.0056849468614175,,,39,77,119,222,1.0,1.0
pSIP18_mut21,40min,275-690,size,au_peak,0.5947385947385947,0.6022503277405239,-0.0075117330019291,,,39,77,119,222,1.0,1.0
pSIP18_mut21,40min,275-690,size,time_k3,0.541958041958042,0.5472099614256477,-0.0052519194676057,,,39,77,119,222,1.0,1.0
pSIP18_mut21,40min,275-690,size,time_k2,0.5982350982350982,0.6019591338218789,-0.0037240355867806,,,39,77,119,222,1.0,1.0
pSIP18_mut21,40min,275-690,size,time_k4,0.5546120546120547,0.5628860971998226,-0.0082740425877679,,,39,77,119,222,1.0,1.0
pSIP18_mut21,40min,275-690,size,mol_auc,0.6120546120546121,0.5953583453583454,0.0166962666962666,,,39,77,119,222,1.0,1.0
pSIP18_mut21,40min,275-690,size,au_auc,0.5890775890775891,0.5958275566118704,-0.0067499675342812,,,39,77,119,222,1.0,1.0
pSIP18_mut21,40min,275-690,baseMol,mol_peak,0.6090576090576091,0.6004540586849432,0.0086035503726659,,,39,77,119,222,1.0,1.0
pSIP18_mut21,40min,275-690,baseMol,au_peak,0.5947385947385947,0.5949230146831347,-0.0001844199445399,,,39,77,119,222,1.0,1.0
pSIP18_mut21,40min,275-690,baseMol,time_k3,0.541958041958042,0.5039794388520026,0.0379786031060394,,,39,77,119,222,1.0,1.0
pSIP18_mut21,40min,690-3000,size,mol_peak,0.6477557530189109,0.6640645876756989,-0.016308834656788,,,77,114,222,268,1.0,1.0
pSIP18_mut21,40min,690-3000,size,au_peak,0.6749829118250171,0.6720255910070724,0.0029573208179447,,,77,114,222,268,1.0,1.0
pSIP18_mut21,40min,690-3000,size,time_k3,0.4122237411711096,0.4160437042381487,-0.003819963067039,,,77,114,222,268,1.0,1.0
pSIP18_mut21,40min,690-3000,size,time_k2,0.4033948507632718,0.4024999777314592,0.0008948730318125,,,77,114,222,268,1.0,1.0
pSIP18_mut21,40min,690-3000,size,time_k4,0.4177489177489177,0.4163972173231432,0.0013517004257745,,,77,114,222,268,1.0,1.0
pSIP18_mut21,40min,690-3000,size,mol_auc,0.6544771018455229,0.6737514029180697,-0.0192743010725467,,,77,114,222,268,1.0,1.0
pSIP18_mut21,40min,690-3000,size,au_auc,0.6771474139895193,0.6756030320845136,0.0015443819050057,,,77,114,222,268,1.0,1.0
pSIP18_mut21,40min,690-3000,baseMol,mol_peak,0.6477557530189109,0.6417456452353477,0.0060101077835631,,,77,114,222,268,1.0,1.0
pSIP18_mut21,40min,690-3000,baseMol,au_peak,0.6749829118250171,0.6695572310560869,0.0054256807689302,,,77,114,222,268,1.0,1.0
pSIP18_mut21,40min,690-3000,baseMol,time_k3,0.4122237411711096,0.4001153245432421,0.0121084166278674,,,77,114,222,268,1.0,1.0
pSIP18_mut21,50min,100-275,size,mol_peak,0.7976447969238164,0.7976829134286311,-3.8116504814667e-05,,,219,76,290,183,0.8721461187214612,1.0
pSIP18_mut21,50min,100-275,size,au_peak,0.8029920692141312,0.8008449334354911,0.0021471357786401,,,219,76,290,183,0.8721461187214612,1.0
pSIP18_mut21,50min,100-275,size,time_k3,0.3806476808459505,0.3797161918085892,0.0009314890373613,,,219,76,290,183,0.8721461187214612,1.0
pSIP18_mut21,50min,100-275,size,time_k2,0.3742489786109108,0.3750983860217383,-0.0008494074108275,,,219,76,290,183,0.8721461187214612,1.0
pSIP18_mut21,50min,100-275,size,time_k4,0.3760514299447248,0.3769276973513356,-0.0008762674066107,,,219,76,290,183,0.8721461187214612,1.0
pSIP18_mut21,50min,100-275,size,mol_auc,0.7898341744772891,0.7905550301657006,-0.0007208556884115,,,219,76,290,183,0.8721461187214612,1.0
pSIP18_mut21,50min,100-275,size,au_auc,0.7962629175678924,0.7934658160624647,0.0027971015054276,,,219,76,290,183,0.8721461187214612,1.0
pSIP18_mut21,50min,100-275,baseMol,mol_peak,0.7976447969238164,0.8048740240381108,-0.0072292271142944,,,219,76,290,183,0.8721461187214612,1.0
pSIP18_mut21,50min,100-275,baseMol,au_peak,0.8029920692141312,0.8096933212413089,-0.0067012520271776,,,219,76,290,183,0.8721461187214612,1.0
pSIP18_mut21,50min,100-275,baseMol,time_k3,0.3806476808459505,0.3365825176428891,0.0440651632030613,,,219,76,290,183,0.8721461187214612,1.0
pSIP18_mut21,50min,275-690,size,mol_peak,0.5770676691729323,0.5740479552553168,0.0030197139176154,,,76,133,183,149,1.0,1.0
pSIP18_mut21,50min,275-690,size,au_peak,0.5879501385041551,0.5852944308156985,0.0026557076884565,,,76,133,183,149,1.0,1.0
pSIP18_mut21,50min,275-690,size,time_k3,0.4641373169766521,0.4640803990457935,5.69179308586576e-05,,,76,133,183,149,1.0,1.0
pSIP18_mut21,50min,275-690,size,time_k2,0.5156311832212109,0.5150102076480317,0.0006209755731791,,,76,133,183,149,1.0,1.0
pSIP18_mut21,50min,275-690,size,time_k4,0.4596853977047883,0.4591106322501527,0.0005747654546355,,,76,133,183,149,1.0,1.0
pSIP18_mut21,50min,275-690,size,mol_auc,0.5793430945785516,0.5800151576739024,-0.0006720630953508,,,76,133,183,149,1.0,1.0
pSIP18_mut21,50min,275-690,size,au_auc,0.5879501385041551,0.5887055588501259,-0.0007554203459707,,,76,133,183,149,1.0,1.0
pSIP18_mut21,50min,275-690,baseMol,mol_peak,0.5770676691729323,0.5633465492848431,0.0137211198880892,,,76,133,183,149,1.0,1.0
pSIP18_mut21,50min,275-690,baseMol,au_peak,0.5879501385041551,0.5795058586802971,0.0084442798238579,,,76,133,183,149,1.0,1.0
pSIP18_mut21,50min,275-690,baseMol,time_k3,0.4641373169766521,0.3958828317821667,0.0682544851944854,,,76,133,183,149,1.0,1.0
pSIP18_mut21,50min,690-3000,size,mol_peak,0.5459803354540197,0.5481783255851579,-0.0021979901311381,,,133,78,149,167,1.0,1.0
pSIP18_mut21,50min,690-3000,size,au_peak,0.5509928667823405,0.5565795344522053,-0.0055866676698648,,,133,78,149,167,1.0,1.0
pSIP18_mut21,50min,690-3000,size,time_k3,0.452862926547137,0.4486748945211678,0.0041880320259692,,,133,78,149,167,1.0,1.0
pSIP18_mut21,50min,690-3000,size,time_k2,0.44741661846925,0.4422583972273413,0.0051582212419087,,,133,78,149,167,1.0,1.0
pSIP18_mut21,50min,690-3000,size,time_k4,0.4479949874686716,0.4416341824726917,0.0063608049959799,,,133,78,149,167,1.0,1.0
pSIP18_mut21,50min,690-3000,size,mol_auc,0.542317331791016,0.5431856819279179,-0.0008683501369018,,,133,78,149,167,1.0,1.0
pSIP18_mut21,50min,690-3000,size,au_auc,0.5402930402930403,0.5475215002388915,-0.0072284599458511,,,133,78,149,167,1.0,1.0
pSIP18_mut21,50min,690-3000,baseMol,mol_peak,0.5459803354540197,0.5500865525759908,-0.0041062171219711,,,133,78,149,167,1.0,1.0
pSIP18_mut21,50min,690-3000,baseMol,au_peak,0.5509928667823405,0.5647293329991765,-0.0137364662168359,,,133,78,149,167,1.0,1.0
pSIP18_mut21,50min,690-3000,baseMol,time_k3,0.452862926547137,0.5158548297590491,-0.062991903211912,,,133,78,149,167,1.0,1.0
