experiment_01.dot,,,,
1,,,,
0.151,0.15897,0.15061,0.15811,0.16701
0.05966,0.141,0.108,0.10361,0.16842
0.025227,0.016734,0.017638,0.032975,0.12264
0.0091655,0.0074355,0.006471,0.0084462,0.10461
0.016119,0.020439,0.013974,0.018,0.021083
0.0068577,0.0061376,0.0077549,0.0084541,0.013954
0.010156,0.0075364,0.0079793,0.0054382,0.0074462
3,,,,
0.16355,0.17349,0.16798,0.16298,0.18111
0.1715,0.16838,0.17563,0.17033,0.17745
0.1366,0.162,0.14164,0.16727,0.18202
0.02062,0.015626,0.012247,0.0074199,0.055102
0.10983,0.11464,0.11767,0.11626,0.13928
0.0084052,0.01669,0.018744,0.012812,0.019489
0.010846,0.017188,0.014562,0.013301,0.018282
4,,,,
0.19803,0.20121,0.21168,0.212,0.228
0.21665,0.2193,0.22053,0.22064,0.2211
0.2096,0.20936,0.21081,0.21849,0.22208
0.045,0.15192,0.045046,0.016574,0.068921
0.21845,0.23305,0.24665,0.25051,0.27741
0.031152,0.030046,0.035776,0.045046,0.044557
0.009894,0.01358,0.011655,0.024779,0.017051
5,,,,
0.21064,0.2093,0.21238,0.2189,0.23246
0.2203,0.22839,0.22689,0.23833,0.23781
0.23368,0.24169,0.25013,0.26235,0.2698
0.23467,0.25004,0.193,0.022452,0.087329
0.26997,0.27255,0.28285,0.30105,0.32379
0.042457,0.044395,0.070584,0.10871,0.059741
0.013259,0.012322,0.01394,0.016838,0.0095379
6,,,,
0.18334,0.19336,0.18919,0.19762,0.20098
0.18462,0.19534,0.19683,0.2035,0.20317
0.17735,0.17609,0.16133,0.19243,0.21354
0.019884,0.015239,0.013,0.015,0.1062
0.030625,0.17737,0.074529,0.065769,0.05342
0.012499,0.015277,0.013975,0.017556,0.017648
0.0082556,0.0096784,0.015725,0.015974,0.017276
7,,,,
0.18593,0.18848,0.2039,0.2055,0.20715
0.19526,0.20221,0.20221,0.21276,0.20557
0.061148,0.14101,0.092067,0.088672,0.20391
0.026,0.020943,0.019038,0.008125,0.078607
0.028093,0.035167,0.053588,0.049908,0.047483
0.017539,0.016406,0.018922,0.015518,0.024498
0.012271,0.0093488,0.011991,0.014838,0.015499
8,,,,
0.19324,0.19563,0.20493,0.2143,0.22544
0.21954,0.22228,0.22366,0.2291,0.2295
0.23183,0.23532,0.23849,0.2479,0.25353
0.23344,0.23971,0.22708,0.14054,0.067811
0.25296,0.26387,0.27381,0.28451,0.29677
0.17671,0.14849,0.10303,0.052552,0.22998
0.015417,0.016309,0.021443,0.014096,0.011463
9,,,,
0.19893,0.20167,0.20471,0.21188,0.21388
0.20854,0.21003,0.21377,0.21926,0.22087
0.214,0.21209,0.22251,0.23329,0.23952
0.21129,0.22075,0.020126,0.021829,0.032063
0.2713,0.27887,0.27888,0.28647,0.30096
0.037418,0.029688,0.032848,0.033954,0.044
0.01,0.0096064,0.016658,0.017486,0.01234
10,,,,
0.20594,0.21139,0.21337,0.21641,0.22198
0.215,0.21511,0.22351,0.22123,0.21717
0.21381,0.2126,0.21853,0.22381,0.22905
0.19604,0.20755,0.18817,0.17817,0.038305
0.24837,0.25779,0.26795,0.27324,0.2794
0.23399,0.17902,0.24491,0.243,0.26164
0.025971,0.026313,0.020756,0.023643,0.028431
11,,,,
0.19021,0.18656,0.19249,0.19602,0.2018
0.20647,0.20518,0.20814,0.21481,0.21104
0.21227,0.21617,0.21512,0.2229,0.23021
0.20869,0.20422,0.19505,0.21499,
0.25007,0.26151,0.26592,0.27054,0.28157
0.23631,0.24488,0.10798,0.2479,0.265
0.013,0.013896,0.016731,0.014691,0.011136
12,,,,
0.11557,0.11518,0.11858,0.1278,0.13629
0.13141,0.12426,0.13789,0.14757,0.15045
0.031476,0.11807,0.13273,0.14997,0.16291
0.012712,0.013392,0.015084,0.11856,
0.02367,0.026364,0.026935,0.040381,0.041531
0.0095853,0.011325,0.013476,0.017333,0.01868
0.01076,0.014989,0.016725,0.014259,0.012901
experiment_02.dot,,,,
1,,,,
0.21399,0.207,0.22911,0.21235,0.21604
0.20841,0.20801,0.20626,0.2038,0.21983
0.21393,0.2103,0.21521,0.22351,0.22905
0.22368,0.072805,0.23433,0.23519,0.056974
0.028855,0.02767,0.25178,0.226,0.161
0.023139,0.019569,0.027071,0.035325,0.037743
0.019911,0.013396,0.015195,0.023344,0.01992
2,,,,
0.13179,0.13388,0.13982,0.14168,0.14243
0.14368,0.14129,0.15093,0.16088,0.072916
0.14592,0.15184,0.15118,0.15548,0.16429
0.082393,0.058268,0.042887,0.086476,0.025725
0.023442,0.029388,0.1441,0.030493,0.045985
0.020461,0.021737,0.026237,0.051533,0.043899
0.02825,0.011878,0.010107,0.016426,0.01533
3,,,,
0.15899,0.15828,0.16328,0.15933,0.16413
0.15991,0.15605,0.16229,0.1669,0.11229
0.16188,0.16694,0.15829,0.16809,0.17095
0.043231,0.030638,0.042427,0.033738,0.021863
0.01491,0.020477,0.1827,0.06164,0.048467
0.020008,0.023229,0.025363,0.036766,0.034735
0.016463,0.01199,0.011661,0.019081,0.019186
4,,,,
0.22739,0.22513,0.24886,0.22363,0.23302
0.23238,0.24147,0.25073,0.22974,0.24508
0.26118,0.25667,0.25963,0.26134,0.27245
0.2576,0.25062,0.26683,0.25806,0.25561
0.24877,0.25787,0.30333,0.26971,0.28036
0.071031,0.14199,0.14485,0.19056,0.23373
0.026908,0.016572,0.025919,0.029769,0.027119
5,,,,
0.23599,0.238,0.26826,0.24257,0.24599
0.23201,0.22705,0.22805,0.21822,0.2198
0.22205,0.22155,0.22435,0.22657,0.24802
0.22446,0.22474,0.23865,0.22623,0.2249
0.21774,0.22706,0.26545,0.262,0.26798
0.12054,0.13498,0.16943,0.20559,0.18791
0.030982,0.018395,0.020924,0.02247,0.018026
6,,,,
0.12436,0.12568,0.14255,0.12638,0.12605
0.12783,0.12667,0.12985,0.12904,0.12765
0.13598,0.12986,0.12706,0.11505,0.12505
0.10988,0.10937,0.1118,0.1054,0.095753
0.084079,0.080184,0.086578,0.07747,0.071959
0.063406,0.069554,0.065096,0.056403,0.050597
0.016817,0.018063,0.012904,0.018997,0.012479
7,,,,
0.2599,0.26635,0.29181,0.27012,0.26915
0.26968,0.26523,0.27097,0.25768,0.27385
0.28092,0.27024,0.27455,0.27585,0.28849
0.2763,0.26574,0.29944,0.28866,0.10557
0.03784,0.046676,0.33237,0.18772,0.31518
0.050209,0.040861,0.031322,0.054764,0.045305
0.022707,0.015882,0.014464,0.017131,0.015172
8,,,,
0.22899,0.23733,0.24863,0.25,0.26252
0.25805,0.26087,0.25895,0.25417,0.25493
0.26494,0.25471,0.25747,0.2545,0.26374
0.28041,0.29262,0.30928,0.30621,0.30278
0.28182,0.29566,0.30706,0.3183,0.33226
0.23784,0.29268,0.060778,0.061506,0.25816
0.026657,0.01312,0.016696,0.026388,0.020051
9,,,,
0.15999,0.15366,0.16582,0.16053,0.16813
0.1589,0.16612,0.15937,0.17098,0.12322
0.15889,0.15431,0.1545,0.15685,0.15654
0.024564,0.026113,0.02597,0.020975,0.019772
0.01019,0.014804,0.028219,0.015961,0.023073
0.015651,0.011312,0.010599,0.029353,0.0265
0.019634,0.010188,0.010063,0.017467,0.015643
10,,,,
0.22997,0.22781,0.26512,0.23507,0.24206
0.23237,0.23129,0.23456,0.2121,0.22174
0.23197,0.245,0.24351,0.23575,0.2407
0.23849,0.23005,0.24179,0.24241,0.24004
0.22229,0.21867,0.2731,0.25607,0.27242
0.059641,0.19048,0.073529,0.081924,0.059694
0.025135,0.012974,0.01866,0.024222,0.026073
11,,,,
0.21878,0.22179,0.23325,0.22829,0.22746
0.20404,0.20038,0.19627,0.2247,0.10315
0.2159,0.20631,0.20851,0.20592,0.21888
0.20112,0.050648,0.19869,0.095122,0.035058
0.02021,0.021701,0.13407,0.17173,0.059903
0.02126,0.015762,0.013323,0.035769,0.031502
0.017428,0.011887,0.016382,0.013692,0.013121
12,,,,
0.20999,0.21133,0.24979,0.20808,0.21143
0.208,0.21899,0.22673,0.19418,0.2115
0.21696,0.2162,0.22156,0.22228,0.23067
0.2267,0.22578,0.23594,0.22881,0.23189
0.21043,0.21347,0.23609,0.2479,0.26216
0.042717,0.19313,0.041558,0.082892,0.10725
0.02336,0.015452,0.012928,0.019284,0.01231
13,,,,
0.23399,0.23152,0.28593,0.22828,0.2308
0.22002,0.22117,0.2284,0.2204,0.24073
0.24095,0.24743,0.24107,0.23903,0.24108
0.23844,0.25004,0.25572,0.26307,0.24692
0.088872,0.11333,0.27758,0.28179,0.28732
0.14058,0.10489,0.12176,0.079347,0.066916
0.026206,0.021797,0.018576,0.020734,0.016569
15,,,,
0.18817,0.1974,0.21167,0.19565,0.20293
0.095015,0.041768,0.14043,0.21451,0.032224
0.038725,0.022747,0.026932,0.024563,0.045595
0.017357,0.017829,0.022871,0.02039,0.019814
0.012033,0.029972,0.03096,0.016419,0.032944
0.01962,0.020301,0.01677,0.028967,0.038018
0.029528,0.01216,0.01745,0.020949,0.015135
16,,,,
0.15899,0.16586,0.18275,0.15153,0.162
0.147,0.15545,0.15472,0.13843,0.15388
0.16096,0.16066,0.16555,0.16573,0.17331
0.15015,0.14987,0.15159,0.14687,0.13395
0.1089,0.12781,0.1807,0.15388,0.15517
0.025556,0.032454,0.021199,0.036326,0.032161
0.021255,0.018033,0.013403,0.015565,0.010955
18,,,,
0.1974,0.20366,0.23725,0.20104,0.20158
0.20066,0.21221,0.21752,0.20246,0.20797
0.22393,0.22455,0.22286,0.23135,0.2368
0.23168,0.23319,0.23646,0.23193,0.21875
0.21398,0.22971,0.25815,0.24716,0.25714
0.028134,0.24231,0.15001,0.24934,0.23024
0.040362,0.022409,0.022987,0.031904,0.033602
19,,,,
0.25639,0.26626,0.26658,0.2685,0.26965
0.2634,0.25959,0.25289,0.26372,0.27474
0.27696,0.28948,0.28564,0.27822,0.29407
0.27279,0.29063,0.29967,0.30319,0.098398
0.034412,0.02745,0.30893,0.26423,0.29713
0.031591,0.01375,0.016624,0.033917,0.038976
0.025537,0.011,0.011,0.016691,0.012423
20,,,,
0.19785,0.20778,0.21515,0.20253,0.205
0.056,0.10146,0.034626,0.20363,0.043688
0.023749,0.016517,0.024333,0.023335,0.033421
0.016053,0.01626,0.032833,0.019885,0.027777
0.0093511,0.021543,0.023419,0.017235,0.033972
0.027336,0.03993,0.018384,0.036592,0.064057
0.027815,0.011931,0.030725,0.028101,0.022546
21,,,,
0.25594,0.206,0.26544,0.26701,0.25657
0.04206,0.14395,0.23996,0.21619,0.048417
0.1498,0.16104,0.031322,0.23988,0.091019
0.055784,0.027964,0.032486,0.029548,0.021682
0.018,0.017806,0.034854,0.030321,0.038825
0.023358,0.018835,0.019635,0.034353,0.038951
0.022235,0.01312,0.018325,0.017614,0.0095693
22,,,,
0.184,0.1872,0.21792,0.18882,0.17813
0.16802,0.16731,0.17396,0.15793,0.17565
0.18097,0.17922,0.1763,0.17144,0.18673
0.19171,0.19388,0.19639,0.19242,0.15628
0.18462,0.079023,0.18565,0.18035,0.22498
0.036704,0.066947,0.038333,0.049869,0.075243
0.044388,0.029389,0.049745,0.044426,0.064496
24,,,,
0.19596,0.19881,0.22555,0.20147,0.20424
0.20575,0.21184,0.20341,0.20458,0.21811
0.22496,0.21887,0.21726,0.22167,0.22607
0.20529,0.19906,0.21314,0.22471,0.19404
0.18785,0.032176,0.2667,0.21381,0.25693
0.033133,0.05941,0.055404,0.054329,0.058368
0.034748,0.038721,0.017376,0.016669,0.024282
25,,,,
0.13798,0.137,0.14562,0.13791,0.14218
0.13755,0.14924,0.13978,0.14413,0.048807
0.042846,0.11668,0.11374,0.1423,0.14227
0.016654,0.016788,0.022466,0.021859,0.022544
0.012452,0.021894,0.028489,0.021143,0.033281
0.014511,0.015732,0.019081,0.030051,0.028656
0.022651,0.011322,0.014172,0.021397,0.018851
26,,,,
0.19899,0.19564,0.21906,0.20282,0.20406
0.19337,0.20346,0.20168,0.19094,0.19824
0.20237,0.20323,0.20154,0.1999,0.20788
0.20109,0.21115,0.22494,0.22422,0.21467
0.20074,0.21297,0.23929,0.22983,0.2355
0.11148,0.086132,0.18307,0.17555,0.10003
0.023448,0.012972,0.019222,0.02397,0.016947
27,,,,
0.17599,0.17392,0.1829,0.17835,0.18116
0.17493,0.17835,0.17782,0.17311,0.17829
0.18991,0.176,0.18151,0.1773,0.197
0.18442,0.18728,0.19376,0.19808,0.12653
0.12765,0.18349,0.23155,0.20954,0.21465
0.037148,0.032833,0.035783,0.043611,0.038773
0.012818,0.011879,0.014217,0.018378,0.012435
28,,,,
0.14098,0.141,0.14486,0.14628,0.15149
0.10493,0.091291,0.13326,0.068627,0.050775
0.053956,0.022596,0.032219,0.033003,0.048406
0.011903,0.011435,0.018244,0.020135,0.024844
0.016146,0.032683,0.052514,0.020768,0.026915
0.015972,0.011352,0.017319,0.026797,0.028454
0.023652,0.015632,0.013308,0.017201,0.014687
29,,,,
0.1654,0.16491,0.19415,0.16559,0.17627
0.17861,0.17263,0.18187,0.1618,0.17553
0.18494,0.18218,0.17854,0.18334,0.194
0.18911,0.19411,0.20621,0.2106,0.21284
0.21277,0.063749,0.22481,0.22766,0.23352
0.1723,0.084485,0.073209,0.21213,0.19317
0.033718,0.01429,0.022182,0.03138,0.035331
experiment_13.dot,,,,
1,,,,
0.24598,0.24281,0.24988,0.25062,0.24767
0.24498,0.24136,0.25176,0.2631,0.26465
0.2587,0.19751,0.26486,0.27353,0.28426
0.25842,0.071858,0.24926,0.13542,0.28918
0.071007,0.058224,0.2134,0.05884,0.21246
0.043557,0.03932,0.042903,0.047522,0.039361
0.036322,0.028601,0.038631,0.029683,0.040846
2,,,,
0.14389,0.14844,0.14395,0.15496,0.15645
0.1477,0.15313,0.15268,0.16559,0.16189
0.14834,0.15785,0.16383,0.17134,0.17424
0.16443,0.09281,0.041982,0.13668,0.16956
0.13354,0.06123,0.17025,0.0596,0.064228
0.031685,0.032231,0.029962,0.037418,0.032021
0.028576,0.036478,0.029258,0.0166,0.036617
3,,,,
0.1833,0.17453,0.19689,0.2049,0.2141
0.14061,0.06922,0.20038,0.0854,0.20965
0.046099,0.042518,0.12399,0.11054,0.055008
0.029935,0.035769,0.026738,0.029157,0.032952
0.026788,0.027094,0.03676,0.024655,0.029749
0.026737,0.022754,0.027119,0.024294,0.020198
0.021835,0.017,0.02,0.024369,0.029384
4,,,,
0.17097,0.17328,0.17373,0.18313,0.1864
0.17135,0.16241,0.13782,0.18931,0.19138
0.032077,0.17271,0.086678,0.039263,0.19813
0.045844,0.038907,0.038745,0.034687,0.034599
0.029547,0.030587,0.02788,0.036207,0.037273
0.033288,0.035119,0.023603,0.026001,0.019794
0.019884,0.02111,0.028124,0.020516,0.052389
5,,,,
0.17654,0.17751,0.18107,0.17691,0.18568
0.17146,0.17694,0.14745,0.19709,0.19233
0.043362,0.18556,0.097584,0.043671,0.2098
0.048603,0.040532,0.045828,0.041497,0.038977
0.03921,0.04,0.042,0.035679,0.036356
0.026385,0.041973,0.026526,0.033693,0.025051
0.023581,0.026928,0.024031,0.034037,0.064283
6,,,,
0.16835,0.16944,0.17583,0.17858,0.1782
0.15841,0.12078,0.17598,0.12047,0.17303
0.1718,0.054558,0.12264,0.11708,0.18041
0.030755,0.051572,0.043847,0.15806,0.046496
0.036546,0.037218,0.038965,0.042,0.029109
0.023941,0.026079,0.028702,0.029592,0.032459
0.01999,0.024347,0.026806,0.030405,0.02906
7,,,,
0.13791,0.13544,0.14381,0.14646,0.14854
0.14837,0.1477,0.14689,0.1505,0.15287
0.15671,0.1503,0.16721,0.15947,0.17835
0.15748,0.16417,0.16084,0.16294,0.16158
0.046191,0.1528,0.14438,0.16983,0.17142
0.034797,0.034308,0.040939,0.04442,0.051954
0.032369,0.021414,0.018601,0.07886,0.024305
8,,,,
0.12797,0.14704,0.13184,0.14792,0.15579
0.14224,0.13985,0.14994,0.15251,0.15838
0.13237,0.14148,0.14602,0.14099,0.15439
0.13642,0.13459,0.13372,0.13417,0.15523
0.032675,0.15197,0.050147,0.043743,0.15396
0.029237,0.038689,0.039862,0.038467,0.042342
0.017629,0.022432,0.031266,0.040031,0.035756
11,,,,
0.16479,0.17251,0.16937,0.17818,0.18406
0.030196,0.17379,0.014727,0.17018,0.18725
0.13735,0.034226,0.11183,0.035498,0.19843
0.038398,0.026257,0.022882,0.11346,0.072861
0.028505,0.021826,0.028864,0.048652,0.031493
0.035131,0.025304,0.017839,0.019506,0.021818
0.019503,0.02438,0.024839,0.017546,0.075095
13,,,,
0.20419,0.20047,0.19869,0.20956,0.21275
0.19988,0.20484,0.21464,0.20896,0.22141
0.21467,0.16105,0.11372,0.22112,0.23632
0.1231,0.032609,0.20775,0.053287,0.25054
0.083455,0.051397,0.089924,0.059195,0.17208
0.026269,0.029925,0.032761,0.032223,0.027366
0.019131,0.034552,0.020754,0.025274,0.077921
16,,,,
0.19696,0.20205,0.20881,0.22275,0.22942
0.18935,0.20443,0.21481,0.20656,0.21632
0.11454,0.14585,0.20309,0.18777,0.2046
0.029938,0.051943,0.057914,0.054507,0.072667
0.025554,0.027184,0.027989,0.033,0.032188
0.018247,0.019216,0.02468,0.022698,0.02268
0.020051,0.017642,0.02302,0.031273,0.043697
17,,,,
0.17628,0.17277,0.1889,0.1849,0.1979
0.18005,0.17951,0.17964,0.18099,0.19152
0.14345,0.16848,0.13099,0.183,0.20604
0.033703,0.025306,0.11292,0.14393,0.18361
0.027061,0.032233,0.025936,0.022534,0.026303
0.018359,0.017368,0.022924,0.019146,0.02539
0.017163,0.014104,0.014049,0.033567,
18,,,,
0.17814,0.19008,0.18687,0.19215,0.19623
0.19672,0.18984,0.19288,0.19353,0.19771
0.19361,0.19431,0.19723,0.20098,0.20199
0.17387,0.19857,0.19088,0.20007,0.19661
0.13473,0.16178,0.16498,0.16,0.20903
0.04159,0.048604,0.060557,0.04182,0.029328
0.023084,0.020378,0.019827,0.02411,0.27792
19,,,,
0.1447,0.14476,0.14887,0.1559,0.15637
0.15942,0.15793,0.15898,0.16281,0.15826
0.15971,0.15729,0.16124,0.16731,0.17371
0.16899,0.17127,0.17193,0.17011,0.17445
0.16439,0.17346,0.18274,0.18364,0.19658
0.040223,0.047399,0.036844,0.028165,0.021263
0.016415,0.017528,0.018509,0.029226,0.074747
20,,,,
0.13568,0.13396,0.14217,0.14188,0.14458
0.13422,0.13775,0.13984,0.1467,0.1536
0.14426,0.14656,0.1573,0.15479,0.16132
0.14949,0.15306,0.14891,0.16845,0.15678
0.15447,0.088564,0.13099,0.14173,0.15119
0.025365,0.025206,0.028551,0.022538,0.019936
0.018025,0.024844,0.02602,0.019237,0.12813
21,,,,
0.1636,0.17209,0.17032,0.17875,0.18111
0.037645,0.15286,0.17086,0.1375,0.18031
0.029898,0.032008,0.17475,0.045347,0.19018
0.028684,0.028301,0.035815,0.042189,0.038714
0.02575,0.028759,0.021845,0.029006,0.026112
0.018687,0.015268,0.017738,0.022634,0.018813
0.011297,0.023727,0.036115,0.011668,0.070959
22,,,,
0.12383,0.13038,0.12289,0.13234,0.14593
0.11667,0.023181,0.10402,0.075,0.12813
0.01848,0.016,0.015,0.038514,0.025678
0.018502,0.016421,0.014951,0.01445,0.016766
0.016689,0.021319,0.018817,0.019715,0.023128
0.020801,0.01488,0.018191,0.012982,0.015279
0.012443,0.014145,0.010754,0.03677,0.047591
23,,,,
0.18686,0.18753,0.18683,0.18971,0.19948
0.18719,0.18723,0.20898,0.19252,
0.20314,0.19958,0.20915,0.23074,
0.19284,0.06178,0.042864,0.037384,0.20907
0.029123,0.033352,0.027972,0.019372,0.028401
0.024538,0.024574,0.019853,0.015438,0.027164
0.025173,0.024538,0.019658,0.022331,0.022206
experiment_14.dot,,,,
1,,,,
0.20759,0.22035,0.225,0.238,0.24655
0.12366,0.21505,0.18421,0.23714,0.1525
0.11056,0.045782,0.096296,0.031475,0.1077
0.012286,0.0093525,0.0085837,0.0095144,0.00908
0.00948,0.0079627,0.0082727,0.0071656,0.0071626
0.0060677,0.0054576,0.0067785,0.0082107,0.0062748
0.0051595,0.0084775,0.0071975,0.0068166,0.0093928
2,,,,
0.28926,0.29045,0.29327,0.30245,0.31467
0.29792,0.29955,0.3104,0.28818,
0.24858,0.28112,0.28712,0.3004,
0.069335,0.12201,0.054438,0.056751,0.035988
0.016934,0.015645,0.015495,0.015946,0.015885
0.0064068,0.0064288,0.0065767,0.0081628,0.0079422
0.0079919,0.0069459,0.006099,0.0071222,0.011473
3,,,,
0.19545,0.19482,0.20026,0.20335,0.21982
0.1983,0.20046,0.20322,0.21336,0.2167
0.20379,0.2001,0.211,0.204,0.22246
0.032235,0.174,0.192,0.18437,0.15648
0.15722,0.16668,0.043724,0.1381,0.096409
0.012445,0.010015,0.0094211,0.01037,0.015495
0.0094049,0.010827,0.0082551,0.012498,0.013108
4,,,,
0.24149,0.25111,0.25148,0.2518,0.26028
0.24429,0.25171,0.24664,0.25897,0.26346
0.25028,0.26252,0.26637,0.2639,0.26699
0.25412,0.24086,0.26566,0.26948,0.25035
0.2556,0.25232,0.23789,0.25933,0.26097
0.026042,0.060819,0.025875,0.021262,0.01848
0.0092983,0.012039,0.012047,0.013908,
5,,,,
0.24257,0.2491,0.26144,0.26105,0.27045
0.26429,0.26283,0.26555,0.27413,0.26798
0.26819,0.27285,0.27548,0.2793,0.29794
0.26534,0.25711,0.2837,0.27919,0.25461
0.2568,0.26798,0.23468,0.26753,
0.020889,0.034441,0.019174,0.01646,0.011573
0.010453,0.010857,0.0075775,0.01831,0.0087549
6,,,,
0.26184,0.26811,0.28154,0.27676,0.2768
0.2621,0.26595,0.26097,0.2615,0.2318
0.21938,0.24018,0.22412,0.23013,0.28346
0.21502,0.15875,0.20779,0.24425,0.23091
0.062797,0.20159,0.085609,0.11595,0.15818
0.02111,0.019112,0.015352,0.0098614,
0.011629,0.0095403,0.0077245,0.0087361,0.013039
7,,,,
0.26718,0.2747,0.28123,0.28399,0.29039
0.28595,0.28173,0.28017,0.2785,0.27742
0.25329,0.27131,0.27215,0.27487,0.3046
0.093062,0.078684,0.078602,0.23612,0.090964
0.046785,0.054519,0.049246,0.048738,
0.014549,0.013858,0.01149,0.01226,0.0081882
0.011345,0.010355,0.0095417,0.0081502,0.0092464
8,,,,
0.21841,0.21962,0.2296,0.23128,0.24234
0.2138,0.081135,0.21257,0.22115,0.23967
0.070398,0.17784,0.068211,0.058979,0.1892
0.019942,0.011981,0.014459,0.012034,0.01423
0.012921,0.01179,0.014573,0.012503,0.011088
0.0084835,0.0083811,0.011566,0.0088677,0.0087373
0.0090693,0.0092392,0.010406,0.0079588,0.010608
9,,,,
0.139,0.15008,0.14959,0.15336,0.16015
0.133,0.142,,,
0.13174,0.1394,0.14301,0.14699,0.15366
0.1156,0.13573,0.13801,0.14088,0.12536
0.13148,0.13623,0.11602,0.1412,0.15645
0.024666,0.026647,0.027131,0.027404,0.026312
0.013563,0.011176,0.0088474,0.014257,0.012949
10,,,,
0.25148,0.25744,0.2547,0.26369,0.26483
0.25829,0.26682,0.26253,0.26884,0.27566
0.26411,0.27034,0.28348,0.28187,0.29712
0.26282,0.26592,0.28171,0.28055,0.27985
0.29642,0.096153,0.21937,0.30445,
0.056852,0.055435,0.053354,0.030278,0.051518
0.0139,0.010937,0.011373,0.012353,0.011563
11,,,,
0.24485,0.25733,0.25145,0.25674,0.25954
0.24826,0.25295,0.25443,0.26436,0.26251
0.24706,0.25766,0.26247,0.27441,0.27916
0.2219,0.26342,0.25305,0.26408,0.28143
0.25089,0.1159,0.10369,0.27315,
0.052459,0.055604,0.051292,0.030748,0.055432
0.013346,0.013853,0.012218,0.0087093,0.0093552
12,,,,
0.24433,0.24989,0.25041,0.26013,0.25998
0.25639,0.26123,0.26952,0.27635,0.26592
0.24893,0.2614,0.26558,0.28077,0.29251
0.24865,0.26474,0.26471,0.27123,0.28326
0.2759,0.25339,0.26459,0.28007,
0.25209,0.23085,0.22566,0.17633,0.25646
0.013188,0.01357,0.0079621,0.0091027,
experiment_15.dot,,,,
1,,,,
0.30346,0.3066,0.31079,0.31253,0.32157
0.30815,0.31951,0.3185,0.32964,0.32429
0.32231,0.32084,0.33189,0.3332,0.34156
0.31016,0.32701,0.32573,0.33171,0.32931
0.31151,0.25726,0.33063,0.34621,0.3503
0.022402,0.019737,0.020545,0.017404,0.015143
0.010671,0.010026,0.0088742,0.010569,0.0051627
2,,,,
0.29001,0.29745,0.29511,0.29934,0.30663
0.30227,0.30216,0.31374,0.31008,0.30032
0.30457,0.30737,0.31153,0.31751,0.31658
0.30327,0.30034,0.3019,0.30908,0.3135
0.29917,0.097695,0.31385,0.30972,0.31145
0.030051,0.11526,0.022301,0.02102,0.014589
0.0101,0.010152,0.0076948,0.012266,0.0089146
3,,,,
0.31358,0.31621,0.32209,0.31771,0.33487
0.31889,0.33287,0.32767,0.33356,0.3225
0.33211,0.32803,0.3383,0.35145,0.35592
0.33205,0.33438,0.33175,0.34993,0.34372
0.28257,0.279,0.319,0.32757,0.34082
0.05752,0.055849,0.14912,0.047887,
0.016503,0.021815,0.008534,0.0097449,0.0088453
4,,,,
0.28586,0.28732,0.2934,0.30602,0.30428
0.29295,0.29668,0.30652,0.31242,0.30594
0.31486,0.31296,0.3244,0.32707,0.32964
0.31589,0.32766,0.3029,0.32652,0.31875
0.081585,0.050395,0.076971,0.29488,0.2931
0.023397,0.032204,0.030412,0.016284,0.018795
0.0088533,0.010348,0.0098094,0.0099925,0.013727
5,,,,
0.30613,0.31015,0.31863,0.31849,0.32018
0.31634,0.31552,0.32251,0.3277,0.32665
0.32134,0.32462,0.32858,0.33249,0.34458
0.32054,0.32422,0.3408,0.33707,0.33928
0.31673,0.31569,0.33291,0.34055,0.35228
0.083924,0.029192,0.028879,0.032148,0.022311
0.012267,0.0088836,0.0096472,0.010669,0.0090254
6,,,,
0.23594,0.23934,0.24974,0.25087,0.25309
0.25298,0.24654,0.24604,0.2471,0.24839
0.24022,0.24724,0.25833,0.25337,0.26581
0.2178,0.24647,0.25214,0.25246,0.094652
0.24987,0.043995,0.062623,0.21763,0.24399
0.033262,0.018467,0.018698,0.012244,0.019021
0.020457,0.0081381,0.0083331,0.0102,0.011929
7,,,,
0.25793,0.25687,0.26091,0.27127,0.27492
0.26041,0.25098,0.26006,0.2625,
0.24307,0.24676,0.24752,0.2568,0.26159
0.18849,0.073598,0.090584,0.076445,0.033753
0.027939,0.018856,0.021314,0.02273,0.017425
0.01107,0.011808,0.010327,0.012271,0.013916
0.0085929,0.0087613,0.0083758,0.010347,0.0053416
8,,,,
0.29034,0.30018,0.30578,0.30605,0.31466
0.30603,0.30681,0.30555,0.31125,0.30762
0.31133,0.31364,0.31857,0.32186,0.3329
0.31894,0.3228,0.32485,0.33375,0.33018
0.33185,0.33249,0.32484,0.33782,0.33433
0.32187,0.31966,0.3197,0.31543,0.32261
0.0094411,0.011332,0.013645,0.010886,0.0076482
9,,,,
0.21802,0.22284,0.2287,0.23211,0.24368
0.22561,0.23174,0.22517,0.23149,0.22699
0.22648,0.22957,0.2333,0.24014,0.24398
0.23793,0.23963,0.23674,0.25073,0.24721
0.24157,0.24265,0.24362,0.25473,0.25867
0.23698,0.20913,0.21352,0.22447,0.24281
0.0080229,0.008621,0.009822,0.0094505,0.0079641
10,,,,
0.18031,0.18686,0.19934,0.20629,0.2093
0.20314,0.21137,0.20438,0.21412,0.21969
0.20973,0.20688,0.21565,0.21849,0.22441
0.18945,0.18205,0.058565,,
0.022012,0.023228,0.01757,0.019599,0.017692
0.015022,0.015318,0.013682,0.011533,0.013361
0.0084465,0.010311,0.012383,0.012782,0.0099079
11,,,,
0.26059,0.26094,0.26566,0.27468,0.27579
0.26923,0.27321,0.27476,0.28038,0.30175
0.27681,0.28028,0.2872,0.29289,0.30288
0.2697,0.1576,0.28065,0.29392,0.28492
0.12124,0.094629,0.068501,0.050214,0.03916
0.014486,0.014794,0.0065395,0.013775,0.012962
0.0067033,0.018319,0.0056153,0.008787,0.0089767
12,,,,
0.25993,0.269,0.27159,0.27796,0.28809
0.27444,0.2747,0.27767,0.27858,0.26733
0.26866,0.27439,0.2775,0.28124,0.28872
0.16688,0.12545,0.2737,0.073929,0.029631
0.017003,0.023947,0.019674,0.014719,0.015277
0.012041,0.0088809,0.010643,0.010516,0.010685
0.0059731,0.010245,0.009041,0.0072007,0.0062222
13,,,,
0.19297,0.19139,0.20289,0.2072,0.20875
0.19208,0.18635,0.19408,0.20288,0.20453
0.044123,0.18178,0.16987,0.19752,0.20103
0.0525,0.046472,0.168,0.14616,0.1451
0.094353,0.086743,0.039339,0.026225,0.030173
0.0073858,0.025838,0.035665,0.01462,0.038776
0.02957,0.026238,0.024745,0.0098019,0.019979
14,,,,
0.248,0.2521,0.26055,0.26743,0.27184
0.24084,0.25752,0.25767,0.26397,0.26333
0.15132,0.24555,0.17119,0.2459,0.27151
0.033414,0.041736,0.034765,0.039584,0.0252
0.030707,0.018266,0.027502,0.020302,0.025432
0.010401,0.010044,0.0079044,0.016064,0.0077666
0.0073072,0.0099329,0.0082209,0.004458,0.0059358
15,,,,
0.27189,0.27678,0.27684,0.29449,
0.28842,0.2915,0.29545,0.30372,0.29788
0.30273,0.30527,0.30741,0.31006,0.32167
0.30508,0.30694,0.31471,0.32782,0.30709
0.31663,0.070931,0.29493,0.28854,0.31222
0.040325,0.052092,0.046491,0.11917,
0.0095301,0.010165,0.0085178,0.00997,0.0061525
16,,,,
0.22244,0.223,0.226,,
0.22779,0.22531,0.2276,0.23151,0.22916
0.22163,0.22326,0.23795,0.23861,0.24625
0.22972,0.22774,0.22924,0.23707,0.22477
0.22473,0.21301,0.22271,0.2377,0.24268
0.063428,0.11305,0.13335,0.049207,0.040265
0.015677,0.019764,0.014001,0.016117,0.014615
17,,,,
0.24661,0.252,0.252,0.26344,0.26765
0.22955,0.24742,0.24443,0.25324,0.2577
0.069422,0.10851,0.071263,0.053364,0.17469
0.02349,0.023266,0.024544,0.024748,0.022703
0.026591,0.01555,0.0204,0.0235,0.023619
0.0084745,0.010167,0.0089607,0.01028,0.012396
0.0059618,0.010961,0.0091722,0.0077421,
experiment_16.dot,,,,
1,,,,
0.27751,0.27034,0.27406,0.29238,0.29025
0.26474,0.25064,0.275,0.264,0.27706
0.24768,0.19246,0.10899,0.043598,0.27335
0.016672,0.015542,0.0077989,0.021762,0.017344
0.0065861,0.0074523,0.0059974,0.0088505,0.0080925
0.003866,0.0054069,0.0054927,0.0043873,0.0032066
0.0051526,0.0062092,0.010639,0.0046194,0.0070631
2,,,,
0.29447,0.29646,0.30303,0.30766,0.3093
0.27618,0.094728,0.223,0.27401,0.28355
0.24415,0.11298,0.08098,0.047243,0.083078
0.011364,0.010723,0.014661,0.010507,0.008427
0.0094498,0.0094078,0.0087449,0.007725,0.0056678
0.005133,0.0047849,0.0054105,0.0063485,0.0062794
0.0072879,0.0056038,0.0051035,0.0067744,0.006
4,,,,
0.25442,0.2552,0.264,0.26481,0.27168
0.25306,0.22269,0.262,0.25713,0.27312
0.25432,0.042087,0.058,0.044,0.043786
0.0098254,0.0062939,0.0071663,0.0086704,0.005781
0.0051303,0.0052886,0.0049913,0.0083425,0.0060078
0.006531,0.011783,0.025631,0.0064817,0.003042
0.0032433,0.0056028,0.013555,0.007016,0.0089068
6,,,,
0.2449,0.24635,0.24917,0.25791,0.26826
0.25022,0.16922,0.25502,0.26763,0.26892
0.23923,0.029497,0.217,0.029683,0.25128
0.018695,0.012958,0.0097451,0.011389,0.010394
0.011812,0.0094044,0.010702,0.0089861,0.0043503
0.0063778,0.005604,0.0095982,0.0038971,0.0045799
0.010674,0.0065705,0.0037107,0.00486,0.00403
7,,,,
0.20653,0.20982,0.21712,0.22231,0.22762
0.21543,0.21789,0.22005,0.22383,0.22687
0.21509,0.2169,0.22405,0.22117,0.2317
0.17792,0.19248,0.15483,0.21806,0.18648
0.041621,0.021725,0.18772,0.033826,0.023606
0.006828,0.0080829,0.0059381,0.01,0.0041212
0.0167,0.004692,0.0048744,0.0070447,
8,,,,
0.28227,0.28718,0.3,0.303,0.313
0.282,0.2677,0.295,0.29235,0.30124
0.25178,0.068655,0.042,0.0367,0.035682
0.0072677,0.0082561,0.0088423,0.0068542,0.0071699
0.0066995,0.0078447,0.0052161,0.0070504,0.005461
0.0053099,0.0044884,0.0057065,0.003467,0.0041171
0.0081808,0.0036598,0.0073169,0.0044424,0.005955
9,,,,
0.33068,0.32226,0.3364,0.34312,0.34653
0.30762,0.31986,0.319,0.327,0.328
0.299,0.039075,0.32107,0.076978,0.087801
0.0083676,0.0077237,0.008896,0.0099426,0.0070781
0.0069802,0.006658,0.0067777,0.0068201,0.0062046
0.0046232,0.0069024,0.0047211,0.0043454,0.0062636
0.011272,0.0098207,0.0061138,0.0064685,0.0097504
10,,,,
0.3081,0.31403,0.31908,0.32223,0.33584
0.29746,0.30459,0.305,0.31403,0.323
0.05,0.018056,0.307,0.02,0.3089
0.014162,0.013,0.01,0.020385,0.014043
0.009049,0.0089104,0.0052878,0.0043444,0.0061827
0.0071787,0.0053662,0.0048554,0.0051667,0.005
0.0087447,0.0042056,0.010445,0.0036234,0.0079986
11,,,,
0.29152,0.29359,0.3045,0.31286,0.32348
0.28642,0.2255,0.277,0.2882,0.30843
0.028685,0.038368,0.03401,0.030005,0.188
0.013,0.008368,0.01127,0.027116,0.015168
0.014803,0.014133,0.005943,0.0065632,0.0087914
0.012133,0.0093866,0.0065323,0.0043889,0.0080415
0.010867,0.025096,0.0068673,0.010179,0.029466
12,,,,
0.29634,0.29878,0.30707,0.30962,0.32177
0.29758,0.19027,0.261,0.29282,0.294
0.289,0.032517,0.097985,0.022191,0.25466
0.01926,0.0076629,0.005887,0.012423,0.011356
0.0094107,0.0062114,0.006759,0.0076539,0.009307
0.004358,0.0039451,0.0062545,0.0050075,0.003098
0.0091244,0.01072,0.005001,0.0068452,0.0058403
13,,,,
0.25565,0.25403,0.27,0.267,0.27508
0.23973,0.042768,0.242,0.17656,0.25538
0.058198,0.030509,0.03,0.017284,0.025696
0.0052437,0.0060104,0.0078431,0.0063428,0.0087417
0.00685,0.0055726,0.0092192,0.0075554,0.0078493
0.0058685,0.004162,0.0041351,0.0068269,0.0039355
0.0054381,0.0043896,0.0057687,0.0049507,0.0050649
14,,,,
0.20697,0.21823,0.22905,0.22863,0.23235
0.20155,0.2024,0.209,0.20834,0.20606
0.15268,0.031254,0.024,0.011656,0.018355
0.0070385,0.0089998,0.0049469,0.0060908,0.0052784
0.0056822,0.008,0.005,0.0054476,0.006
0.005,0.0059138,0.003194,0.0046606,0.0060174
0.007753,0.0042127,0.0095458,0.0067718,
experiment_17.dot,,,,
1,,,,
0.2417,0.24599,0.24896,0.258,0.25613
0.25837,0.2553,0.26061,0.26267,0.26939
0.26959,0.264,0.267,,
0.25108,0.25235,0.25382,0.25539,0.26211
0.25614,0.25846,0.25194,0.25945,0.26948
0.079152,0.045946,0.058584,0.026471,0.017308
0.0090688,0.0082992,0.010601,0.011259,0.0083688
2,,,,
0.28939,0.29115,0.29605,0.31532,0.30434
0.2871,0.29084,0.28864,0.30744,0.31829
0.30497,0.30513,0.29922,0.31862,0.33349
0.29048,0.056729,0.28988,0.063498,0.31154
0.028626,0.026401,0.032013,0.023266,0.019012
0.013535,0.0099606,0.0096527,0.012251,0.0091379
0.0082831,0.0062508,0.0060642,0.0096559,0.01186
3,,,,
0.26114,0.26427,0.27079,0.27354,0.27714
0.26525,0.27084,0.27477,0.27655,0.28607
0.27362,0.1244,0.10265,0.27458,0.27933
0.040519,0.033119,0.040779,0.064541,0.043865
0.017118,0.020038,0.016668,0.016034,0.014965
0.0079464,0.011652,0.012604,0.013369,0.012231
0.0063521,0.0080474,0.0076479,0.0071329,0.010655
5,,,,
0.28735,0.28967,0.28981,0.29384,0.30462
0.28554,0.29356,0.28979,0.30344,0.29729
0.29309,0.28875,0.28651,0.30017,0.32212
0.2967,0.28907,0.29679,0.30555,0.3082
0.11868,0.29113,0.12079,0.27903,0.29948
0.020399,0.017528,0.016542,0.01399,0.013737
0.0085882,0.0097162,0.0074424,0.014192,0.013215
6,,,,
0.25604,0.26059,0.26441,0.27141,0.27729
0.26435,0.26404,0.27068,0.27102,0.27918
0.2739,0.19592,0.27236,0.26782,0.29866
0.11511,0.068187,0.12694,0.106,0.28433
0.03821,0.027099,0.028479,0.024846,0.027912
0.012881,0.012062,0.0075569,0.0092408,0.013091
0.0095789,0.0089615,0.0096422,0.011209,0.011265
7,,,,
0.23421,0.23912,0.2426,0.23437,0.2629
0.24861,0.23965,0.24361,0.24896,0.24945
0.24047,0.23942,0.2384,0.24224,0.24859
0.24154,0.2445,0.24372,0.24387,0.25897
0.23066,0.22244,0.23372,0.23851,0.24504
0.031742,0.02468,0.02548,0.01931,0.019984
0.0065078,0.0074212,0.0066672,0.01818,0.01062
8,,,,
0.18884,0.194,0.21166,0.18703,0.21197
0.21724,0.19212,0.20565,0.19848,0.20634
0.036475,0.023382,0.1674,0.14547,0.14821
0.015519,0.019242,0.015576,0.019731,0.017218
0.01295,0.012154,0.011614,0.016482,0.019635
0.012258,0.0095157,0.0085974,0.0093202,0.0072584
0.0077996,0.0060583,0.0085027,0.009649,0.0094205
10,,,,
0.2978,0.30233,0.30108,0.31271,0.31867
0.26683,0.3047,0.30981,0.29661,0.3106
0.26968,0.26655,0.10566,0.27561,0.29179
0.047331,0.061037,0.071501,0.075939,0.027697
0.01317,0.016019,0.011459,0.03054,0.013869
0.028825,0.0036483,0.013962,0.014836,0.0085719
0.0046441,0.0064246,0.010368,0.010135,0.0075682
11,,,,
0.29171,0.29595,0.29523,0.30117,0.30427
0.28253,0.29764,0.29943,0.30713,0.30426
0.2988,0.28522,0.27424,0.31299,0.32126
0.10611,0.14169,0.044627,0.31291,0.10979
0.024558,0.047291,0.018616,0.018072,0.011126
0.012016,0.0081272,0.006,0.011796,0.011464
0.0069581,0.0074288,0.0064068,0.0073298,0.0050273
12,,,,
0.17673,0.18253,0.18627,0.196,0.20852
0.18011,0.18567,0.18069,0.17351,0.19311
0.060144,0.15903,0.040572,0.20499,0.10729
0.010633,0.017353,0.011733,0.013225,0.0086966
0.0076334,0.010333,0.0056999,0.0078941,0.010561
0.0078045,0.0070092,0.008341,0.0063884,0.0072355
0.0087114,0.005688,0.0038305,0.0066208,0.0044354
experiment_18.dot,,,,
1,,,,
0.1711,0.17962,0.19688,0.19185,0.20209
0.19187,0.19229,0.19165,0.20061,0.20267
0.20512,0.21952,0.18964,0.075004,0.245
0.061,0.035391,0.038861,0.038006,0.034451
0.021279,0.023936,0.020467,0.013425,0.029409
0.0099604,0.017699,0.011278,0.011565,0.010466
0.0067111,0.010558,0.0079929,0.012248,0.0066449
3,,,,
0.19493,0.21217,0.2157,0.22139,0.22067
0.21637,0.22794,0.23398,0.24096,0.2409
0.23764,0.24186,0.24461,0.25353,0.2637
0.26069,0.25693,0.093378,0.098311,0.25069
0.033851,0.050243,0.055769,0.18331,0.19097
0.021807,0.0433,0.043085,0.032915,0.024269
0.024562,0.020539,0.022761,0.014839,0.011928
4,,,,
0.18167,0.18718,0.18887,0.19355,0.22942
0.2272,0.19737,0.20247,0.21321,0.21478
0.2026,0.19878,0.20749,0.22806,0.22698
0.17269,0.076202,0.077654,0.17566,0.21775
0.042312,0.069334,0.19659,0.064181,0.20648
0.033066,0.030692,0.031408,0.024713,0.018265
0.019005,0.012669,0.012582,0.012122,0.014685
6,,,,
0.11599,0.13541,0.13828,0.13763,0.15111
0.03408,0.052712,0.031922,0.13869,0.1489
0.024586,0.026881,0.032638,0.038977,0.0427
0.029455,0.023228,0.014781,,
0.012045,0.0247,0.021927,0.019498,0.015028
0.022516,0.019826,0.017627,0.019337,0.015069
0.013416,0.014738,0.013855,0.016886,0.014372
8,,,,
0.085317,0.096373,0.097389,0.098099,0.11421
0.046649,0.12017,0.090776,0.11334,0.1229
0.050075,0.077629,0.11383,0.076058,0.12929
0.048707,0.06641,0.052957,0.057167,0.064717
0.041705,0.036813,0.042323,0.035017,0.041536
0.023835,0.02648,0.028104,0.024455,0.019718
0.009707,0.01872,0.013849,0.018904,0.02
9,,,,
0.13368,0.13319,0.13588,0.14461,0.15013
0.095604,0.1425,0.15088,0.153,0.15905
0.025194,0.15146,0.051081,0.029717,0.17649
0.027232,0.016277,0.022867,0.031293,0.027147
0.022547,0.026583,0.023584,0.025276,0.026189
0.022639,0.021583,0.021397,0.022046,0.014939
0.013716,0.012034,0.019087,0.020722,0.014985
10,,,,
0.13716,0.14327,0.15882,0.15405,0.15964
0.044899,0.11029,0.098827,0.16951,0.1764
0.028241,0.10188,0.048148,0.17739,0.19187
0.12387,0.042543,0.042018,0.13402,0.15153
0.034928,0.15152,0.020828,0.01769,0.01575
0.015282,0.018495,0.017463,0.0097548,0.016878
0.015634,0.01476,0.013409,0.013506,0.012454
11,,,,
0.2111,0.21826,0.23247,0.23607,0.25364
0.08986,0.2026,0.23368,0.25642,0.27798
0.038274,0.28191,0.021576,0.28671,0.31429
0.2372,0.06071,0.025782,0.31191,0.045499
0.027878,0.03402,0.31927,0.086558,0.076953
0.0163,0.012413,0.011404,0.0086168,0.017827
0.012554,0.0067084,0.0056024,0.0067508,0.0081559
12,,,,
0.17888,0.19047,0.19478,0.20012,0.20547
0.17929,0.18603,0.20602,0.21619,0.22173
0.048034,0.20165,0.16046,0.047668,0.24242
0.042878,0.023528,0.026324,0.029503,0.029302
0.02332,0.031848,0.046346,0.023734,0.02364
0.014421,0.021597,0.018746,0.015036,0.021272
0.017303,0.01446,0.020676,0.014016,0.01273
13,,,,
0.18885,0.19263,0.20324,0.20724,0.21556
0.18691,0.19623,0.20776,0.21212,0.2233
0.047848,0.19933,0.17362,0.048553,0.23919
0.043878,0.02773,0.029497,0.025367,0.026113
0.027093,0.027001,0.043449,0.025242,0.022529
0.017166,0.023935,0.015343,0.020586,0.017572
0.017148,0.015636,0.022283,0.016951,0.011999
14,,,,
0.099549,0.05577,0.15983,0.14252,0.1724
0.018391,0.037668,0.0369,0.04247,0.043129
0.0098068,0.014807,0.017826,0.021463,0.024232
0.028022,0.015882,0.013558,0.010905,0.01241
0.012605,0.011863,0.022629,0.010985,0.013886
0.013205,0.0076011,0.0099894,0.012,0.016067
0.018688,0.0063799,0.011823,0.017327,0.0090269
17,,,,
0.13304,0.14369,0.14471,0.15324,0.16394
0.14616,0.14661,0.14975,0.15863,0.15619
0.15165,0.15476,0.17775,0.16075,0.16994
0.15381,0.10012,0.15961,0.14303,0.15622
0.060493,0.10265,0.16845,0.10908,0.15585
0.024111,0.018571,0.020793,0.031867,0.029641
0.016803,0.012586,0.014188,0.011968,0.0091795
18,,,,
0.07691,0.043572,0.10472,0.049578,0.15618
0.032247,0.10677,0.066776,0.074564,0.041608
0.022852,0.030794,0.020567,0.045034,0.068655
0.016246,0.026379,0.023691,0.038208,0.016921
0.026846,0.021309,0.032732,0.025687,0.038913
0.018179,0.015563,0.027328,0.018064,0.020028
0.020503,0.017803,0.015132,0.017974,0.026843
19,,,,
0.1602,0.174,0.18913,0.19943,0.19389
0.1844,0.082,0.186,0.20834,0.20907
0.062745,0.067551,0.053915,0.05073,0.19763
0.02424,0.016523,0.019633,0.016492,0.020748
0.014488,0.021488,0.018918,0.018521,0.017415
0.008821,0.01554,0.02394,0.014567,0.017818
0.0076839,0.012397,0.014187,0.014951,0.015215
20,,,,
0.12817,0.1284,0.14493,0.16199,0.1617
0.12596,0.1369,0.14189,0.15753,0.16931
0.15114,0.15617,0.15735,0.16796,0.18117
0.049296,0.075047,0.13665,0.12358,0.097313
0.045149,0.093728,0.050998,0.086448,0.093265
0.020836,0.028241,0.027481,0.02726,0.026558
0.010473,0.010995,0.013042,0.014077,0.011307
22,,,,
0.17085,0.17283,0.18268,0.19141,0.19638
0.16135,0.18909,0.18471,0.19265,0.21466
0.06888,0.12966,0.070036,0.19904,0.2232
0.16609,0.033479,0.02586,0.053487,0.022865
0.029812,0.023081,0.023976,0.018596,0.049788
0.019695,0.020213,0.01743,,
0.013114,0.013099,0.017942,0.016133,0.0143
experiment_19.dot,,,,
3,,,,
0.203,0.1995,0.2054,0.20337,0.21568
0.20631,0.20435,0.20824,0.21739,0.22402
0.026792,0.21928,0.219,0.061302,0.23536
0.020818,0.21846,0.064747,0.052597,0.25205
0.029107,0.021695,0.022281,0.023319,0.014464
0.01182,0.010828,0.012434,0.011031,0.0069973
0.011154,0.011159,0.0057539,0.01136,0.012
4,,,,
0.17074,0.17698,0.17938,0.19165,0.19454
0.18229,0.17986,0.18527,0.19195,0.20131
0.18108,0.18543,0.19237,0.19476,0.20009
0.071103,0.18018,0.098935,0.1401,0.20507
0.025198,0.028025,0.13284,0.060431,0.04247
0.015989,0.016814,0.02061,0.01194,0.013441
0.01676,0.014544,0.0080266,0.011802,0.012649
5,,,,
0.17816,0.17848,0.18599,0.19426,0.20335
0.13191,0.13266,0.12844,0.12735,0.17402
0.14197,0.13546,0.13727,0.15232,0.14969
0.14223,0.14477,0.15298,0.138,0.16281
0.12366,0.032651,0.084873,0.14288,0.040537
0.02095,0.026197,0.086133,0.048839,
0.024237,0.01519,0.0057005,0.0144,0.01624
6,,,,
0.15549,0.15499,0.16058,0.16856,0.17983
0.10306,0.10445,0.10522,0.10962,0.14918
0.020375,0.12249,0.060082,0.024193,0.11673
0.0092587,0.01623,0.013317,0.015815,0.015881
0.013278,0.011147,0.01477,0.01287,0.013806
0.014764,0.008,0.011,0.00749,0.013152
0.010287,0.013155,0.008143,0.0096315,0.0079723
8,,,,
0.19569,0.20031,0.20648,0.20281,0.21241
0.20719,0.1996,0.2133,0.2153,0.22133
0.11183,0.22264,0.09916,0.21238,0.23313
0.2013,0.076807,0.098399,0.082677,0.22151
0.018338,0.028678,0.030214,0.017764,0.015751
0.016647,0.013103,0.010618,0.016049,0.010948
0.01438,0.013979,0.0054096,0.010074,0.011158
9,,,,
0.17931,0.17893,0.19135,0.19501,0.19837
0.18719,0.19533,0.19954,0.21589,0.20689
0.20645,0.21083,0.21535,0.22208,0.22843
0.055107,0.19721,0.21195,0.21926,0.23373
0.064936,0.13583,0.15175,0.19149,0.037881
0.019742,0.013757,0.013448,0.013146,0.0116
0.014,0.0083128,0.0098237,0.0067897,0.0085751
10,,,,
0.22522,0.22908,0.23437,0.23358,0.23488
0.23603,0.2429,0.2414,0.2504,0.25758
0.25456,0.25783,0.25826,0.25999,0.27525
0.24358,0.2531,0.26099,0.26259,0.26035
0.23817,0.22688,0.18282,0.26232,0.059866
0.023292,0.019327,0.01859,0.011893,0.012857
0.013669,0.012351,0.0090075,0.0096926,0.0069997
11,,,,
0.064606,0.074611,0.13143,0.16177,0.16639
0.030742,0.022505,0.024036,0.058782,0.16985
0.023065,0.028719,0.047246,0.040376,0.02509
0.015063,0.017055,0.020928,0.014159,0.015835
0.018065,0.016828,0.014883,0.015726,
0.014331,0.015942,0.014462,0.016183,0.011964
0.0090065,0.0075298,0.012681,0.011478,0.0098874
12,,,,
0.22647,0.22339,0.22832,0.23363,0.24048
0.23023,0.23229,0.2331,0.23664,0.23649
0.22336,0.23965,0.24346,0.25374,0.25683
0.20952,0.24345,0.25498,0.2561,0.25855
0.21686,0.25266,0.264,,
0.014377,0.0098074,0.011737,0.010161,0.0070997
0.0090809,0.0085826,0.006176,0.0098635,0.0059764
13,,,,
0.19318,0.19915,0.19731,0.20719,0.21157
0.20566,0.2043,0.20721,0.20701,0.21533
0.20102,0.20839,0.2095,0.22162,0.22285
0.20769,0.21044,0.2194,0.22271,0.22228
0.21573,0.033994,0.23091,0.22082,0.20563
0.021101,0.01965,0.0186,0.01124,0.014027
0.011069,0.010321,0.01006,0.010768,0.011
15,,,,
0.17244,0.18089,0.169,0.209,0.2133
0.035351,0.039289,0.023086,0.037637,0.222
0.036,0.072322,0.050279,0.061985,0.041147
0.015387,0.021928,0.015949,0.015765,0.016452
0.0096318,0.014639,0.013995,0.014,
0.0091085,0.011621,0.012764,0.007226,0.01007
0.010378,0.011404,0.0063494,0.0075338,0.0099999
16,,,,
0.16638,0.17212,0.17945,0.17977,0.18872
0.063212,0.1758,0.15018,0.16837,0.1913
0.15675,0.064075,0.10523,0.033351,0.19645
0.016987,0.025695,0.02293,0.023636,0.019404
0.016422,0.021445,0.017952,0.020924,0.018475
0.012315,0.011739,0.013031,0.0103,0.017803
0.013657,0.012304,0.0067875,0.0079589,0.017275
17,,,,
0.20678,0.19503,0.20825,0.21554,0.21951
0.18636,0.21039,0.036161,0.21089,0.2093
0.027796,0.026195,0.032073,0.039816,0.1823
0.017246,0.026835,0.019886,0.010568,0.017204
0.017508,0.017283,0.016862,0.015961,
0.015278,0.014976,0.011633,0.011707,0.0087722
0.01278,0.0087332,0.0098598,0.010291,0.010113
experiment_20.dot,,,,
1,,,,
0.19279,0.19592,0.19703,0.19558,0.20246
0.19536,0.19727,0.20137,0.20601,0.2038
0.19525,0.19895,0.20199,0.20655,0.2127
0.19345,0.18795,0.073262,0.20112,
0.062392,0.18576,0.038211,0.22068,
0.014645,0.015394,0.016,0.015,
0.0039811,0.0065936,0.0099674,0.016138,0.011583
2,,,,
0.13245,0.12614,0.125,0.13976,0.137
0.062,0.12903,0.071914,0.034407,0.13609
0.032272,0.033361,0.044802,0.019493,0.020951
0.015745,0.017118,0.017641,0.017827,0.016865
0.01179,0.018993,0.018202,0.015264,0.024649
0.017538,0.012569,0.014326,0.016729,0.012881
0.01075,0.019286,0.01409,0.01274,0.01251
3,,,,
0.13996,0.14559,0.088031,0.15461,0.15338
0.075125,0.10027,0.066906,0.04951,0.121
0.018,0.027,0.02,0.019155,0.022361
0.012381,0.01193,0.013446,0.017646,0.013833
0.013562,0.025485,0.016799,0.0366,0.018215
0.0081623,0.014723,0.010999,0.0094104,0.010413
0.0085484,0.01425,0.013141,0.012051,0.012935
4,,,,
0.16579,0.16056,0.16301,0.16422,0.16573
0.16144,0.15921,0.15699,0.17232,0.16526
0.15993,0.168,0.162,0.16537,0.17404
0.12238,0.14466,0.13727,0.077403,0.15765
0.087029,0.046238,0.074986,0.081338,0.071176
0.017308,0.021003,0.013211,0.015816,0.010688
0.016679,0.014403,0.017832,0.017162,0.013908
6,,,,
0.17239,0.16989,0.168,0.184,0.16078
0.052228,0.132,0.155,0.1454,0.17607
0.11796,0.038291,0.038943,0.052458,0.16392
0.032037,0.023,0.019023,0.017332,0.019941
0.013595,0.015654,0.016098,0.016608,0.012549
0.015187,0.021967,0.016341,0.020813,0.0164
0.026239,0.017104,0.019756,0.0139,0.013125
7,,,,
0.18047,0.18724,0.18104,0.1966,0.19341
0.17314,0.10074,0.15709,0.17187,0.17554
0.060635,0.039076,0.046997,0.050533,0.16215
0.025087,0.15869,0.019233,0.020303,0.032528
0.011566,0.016292,0.016446,0.014962,0.013673
0.017956,0.015766,0.01091,0.010605,0.011424
0.011115,0.018472,0.016898,0.012301,0.0083246
9,,,,
0.17754,0.18331,0.18455,0.19403,0.184
0.172,0.18003,0.18201,0.18058,0.18355
0.17569,0.18476,0.18101,0.18961,0.1885
0.17493,0.168,0.17212,0.18329,0.17761
0.1719,0.16954,0.157,0.171,0.17242
0.022549,0.064227,0.103,0.036523,0.033274
0.013227,0.019172,0.01495,0.014197,0.01255
10,,,,
0.17369,0.18611,0.177,0.17,0.18324
0.17426,0.17262,0.18103,0.17733,0.18239
0.17855,0.17065,0.18,0.181,0.18121
0.16895,0.17824,0.17978,0.17131,0.17126
0.1668,0.17813,0.16697,0.1667,0.1539
0.028358,0.039204,0.085006,0.032501,0.021346
0.014945,0.019901,0.016,0.014529,0.016
11,,,,
0.20411,0.21491,0.21261,0.2284,
0.051179,0.031632,0.048948,0.029606,0.20725
0.022481,0.01709,0.019939,0.044089,0.032541
0.019503,0.011742,0.014738,0.016051,0.013539
0.0087694,0.0067017,0.017601,0.030877,0.024585
0.014445,0.0082108,0.016231,,
0.010605,0.012683,0.0088197,,
12,,,,
0.14155,0.14052,0.14301,0.1486,0.14358
0.13117,0.090451,0.072997,0.061396,0.138
0.041,0.055684,0.093003,0.072292,0.057137
0.014844,0.010739,0.022578,0.014692,
0.02014,0.017229,0.01584,0.016545,
0.012707,0.023146,0.017637,,
0.015832,0.013943,0.014536,0.012631,
13,,,,
0.17612,0.19031,0.19,0.19224,0.19467
0.17528,0.17965,0.178,0.18037,0.18405
0.18265,0.1666,0.1954,0.18478,0.1847
0.018159,0.17782,0.032,0.156,0.036527
0.028823,0.027843,0.024552,0.031512,0.023177
0.015759,0.016296,0.020001,0.014851,0.017599
0.017097,0.018908,0.011894,0.01424,
14,,,,
0.20789,0.21153,0.211,0.21494,0.21551
0.19126,0.19575,0.19542,0.20399,0.19674
0.18508,0.073433,0.1984,0.18857,0.10767
0.032222,0.17982,0.02339,0.19271,0.037037
0.030712,0.039538,0.02847,0.023276,
0.019529,0.020159,0.019894,0.015924,0.023972
0.014326,0.011883,0.016693,0.0096702,0.017508
15,,,,
0.1969,0.20333,0.215,0.21347,0.23079
0.19421,0.19769,0.19703,0.19088,0.20052
0.18242,0.1024,0.18607,0.068776,
0.13809,0.040421,0.030953,0.038332,0.16834
0.14539,0.041259,0.0454,0.025512,0.17677
0.028503,0.030118,0.034402,0.022881,
0.017697,0.021037,0.022891,0.016339,0.019388
16,,,,
0.056934,0.21628,0.21,0.089,0.21535
0.20068,0.079669,0.035948,0.04479,0.22086
0.066632,0.02567,0.042681,0.02905,0.026873
0.019607,0.015874,0.021964,0.030313,0.017697
0.019505,0.014501,0.0081263,0.0081212,0.019227
0.013494,0.011401,0.02517,0.012299,
0.021982,0.012474,0.010745,0.0071549,0.012235
17,,,,
0.13214,0.12728,0.12639,0.13207,0.141
0.133,0.12461,0.13289,0.13828,0.14155
0.13386,0.12407,0.10501,0.14252,0.13929
0.13851,0.024503,0.019218,0.016041,0.015854
0.014712,0.019647,0.01232,0.019625,0.012237
0.012206,0.015902,0.011015,0.0093288,0.013787
0.013776,0.010009,0.016006,0.016492,0.010413
18,,,,
0.14403,0.1494,0.144,0.151,0.14936
0.14415,0.1465,0.15298,0.15921,0.15714
0.15538,0.15294,0.148,0.15607,0.1661
0.13652,0.094881,0.14994,0.15997,0.15749
0.072342,0.13466,0.080395,0.077803,0.050891
0.04705,0.011676,0.014957,0.014812,0.012319
0.0136,0.013255,0.016178,0.014928,0.01444
experiment_21.dot,,,,
1,,,,
0.21666,0.21876,0.20987,0.21814,0.22689
0.20628,0.22875,0.21388,0.22443,0.2202
0.21067,0.21562,0.22095,0.23453,0.2373
0.052712,0.15402,0.18601,0.18408,0.13219
0.011359,0.019178,0.012764,0.025746,0.019207
0.016621,0.01342,0.013768,0.012502,0.021343
0.014373,0.018646,0.015125,0.016175,0.015693
2,,,,
0.2304,0.2383,0.24597,0.24419,0.23538
0.21019,0.22871,0.23901,0.231,0.24933
0.22846,0.22829,0.19897,0.20195,0.089287
0.23495,0.20206,,,
0.021318,0.033023,0.025771,0.023,
0.021,0.027,0.018911,0.023492,0.030462
0.022219,0.019891,0.021221,0.019571,0.029429
3,,,,
0.26576,0.26815,0.27151,0.26915,0.29014
0.26752,0.26672,0.27303,0.28369,0.27219
0.25066,0.29239,0.26717,0.26648,0.27907
0.036665,0.099722,0.22261,0.11677,0.22771
0.10958,0.13661,0.18443,0.071311,0.11324
0.040146,0.029611,0.024233,0.024254,0.019795
0.019133,0.024921,0.025978,0.030959,0.0324
4,,,,
0.27513,0.28092,0.29398,0.28877,0.2961
0.28032,0.28137,0.28389,0.28865,0.29094
0.28617,0.30095,0.30789,0.29773,0.302
0.031,0.13608,0.24905,0.16257,0.27925
0.12728,0.18301,0.21163,0.085334,0.139
0.019447,0.021309,0.019663,0.015437,0.017012
0.015267,0.007811,0.0063057,0.02012,0.01904
5,,,,
0.22915,0.22392,0.23115,0.23165,0.23935
0.18133,0.19343,0.20983,0.22355,0.22733
0.089936,0.10686,0.058229,0.17961,0.21763
0.024826,0.03573,0.026394,0.034423,0.03417
0.021087,0.024996,0.021631,0.3174,0.018989
0.013947,0.018361,0.018841,0.01543,0.020322
0.011897,0.016511,0.017301,0.015383,0.018019
6,,,,
0.19828,0.20502,0.19899,0.197,0.20311
0.19359,0.18534,0.20124,0.19267,0.20036
0.18137,0.17573,0.18395,0.188,0.19596
0.15949,0.15486,0.15173,0.16088,0.16886
0.037313,0.067301,0.15285,0.063456,0.052744
0.021071,0.022464,0.020644,0.022843,0.01971
0.0094282,0.018284,0.015503,0.01227,0.012652
7,,,,
0.17322,0.17693,0.17797,0.17851,0.18155
0.17752,0.16902,0.17089,0.167,0.16921
0.13771,0.12688,0.1189,0.12199,0.14089
0.049164,0.041159,0.029798,0.035925,0.037189
0.019665,0.020932,0.081362,0.010202,0.029683
0.091187,0.014826,0.017885,0.011945,0.017871
0.0098988,0.010394,0.01387,0.011906,0.011174
8,,,,
0.19293,0.197,0.199,0.19437,0.20234
0.2007,0.19788,0.20566,0.2049,0.2114
0.19736,0.2038,0.20857,0.21404,0.22368
0.089859,0.18907,0.16659,0.16615,0.23643
0.067342,0.10964,0.067429,0.10801,0.12594
0.019972,0.016644,0.012757,0.013946,0.012201
0.011676,0.01459,0.0098557,0.013871,0.015695
9,,,,
0.20561,0.20723,0.22115,0.22066,0.22898
0.22057,0.22277,0.22273,0.23117,0.24145
0.21741,0.24102,0.22899,0.23798,0.23777
0.088088,0.17574,0.1587,0.15091,0.23648
0.07625,0.10418,0.081686,0.09924,0.10181
0.01259,0.015936,0.016691,0.015391,0.012205
0.013637,0.011408,0.012633,0.014604,0.010317
11,,,,
0.06802,0.17121,0.18365,0.19341,0.21434
0.028391,0.024748,0.021736,0.070137,0.034871
0.017486,0.018341,0.018971,0.017,0.018284
0.013988,0.016172,0.014827,0.014873,0.012133
0.013479,0.013351,0.016964,0.01349,0.014456
0.0099736,0.01438,0.014691,0.017737,0.014996
0.023408,0.018315,0.016177,0.011576,0.012961
12,,,,
0.11799,0.11431,0.14398,0.151,0.155
0.021,0.037054,0.051351,0.02013,0.026314
0.015578,0.012339,0.018895,0.017279,0.020837
0.015801,0.011247,0.016925,0.016716,0.010584
0.016311,0.0073932,0.013907,0.013142,0.015829
0.013096,0.013084,0.013434,0.011794,0.015377
0.011157,0.019745,0.0093476,0.012987,0.013277
13,,,,
0.032,0.08451,0.10398,0.126,0.12782
0.04152,0.053611,0.037537,0.063243,0.041887
0.011708,0.013582,0.011772,0.022495,0.021926
0.010603,0.012601,0.016901,0.01612,0.018714
0.015698,0.011787,0.015756,0.014017,0.014657
0.013899,0.018518,0.016546,0.010321,0.015013
0.010788,0.0095247,0.015031,0.010904,0.012481
14,,,,
0.16844,0.14839,0.16976,0.17771,0.21231
0.058243,0.035869,0.031817,0.076094,0.045312
0.011129,0.015333,0.019798,0.019022,0.019563
0.013738,0.012417,0.01599,0.01766,0.016999
0.024677,0.01214,0.012847,0.016106,0.009697
0.010435,0.014294,0.015446,0.013487,0.010882
0.011257,0.011057,0.012643,0.0055942,0.0094445
16,,,,
0.1707,0.088048,0.15597,0.1751,0.1765
0.048732,0.032,0.158,0.046554,0.17287
0.020668,0.050377,0.026982,0.054448,0.030194
0.021465,0.021143,0.011854,0.019566,0.022631
0.013903,0.013425,0.016707,0.012997,0.020858
0.010512,0.0089774,0.011089,0.014509,0.012445
0.0094856,0.011976,0.013827,0.01567,0.012998
17,,,,
0.28464,0.28513,0.2982,0.29782,0.31115
0.30653,0.30785,0.31009,0.31285,0.30857
0.2969,0.031584,0.28708,0.28473,0.30987
0.1847,0.026115,0.31361,0.063457,0.058082
0.025211,0.039082,0.022436,0.025541,0.020603
0.012672,0.014158,0.018351,0.030671,0.009643
0.012328,0.014,0.025,0.013277,0.013809
20,,,,
0.215,0.22829,0.21399,0.22405,0.22934
0.21313,0.094,0.221,0.167,0.23314
0.05555,0.098538,0.094925,0.16046,0.249
0.055,0.22396,0.022333,0.049251,0.054687
0.050234,0.070532,0.18187,0.022228,0.018628
0.017001,0.020603,0.016715,0.014107,0.012356
0.015839,0.022229,0.018213,0.015064,0.014345
21,,,,
0.22004,0.21935,0.23278,0.23266,0.24251
0.22595,0.23104,0.2439,0.24757,0.25736
0.2436,0.23984,0.25008,0.25913,0.26649
0.24838,0.1893,0.1897,0.068481,0.26
0.041,0.21433,0.096833,0.053631,0.10112
0.018651,0.018221,0.021665,0.013945,0.016981
0.0094208,0.012953,0.013603,0.010731,0.015873
22,,,,
0.18524,0.17442,0.18298,0.20142,0.18839
0.14865,0.1717,0.17278,0.18516,0.1988
0.14226,0.11861,0.17559,0.18745,0.18556
0.061456,0.11544,0.043014,0.03178,0.16601
0.039486,0.091819,0.022075,0.018606,0.022791
0.020199,0.022101,0.015612,0.013423,0.012374
0.013209,0.01377,0.0086318,0.018011,0.011604
23,,,,
0.15894,0.10473,0.1575,0.18506,0.17186
0.058219,0.073096,0.076438,0.061585,0.16078
0.064797,0.038789,0.068568,0.13067,0.10878
0.039285,0.038293,0.033002,0.031897,0.03782
0.027025,0.039069,0.035014,0.023336,0.042071
0.028954,0.021651,0.024392,0.03122,0.020747
0.022614,0.020133,0.018923,0.012934,0.017123
24,,,,
0.15478,0.16373,0.094964,0.19188,0.19925
0.03666,0.033021,0.15574,0.048776,0.13517
0.029237,0.027333,0.044483,0.059939,0.068204
0.028322,0.025568,0.019878,0.026852,0.021244
0.02696,0.023548,0.021891,0.019514,0.025259
0.020142,0.020878,0.01953,0.014148,0.022386
0.012399,0.021166,0.0099379,0.016859,0.0097227
25,,,,
0.30477,0.31035,0.31097,0.31371,0.31577
0.29848,0.31138,0.31794,0.31946,0.32158
0.19808,0.051918,0.088984,0.279,0.308
0.063,0.047866,0.022974,0.027425,0.030388
0.027096,0.020134,0.026018,0.13381,0.017544
0.013833,0.013536,0.013878,0.0094642,0.012524
0.010802,0.0091739,0.010907,0.005,0.009
26,,,,
0.21766,0.20751,0.21085,0.21348,0.2198
0.18185,0.029145,0.024842,0.20639,0.22895
0.030168,0.042141,0.10289,0.059363,0.19856
0.02076,0.039112,0.022396,0.033606,0.028148
0.03503,0.057818,0.056293,0.025,
0.029,0.01726,0.021759,,
0.012596,0.014772,0.019165,0.012612,0.010615
27,,,,
0.2489,0.25937,0.25776,0.27889,0.27834
0.11904,0.2694,0.084904,0.23521,0.28122
0.16991,0.09761,0.13811,0.045557,0.27034
0.19674,0.11046,0.12597,0.099713,0.080746
0.1235,0.018325,0.021488,0.014378,0.01985
0.013187,0.019057,0.018758,0.019626,0.016573
0.022225,0.016504,0.016624,0.011738,0.018815
28,,,,
0.22501,0.22505,0.24078,0.23293,0.25023
0.23368,0.24151,0.23971,0.24597,0.26151
0.23708,0.24753,0.24326,0.26472,0.27146
0.042326,0.20343,0.040988,0.21166,0.25502
0.068575,0.054107,0.058591,0.038089,0.02774
0.01367,0.019,0.021,0.011706,0.010775
0.0095675,0.012399,0.015663,0.0090437,0.011532
29,,,,
0.2506,0.248,0.25,0.249,0.25113
0.24896,0.24411,0.25122,0.25693,0.27146
0.24641,0.26149,0.25099,0.26687,0.2741
0.032989,0.19686,0.037243,0.2123,0.27133
0.070962,0.051616,0.062411,0.033569,0.029726
0.011898,0.016477,0.015845,0.013381,0.011904
0.010886,0.013176,0.013469,0.013736,0.013165
30,,,,
0.254,0.2544,0.25791,0.26165,0.27649
0.25224,0.27115,0.25423,0.27443,0.28053
0.26243,0.27041,0.27694,0.27648,0.29527
0.057074,0.15647,0.24769,0.10222,0.29196
0.053,0.27994,0.15267,0.048639,0.13242
0.015282,0.01761,0.019408,0.014479,0.013201
0.012321,0.0094642,0.011674,0.011307,0.012444
31,,,,
0.1761,0.19681,0.17498,0.18332,0.19091
0.1737,0.16726,0.17399,0.18102,0.17447
0.15245,0.16864,0.16579,0.18117,0.19323
0.13766,0.16164,0.16506,0.16547,0.17173
0.13303,0.11332,0.11691,0.12077,0.12118
0.030774,0.027227,0.022828,0.025151,0.016495
0.017824,0.018549,0.018761,0.01364,0.018019
32,,,,
0.17863,0.17125,0.185,0.176,0.17904
0.16164,0.17217,0.17599,0.17239,0.16749
0.16875,0.16569,0.17884,0.18424,0.19427
0.14183,0.15457,0.15905,0.1609,0.1659
0.1298,0.1165,0.12696,0.10675,0.10793
0.032145,0.025841,0.023185,0.022183,0.024562
0.020288,0.017477,0.014995,0.019678,0.01264
33,,,,
0.23565,0.23066,0.23699,0.24061,0.23559
0.23836,0.2386,0.24381,0.25244,0.25163
0.25392,0.24569,0.25677,0.25543,0.25488
0.029324,0.24441,0.23578,0.24966,0.26263
0.077501,0.15477,0.050733,0.061053,0.27609
0.021266,0.022947,0.018388,0.017826,0.020855
0.012538,0.015617,0.015106,0.0089743,0.01797
34,,,,
0.15895,0.1674,0.1668,0.16839,0.17926
0.15975,0.16363,0.17092,0.16941,0.169
0.163,0.15941,0.16678,0.17064,0.1838
0.022038,0.15254,0.034997,0.16741,0.17012
0.091594,0.14215,0.049368,0.11487,0.16741
0.024371,0.019224,0.017602,0.015698,0.013544
0.010108,0.012587,0.013789,0.011669,0.0099973
35,,,,
0.16258,0.16783,0.16587,0.17168,0.17971
0.16755,0.16238,0.17194,0.17665,0.17654
0.17082,0.17259,0.16593,0.1715,0.1845
0.022089,0.13853,0.029997,0.15625,0.16715
0.071194,0.13966,0.040844,0.10045,0.16896
0.015613,0.022926,0.01956,0.016485,0.013392
0.015661,0.013501,0.012426,0.010891,0.011719
experiment_22.dot,,,,
1,,,,
0.20565,0.20412,0.21691,0.213,0.21799
0.10068,0.20611,0.13239,0.1725,0.08
0.027718,0.029241,0.16725,,
0.051982,0.055997,0.033711,0.040443,
0.020396,0.026,0.023,0.023565,0.027614
0.019382,0.021087,0.017798,0.031628,0.021004
0.015066,0.015621,0.018022,0.016855,0.017911
2,,,,
0.23232,0.23716,0.24655,0.2385,0.249
0.174,0.22291,0.22166,0.089718,0.236
0.072415,0.11349,0.058412,0.042479,0.24294
0.023066,0.030793,0.017988,0.044647,0.028021
0.017261,0.015005,0.018894,0.026187,0.021682
0.019236,0.019977,0.011993,0.016154,0.018423
0.012835,0.023691,0.020949,0.017407,0.026026
6,,,,
0.19946,0.20346,0.21058,0.20336,0.22603
0.20343,0.20573,0.21456,0.2214,0.20888
0.13003,0.18384,0.18998,0.17335,0.19593
0.046228,0.031852,0.031451,0.035013,0.034783
0.025361,0.031474,0.024,0.037922,0.036987
0.025619,0.026884,0.021885,0.023029,0.020506
0.018607,0.017,0.016,0.02263,0.014076
7,,,,
0.23192,0.22831,0.24081,0.23712,0.25509
0.22237,0.10978,0.074819,0.082055,0.2494
0.060085,0.077,0.046,0.027497,0.0359
0.022395,0.015205,0.017404,0.02288,0.019546
0.014487,0.018069,0.021,0.022747,0.016076
0.017356,0.016763,0.012942,0.011979,0.012592
0.011071,0.012496,0.009,0.012405,0.015478
8,,,,
0.2073,0.12893,0.20945,0.19513,0.23614
0.045029,0.027456,0.21159,0.10488,0.052414
0.037294,0.031365,0.031881,0.031877,0.03797
0.027519,0.020651,0.028506,0.029987,0.032283
0.021658,0.028451,0.029,0.025001,0.023455
0.02914,0.017893,0.023959,0.021757,0.014406
0.024645,0.019209,0.018998,0.021328,0.030348
9,,,,
0.16788,0.17679,0.17723,0.164,0.19418
0.16478,0.03066,0.02381,0.18098,
0.04759,0.026382,0.033138,0.035085,0.099124
0.036778,0.045677,0.026161,0.028598,0.024696
0.02716,0.026797,0.022999,0.027381,0.021604
0.016356,0.016842,0.019141,0.013973,
0.0096724,0.0146,0.016722,0.01648,0.015921
11,,,,
0.12206,0.059874,0.16183,0.06701,0.17797
0.040189,0.028265,0.026932,0.058429,0.038
0.028696,0.026035,0.029418,0.032181,0.032959
0.025535,0.023637,0.025,0.022,0.039967
0.022723,0.020876,0.028895,0.025171,0.023937
0.017234,0.018082,0.015877,0.021921,0.017822
0.012697,0.013395,0.012021,0.012786,0.012357
12,,,,
0.19984,0.12881,0.19331,0.19161,0.21399
0.095675,0.1614,0.062584,0.078655,0.202
0.042235,0.048448,0.032522,0.051718,0.045933
0.026409,0.01666,0.023271,0.026578,0.026768
0.029325,0.029037,0.03287,0.028081,0.028105
0.015668,0.015146,0.016762,0.016263,0.014604
0.018032,0.011581,0.015543,0.015914,0.014841
13,,,,
0.18858,0.18938,0.1867,0.18457,0.19499
0.037992,0.12015,0.048254,0.078851,0.174
0.04,0.022395,0.037808,0.022414,0.036
0.017212,0.016968,0.024002,0.024423,0.030028
0.020587,0.020715,0.016976,0.023105,0.026995
0.017815,0.012761,0.017042,0.017284,0.017289
0.014655,0.0088288,0.014061,0.012029,0.018417
14,,,,
0.12691,0.14977,0.13382,0.151,0.17599
0.060992,0.10321,0.065304,0.052215,0.047015
0.048063,0.042325,0.044938,0.060966,0.064
0.059339,0.047499,0.069386,0.057804,0.049573
0.02852,0.04709,0.026938,0.044589,0.058451
0.028019,0.019146,0.0172,0.018877,0.016964
0.013383,0.012568,0.018226,0.014686,0.011732
15,,,,
0.12161,0.10717,0.12259,0.10175,0.12012
0.050135,0.054575,0.11982,0.075536,0.11704
0.056891,0.06578,0.057586,0.052919,0.057
0.041138,0.050897,0.040235,0.057487,0.051919
0.031797,0.045627,0.022865,0.048552,0.048118
0.034206,0.01922,0.018848,0.02246,0.018402
0.014314,0.0164,0.013472,0.015706,0.017098
17,,,,
0.082182,0.097128,0.068327,0.10958,0.12803
0.033289,0.039599,0.031527,0.034,0.036
0.023345,0.027087,0.035192,0.02532,0.030979
0.024263,0.016884,0.024981,0.022906,0.032433
0.023802,0.023496,0.038,0.028248,0.03146
0.019285,0.021571,0.028825,0.023416,0.019957
0.027908,0.0075466,0.023451,0.012087,0.015973
18,,,,
0.18753,0.188,0.161,0.184,0.19904
0.20385,0.19032,0.201,,
0.041944,0.17831,0.06314,0.21602,
0.063496,0.023347,0.023036,0.031228,0.19643
0.033135,0.018762,0.025829,0.026042,0.022026
0.023674,0.019594,0.026752,0.017421,0.017673
0.010425,0.013371,0.018007,0.013337,0.01137
experiment_03.dot,,,,
1,,,,
0.2037,0.20086,0.20245,0.21103,0.21552
0.20987,0.2199,0.228,0.21773,0.18599
0.21924,0.21146,0.22468,0.23551,0.24205
0.23613,0.24741,0.26037,0.26095,0.046498
0.24176,0.091547,0.24077,0.271,0.026087
0.019338,0.020085,0.02429,0.018744,0.014411
0.012834,0.0095779,0.017614,0.013166,0.0097419
2,,,,
0.24819,0.24995,0.256,0.25411,0.27854
0.12355,0.092362,0.12457,0.22082,0.020258
0.025688,0.030373,0.022759,0.022569,0.0198
0.0133,0.013381,0.0097662,0.01569,0.011786
0.011655,0.012161,0.011162,0.015691,0.011798
0.0091808,0.012547,0.013079,0.012599,0.010883
0.0087065,0.013041,0.016251,0.010492,0.0080916
3,,,,
0.2148,0.22176,0.22459,0.24284,0.22395
0.22619,0.22619,0.22858,0.25604,0.020109
0.23231,0.24418,0.22832,0.26157,0.25611
0.027013,0.03435,0.024597,0.023787,0.013267
0.013454,0.015593,0.018667,0.013742,0.013336
0.013794,0.012998,0.019597,0.013477,0.009235
0.0047177,0.0083907,0.0088722,0.006,0.01
4,,,,
0.24885,0.26596,0.25713,0.26726,0.25964
0.25545,0.24163,0.24239,0.27417,0.020066
0.064173,0.20536,0.060117,0.22969,0.037612
0.031369,0.019893,0.019595,0.024822,0.012772
0.013015,0.012163,0.015883,0.014104,0.01141
0.012312,0.0094259,0.0081138,0.010393,0.0079327
0.011455,0.0076793,0.007307,0.0078239,0.010223
5,,,,
0.32304,0.32498,0.32841,0.32725,0.33919
0.32539,0.33318,0.35399,0.33429,0.28726
0.3329,0.33743,0.34123,0.34765,0.35315
0.2928,0.3489,0.35285,0.36866,0.032615
0.17269,0.083148,0.03198,0.37064,0.022107
0.016543,0.013229,0.012212,0.017948,0.011306
0.0085743,0.0073298,0.012143,0.0093212,0.012003
6,,,,
0.25249,0.24898,0.26142,0.26314,0.2566
0.25624,0.26565,0.26882,0.25287,0.033913
0.25068,0.2563,0.25476,0.26618,0.27192
0.15571,0.24189,0.15898,0.25946,0.048249
0.071848,0.14574,0.094852,0.074336,0.037959
0.031968,0.032205,0.03544,0.041439,0.036821
0.0069202,0.0089926,0.012519,0.0090145,0.0091355
7,,,,
0.22392,0.22095,0.2265,0.22943,0.23023
0.22251,0.22775,0.24118,0.231,0.215
0.22225,0.22849,0.23156,0.24513,0.24693
0.23954,0.24718,0.24976,0.25982,0.13888
0.18905,0.25317,0.25739,0.26545,0.22613
0.039064,0.038434,0.036132,0.034181,0.026585
0.010845,0.008917,0.0078908,0.0086037,0.011566
8,,,,
0.27464,0.27638,0.28056,0.27347,0.28032
0.28101,0.28766,0.27681,0.27794,0.28619
0.28067,0.2867,0.29893,0.30888,0.32334
0.31278,0.30517,0.30389,0.31431,0.31763
0.31522,0.32467,0.33387,0.33539,0.30919
0.27367,0.32237,0.27957,0.30744,0.33345
0.016333,0.011854,0.010993,0.012,0.013
9,,,,
0.22976,0.23385,0.23471,0.23259,0.25353
0.24058,0.24661,0.25971,0.24643,0.19666
0.23659,0.24656,0.25655,0.26822,0.26408
0.24553,0.25749,0.26579,0.27102,0.046849
0.055626,0.25717,0.2681,0.142,0.024579
0.042369,0.038195,0.034407,0.019189,0.049035
0.0079793,0.0092646,0.014935,0.014753,0.010494
10,,,,
0.31687,0.32519,0.31951,0.32171,0.33608
0.33159,0.33591,0.35775,0.34438,0.34833
0.35359,0.34349,0.36416,0.38084,0.3859
0.38588,0.37514,0.38482,0.39642,0.34096
0.382,0.41032,0.4059,0.41729,0.083153
0.30765,0.25852,0.20993,0.061455,0.39632
0.03145,0.022393,0.020883,0.021315,0.017984
11,,,,
0.15664,0.26496,0.17947,0.22404,0.27417
0.13863,0.16134,0.063046,0.13537,0.021624
0.031115,0.080183,0.069421,0.03129,0.098962
0.028555,0.029319,0.017969,0.059534,0.020517
0.017692,0.017398,0.020886,0.019228,0.01969
0.015133,0.01203,0.015443,0.016585,0.0099548
0.0064403,0.0077182,0.0068634,0.0085063,0.0089531
13,,,,
0.23577,0.21595,0.23241,0.23422,0.21597
0.22214,0.21947,0.24016,0.22038,0.042079
0.19695,0.20943,0.20663,0.20882,0.2074
0.14522,0.17583,0.15261,0.1394,0.028871
0.04229,0.075422,0.058607,0.13282,0.011622
0.01659,0.012776,0.018432,0.011643,0.010378
0.0051294,0.0084321,0.0089016,0.0081849,0.0087333
14,,,,
0.32201,0.32021,0.32026,0.33253,0.33312
0.32012,0.32371,0.32999,0.32513,0.30984
0.31849,0.32551,0.33557,0.3355,0.34971
0.33014,0.32999,0.3529,0.35001,0.34988
0.35954,0.36404,0.37988,0.38308,0.36954
0.35755,0.36652,0.37373,0.36431,0.38192
0.10902,0.034724,0.039812,0.028227,0.026758
15,,,,
0.2686,0.2677,0.26756,0.26986,0.28427
0.21531,0.26467,0.30155,0.3002,0.02091
0.28576,0.15102,0.13788,0.29528,0.070772
0.022313,0.023253,0.018529,0.01983,0.0084115
0.010393,0.011823,0.021399,0.010454,0.015324
0.0075769,0.011214,0.015529,0.013875,0.015151
0.0086913,0.0097804,0.0062354,0.0095453,0.0092229
experiment_23.dot,,,,
1,,,,
0.11866,0.19353,0.20965,0.22529,0.21411
0.2052,0.04972,0.21729,0.055142,0.22299
0.067661,0.054089,0.043182,0.045544,0.21751
0.026456,0.021239,0.018921,0.019552,0.021524
0.022609,0.029455,0.023929,0.021198,0.018106
0.015212,0.016262,0.018761,0.016089,0.018204
0.018937,0.009991,0.013382,0.013295,0.013462
2,,,,
0.15642,0.1671,0.16671,0.17237,
0.14697,0.16658,0.16058,0.16513,0.16724
0.086084,0.14137,0.12451,0.14823,0.17109
0.024811,0.02133,0.02364,0.028442,0.021054
0.018731,0.025638,0.018818,0.018399,0.029717
0.01253,0.013732,0.013251,0.015432,
0.012716,0.012895,0.0097136,0.01492,0.01037
3,,,,
0.18209,0.18326,0.1853,0.19253,
0.17553,0.17626,0.18084,0.18236,0.18806
0.09068,0.093404,0.057774,0.04079,0.058059
0.02013,0.023167,0.02568,0.017806,0.018258
0.019184,0.018714,0.018828,0.026119,0.02174
0.01798,0.019102,0.018569,0.015663,0.017887
0.01916,0.013267,0.013716,0.0091222,0.018586
4,,,,
0.17056,0.020949,0.18624,0.18469,0.19936
0.058651,0.084904,0.19665,0.037721,0.20918
0.029327,0.026566,0.051703,0.072232,0.040102
0.014477,0.020422,0.021996,0.020165,0.020284
0.027365,0.01943,0.020839,0.026554,0.02364
0.027559,0.043052,0.016944,0.015797,0.020951
0.017102,0.020124,0.018052,0.022936,0.016976
6,,,,
0.13759,0.039658,0.16192,0.16519,0.164
0.08447,0.029562,0.15363,0.060426,0.14804
0.021723,0.026595,0.02377,0.019294,0.02
0.01,0.020669,0.013875,0.021129,0.016
0.018,0.019197,0.017846,0.013946,0.02067
0.010718,0.019,0.035,0.013374,0.017398
0.011976,0.018373,0.027538,0.012423,0.016088
7,,,,
0.035451,0.17342,0.20065,0.194,0.19101
0.19596,0.057945,0.18933,0.10787,0.20308
0.027658,0.1918,0.088569,0.18656,0.074
0.019,0.020691,0.028003,0.19122,0.043305
0.028466,0.019359,0.033805,0.025483,0.035512
0.016134,0.023735,0.022978,0.022015,0.024077
0.02132,0.017548,0.020026,0.013529,0.012148
9,,,,
0.089541,0.090956,0.092988,0.098694,0.10012
0.098222,0.097993,0.097666,0.10148,0.10308
0.096685,0.098074,0.10923,0.10734,0.11618
0.11408,0.11306,0.10933,0.11685,0.11623
0.12071,0.11824,0.12093,0.1265,0.123
0.079,0.041634,0.12381,0.087764,0.12366
0.015717,0.020262,0.015799,0.02365,0.01955
10,,,,
0.11377,0.11897,0.13001,0.12548,0.12223
0.12108,0.12613,0.12732,0.12891,0.13509
0.13423,0.085929,0.13645,0.12953,0.13002
0.022023,0.11665,0.13587,0.060175,0.12336
0.024862,0.030447,0.073805,0.073066,0.041945
0.03191,0.018848,0.022795,0.024856,0.023582
0.02373,0.017909,0.016417,0.028378,0.04013
11,,,,
0.16412,0.11531,0.14879,0.15042,0.16498
0.051238,0.041,0.057,0.080532,0.041399
0.023723,0.037529,0.027327,0.027008,
0.013355,0.019705,0.018005,0.017613,0.019246
0.013858,0.018294,0.01382,0.014091,0.019385
0.014488,0.013162,0.013813,0.011655,0.0097539
0.017251,0.014846,0.010062,0.014188,0.027588
12,,,,
0.11451,0.11621,0.12003,,
0.11323,0.1201,0.12146,0.12079,0.12343
0.12389,0.11948,0.11298,0.11782,0.088042
0.098857,0.10914,0.12354,,
0.10262,0.037549,0.027857,0.016961,0.14008
0.015784,0.017542,0.014788,0.022494,0.014593
0.015063,0.016693,0.012073,0.0098243,
13,,,,
0.11572,0.107,0.095,0.09956,0.109
0.1,0.092094,0.10181,0.10105,0.107
0.102,0.097826,0.11439,0.11766,0.11697
0.085075,0.090748,0.10358,0.11219,
0.063397,0.079604,0.10375,0.037364,0.13559
0.029053,0.018196,0.028083,0.016232,
0.013703,0.01644,0.009,0.023825,
14,,,,
0.14235,0.14631,0.15044,0.15049,0.1562
0.1498,0.14936,0.15489,0.17253,0.16642
0.17385,0.15835,0.17108,0.1798,0.17822
0.17902,0.17308,0.055649,0.17154,0.19201
0.16168,0.045092,0.18013,0.040736,0.18785
0.022168,0.018772,0.02238,0.021222,0.01476
0.020987,0.019096,0.021024,0.02061,0.023588
15,,,,
0.21234,0.20331,0.20441,0.21345,0.23119
0.20805,0.21558,0.22102,0.22367,0.21906
0.10989,0.20254,0.19343,0.19862,0.228
0.037,0.05321,0.065986,0.068418,0.076
0.03,0.038869,0.059475,0.07269,0.065648
0.058956,0.023629,0.018277,0.020979,
0.017097,0.020292,0.013323,0.016355,0.027553
16,,,,
0.11727,0.12548,0.13222,0.13293,0.13418
0.12206,0.10966,0.12849,0.12765,0.12799
0.054647,0.077431,0.068945,0.065918,0.065025
0.031723,0.03212,0.02626,0.027977,0.030882
0.019362,0.022895,0.025959,0.02875,0.031059
0.022197,0.021988,0.02,0.029092,
0.020291,0.025494,0.023976,0.020344,0.017866
17,,,,
0.11945,0.142,0.1401,0.14058,0.15115
0.13144,0.12932,0.12896,0.135,0.12901
0.056353,0.084802,0.06953,0.084798,0.080999
0.028114,0.035704,0.025033,0.034558,0.037925
0.023288,0.018993,0.0284,0.022718,0.033788
0.023766,0.030891,0.034672,0.03019,
0.020742,0.024414,0.029355,0.024415,0.020871
18,,,,
0.11467,0.11913,0.12183,0.117,0.12403
0.081936,0.084791,0.093451,0.093536,0.103
0.052316,0.044471,0.036065,0.072716,0.061067
0.016697,0.024848,0.018875,0.016908,0.021002
0.021598,0.02992,0.028981,0.026613,0.033243
0.024424,0.011927,0.017779,0.03658,0.023159
0.017229,0.022582,0.018873,0.017961,0.023824
19,,,,
0.154,0.16137,0.15881,0.16904,0.16816
0.14586,0.15596,0.15462,0.16748,0.16605
0.079018,0.15313,0.065976,0.15268,0.16101
0.038273,0.11359,0.10699,0.078403,0.11603
0.035622,0.049877,0.044259,0.065883,0.094633
0.021752,0.023211,0.019903,0.038444,0.024576
0.019342,0.01805,0.017921,0.023192,0.019419
21,,,,
0.14028,0.14301,0.14642,0.1447,0.15099
0.13862,0.088157,0.13352,0.13388,0.15047
0.033356,0.062771,0.050823,0.048107,0.14004
0.018361,0.02149,0.015901,0.01855,0.022066
0.016419,0.019626,0.014902,0.018977,0.018556
0.013582,0.028045,0.023125,0.017185,0.024291
0.014734,0.020697,0.013881,0.010724,0.018688
22,,,,
0.10858,0.11708,0.12031,0.11739,0.1322
0.099823,0.043292,0.09578,0.092338,0.10614
0.027189,0.029817,0.034667,0.033636,0.027062
0.018417,0.023014,0.02285,0.016384,0.020756
0.017707,0.024114,0.026816,0.028545,0.022883
0.023063,0.026371,0.027929,0.028176,0.021518
0.026538,0.024676,0.027,0.028675,0.011213
23,,,,
0.099609,0.10737,0.10097,0.106,0.11101
0.095521,0.043067,0.093393,0.094946,0.10306
0.019723,0.03204,0.03078,0.038628,0.036488
0.014829,0.01751,0.015292,0.014212,0.020809
0.016666,0.018678,0.017007,0.02203,0.018035
0.028728,0.01698,0.019392,0.024928,0.021333
0.021893,0.0249,0.018,0.018872,0.012878
24,,,,
0.11117,0.11065,0.11378,0.11642,0.11911
0.1077,0.11886,0.11854,0.12024,0.12114
0.071301,0.11353,0.10158,0.11441,0.1261
0.029704,0.024578,0.021881,0.038319,0.018578
0.015507,0.016517,0.014999,0.016396,0.018236
0.014614,0.02348,0.01198,0.015777,0.015
0.01,0.014496,0.011051,0.020325,0.017934
25,,,,
0.12513,0.12252,0.13076,0.12759,0.136
0.126,0.12645,0.12436,0.13286,0.13212
0.12989,0.077574,0.13667,0.12392,0.14102
0.025702,0.12617,0.054873,0.049396,0.13778
0.032265,0.047579,0.044283,0.037509,0.037908
0.023611,0.020749,0.014899,0.018786,0.017739
0.018529,0.017652,0.019887,0.01704,0.013373
26,,,,
0.15698,0.15351,0.145,0.14993,0.14265
0.13971,0.14022,0.13766,0.15219,0.14422
0.13038,0.13965,0.15793,0.16192,0.17248
0.17925,0.17879,0.1306,0.17162,0.16836
0.11756,0.1766,0.15998,0.173,0.18577
0.019258,0.017596,0.017881,0.026293,0.011
0.018,0.0082681,0.012461,0.0098233,0.012386
27,,,,
0.11444,0.1217,0.12484,0.12528,0.12342
0.11393,0.1245,0.11764,0.12297,0.12152
0.12258,0.12449,0.11994,0.12669,0.1355
0.12927,0.1304,0.0454,0.086565,0.1315
0.027383,0.032695,0.11689,0.048458,0.094356
0.012837,0.014824,0.017872,0.014162,0.01467
0.015845,0.012187,0.014,0.012893,0.013619
28,,,,
0.14759,0.15308,0.14522,0.15682,0.16443
0.15426,0.15671,0.16083,0.16553,0.17207
0.16358,0.15606,0.16438,0.16605,0.18319
0.16021,0.067169,0.12198,0.073583,0.15046
0.049636,0.038828,0.040658,0.039219,0.028752
0.021209,0.040267,0.01598,0.01,0.028931
0.02009,0.026629,0.015213,0.010525,0.025256
29,,,,
0.13555,0.13846,0.13332,0.13984,0.149
0.146,0.13565,0.13832,0.14082,0.13798
0.12621,0.13536,0.12745,0.13023,0.14027
0.12204,0.12442,0.13896,0.14259,0.15272
0.035212,0.04538,0.13787,0.14492,0.11435
0.018437,0.025527,0.017998,0.019178,0.023199
0.014555,0.016591,0.013995,0.01435,0.014332
30,,,,
0.20824,0.21301,0.22275,0.23276,0.23607
0.20155,0.07032,0.22049,0.032406,0.23315
0.14203,0.046268,0.038001,0.034676,0.032
0.020134,0.035541,0.027538,,
0.021155,0.020445,0.028986,0.03,0.025877
0.015997,0.019865,0.02619,0.048523,0.033724
0.028092,0.042992,0.043648,0.040798,
experiment_24.dot,,,,
1,,,,
0.10024,0.10582,0.10998,0.11129,0.12717
0.10592,0.11795,0.11791,0.11365,0.11336
0.11097,0.10077,0.097921,0.10226,0.1128
0.064792,0.091016,0.094288,0.094345,0.099211
0.088171,0.095377,0.098794,0.11197,0.11867
0.074047,0.082056,0.08267,0.076783,0.090452
0.026294,0.029065,0.024626,0.02404,0.025852
experiment_25.dot,,,,
1,,,,
0.14407,0.15269,0.15093,0.15456,0.15001
0.135,0.15306,0.14275,0.14655,0.15212
0.14273,0.13535,0.13696,0.13863,0.155
0.074984,0.054705,0.057004,0.061166,0.045206
0.028702,0.031839,0.031647,0.026451,0.033271
0.025129,0.017467,0.019989,0.017257,0.019551
0.016715,0.015477,0.018505,0.016266,0.022553
4,,,,
0.13319,0.14182,0.13604,0.14343,0.13996
0.030512,0.085802,0.094559,0.073526,0.12806
0.0182,0.023166,0.013107,0.012902,0.016048
0.0053961,0.011927,0.0080187,0.014217,0.015583
0.008446,0.019953,0.011809,0.011407,0.017922
0.013945,0.016703,0.014948,0.0112,0.0164
0.010027,0.022307,0.020216,0.017458,0.024925
5,,,,
0.1798,0.19103,0.19191,0.203,0.20302
0.19364,0.19144,0.18739,0.19653,0.19915
0.19004,0.19052,0.19862,0.19353,0.19718
0.19226,0.18644,0.18698,0.19493,0.19628
0.18743,0.18504,0.18883,0.1961,0.20676
0.10947,0.16065,0.15584,0.17456,0.079346
0.012393,0.01451,0.012732,0.010691,0.01115
6,,,,
0.18214,0.18142,0.18698,0.19,0.18605
0.17745,0.1759,0.18268,0.18591,0.18814
0.18335,0.17828,0.17799,0.18281,0.19829
0.17884,0.187,0.183,0.186,0.18852
0.18006,0.18158,0.174,0.188,0.19784
0.095313,0.139,0.13773,0.16255,0.073114
0.015572,0.014271,0.011981,0.018824,0.014459
7,,,,
0.14027,0.14332,0.14083,0.13956,0.14998
0.14454,0.132,0.144,0.13444,0.142
0.1273,0.13531,0.13351,0.14079,0.14309
0.12917,0.12578,0.13491,0.13677,0.13954
0.1093,0.10918,0.1219,0.12925,0.13819
0.026695,0.030087,0.016988,0.011836,0.021259
0.012758,0.014048,0.017538,0.012748,0.017329
8,,,,
0.12532,0.1257,0.1311,0.13171,0.13707
0.12213,0.13605,0.12982,0.13168,0.13301
0.1285,0.12709,0.13291,0.12653,0.13904
0.1167,0.11876,0.12889,0.13823,0.135
0.072,0.10612,0.084939,0.075433,0.13406
0.023285,0.017349,0.018536,0.014189,0.018163
0.013386,0.015576,0.015093,0.017373,0.018665
9,,,,
0.17911,0.19095,0.19177,0.20001,0.19988
0.14342,0.1727,0.14162,0.171,0.19799
0.056992,0.11854,0.066934,0.053447,0.18901
0.025829,0.029564,0.055094,0.048604,0.048163
0.022008,0.021026,0.036,0.038146,
0.021038,0.024282,0.030002,0.031,0.026084
0.019784,0.026884,0.038982,0.0065672,0.016264
10,,,,
0.15907,0.1592,0.16261,0.16742,0.17542
0.16292,0.1628,0.16916,0.1699,0.17703
0.16823,0.16646,0.17201,0.17837,0.18913
0.1705,0.15834,0.1669,0.16859,0.16148
0.15449,0.17003,0.14598,0.155,0.1672
0.089723,0.1034,0.089557,0.12814,0.10219
0.016461,0.0142,0.013754,0.021346,0.019766
13,,,,
0.12118,0.133,0.124,0.14654,0.16115
0.043305,0.12875,0.042836,0.044194,0.144
0.032937,0.030177,0.01946,0.022902,0.026053
0.017306,0.01462,0.018996,0.013978,0.029536
0.029507,0.017194,0.021705,0.022354,0.018286
0.013986,0.031148,0.017763,0.024827,0.020761
0.014926,0.022402,0.014788,0.015061,0.016176
14,,,,
0.12961,0.14339,0.14465,0.15759,0.17001
0.057029,0.14373,0.044817,0.049194,0.151
0.036048,0.031388,0.016477,0.018457,0.035438
0.015341,0.016691,0.027004,0.012253,0.030345
0.024456,0.022149,0.020119,0.021265,0.022065
0.014188,0.034168,0.013263,0.023989,0.02428
0.018953,0.025231,0.01794,0.01111,0.024091
15,,,,
0.11644,0.11728,0.11081,0.1309,0.13207
0.09161,0.099463,0.087878,0.101,0.11901
0.078837,0.043206,0.027167,0.049663,0.064023
0.021336,0.021477,0.028236,0.018076,
0.018935,0.016113,0.016866,0.015005,0.013194
0.015236,0.013565,0.017789,0.011505,0.015413
0.014659,0.015573,0.0197,0.0139,0.01755
16,,,,
0.112,0.11408,0.11277,0.13046,0.12899
0.088302,0.094,0.081,0.10379,0.11201
0.062399,0.046341,0.031244,0.043493,0.058
0.016581,0.021365,0.030946,0.021191,
0.023285,0.013848,0.016906,0.022128,0.014425
0.012275,0.014764,0.015883,0.01854,0.018523
0.013926,0.015771,0.016643,0.013731,0.015764
17,,,,
0.20899,0.21583,0.21167,0.22506,0.22808
0.22164,0.21653,0.22191,0.225,0.22501
0.21963,0.22071,0.22256,0.2268,0.23307
0.21612,0.22186,0.20399,0.225,0.23185
0.20627,0.19985,0.17779,0.1451,0.24153
0.026487,0.022817,0.024836,0.026802,0.018437
0.011174,0.013345,0.011351,0.011959,0.013532
experiment_26.dot,,,,
1,,,,
0.11097,0.10262,0.11001,0.11369,0.12508
0.11149,0.11422,0.12202,0.12235,0.12369
0.10794,0.11899,0.1119,0.12744,0.13767
0.034452,0.104,0.083,0.042314,0.13418
0.03345,0.028317,0.045821,0.032398,0.018286
0.027295,0.021248,0.017986,0.007,0.03342
0.016625,0.017947,0.01545,0.013958,0.016945
2,,,,
0.13104,0.13502,0.12868,0.12839,
0.14669,0.15622,0.16306,0.14968,
0.14882,0.15206,0.1441,0.16409,0.17411
0.15573,0.1464,0.16076,0.15054,0.15748
0.10417,0.10607,0.10872,0.1116,0.15077
0.024383,0.031902,0.018359,0.029465,0.016904
0.012216,0.013593,0.012736,0.014676,0.01217
3,,,,
0.22576,0.24478,0.25503,0.24962,0.25843
0.21518,0.25632,0.2458,0.24793,0.27603
0.08379,0.26065,0.18237,0.25853,0.2763
0.16756,0.12243,0.11082,0.14668,0.16053
0.051841,0.065133,0.058288,0.06201,0.071573
0.040449,0.037112,0.038906,0.046308,0.047606
0.029396,0.030063,0.027997,0.017593,0.031119
4,,,,
0.20701,0.22038,0.20811,0.21558,0.21367
0.17356,0.20121,0.21247,0.21568,0.2098
0.20531,0.20794,0.22796,0.22839,0.23464
0.12987,0.058793,0.19588,0.086035,0.21193
0.030376,0.036111,0.048058,0.031159,0.040601
0.023128,0.014882,0.021602,0.026177,0.015661
0.011056,0.011997,0.012795,0.016521,0.017415
5,,,,
0.20989,0.21482,0.21713,0.21805,0.22261
0.20972,0.21487,0.22506,0.22922,0.22761
0.21996,0.2221,0.22601,0.23568,0.23918
0.21366,0.1388,0.21589,0.10506,0.20901
0.077784,0.077329,0.072291,0.081874,0.061085
0.018888,0.023967,0.02245,0.022151,0.020528
0.016785,0.012411,0.014971,0.018412,0.018568
6,,,,
0.21764,0.21175,0.22008,0.22205,0.22216
0.0405,0.19817,0.226,0.22452,0.2359
0.22971,0.066413,0.14387,0.044461,0.19735
0.016758,0.020272,0.019642,0.023119,0.016928
0.015402,0.015334,0.015823,0.017914,0.017839
0.018534,0.014037,0.018829,0.018081,0.017706
0.01557,0.012467,0.011985,0.01758,0.010155
7,,,,
0.16536,0.17983,0.19027,,
0.06667,0.13806,0.2,0.182,0.19258
0.16411,0.063814,0.18536,0.16981,0.20527
0.043805,0.045046,0.041778,0.039786,0.069845
0.039329,0.033549,0.040796,0.041331,0.040225
0.024975,0.027309,0.02468,0.02805,0.025424
0.018581,0.022451,0.013989,0.02339,0.018742
8,,,,
0.21954,0.22338,0.22799,0.22995,0.22489
0.24103,0.22709,0.23248,0.23883,
0.2351,0.23114,0.24403,0.24185,0.24955
0.21242,0.24948,0.16985,0.23923,0.24631
0.04137,0.051679,0.23471,0.13574,0.12117
0.022317,0.023784,0.030647,0.025455,0.022359
0.017239,0.011438,0.017582,0.015241,0.018314
9,,,,
0.1483,0.15197,0.16107,0.15878,0.1678
0.14613,0.14911,0.14606,0.15519,0.15389
0.13877,0.13645,0.14603,0.15283,0.15868
0.12675,0.1138,0.12976,0.12472,0.12719
0.039024,0.03962,0.067855,0.039068,0.035672
0.013934,0.016693,0.017385,0.014981,0.012747
0.012902,0.01128,0.0099896,0.0079107,0.013051
10,,,,
0.096328,0.14104,0.154,0.14643,0.16163
0.052043,0.058869,0.04003,0.051817,0.054277
0.045713,0.053131,0.042969,0.049178,0.051929
0.036355,0.032,0.039,0.040292,0.040934
0.031516,0.036892,0.04377,0.02595,0.033126
0.044427,0.033862,0.028973,0.032692,0.035619
0.027193,0.036,0.036,0.034641,0.024865
11,,,,
0.20688,0.21716,0.20242,0.21526,0.21
0.196,0.21152,0.21001,0.22428,0.21036
0.19147,0.19346,0.211,0.22625,0.22331
0.042693,0.040382,0.056884,0.038556,0.080531
0.034245,0.035,0.04,0.042772,0.037952
0.024594,0.017615,0.031793,0.02582,0.032575
0.027931,0.020807,0.017887,0.022683,0.034987
12,,,,
0.21573,0.20614,0.20917,0.21271,0.22875
0.22643,0.21906,0.22498,0.22794,0.21703
0.22132,0.22062,0.246,0.23656,0.22299
0.23273,0.21871,0.23133,0.23384,0.22705
0.21896,0.2251,0.2448,0.24487,0.24865
0.04508,0.060985,0.059086,0.040936,0.074997
0.027338,0.019753,0.032408,0.03236,0.028892
13,,,,
0.2182,0.20908,0.233,0.223,0.2216
0.21391,0.22295,0.22253,0.22017,0.22709
0.2282,0.2282,0.23805,0.23815,0.25684
0.22932,0.23914,0.25424,0.24318,0.25629
0.25465,0.070985,0.24782,0.18969,0.052364
0.015397,0.02004,0.01864,0.025975,0.026708
0.022212,0.011312,0.01798,0.018387,0.015174
14,,,,
0.22643,0.23318,0.24519,0.24066,0.24078
0.23325,0.24184,0.2374,0.24272,0.25557
0.23928,0.24598,0.25903,0.25358,0.2666
0.23954,0.26283,0.25592,0.25354,0.25353
0.24576,0.071548,0.22979,0.18029,0.048592
0.012978,0.01358,0.02277,0.015133,0.020829
0.021701,0.019332,0.039287,0.039342,0.047768
16,,,,
0.18966,0.20054,0.19911,0.20561,0.21287
0.19799,0.20682,0.2051,0.20974,0.2131
0.19898,0.19902,0.20203,0.21156,0.20074
0.1851,0.19487,0.20182,0.20132,0.20301
0.19735,0.20245,0.19619,0.20965,0.20686
0.1525,0.14842,0.18456,0.1006,0.086036
0.017313,0.019292,0.010428,0.010908,0.016438
17,,,,
0.1772,0.19291,0.18009,0.18737,0.19498
0.19205,0.19424,0.181,0.182,0.18523
0.18327,0.17285,0.19311,0.18641,0.18901
0.19047,0.18887,0.19976,0.20154,0.20405
0.20479,0.19862,0.20482,0.20623,0.21294
0.16103,0.14449,0.18969,0.10157,0.090802
0.015609,0.012551,0.014961,0.021999,0.021487
18,,,,
0.14137,0.15268,0.15547,0.15592,0.15218
0.093472,0.1272,0.153,0.1457,0.14615
0.04199,0.046663,0.037845,0.062819,0.11168
0.020188,0.022481,0.02968,0.033759,0.03172
0.019825,0.024,0.025,0.029033,0.03017
0.025336,0.013405,0.02381,0.018022,0.022233
0.024264,0.016567,0.016205,0.015347,0.018395
19,,,,
0.15215,0.14134,0.16103,0.14861,0.16031
0.14849,0.13837,0.13304,0.15923,0.17047
0.092479,0.1363,0.095972,0.067559,0.16371
0.038503,0.040874,0.052863,0.05421,0.038328
0.028681,0.036819,0.038904,0.048905,0.04431
0.034747,0.030562,0.035074,0.02766,0.027664
0.029988,0.030463,0.018746,0.030391,0.03068
20,,,,
0.18759,0.19507,0.19511,0.2031,0.19816
0.19068,0.18864,0.20208,0.20132,0.20774
0.19771,0.20164,0.2114,0.21584,0.20459
0.17861,0.15553,0.21085,0.1701,0.21167
0.051224,0.03794,0.15857,0.052833,0.053297
0.024565,0.029173,0.033059,0.026796,0.028651
0.024558,0.015338,0.018254,0.022663,0.018231
21,,,,
0.14132,0.14775,0.15305,0.15657,0.14976
0.14557,0.15576,0.15502,0.15482,0.1584
0.11368,0.14612,0.14697,0.15717,0.16168
0.040478,0.052974,0.1457,0.077201,0.14239
0.036384,0.032947,0.051677,0.057824,0.03417
0.0216,0.020747,0.019924,0.019628,0.01846
0.0134,0.017889,0.013838,0.01968,0.0212
22,,,,
0.156,0.15986,0.17501,0.16723,0.1638
0.14325,0.15023,0.15503,0.16523,0.17318
0.11839,0.16018,0.095391,0.14213,0.1548
0.064332,0.047678,0.067052,0.06058,0.041272
0.028334,0.029743,0.028389,0.024399,0.021669
0.02164,0.016876,0.023765,0.022467,0.019316
0.027317,0.020668,0.014725,0.023837,0.021502
experiment_27.dot,,,,
2,,,,
0.063474,0.1872,0.196,0.19458,0.21355
0.062652,0.048218,0.030392,0.035152,0.13305
0.021236,0.041019,0.02536,0.02981,0.027937
0.013667,0.024847,0.017012,0.02421,0.016
0.013,0.019612,0.02,0.016527,0.014333
0.019763,0.010722,0.011,0.015,0.01227
0.0095816,0.024475,,,
3,,,,
0.20425,0.20236,0.21204,0.22024,0.2079
0.20134,0.20445,0.21311,0.21296,0.22072
0.026563,0.21022,0.22939,0.22681,
0.039502,0.024029,0.13795,0.07124,0.12079
0.030424,0.016116,0.027,0.023,0.018604
0.01325,0.011837,0.012086,0.014314,0.011263
0.010713,0.018154,0.018212,,
6,,,,
0.21464,0.21487,0.21317,0.2153,0.21873
0.18886,0.19827,0.19635,0.21972,0.22601
0.21198,0.25497,0.23928,0.25699,
0.080167,0.20698,0.0894,0.21309,0.20519
0.096467,0.16387,0.051999,0.21341,0.22919
0.031168,0.028683,0.020043,0.02422,0.022367
0.017782,0.019714,0.028613,,
7,,,,
0.21595,0.22194,0.20628,0.21785,0.21862
0.096121,0.2203,0.214,0.219,0.23453
0.20605,0.22946,0.25305,0.2629,
0.051629,0.15157,0.047998,0.03521,0.026704
0.015046,0.013664,0.022024,0.016998,0.017478
0.020335,0.012338,0.015871,0.020956,0.024551
0.039069,0.0081497,0.025159,,
8,,,,
0.17271,0.19102,0.18739,0.18264,0.18327
0.19049,0.17568,0.197,0.19,0.18608
0.18774,0.20072,0.20492,0.20209,0.189
0.179,0.18755,0.19848,0.18855,0.2002
0.053892,0.18614,0.089217,0.21233,0.20968
0.028006,0.021611,0.019998,0.017602,0.024511
0.034483,0.011052,0.023764,,
experiment_28.dot,,,,
2,,,,
0.265,0.25429,0.26314,0.27173,0.26725
0.25882,0.26926,0.27916,0.2753,0.28567
0.24865,0.28125,0.28112,0.29721,0.31029
0.25483,0.052057,0.30503,0.03682,0.30966
0.092504,0.061599,0.082991,0.048482,0.28111
0.015538,0.029593,0.025362,0.08135,0.012559
0.0088893,0.011725,0.011878,0.010114,0.014303
3,,,,
0.278,0.28699,0.284,0.283,0.28913
0.29084,0.28279,0.29018,0.29606,0.30091
0.26444,0.28866,0.28714,0.29687,0.30845
0.25636,0.051516,0.28802,0.042677,0.3071
0.089287,0.067124,0.090398,0.052446,0.30035
0.020257,0.029435,0.028911,0.078899,0.018509
0.014726,0.016815,0.013439,0.018152,0.013648
6,,,,
0.22037,0.23482,0.23026,0.22854,0.2313
0.21983,0.2267,0.23046,0.23176,0.23563
0.22836,0.2217,0.241,0.2193,0.23848
0.055289,0.216,0.13902,0.058541,0.22782
0.06585,0.050969,0.032031,0.052557,0.043755
0.017474,0.023907,0.025949,0.029295,0.031108
0.019791,0.021685,0.021888,0.01643,0.017929
8,,,,
0.213,0.21864,0.2189,0.21817,0.22237
0.20249,0.21118,0.21228,0.22697,0.22109
0.19034,0.13817,0.20999,0.15051,0.21678
0.049778,0.038253,0.043,0.056677,0.067968
0.036591,0.034309,0.028402,0.02307,0.036368
0.017891,0.019352,0.019753,0.030338,0.029791
0.017534,0.045048,0.01,0.0189,0.012099
9,,,,
0.24507,0.24113,0.25037,0.2489,0.25036
0.25218,0.087533,0.24593,0.25647,0.25816
0.050927,0.25822,0.076336,0.21453,0.25238
0.034562,0.054599,0.039998,0.044906,0.026835
0.024926,0.022414,0.025065,0.014935,0.016507
0.019603,0.017959,0.021964,0.017953,0.017821
0.011551,0.017475,0.017747,0.018218,0.019899
11,,,,
0.231,0.23657,0.23938,0.23658,0.25078
0.23803,0.24997,0.24698,0.24827,0.253
0.26,0.22521,0.029992,0.028476,0.2495
0.055407,0.23833,0.040995,0.024266,0.22652
0.19162,0.030719,0.032969,0.057425,0.17846
0.025664,0.029964,0.036001,0.02568,0.023261
0.019718,0.014254,0.015857,0.02636,0.0196
12,,,,
0.232,0.23083,0.23414,0.22987,0.238
0.232,0.23599,0.23597,0.22881,0.24018
0.21073,0.21034,0.22434,0.097664,0.22096
0.15718,0.212,0.031,0.026,0.18164
0.032284,0.066718,0.045152,0.16602,
0.02046,0.024944,0.020061,0.027681,0.014259
0.013739,0.013838,0.01076,0.017713,0.011919
13,,,,
0.19568,0.20155,0.20421,0.20802,0.20984
0.20879,0.21216,0.20452,0.20844,0.21158
0.2109,0.030602,0.18841,0.04401,0.206
0.035287,0.19709,0.032998,0.024331,0.14087
0.031452,0.037232,0.025083,0.020932,0.02973
0.020435,0.016821,0.019992,0.021548,0.0155
0.013928,0.012579,0.013798,0.012009,0.015122
14,,,,
0.20928,0.20681,0.205,0.21,0.21411
0.21182,0.20364,0.211,0.214,0.221
0.209,0.1786,0.18802,0.20932,0.21317
0.055674,0.22082,0.20039,0.026182,0.21365
0.088178,0.18272,0.0211,0.023468,0.06932
0.01433,0.02077,0.01593,0.011998,0.01543
0.0098576,0.014891,0.013094,0.014522,0.013904
15,,,,
0.18795,0.18769,0.19285,0.18813,0.1878
0.20172,0.19476,0.20726,0.19713,0.20602
0.2071,0.19423,0.19801,0.047058,0.20522
0.045675,0.21394,0.032067,0.023681,0.23087
0.04709,0.026392,0.025059,0.030683,0.03721
0.0228,0.021489,0.028,0.019884,0.019489
0.021218,0.020498,0.025011,0.026133,0.028706
16,,,,
0.16517,0.16387,0.17853,0.18534,0.18667
0.13724,0.073924,0.15,0.054309,0.17316
0.12451,0.039378,0.101,0.031309,0.15873
0.020653,0.020169,0.034101,0.022203,0.021525
0.021475,0.026375,0.015088,0.019771,0.023249
0.011822,0.019486,0.019047,0.015548,0.016868
0.01367,0.012271,0.011957,0.02063,0.015714
17,,,,
0.1923,0.21337,0.19913,0.19887,0.2
0.174,0.191,0.21515,0.19811,0.20935
0.018972,0.185,0.108,0.026873,0.20019
0.02994,0.036218,0.039,0.036,0.037253
0.021269,0.018741,0.023,0.023,0.02036
0.020872,0.021149,0.019057,0.023609,0.017
0.016,0.035,0.018001,0.018706,0.019791
18,,,,
0.23474,0.24106,0.24126,0.25403,0.25631
0.24101,0.25362,0.24571,0.23982,0.253
0.031401,0.21269,0.258,0.231,0.23426
0.021186,0.23206,0.1364,0.24844,0.2414
0.044116,0.22882,0.23705,0.17705,0.23125
0.026757,0.029983,0.03296,0.025772,0.028268
0.018152,0.020568,0.023904,0.022432,0.020062
19,,,,
0.17539,0.18614,0.18613,0.18878,0.19231
0.20201,0.19979,0.18964,0.19035,0.19098
0.024149,0.037965,0.21845,0.11438,0.18758
0.020626,0.18245,0.16109,0.066984,0.2002
0.02676,0.19893,0.10804,0.053919,0.038785
0.021215,0.020406,0.018037,0.017573,0.019484
0.019845,0.017116,0.018065,0.015735,0.018516
20,,,,
0.20993,0.21091,0.20978,0.21599,0.21781
0.20148,0.20677,0.19966,0.22518,0.22287
0.059595,0.22018,0.21501,0.16797,0.23118
0.18612,0.084397,0.216,0.047992,0.1861
0.028031,0.037313,0.20106,0.046071,0.058575
0.023726,0.016053,0.021305,0.017848,0.019009
0.023399,0.015286,0.014767,0.019405,0.01434
21,,,,
0.24217,0.24319,0.25236,0.25479,0.25465
0.064099,0.24475,0.15133,0.25054,0.25147
0.063782,0.030698,0.24192,0.062674,0.25242
0.072118,0.044381,0.027994,0.01797,0.241
0.033,0.033374,0.026,0.028,0.030876
0.016086,0.019934,0.020083,0.017346,0.01337
0.014128,0.016605,0.015015,0.016959,0.014918
22,,,,
0.22435,0.21865,0.2173,0.22862,0.22884
0.21338,0.21929,0.21695,0.21852,0.22537
0.041523,0.21694,0.11807,0.22214,0.22595
0.083988,0.057017,0.047996,0.054013,0.22543
0.033936,0.049546,0.047999,0.04569,0.040207
0.019171,0.0237,0.021367,0.023929,0.025707
0.015696,0.019225,0.048354,0.017699,0.019481
experiment_29.dot,,,,
1,,,,
0.25301,0.24706,0.256,0.246,0.25835
0.2531,0.25994,0.26259,0.25877,0.2508
0.23404,0.262,0.25793,0.25394,0.25574
0.038904,0.23723,0.068986,0.025599,0.25356
0.041455,0.058949,0.057,0.044718,0.050094
0.025312,0.017943,0.02621,0.027311,0.020849
0.020185,0.016163,0.021381,0.025394,0.014148
2,,,,
0.27001,0.27312,0.278,0.277,0.29453
0.27672,0.2793,0.278,0.285,0.29387
0.27242,0.28264,0.29,0.294,0.30415
0.24119,0.19847,0.26701,0.049424,0.30483
0.044657,0.03417,0.272,0.073,0.090044
0.020669,0.012898,0.01685,0.0237,0.019218
0.018678,0.018169,0.012703,0.0098634,0.014135
3,,,,
0.23887,0.238,0.25074,0.24937,0.24956
0.24844,0.25915,0.25239,0.25259,0.24255
0.2294,0.2472,0.23401,0.24357,0.24159
0.21385,0.041475,0.23293,0.044844,0.23512
0.13088,0.039813,0.040017,0.0286,0.21924
0.015988,0.014522,0.017752,0.018452,0.016204
0.015503,0.013051,0.0099612,0.0097788,0.020228
4,,,,
0.32381,0.33204,0.33428,0.34074,0.34072
0.19333,0.31211,0.31583,0.3218,0.32511
0.21945,0.11091,0.30748,0.17793,0.32111
0.070893,0.043862,0.0444,0.024901,0.112
0.065,0.024727,0.024,0.1502,0.051738
0.022705,0.020473,0.018607,0.018504,0.015175
0.020513,0.014628,0.016028,0.016059,0.021309
5,,,,
0.19511,0.31424,0.25998,0.32524,0.33279
0.29783,0.30666,0.12093,0.059182,0.32011
0.032806,0.032229,0.034208,0.26995,0.050091
0.013296,0.019114,0.010998,0.011408,0.0174
0.02494,0.014182,0.016944,0.019922,0.015072
0.010998,0.015236,0.011945,0.009099,0.016838
0.0093239,0.0084436,0.012937,0.010525,0.01316
6,,,,
0.28834,0.29239,0.28843,0.28705,0.30015
0.28933,0.29361,0.30036,0.299,0.31151
0.24527,0.30361,0.32028,0.30896,0.31755
0.06089,0.10084,0.05,0.25436,0.13423
0.023743,0.021745,0.022353,0.020256,0.022459
0.010446,0.015873,0.014724,0.013152,0.011962
0.011323,0.011306,0.012173,0.01399,0.016817
7,,,,
0.29998,0.29282,0.29742,0.29951,0.30216
0.30061,0.3065,0.30026,0.31739,0.31971
0.2505,0.30233,0.30732,0.31399,0.32145
0.060643,0.10494,0.052,0.26039,0.13408
0.03396,0.024201,0.019,0.021482,0.023424
0.011752,0.021549,0.012755,0.016136,0.016096
0.014515,0.011218,0.016926,0.01,0.014
8,,,,
0.23896,0.248,0.25203,0.25423,0.27063
0.23402,0.20261,0.25221,0.1033,0.2891
0.21394,0.051612,0.23535,0.094769,0.289
0.04,0.037615,0.034022,0.030832,0.031926
0.022205,0.016474,0.022952,0.015362,0.020786
0.013804,0.01269,0.017723,0.012823,0.01395
0.010107,0.012834,0.012874,0.010697,0.012989
9,,,,
0.30475,0.31136,0.31648,0.31795,0.32093
0.30661,0.31355,0.31524,0.31538,0.31782
0.30369,0.30325,0.304,0.314,0.32858
0.091072,0.10173,0.049,0.11814,0.088743
0.017948,0.021792,0.024973,0.022142,0.026587
0.010194,0.011258,0.016758,0.0095875,0.0097475
0.013545,0.012293,0.012779,0.0088137,0.053309
10,,,,
0.30267,0.29525,0.31232,0.31201,0.31442
0.29857,0.30367,0.30489,0.29415,0.31041
0.28492,0.28442,0.27669,0.28824,0.30272
0.083872,0.10951,0.044,0.10958,0.095379
0.019315,0.024893,0.022984,0.018797,0.024811
0.013301,0.011371,0.011,0.014527,0.015416
0.016554,0.0089595,0.01677,0.011235,0.049132
11,,,,
0.30361,0.30312,0.30326,0.30973,0.312
0.271,0.27516,0.24398,0.30625,0.31255
0.072815,0.17622,0.051437,0.15072,0.29788
0.0211,0.024204,0.032001,0.028467,0.027476
0.027891,0.015643,0.018,0.013,0.01989
0.01248,0.013883,0.011976,0.012553,0.012769
0.014299,0.0066291,0.012974,0.012013,0.014085
12,,,,
0.27012,0.26011,0.26171,0.26819,0.2789
0.23495,0.264,0.262,0.288,0.29811
0.035804,0.24456,0.083326,0.12763,0.27666
0.043552,0.045406,0.044022,0.044791,0.029856
0.023148,0.029515,0.021,0.026547,0.022326
0.028225,0.02084,0.016862,0.018516,0.018202
0.01764,0.016776,0.020873,0.021353,0.015484
13,,,,
0.27051,0.2845,0.26333,0.29156,0.331
0.11,0.14139,0.12495,0.19974,0.30577
0.088758,0.11975,0.10648,0.10477,0.29614
0.083027,0.11303,0.098013,0.10252,0.1129
0.087985,0.048318,0.088999,0.036869,
0.022894,0.019944,0.021427,0.015825,
0.013725,0.020035,0.017847,0.0094498,0.012028
14,,,,
0.29754,0.2905,0.29977,0.29747,0.30032
0.28985,0.29961,0.31153,0.32388,0.32317
0.31354,0.30753,0.31334,0.32299,0.32855
0.31292,0.31889,0.243,0.33316,0.329
0.25053,0.066704,0.31141,0.1415,0.34905
0.060654,0.029429,0.025826,0.029602,0.023975
0.018128,0.013862,0.017997,0.016306,0.01051
15,,,,
0.32105,0.3169,0.32394,0.33207,0.32948
0.32799,0.33746,0.32311,0.3248,0.32666
0.30775,0.30823,0.32249,0.32138,0.325
0.30374,0.31499,0.32003,0.31358,0.32084
0.19649,0.20566,0.281,0.17778,0.32154
0.023825,0.030839,0.018795,0.021712,0.020445
0.014497,0.007,0.013,0.017,0.018
16,,,,
0.28177,0.28085,0.29257,0.28738,0.3022
0.28139,0.28622,0.29225,0.28897,0.28698
0.27117,0.26809,0.27335,0.27649,0.28111
0.23392,0.23683,0.27701,0.068813,0.28358
0.16283,0.13747,0.056996,0.13137,0.081314
0.019447,0.02542,0.019108,0.016533,0.018658
0.014603,0.020626,0.014326,0.017372,0.023261
17,,,,
0.24285,0.2386,0.24,0.257,0.27341
0.22813,0.12968,0.25916,0.13123,0.2642
0.082865,0.079,0.21401,0.10648,0.12793
0.056096,0.047782,0.057999,0.051992,0.055189
0.037108,0.034222,0.047991,0.040623,0.048283
0.014463,0.017764,0.01782,0.017827,0.020701
0.010348,0.02045,0.0088815,0.015118,0.014903
18,,,,
0.32246,0.33448,0.32798,0.35114,0.33847
0.31599,0.31454,0.31698,0.32162,0.30567
0.29012,0.284,0.29789,0.29286,0.31133
0.2584,0.269,0.269,0.26794,0.29036
0.24467,0.1488,0.062017,0.2682,0.25045
0.047047,0.03393,0.035211,0.022857,0.031317
0.016927,0.019089,0.018831,0.022776,0.015511
19,,,,
0.30774,0.30349,0.32042,0.31195,0.31884
0.29718,0.30318,0.30121,0.31199,0.3139
0.2581,0.28247,0.29892,0.29771,0.31796
0.063313,0.044754,0.3,0.086,0.3123
0.080943,0.058183,0.060935,0.06319,0.061222
0.02576,0.020473,0.02525,0.019491,0.023129
0.0083329,0.010122,0.0076761,0.010028,0.0086613
20,,,,
0.26646,0.27103,0.27072,0.27994,0.28335
0.26957,0.26612,0.26421,0.27168,0.28558
0.22009,0.245,0.26602,0.26806,0.27604
0.069079,0.053475,0.25801,0.08389,0.28025
0.085705,0.08028,0.0704,0.077643,0.066872
0.041763,0.041241,0.046881,0.041157,0.046119
0.012742,0.014863,0.010729,0.013703,0.0099126
21,,,,
0.31665,0.32757,0.33018,0.33176,0.34328
0.33587,0.32156,0.33615,0.34569,0.33249
0.31977,0.32618,0.34215,0.34169,0.34455
0.32187,0.32409,0.32713,0.34056,0.33085
0.32954,0.34157,0.32298,0.33325,0.33768
0.28606,0.065,0.308,0.29461,0.32225
0.038735,0.024592,0.024909,0.017766,0.020623
22,,,,
0.24097,0.242,0.24016,0.24791,0.25215
0.24734,0.24138,0.24793,0.24541,0.246
0.245,0.24354,0.246,0.253,0.25525
0.22751,0.22332,0.24017,0.24594,0.23828
0.22874,0.23454,0.22806,0.23902,0.24742
0.22775,0.089158,0.23595,0.11755,0.22679
0.017116,0.013016,0.014713,0.014175,0.013446
23,,,,
0.30754,0.30388,0.30834,0.31867,0.31663
0.30658,0.29777,0.30897,0.31876,0.31931
0.30501,0.31514,0.32365,0.30702,0.33688
0.30487,0.28587,0.30517,0.29447,0.29787
0.28711,0.12863,0.263,0.25432,0.29713
0.052261,0.060586,0.05073,0.04602,0.05528
0.030456,0.017552,0.017991,0.025539,0.010242
experiment_04.dot,,,,
1,,,,
0.2648,0.2621,0.27546,0.27731,0.28005
0.27324,0.28956,0.28766,0.29673,0.26052
0.29576,0.27994,0.30086,0.30115,0.31952
0.23201,0.30388,0.29839,0.048561,0.014001
0.27907,0.054509,0.29199,0.18885,0.095863
0.10139,0.019847,0.021568,0.021196,0.019126
0.0094568,0.017703,0.014217,0.017325,0.013776
2,,,,
0.26047,0.26285,0.27319,0.27409,0.28076
0.2769,0.27835,0.27883,0.28123,0.28388
0.28654,0.28736,0.29293,0.30557,0.30426
0.29994,0.30788,0.31047,0.31999,0.051924
0.33906,0.33302,0.33455,0.34924,0.33091
0.082053,0.25644,0.12605,0.039895,0.033388
0.017892,0.019473,0.025034,0.020093,0.015217
3,,,,
0.27991,0.28522,0.30019,0.3078,
0.31078,0.30922,0.30691,0.32068,0.30515
0.31285,0.32108,0.32549,0.3234,
0.3217,0.31446,0.31994,0.31342,0.03797
0.28886,0.32605,0.29098,0.33613,0.31108
0.076268,0.10848,0.063211,0.03331,0.021534
0.02187,0.019768,0.034897,0.013834,0.019538
4,,,,
0.26204,0.25935,0.26185,0.26867,0.27998
0.27354,0.27482,0.27839,0.27976,0.26634
0.2724,0.282,0.282,0.28909,0.27804
0.17828,0.25622,0.25604,0.26536,0.019283
0.089321,0.26063,0.065397,0.28717,0.019669
0.020767,0.014132,0.014497,0.011954,0.014214
0.0087052,0.0099063,0.010456,0.0096524,0.01271
5,,,,
0.30291,0.30177,0.30585,0.31354,0.3181
0.30862,0.31258,0.31857,0.32231,0.30532
0.31177,0.32211,0.33076,0.33134,0.34045
0.30841,0.3354,0.33868,0.33954,0.019157
0.28917,0.14674,0.31264,0.36481,0.09034
0.041448,0.027108,0.024702,0.018907,0.02148
0.014419,0.019935,0.015221,0.010659,0.020037
6,,,,
0.23991,0.23732,0.24502,0.2414,0.25432
0.23966,0.25332,0.25787,0.26754,0.047035
0.17485,0.19641,0.20961,0.24146,0.18409
0.048147,0.032645,0.024866,0.019767,0.017746
0.025031,0.027969,0.026757,0.031305,0.028144
0.017419,0.020779,0.020817,0.017443,0.023638
0.017754,0.016792,0.017744,0.016113,0.019468
7,,,,
0.2513,0.25008,0.25171,0.25587,0.25995
0.25443,0.25939,0.26231,0.27405,0.25635
0.26111,0.26752,0.27546,0.27375,0.28348
0.27859,0.27403,0.27975,0.28366,0.018764
0.27952,0.28684,0.29778,0.306,0.29386
0.058884,0.042118,0.043148,0.029991,0.029458
0.015899,0.018183,0.019275,0.017791,0.021227
8,,,,
0.27161,0.27944,0.27628,0.2972,0.30621
0.28169,0.28477,0.2897,0.29128,0.28935
0.29237,0.29525,0.29703,0.30157,0.30542
0.30736,0.30376,0.29369,0.30313,0.026642
0.28777,0.29785,0.31971,0.32106,0.22061
0.11517,0.050172,0.041691,0.04189,0.025623
0.015139,0.021197,0.016819,0.011,0.013
9,,,,
0.29676,0.2989,0.30714,0.30816,0.32156
0.29992,0.31359,0.31595,0.31733,0.30488
0.31493,0.31964,0.33321,0.33332,0.33441
0.27337,0.30525,0.30153,0.30317,0.020152
0.25681,0.23298,0.25996,0.29745,0.11595
0.12174,0.023554,0.023442,0.019925,0.016931
0.013949,0.014917,0.012473,0.013609,0.015448
10,,,,
0.24763,0.25199,0.24379,0.257,0.25703
0.24978,0.253,0.255,0.253,0.24732
0.25905,0.26268,0.26773,0.26548,0.26419
0.24912,0.26304,0.26361,0.26509,0.022729
0.2679,0.28168,0.28053,0.28577,0.26742
0.269,0.22141,0.137,0.030782,0.030217
0.016174,0.014177,0.013229,0.01739,0.015717
11,,,,
0.25341,0.25946,0.25555,0.26918,0.26251
0.23381,0.25235,0.25614,0.26302,0.058414
0.19326,0.24776,0.094714,0.18476,0.25157
0.061569,0.042344,0.041453,0.033272,0.02324
0.037566,0.030286,0.031321,0.032894,0.028365
0.019019,0.023064,0.0228,0.017465,0.022561
0.020847,0.012357,0.016486,0.013453,0.019601
12,,,,
0.26773,0.27703,0.28563,0.28762,0.30081
0.29625,0.29553,0.30255,0.309,0.29427
0.3053,0.30797,0.313,0.3192,0.32439
0.31151,0.31373,0.31952,0.32234,0.030912
0.32639,0.32834,0.33183,0.3501,0.33345
0.092866,0.28164,0.21411,0.07339,0.033395
0.019105,0.015283,0.018445,0.020519,0.020574
13,,,,
0.29874,0.31095,0.32415,0.34473,0.32267
0.33971,0.32291,0.32406,0.31703,
0.32853,0.33199,0.33078,0.33947,0.34716
0.32925,0.34,0.344,0.342,0.025467
0.18298,0.32593,0.35498,0.36376,0.16425
0.058906,0.066744,0.031184,0.027712,0.025683
0.017772,0.017153,0.01331,0.017734,0.020262
14,,,,
0.30025,0.30104,0.30985,0.32117,0.32144
0.31109,0.31834,0.31655,0.32046,0.31226
0.31847,0.3211,0.33092,0.33873,0.33487
0.22263,0.31629,0.3098,0.30391,0.024
0.282,0.15725,0.28499,0.30592,0.084901
0.032379,0.02917,0.027161,0.024736,0.02643
0.017959,0.018579,0.018657,0.014506,0.023311
experiment_05.dot,,,,
1,,,,
0.151,0.15897,0.15061,0.15811,0.16701
0.05966,0.141,0.108,0.10361,0.16842
0.025227,0.016734,0.017638,0.032975,0.12264
0.0091655,0.0074355,0.006471,0.0084462,0.10461
0.016119,0.020439,0.013974,0.018,0.021083
0.0068577,0.0061376,0.0077549,0.0084541,0.013954
0.010156,0.0075364,0.0079793,0.0054382,0.0094912
3,,,,
0.25312,0.2524,0.25861,0.26544,0.26798
0.26778,0.26947,0.26713,0.27104,0.2722
0.26442,0.27321,0.27636,0.28692,0.29289
0.2448,0.23359,0.23401,,
0.24044,0.24645,0.25999,0.266,0.276
0.222,0.028854,0.2161,0.15361,0.226
0.016,0.029212,0.027026,0.02236,0.021939
4,,,,
0.15142,0.14737,0.15094,0.16358,0.16065
0.16504,0.16585,0.17146,0.17587,0.17749
0.17132,0.18134,0.19046,0.19452,0.20192
0.019686,0.018089,0.021232,,
0.25087,0.25709,0.26887,0.26509,0.27063
0.014598,0.015805,0.016241,0.01722,0.021793
0.01291,0.010978,0.012249,0.017366,0.013282
5,,,,
0.16355,0.17349,0.16798,0.16298,0.18111
0.1715,0.16838,0.17563,0.17033,0.17745
0.1366,0.162,0.14164,0.16727,0.18202
0.02062,0.015626,0.012247,0.0074199,0.055102
0.10983,0.11464,0.11767,0.11626,0.13928
0.0084052,0.01669,0.018744,0.012812,0.019489
0.010846,0.017188,0.014562,0.013301,0.018282
6,,,,
0.19803,0.20121,0.21168,0.212,0.228
0.21665,0.2193,0.22053,0.22064,0.2211
0.2096,0.20936,0.21081,0.21849,0.22208
0.045,0.15192,0.045046,0.016574,0.068921
0.21845,0.23305,0.24665,0.25051,0.27741
0.031152,0.030046,0.035776,0.045046,0.044557
0.009894,0.01358,0.011655,0.024779,0.017051
7,,,,
0.21064,0.2093,0.21238,0.2189,0.23246
0.2203,0.22839,0.22689,0.23833,0.23781
0.23368,0.24169,0.25013,0.26235,0.2698
0.23467,0.25004,0.193,0.022452,0.087329
0.26997,0.27255,0.28285,0.30105,0.32379
0.042457,0.044395,0.070584,0.10871,0.059741
0.013259,0.012322,0.01394,0.016838,0.0095379
8,,,,
0.18334,0.19336,0.18919,0.19762,0.20098
0.18462,0.19534,0.19683,0.2035,0.20317
0.17735,0.17609,0.16133,0.19243,0.21354
0.019884,0.015239,0.013,0.015,0.1062
0.030625,0.17737,0.074529,0.065769,0.05342
0.012499,0.015277,0.013975,0.017556,0.017648
0.0082556,0.0096784,0.015725,0.015974,0.017276
9,,,,
0.18593,0.18848,0.2039,0.2055,0.20715
0.19526,0.20221,0.20221,0.21276,0.20557
0.061148,0.14101,0.092067,0.088672,0.20391
0.026,0.020943,0.019038,0.008125,0.078607
0.028093,0.035167,0.053588,0.049908,0.047483
0.017539,0.016406,0.018922,0.015518,0.024498
0.012271,0.0093488,0.011991,0.014838,0.015499
10,,,,
0.19324,0.19563,0.20493,0.2143,0.22544
0.21954,0.22228,0.22366,0.2291,0.2295
0.23183,0.23532,0.23849,0.2479,0.25353
0.23344,0.23971,0.22708,0.14054,0.067811
0.25296,0.26387,0.27381,0.28451,0.29677
0.17671,0.14849,0.10303,0.052552,0.22998
0.015417,0.016309,0.021443,0.014096,0.011463
11,,,,
0.19893,0.20167,0.20471,0.21188,0.21388
0.20854,0.21003,0.21377,0.21926,0.22087
0.214,0.21209,0.22251,0.23329,0.23952
0.21129,0.22075,0.020126,0.021829,0.032063
0.2713,0.27887,0.27888,0.28647,0.30096
0.037418,0.029688,0.032848,0.033954,0.044
0.01,0.0096064,0.016658,0.017486,0.01234
12,,,,
0.14476,0.15175,0.16306,0.18149,0.19664
0.1862,0.19497,0.21388,0.21724,0.21754
0.21469,0.21261,0.22471,0.23043,0.24386
0.1702,0.18687,0.021,,
0.22187,0.2334,0.2427,0.25424,0.27199
0.017807,0.02162,0.019462,0.024291,0.030886
0.0083487,0.011214,0.01176,0.015561,0.009747
13,,,,
0.20594,0.21139,0.21337,0.21641,0.22198
0.215,0.21511,0.22351,0.22123,0.21717
0.21381,0.2126,0.21853,0.22381,0.22905
0.19604,0.20755,0.18817,0.17817,0.038305
0.24837,0.25779,0.26795,0.27324,0.2794
0.23399,0.17902,0.24491,0.243,0.26164
0.025971,0.026313,0.020756,0.023643,0.028431
14,,,,
0.18945,0.19038,0.19369,0.20335,0.20844
0.204,0.21227,0.2113,0.21836,0.21953
0.2189,0.22722,0.22489,0.23046,0.24441
0.016909,0.031365,,,
0.22803,0.24427,0.24599,0.24725,0.25301
0.036893,0.049809,0.036051,0.032,0.067216
0.020737,0.016788,0.0076355,0.013427,0.011312
15,,,,
0.19021,0.18656,0.19249,0.19602,0.2018
0.20647,0.20518,0.20814,0.21481,0.21104
0.21227,0.21617,0.21512,0.2229,0.23021
0.20869,0.20422,0.19505,0.21499,
0.25007,0.26151,0.26592,0.27054,0.28157
0.23631,0.24488,0.10798,0.2479,0.265
0.013,0.013896,0.016731,0.014691,0.011136
16,,,,
0.11557,0.11518,0.11858,0.1278,0.13629
0.13141,0.12426,0.13789,0.14757,0.15045
0.031476,0.11807,0.13273,0.14997,0.16291
0.012712,0.013392,0.015084,0.026455,0.11856
0.02367,0.026364,0.026935,0.040381,0.041531
0.0095853,0.011325,0.013476,0.017333,0.01868
0.01076,0.014989,0.016725,0.014259,0.012901
experiment_06.dot,,,,
1,,,,
0.24598,0.24281,0.24988,0.25062,0.24767
0.24498,0.24136,0.25176,0.2631,0.26465
0.2587,0.19751,0.26486,0.27353,0.28426
0.25842,0.071858,0.24926,0.13542,0.28918
0.071007,0.058224,0.2134,0.05884,0.21246
0.043557,0.03932,0.042903,0.047522,0.039361
0.036322,0.028601,0.038631,0.029683,0.040846
2,,,,
0.14389,0.14844,0.14395,0.15496,0.15645
0.1477,0.15313,0.15268,0.16559,0.16189
0.14834,0.15785,0.16383,0.17134,0.17424
0.16443,0.09281,0.041982,0.13668,0.16956
0.13354,0.06123,0.17025,0.0596,0.064228
0.031685,0.032231,0.029962,0.037418,0.032021
0.028576,0.036478,0.029258,0.0166,0.036617
3,,,,
0.1833,0.17453,0.19689,0.2049,0.2141
0.14061,0.06922,0.20038,0.0854,0.20965
0.046099,0.042518,0.12399,0.11054,0.055008
0.029935,0.035769,0.026738,0.029157,0.032952
0.026788,0.027094,0.03676,0.024655,0.029749
0.026737,0.022754,0.027119,0.024294,0.020198
0.021835,0.017,0.02,0.021223,0.029384
4,,,,
0.17097,0.17328,0.17373,0.18313,0.1864
0.17135,0.16241,0.13782,0.18931,0.19138
0.032077,0.17271,0.086678,0.039263,0.19813
0.045844,0.038907,0.038745,0.034687,0.034599
0.029547,0.030587,0.02788,0.036207,0.037273
0.033288,0.035119,0.023603,0.026001,0.019794
0.019884,0.02111,0.028124,0.020516,0.052389
5,,,,
0.17654,0.17751,0.18107,0.17691,0.18568
0.17146,0.17694,0.14745,0.19709,0.19233
0.043362,0.18556,0.097584,0.043671,0.2098
0.048603,0.040532,0.045828,0.041497,0.038977
0.03921,0.04,0.042,0.035679,0.036356
0.026385,0.041973,0.026526,0.033693,0.025051
0.023581,0.026928,0.024031,0.034037,0.064283
6,,,,
0.16835,0.16944,0.17583,0.17858,0.1782
0.15841,0.12078,0.17598,0.12047,0.17303
0.1718,0.054558,0.12264,0.11708,0.18041
0.030755,0.051572,0.043847,0.15806,0.046496
0.036546,0.037218,0.038965,0.042,0.029109
0.023941,0.026079,0.028702,0.029592,0.032459
0.01999,0.024347,0.026806,0.030405,0.02906
7,,,,
0.13791,0.13544,0.14381,0.14646,0.14854
0.14837,0.1477,0.14689,0.1505,0.15287
0.15671,0.1503,0.16721,0.15947,0.17835
0.15748,0.16417,0.16084,0.16294,0.16158
0.046191,0.1528,0.14438,0.16983,0.17142
0.034797,0.034308,0.040939,0.04442,0.051954
0.032369,0.021414,0.018601,0.07886,0.024305
8,,,,
0.12797,0.14704,0.13184,0.14792,0.15579
0.14224,0.13985,0.14994,0.15251,0.15838
0.13237,0.14148,0.14602,0.14099,0.15439
0.13642,0.13459,0.13372,0.13417,0.15523
0.032675,0.15197,0.050147,0.043743,0.15396
0.029237,0.038689,0.039862,0.038467,0.042342
0.017629,0.022432,0.031266,0.040031,0.035756
11,,,,
0.16479,0.17251,0.16937,0.17818,0.18406
0.030196,0.17379,0.014727,0.17018,0.18725
0.13735,0.034226,0.11183,0.035498,0.19843
0.038398,0.026257,0.022882,0.11346,0.072861
0.028505,0.021826,0.028864,0.048652,0.031493
0.035131,0.025304,0.017839,0.021367,0.021818
0.019503,0.02438,0.024839,0.017546,0.075095
13,,,,
0.20419,0.20047,0.19869,0.20956,0.21275
0.19988,0.20484,0.21464,0.20896,0.22141
0.21467,0.16105,0.11372,0.22112,0.23632
0.1231,0.032609,0.20775,0.053287,0.25054
0.083455,0.051397,0.089924,0.059195,0.17208
0.026269,0.029925,0.032761,0.032223,0.027366
0.019131,0.034552,0.020754,0.025274,0.077921
16,,,,
0.19696,0.20205,0.20881,0.22275,0.22942
0.18935,0.20443,0.21481,0.20656,0.21632
0.11454,0.14585,0.20309,0.18777,0.2046
0.029938,0.051943,0.057914,0.054507,0.072667
0.025554,0.027184,0.027989,0.033,0.032188
0.018247,0.019216,0.02468,0.022698,0.02268
0.020051,0.017642,0.02302,0.031273,0.043697
17,,,,
0.17628,0.17277,0.1889,0.1849,0.1979
0.18005,0.17951,0.17964,0.18099,0.19152
0.14345,0.16848,0.13099,0.183,0.20604
0.033703,0.025306,0.11292,0.14393,0.18361
0.027061,0.032233,0.025936,0.022534,0.026303
0.018359,0.017368,0.022924,0.019146,0.02539
0.017163,0.014104,0.014049,0.047823,0.033567
18,,,,
0.17814,0.19008,0.18687,0.19215,0.19623
0.19672,0.18984,0.19288,0.19353,0.19771
0.19361,0.19431,0.19723,0.20098,0.20199
0.17387,0.19857,0.19088,0.20007,0.19661
0.13473,0.16178,0.16498,0.16,0.20903
0.04159,0.048604,0.060557,0.04182,0.029328
0.026629,0.020378,0.019827,0.02411,0.27792
19,,,,
0.1447,0.14476,0.14887,0.1559,0.15637
0.15942,0.15793,0.15898,0.16281,0.15826
0.15971,0.15729,0.16124,0.16731,0.17371
0.16899,0.17127,0.17193,0.17011,0.17445
0.16439,0.17346,0.18274,0.18364,0.19658
0.040223,0.047399,0.036844,0.028165,0.021263
0.016415,0.017528,0.018509,0.029226,0.074747
20,,,,
0.13568,0.13396,0.14217,0.14188,0.14458
0.13422,0.13775,0.13984,0.1467,0.1536
0.14426,0.14656,0.1573,0.15479,0.16132
0.14949,0.15306,0.14891,0.16845,0.15678
0.15447,0.088564,0.13099,0.14173,0.15119
0.025365,0.025206,0.028551,0.022538,0.019936
0.018025,0.024844,0.02602,0.019237,0.12813
21,,,,
0.1636,0.17209,0.17032,0.17875,0.18111
0.037645,0.15286,0.17086,0.1375,0.18031
0.029898,0.032008,0.17475,0.045347,0.19018
0.028684,0.028301,0.035815,0.042189,0.038714
0.02575,0.028759,0.021845,0.029006,0.026112
0.018687,0.015268,0.017738,0.022634,0.018813
0.011297,0.023727,0.036115,0.011668,0.070959
22,,,,
0.12383,0.13038,0.12289,0.13234,0.14593
0.11667,0.023181,0.10402,0.075,0.12813
0.01848,0.016,0.015,0.038514,0.025678
0.018502,0.016421,0.014951,0.01445,0.016766
0.016689,0.021319,0.018817,0.019715,0.023128
0.020801,0.01488,0.018191,0.012982,0.015279
0.012443,0.014145,0.010754,0.034424,0.047591
23,,,,
0.18686,0.18753,0.18683,0.18971,0.19948
0.18719,0.18723,0.20898,0.19252,0.20377
0.20314,0.19958,0.20915,0.23074,
0.19284,0.06178,0.042864,0.037384,0.20907
0.029123,0.033352,0.027972,0.019372,0.028401
0.024538,0.024574,0.019853,0.015438,0.027164
0.025173,0.024538,0.019658,0.022331,0.022206
experiment_07.dot,,,,
1,,,,
0.21399,0.207,0.22911,0.21235,0.21604
0.20841,0.20801,0.20626,0.2038,0.21983
0.21393,0.2103,0.21521,0.22351,0.22905
0.22368,0.072805,0.23433,0.23519,0.056974
0.028855,0.02767,0.25178,0.226,0.161
0.023139,0.019569,0.027071,0.035325,0.037743
0.019911,0.013396,0.015195,0.023344,0.020206
2,,,,
0.13179,0.13388,0.13982,0.14168,0.14243
0.14368,0.14129,0.15093,0.16088,0.072916
0.14592,0.15184,0.15118,0.15548,0.16429
0.082393,0.058268,0.042887,0.086476,0.025725
0.023442,0.029388,0.1441,0.030493,0.045985
0.020461,0.021737,0.026237,0.051533,0.043899
0.02825,0.011878,0.010107,0.020371,0.01533
3,,,,
0.15899,0.15828,0.16328,0.15933,0.16413
0.15991,0.15605,0.16229,0.1669,0.11229
0.16188,0.16694,0.15829,0.16809,0.17095
0.043231,0.030638,0.042427,0.033738,0.021863
0.01491,0.020477,0.1827,0.06164,0.048467
0.020008,0.023229,0.025363,0.036766,0.034735
0.016463,0.01199,0.011661,0.019081,0.019212
4,,,,
0.22739,0.22513,0.24886,0.22363,0.23302
0.23238,0.24147,0.25073,0.22974,0.24508
0.26118,0.25667,0.25963,0.26134,0.27245
0.2576,0.25062,0.26683,0.25806,0.25561
0.24877,0.25787,0.30333,0.26971,0.28036
0.071031,0.14199,0.14485,0.19056,0.23373
0.026908,0.016572,0.025919,0.029769,0.027119
5,,,,
0.23599,0.238,0.26826,0.24257,0.24599
0.23201,0.22705,0.22805,0.21822,0.2198
0.22205,0.22155,0.22435,0.22657,0.24802
0.22446,0.22474,0.23865,0.22623,0.2249
0.21774,0.22706,0.26545,0.262,0.26798
0.12054,0.13498,0.16943,0.20559,0.18791
0.030982,0.018395,0.020924,0.02341,0.019516
6,,,,
0.12436,0.12568,0.14255,0.12638,0.12605
0.12783,0.12667,0.12985,0.12904,0.12765
0.13598,0.12986,0.12706,0.11505,0.12505
0.10988,0.10937,0.1118,0.1054,0.095753
0.084079,0.080184,0.086578,0.07747,0.071959
0.063406,0.069554,0.065096,0.056403,0.050597
0.016817,0.018063,0.012904,0.018997,0.012479
7,,,,
0.2599,0.26635,0.29181,0.27012,0.26915
0.26968,0.26523,0.27097,0.25768,0.27385
0.28092,0.27024,0.27455,0.27585,0.28849
0.2763,0.26574,0.29944,0.28866,0.10557
0.03784,0.046676,0.33237,0.18772,0.31518
0.050209,0.040861,0.031322,0.054764,0.045305
0.022707,0.015882,0.014464,0.017846,0.015172
8,,,,
0.22899,0.23733,0.24863,0.25,0.26252
0.25805,0.26087,0.25895,0.25417,0.25493
0.26494,0.25471,0.25747,0.2545,0.26374
0.28041,0.29262,0.30928,0.30621,0.30278
0.28182,0.29566,0.30706,0.3183,0.33226
0.23784,0.29268,0.060778,0.061506,0.25816
0.026657,0.01312,0.015629,0.026388,0.020051
9,,,,
0.15999,0.15366,0.16582,0.16053,0.16813
0.1589,0.16612,0.15937,0.17098,0.12322
0.15889,0.15431,0.1545,0.15685,0.15654
0.024564,0.026113,0.02597,0.020975,0.019772
0.01019,0.014804,0.028219,0.015961,0.023073
0.015651,0.011312,0.010599,0.029353,0.0265
0.019634,0.010188,0.0067601,0.017467,0.0080493
10,,,,
0.22997,0.22781,0.26512,0.23507,0.24206
0.23237,0.23129,0.23456,0.2121,0.22174
0.23197,0.245,0.24351,0.23575,0.2407
0.23849,0.23005,0.24179,0.24241,0.24004
0.22229,0.21867,0.2731,0.25607,0.27242
0.059641,0.19048,0.073529,0.081924,0.059694
0.025135,0.012974,0.01866,0.024222,0.026073
11,,,,
0.21878,0.22179,0.23325,0.22829,0.22746
0.20404,0.20038,0.19627,0.2247,0.10315
0.2159,0.20631,0.20851,0.20592,0.21888
0.20112,0.050648,0.19869,0.095122,0.035058
0.02021,0.021701,0.13407,0.17173,0.059903
0.02126,0.015762,0.013323,0.035769,0.031502
0.017428,0.011887,0.016382,0.013692,0.013121
12,,,,
0.216,0.21435,0.27057,0.21103,0.22
0.212,0.21164,0.21003,,
0.21938,0.21678,0.21024,0.21361,0.21984
0.21727,0.21948,0.21357,0.20819,0.24174
0.21721,0.21585,0.24524,0.24196,0.24183
0.22081,0.22034,0.22725,0.22723,0.21112
0.044987,0.039714,0.030214,0.051693,0.059737
13,,,,
0.20999,0.21133,0.24979,0.20808,0.21143
0.208,0.21899,0.22673,0.19418,0.2115
0.21696,0.2162,0.22156,0.22228,0.23067
0.2267,0.22578,0.23594,0.22881,0.23189
0.21043,0.21347,0.23609,0.2479,0.26216
0.042717,0.19313,0.041558,0.082892,0.10725
0.02336,0.015452,0.012928,0.019284,0.014047
14,,,,
0.23399,0.23152,0.28593,0.22828,0.2308
0.22002,0.22117,0.2284,0.2204,0.24073
0.24095,0.24743,0.24107,0.23903,0.24108
0.23844,0.25004,0.25572,0.26307,0.24692
0.088872,0.11333,0.27758,0.28179,0.28732
0.14058,0.10489,0.12176,0.079347,0.066916
0.026206,0.021797,0.018576,0.02158,0.016569
16,,,,
0.18817,0.1974,0.21167,0.19565,0.20293
0.095015,0.041768,0.14043,0.21451,0.032224
0.038725,0.022747,0.026932,0.024563,0.045595
0.017357,0.017829,0.022871,0.02039,0.019814
0.012033,0.029972,0.03096,0.016419,0.032944
0.01962,0.020301,0.01677,0.028967,0.038018
0.029528,0.01216,0.01745,0.020949,0.015135
17,,,,
0.15899,0.16586,0.18275,0.15153,0.162
0.147,0.15545,0.15472,0.13843,0.15388
0.16096,0.16066,0.16555,0.16573,0.17331
0.15015,0.14987,0.15159,0.14687,0.13395
0.1089,0.12781,0.1807,0.15388,0.15517
0.025556,0.032454,0.021199,0.036326,0.032161
0.021255,0.018033,0.013403,0.015565,0.00801
19,,,,
0.1974,0.20366,0.23725,0.20104,0.20158
0.20066,0.21221,0.21752,0.20246,0.20797
0.22393,0.22455,0.22286,0.23135,0.2368
0.23168,0.23319,0.23646,0.23193,0.21875
0.21398,0.22971,0.25815,0.24716,0.25714
0.028134,0.24231,0.15001,0.24934,0.23024
0.040362,0.022409,0.022987,0.031904,0.033602
20,,,,
0.25639,0.26626,0.26658,0.2685,0.26965
0.2634,0.25959,0.25289,0.26372,0.27474
0.27696,0.28948,0.28564,0.27822,0.29407
0.27279,0.29063,0.29967,0.30319,0.098398
0.034412,0.02745,0.30893,0.26423,0.29713
0.031591,0.01375,0.016624,0.033917,0.038976
0.025537,0.011,0.011,0.016095,0.012355
21,,,,
0.19785,0.20778,0.21515,0.20253,0.205
0.056,0.10146,0.034626,0.20363,0.043688
0.023749,0.016517,0.024333,0.023335,0.033421
0.016053,0.01626,0.032833,0.019885,0.027777
0.0093511,0.021543,0.023419,0.017235,0.033972
0.027336,0.03993,0.018384,0.036592,0.064057
0.027815,0.011931,0.030725,0.028101,0.022546
22,,,,
0.25594,0.206,0.26544,0.26701,0.25657
0.04206,0.14395,0.23996,0.21619,0.048417
0.1498,0.16104,0.031322,0.23988,0.091019
0.055784,0.027964,0.032486,0.029548,0.021682
0.018,0.017806,0.034854,0.030321,0.038825
0.023358,0.018835,0.019635,0.034353,0.038951
0.022235,0.01312,0.015059,0.019917,0.0085238
23,,,,
0.184,0.1872,0.21792,0.18882,0.17813
0.16802,0.16731,0.17396,0.15793,0.17565
0.18097,0.17922,0.1763,0.17144,0.18673
0.19171,0.19388,0.19639,0.19242,0.15628
0.18462,0.079023,0.18565,0.18035,0.22498
0.036704,0.066947,0.038333,0.049869,0.075243
0.044388,0.029389,0.049745,0.044426,0.067685
25,,,,
0.19596,0.19881,0.22555,0.20147,0.20424
0.20575,0.21184,0.20341,0.20458,0.21811
0.22496,0.21887,0.21726,0.22167,0.22607
0.20529,0.19906,0.21314,0.22471,0.19404
0.18785,0.032176,0.2667,0.21381,0.25693
0.033133,0.05941,0.055404,0.054329,0.058368
0.034748,0.038721,0.017376,0.016669,0.024282
26,,,,
0.13798,0.137,0.14562,0.13791,0.14218
0.13755,0.14924,0.13978,0.14413,0.048807
0.042846,0.11668,0.11374,0.1423,0.14227
0.016654,0.016788,0.022466,0.021859,0.022544
0.012452,0.021894,0.028489,0.021143,0.033281
0.014511,0.015732,0.019081,0.030051,0.028656
0.022651,0.011322,0.014172,0.021397,0.018851
27,,,,
0.19899,0.19564,0.21906,0.20282,0.20406
0.19337,0.20346,0.20168,0.19094,0.19824
0.20237,0.20323,0.20154,0.1999,0.20788
0.20109,0.21115,0.22494,0.22422,0.21467
0.20074,0.21297,0.23929,0.22983,0.2355
0.11148,0.086132,0.18307,0.17555,0.10003
0.023448,0.012972,0.019222,0.02397,0.018642
28,,,,
0.17599,0.17392,0.1829,0.17835,0.18116
0.17493,0.17835,0.17782,0.17311,0.17829
0.18991,0.176,0.18151,0.1773,0.197
0.18442,0.18728,0.19376,0.19808,0.12653
0.12765,0.18349,0.23155,0.20954,0.21465
0.037148,0.032833,0.035783,0.043611,0.038773
0.012818,0.011879,0.014217,0.018378,0.012435
29,,,,
0.14098,0.141,0.14486,0.14628,0.15149
0.10493,0.091291,0.13326,0.068627,0.050775
0.053956,0.022596,0.032219,0.033003,0.048406
0.011903,0.011435,0.018244,0.020135,0.024844
0.016146,0.032683,0.052514,0.020768,0.026915
0.015972,0.011352,0.017319,0.026797,0.028454
0.023652,0.015632,0.013308,0.015472,0.014687
30,,,,
0.1654,0.16491,0.19415,0.16559,0.17627
0.17861,0.17263,0.18187,0.1618,0.17553
0.18494,0.18218,0.17854,0.18334,0.194
0.18911,0.19411,0.20621,0.2106,0.21284
0.21277,0.063749,0.22481,0.22766,0.23352
0.1723,0.084485,0.073209,0.21213,0.19317
0.033718,0.01429,0.022182,0.03138,0.035638
experiment_09.dot,,,,
1,,,,
0.24955,0.25282,0.2614,0.26053,0.25508
0.24285,0.24321,0.24641,0.24319,0.24518
0.25224,0.25156,0.23832,0.2543,0.26147
0.23717,0.24128,0.249,0.25128,0.2709
0.091764,0.25445,0.23011,0.26531,0.2957
0.040959,0.047936,0.031682,0.028546,0.021362
0.014339,0.01816,0.012897,0.011321,0.013782
2,,,,
0.35161,0.36025,0.367,0.36361,0.36646
0.35544,0.35,0.354,0.35586,0.36991
0.35213,0.3519,0.36098,0.3774,0.36008
0.35334,0.35897,0.36399,0.35517,0.35811
0.34443,0.34064,0.34987,0.3519,0.357
0.275,0.17,0.11,0.077531,0.32272
0.017556,0.011205,0.017398,0.015277,0.014889
3,,,,
0.38595,0.38567,0.399,0.39215,0.39223
0.38251,0.383,0.38,0.38617,0.37816
0.36774,0.36186,0.36541,0.374,0.37637
0.36505,0.3594,0.35894,0.37197,0.37086
0.36122,0.36185,0.37008,0.36193,0.37129
0.27003,0.1617,0.10569,0.073562,0.33195
0.019222,0.011228,0.015748,0.014935,0.01816
4,,,,
0.3418,0.3391,0.34,0.33932,0.34189
0.33255,0.33046,0.33,0.33351,0.34436
0.32842,0.32668,0.331,0.33979,0.35093
0.32713,0.33295,0.32699,0.323,0.33345
0.31665,0.32918,0.34599,0.35126,0.36492
0.25725,0.15115,0.1119,0.076844,0.30233
0.02161,0.015575,0.020644,0.017653,0.015481
5,,,,
0.302,0.30115,0.31183,0.31691,0.33113
0.3284,0.31582,0.31694,0.32152,0.32
0.314,0.32145,0.3239,0.32074,0.3239
0.32332,0.31722,0.32139,0.32571,0.33277
0.33409,0.31616,0.33295,0.33803,0.33974
0.11006,0.33525,0.065901,0.31352,0.34235
0.024752,0.019841,0.015849,0.01675,0.015973
6,,,,
0.3499,0.35268,0.36298,0.34133,0.33388
0.34152,0.32406,0.328,0.35172,0.32769
0.30234,0.30632,0.30701,0.31439,0.31732
0.30821,0.30377,0.33199,0.3078,0.32754
0.2874,0.29466,0.31021,0.29384,0.2953
0.13051,0.055673,0.086848,0.059406,0.078553
0.018836,0.02593,0.018372,0.029788,0.030362
7,,,,
0.39674,0.38459,0.407,0.41014,0.40479
0.39573,0.39919,0.40139,0.40087,0.40678
0.40371,0.3914,0.41001,0.41017,0.41663
0.39419,0.40003,0.40016,0.39612,0.42524
0.055682,0.41946,0.14562,0.38268,0.43981
0.034834,0.030174,0.022636,0.020168,0.025
0.018,0.016859,0.015139,0.018424,0.01788
8,,,,
0.36411,0.369,0.369,0.364,0.38134
0.34539,0.37318,0.36339,0.36958,0.36954
0.34783,0.34956,0.35929,0.36865,0.37156
0.37167,0.38645,0.38357,0.39387,0.414
0.396,0.26586,0.39872,0.38022,0.42104
0.020772,0.017863,0.013812,0.014527,0.011384
0.010754,0.010979,0.010388,0.0083585,0.011889
9,,,,
0.40523,0.39859,0.407,0.40695,0.40475
0.39208,0.40052,0.39933,0.38512,0.40089
0.39044,0.39988,0.40397,0.41231,0.4174
0.3764,0.39186,0.38799,0.39139,0.40481
0.12158,0.38287,0.32798,0.041433,0.40331
0.017014,0.013401,0.012904,0.015872,0.011546
0.014359,0.011838,0.0098155,0.010025,0.0093126
10,,,,
0.39868,0.39442,0.39993,0.39976,0.40988
0.22454,0.34965,0.38908,0.37933,0.40576
0.1421,0.14726,0.29799,0.038287,0.3909
0.030449,0.06462,0.040064,0.033728,0.048
0.026,0.025268,0.021043,,
0.011845,0.015433,0.010831,0.010523,0.012304
0.013041,0.012747,0.01072,0.0060214,0.0083662
11,,,,
0.32293,0.33082,0.3264,0.35128,0.34129
0.21192,0.30818,0.33102,0.32773,0.33175
0.1496,0.14281,0.26499,0.041641,0.33321
0.027397,0.069,0.041,0.028418,0.035061
0.016849,0.014762,0.021029,0.042768,
0.015175,0.012646,0.010919,0.010797,0.011193
0.013675,0.021023,0.013958,0.0095311,0.01225
12,,,,
0.34944,0.35871,0.35701,0.37145,0.36817
0.040801,0.36915,0.051361,0.29537,0.36594
0.034168,0.029,0.299,0.070636,0.046587
0.022847,0.023339,0.016916,0.020542,0.024449
0.021499,0.019497,0.027975,0.021425,0.022173
0.015078,0.015372,0.01157,0.010822,0.0093846
0.017145,0.0072451,0.010562,0.012265,0.010383
13,,,,
0.31496,0.33741,0.33193,0.33709,0.331
0.059,0.30692,0.061927,0.28132,0.32113
0.038687,0.03,0.273,0.073397,0.059079
0.025435,0.031908,0.020726,0.025485,0.033405
0.018869,0.020638,0.019782,0.013271,0.020832
0.018487,0.019833,0.018231,0.016155,0.011245
0.011672,0.0083794,0.01128,0.011832,0.011984
14,,,,
0.35317,0.3519,0.36491,0.36605,0.38585
0.37126,0.35917,0.36295,0.37289,0.37976
0.3587,0.3624,0.37197,0.3757,0.38693
0.36213,0.37231,0.372,0.3694,0.384
0.346,0.35359,0.35599,0.37787,0.42
0.211,0.21127,0.15299,0.12646,0.30506
0.02821,0.022453,0.023561,0.018874,0.01016
experiment_10.dot,,,,
1,,,,
0.23435,0.24129,0.23279,0.22325,0.23828
0.23343,0.22898,0.23485,0.23441,0.2519
0.23537,0.23488,0.24785,0.24473,0.25197
0.12232,0.22571,0.2161,0.20961,0.23707
0.019252,0.022938,0.018185,0.013873,0.23753
0.012561,0.018238,0.017139,0.021146,0.01514
0.018603,0.016027,0.019846,0.019855,0.018538
2,,,,
0.25408,0.2505,0.24979,0.24966,0.26685
0.25305,0.26271,0.24178,0.2636,0.2764
0.2316,0.27843,0.27699,0.282,0.27715
0.2555,0.19448,0.053021,0.26594,0.035177
0.025742,0.015373,0.016197,0.013221,0.016771
0.020252,0.015849,0.01459,0.0093479,
0.0156,0.017373,0.01193,0.010958,0.014434
3,,,,
0.19964,0.1905,0.18326,0.18739,0.18734
0.12004,0.10078,0.07658,0.099172,0.070177
0.067419,0.058564,0.065085,0.06995,0.057256
0.056488,0.038984,0.035013,0.042524,0.033
0.026,0.03939,0.027691,0.027342,
0.034525,0.012906,0.018185,0.015319,
0.018551,0.017689,0.022502,0.010795,0.01746
4,,,,
0.25853,0.24971,0.25491,0.26395,0.25756
0.25606,0.25263,0.25469,0.24138,0.24366
0.23588,0.22765,0.2365,0.24228,0.25558
0.24574,0.046693,0.25105,0.061381,0.25732
0.0099058,0.029,0.028916,0.02188,0.01723
0.027199,0.020576,0.032857,0.028,0.020926
0.018641,0.013557,0.013997,0.029362,0.016893
5,,,,
0.27276,0.27018,0.28402,0.282,0.27994
0.27216,0.27234,0.27595,0.27439,0.26205
0.25171,0.251,0.263,0.26961,0.26673
0.25498,0.060729,0.25866,0.072882,0.2342
0.018743,0.027222,0.017409,0.021548,0.02206
0.022878,0.017686,0.035315,0.031167,0.025627
0.015033,0.014718,0.015957,0.020628,0.020666
7,,,,
0.30287,0.3023,0.30681,0.30967,0.31659
0.29467,0.295,0.292,0.29664,0.29603
0.20304,0.28124,0.26405,0.26173,0.27826
0.23386,0.17695,0.23705,0.090823,0.23048
0.21903,0.029719,0.059765,0.05727,0.083684
0.037506,0.020437,0.027525,0.020919,0.015019
0.015738,0.014946,0.011973,0.018,0.017
8,,,,
0.28851,0.29087,0.28982,0.30429,0.31051
0.28485,0.30197,0.28758,0.29724,0.29944
0.2949,0.28574,0.29244,0.30164,0.29527
0.26998,0.27964,0.25414,0.24787,0.24138
0.23962,0.219,0.222,0.216,0.21961
0.22774,0.25703,0.26001,0.27415,0.28388
0.20036,0.11385,0.04372,0.033756,0.022977
10,,,,
0.23812,0.248,0.239,0.2429,0.25413
0.2361,0.24685,0.24298,0.25219,0.25909
0.21961,0.21119,0.23418,0.23548,0.26071
0.17544,0.10648,0.21872,0.22855,0.12458
0.042615,0.021105,0.01769,0.017911,0.016316
0.012829,0.024391,0.021096,0.014545,0.019907
0.020301,0.017197,0.019982,0.017025,0.021309
11,,,,
0.27017,0.26674,0.26501,0.27609,0.28124
0.20691,0.251,0.246,0.25969,0.25221
0.22123,0.22765,0.24095,0.232,0.25993
0.059659,0.18234,0.068956,0.14774,0.1275
0.057554,0.01351,0.018008,0.029611,0.04433
0.016732,0.01268,0.016943,0.017315,0.012647
0.018103,0.015387,0.019958,0.018502,0.024096
12,,,,
0.2463,0.24905,0.24872,0.25961,0.27385
0.26153,0.25321,0.2614,0.2614,0.2655
0.25729,0.25645,0.26199,0.263,0.27007
0.23747,0.22633,0.2539,0.18784,0.23923
0.024923,0.024732,0.021012,0.023263,0.057335
0.017589,0.011227,0.021057,0.021543,0.016
0.015,0.016,0.011,0.011318,0.013539
13,,,,
0.24422,0.23613,0.24991,0.2521,0.26187
0.22776,0.23635,0.22941,0.24512,0.24123
0.21587,0.21665,0.21407,0.20085,0.22029
0.20061,0.18949,0.188,0.19141,0.18735
0.16809,0.13779,0.094626,0.15759,0.18417
0.038032,0.018736,0.106,0.15324,0.039051
0.015197,0.016534,0.02103,0.015,0.023
14,,,,
0.2177,0.22274,0.22576,0.23237,0.23019
0.22365,0.21946,0.21693,0.23097,0.23054
0.21711,0.061662,0.22377,0.21596,0.2389
0.092684,0.039457,0.048367,0.034215,0.20249
0.023649,0.014769,0.016994,0.022131,0.02519
0.0163,0.023855,0.01969,0.021607,0.012161
0.01465,0.021466,0.01569,0.01509,0.01078
15,,,,
0.14072,0.13836,0.14162,0.149,0.16543
0.13751,0.15006,0.13168,0.14807,0.16626
0.12067,0.098,0.111,0.12731,0.14083
0.098838,0.054,0.041,0.025236,0.023219
0.027602,0.049889,0.037941,0.02597,0.034203
0.011307,0.012407,0.014641,,
0.0093432,0.015497,0.011464,0.011091,0.017003
16,,,,
0.19875,0.19174,0.20097,0.20004,0.18756
0.12697,0.11853,0.079099,0.1017,0.094555
0.075415,0.055044,0.073758,0.088537,0.086433
0.063513,0.035,0.031,0.048258,0.044537
0.018956,0.026743,0.029916,0.018579,
0.032086,0.013056,0.014977,0.012256,
0.014682,0.0094569,0.013601,0.0093374,0.011024
17,,,,
0.27619,0.287,0.28,0.27614,0.29465
0.24726,0.2845,0.20704,0.28553,0.283
0.036,0.27184,0.074097,0.27951,0.28481
0.063614,0.035818,0.046986,0.039147,0.031629
0.032544,0.013129,0.015918,0.020127,0.012633
0.026918,0.022689,0.016402,0.025309,0.027689
0.013507,0.0095137,0.016799,0.010515,0.014929
18,,,,
0.22793,0.18352,0.20726,0.12123,0.27686
0.066721,0.075771,0.064023,0.058015,0.072644
0.030529,0.023795,0.026708,0.028309,0.021557
0.023922,0.020221,0.018941,0.015,0.014136
0.017326,0.012694,0.020742,0.017841,0.016936
0.019073,0.016448,0.018961,0.018086,0.012843
0.01309,0.018353,0.014935,0.014702,0.016878
experiment_11.dot,,,,
5,,,,
0.21711,0.21773,0.22055,0.22152,0.22588
0.19641,0.23021,0.042916,0.22465,0.24247
0.044938,0.18684,0.086126,0.037484,0.22614
0.015555,0.033991,0.21144,0.063045,0.020152
0.032216,0.026556,0.024857,0.015046,0.021598
0.013359,0.012152,0.011,0.012,0.017
0.013,0.014162,0.020918,0.016363,0.015527
6,,,,
0.21075,0.21882,0.21633,0.22379,0.23994
0.22418,0.21811,0.23532,0.22678,0.22657
0.079056,0.21569,0.12865,0.090111,0.22658
0.23534,0.044546,0.028719,0.065736,0.033895
0.027943,0.026317,0.030854,0.018084,0.027377
0.019518,0.012423,0.011,0.014,0.02
0.013,0.013747,0.017979,0.025417,0.016446
8,,,,
0.18676,0.18431,0.19451,0.18626,0.19623
0.18797,0.195,0.18402,0.19563,0.19948
0.19177,0.19695,0.1905,0.19575,0.1999
0.18947,0.18871,0.19389,0.19447,0.204
0.186,0.19288,0.033553,0.18474,0.1781
0.024251,0.01866,0.016001,0.019328,0.023336
0.016645,0.026104,0.021698,0.025692,0.032027
9,,,,
0.2319,0.23666,0.2371,0.24655,0.24364
0.23675,0.24372,0.24128,0.24939,0.24999
0.24255,0.26213,0.25252,0.25195,0.25849
0.24105,0.25159,0.23699,0.2397,0.25634
0.20961,0.23575,0.066441,0.2303,0.23261
0.038024,0.043367,0.044122,,
0.012482,0.065002,0.035083,,
12,,,,
0.21877,0.2141,0.21963,0.22442,0.23049
0.12695,0.209,0.11003,0.13078,0.22987
0.071157,0.043613,0.03475,0.025289,0.22677
0.035955,0.029449,0.031923,0.023492,0.023458
0.015824,0.017884,0.019749,0.018648,0.01406
0.014387,0.0085823,0.0081928,0.014891,0.014806
0.012139,0.015268,0.016995,0.016692,0.012654
13,,,,
0.21,0.21007,0.21229,0.22252,0.22547
0.12524,0.19924,0.10812,0.12886,0.221
0.062,0.04546,0.036408,0.024628,0.20444
0.045503,0.02581,0.031809,0.022169,0.021383
0.017133,0.017616,0.01567,0.017096,0.016374
0.019475,0.0095726,0.0091987,0.016845,0.015338
0.009563,0.01444,0.015734,0.018353,0.012487
14,,,,
0.18488,0.17552,0.17718,0.19348,0.19532
0.12184,0.16027,0.059348,0.17795,0.18078
0.04297,0.029445,0.036323,0.022138,0.037659
0.23307,0.023451,0.024739,0.023035,0.024221
0.014703,0.016792,0.019974,0.01764,0.019503
0.020182,0.015414,0.011874,0.013014,0.023504
0.014117,0.01715,0.016914,0.017778,0.011811
18,,,,
0.15662,0.077532,0.05,0.166,0.17486
0.019136,0.024793,0.063154,0.14589,0.157
0.027,0.028274,0.029794,0.027033,0.071924
0.19504,0.022219,0.035837,0.023203,0.028414
0.017447,0.020434,0.023942,0.022473,0.027228
0.011021,0.019982,0.0087985,0.017614,0.013943
0.011028,0.016886,0.012978,0.014484,0.013229
19,,,,
0.20162,0.20206,0.20683,0.21742,0.2251
0.21667,0.21403,0.207,0.228,0.23047
0.20793,0.213,0.22597,0.057216,0.23526
0.085271,0.19447,0.21598,0.037201,0.2295
0.093875,0.21178,0.076574,0.20788,0.052641
0.015613,0.0078069,0.010658,0.01335,0.016248
0.0077367,0.01672,0.01895,0.01513,0.01526
25,,,,
0.1968,0.19809,0.20237,0.20283,0.21027
0.19765,0.20376,0.21134,0.21968,0.21067
0.20456,0.20949,0.21068,0.21508,0.22222
0.19771,0.14617,0.19794,0.19795,0.20158
0.032482,0.197,0.112,0.20166,0.20693
0.022756,0.012874,0.011012,0.017671,0.01384
0.017263,0.021252,0.021012,0.014522,0.012554
26,,,,
0.17672,0.185,0.17798,0.18242,0.18422
0.14426,0.1627,0.14128,0.18942,
0.027752,0.075593,0.024175,0.037902,0.18128
0.026567,0.025541,0.019997,0.022,0.047011
0.023245,0.021279,0.02395,0.019509,0.026648
0.015743,0.015908,0.011993,0.016651,0.023461
0.014981,0.014465,0.018835,0.015603,0.015275
27,,,,
0.20571,0.20455,0.21318,0.21076,0.22128
0.20787,0.21214,0.21065,0.21731,0.23082
0.20968,0.20837,0.21155,0.19755,0.21611
0.20476,0.068834,0.20687,0.17605,0.21052
0.19162,0.040735,0.19374,0.047852,0.21611
0.020218,0.24022,0.015144,0.018555,0.015858
0.011128,0.015562,0.020937,0.0196,0.013278
28,,,,
0.15976,0.16819,0.166,0.161,0.17471
0.16859,0.1678,0.1758,0.18693,0.18478
0.03377,0.18882,0.040944,0.17043,0.19139
0.080989,0.037336,0.029799,0.02422,0.19059
0.022917,0.026632,0.028755,0.025413,0.026523
0.018156,0.012867,0.013269,0.016677,0.015598
0.012057,0.021529,0.024733,0.014183,0.014224
